player_id,player,ranking_category,event,event_canonical,event_type,month,awarded_on,division,round,points,counts_for_ranking,partner,partner_source,wins,losses,prize,tournament_slug,scale,expires_rolling,expires_season,already_overdue_if_rolling
01641f10-7928-42b3-ae2d-6c62c67c9b7a,Viraj Bhargava,Men's,GOA CITY OPEN 1.0,GOA CITY OPEN 1.0,city_open,2026-01,2026-01-25,beginner,winner,30,True,,,,,,,2025-26 and earlier,2027-01-25,2027-07-01,False
0179cc16-9672-4799-952f-5170933feabc,Venctexa Burye,Men's,Goa Grandslam 11.0,Goa Grandslam 11.0,grand_slam,2026-08,2026-08-16,beginner,groups,0,True,Rudresh Shetye,draw_entry,1.0,2.0,,ipt-goa-grandslam-11-0,2026-27,2027-08-16,2027-07-01,False
0346bf27-30fb-409c-8bd4-bdbb1f7119cd,Yash Nagdev,Men's,Mumbai City Open 5.0,Mumbai City Open 5.0,city_open,2026-08,2026-08-02,intermediate,quarter_finalist,9,True,Vansh Bhagtani,draw_entry,2.0,1.0,,mumbai-city-open-5-01,2026-27,2027-08-02,2027-07-01,False
03c0ac66-cca8-403b-956f-08fe4c08cebe,Pranay Merchant,Men's,Goa Grandslam 11.0,Goa Grandslam 11.0,grand_slam,2026-08,2026-08-16,advance,groups,0,True,Piyush Bansal,draw_entry,1.0,2.0,,ipt-goa-grandslam-11-0,2026-27,2027-08-16,2027-07-01,False
042630ef-be7b-401e-9a56-2bdbd27b005b,Ronak Talati,Men's,INDIAN PADEL TOUR 8.0,INDIAN PADEL TOUR 8.0,grand_slam,2025-11,2025-11-30,beginner,quarter_finalist,15,True,,,,,,,2025-26 and earlier,2026-11-30,2027-07-01,False
042630ef-be7b-401e-9a56-2bdbd27b005b,Ronak Talati,Men's,INDIAN PADEL TOUR 9.0,INDIAN PADEL TOUR 9.0,grand_slam,2026-02,2026-02-15,beginner,finalist,30,True,,,,,,,2025-26 and earlier,2027-02-15,2027-07-01,False
042630ef-be7b-401e-9a56-2bdbd27b005b,Ronak Talati,Men's,Mumbai City Open 5.0,Mumbai City Open 5.0,city_open,2026-08,2026-08-02,intermediate,groups,0,True,Anshul Gosavi,draw_entry,0.0,2.0,,mumbai-city-open-5-01,2026-27,2027-08-02,2027-07-01,False
062f6e2d-dd0e-47b8-a338-386ae1e7ddc2,Vishal Thomas,Men's,City Open Kochi 2.0,City Open Kochi 2.0,city_open,2026-09,2026-09-13,beginner,quarter_finalist,5,True,Terence Thomas,profile,2.0,2.0,,ipt-kochi-city-open-2-0,2026-27,2027-09-13,2027-07-01,False
06a4aeef-aaca-45ef-a83a-cb3c703c9789,Mihir Akolkar,Men's,INDIAN PADEL TOUR 8.0,INDIAN PADEL TOUR 8.0,grand_slam,2025-11,2025-11-30,intermediate,winner,100,True,,,,,,,2025-26 and earlier,2026-11-30,2027-07-01,False
06a4aeef-aaca-45ef-a83a-cb3c703c9789,Mihir Akolkar,Men's,MUMBAI CITY OPEN 4.0,MUMBAI CITY OPEN 4.0,city_open,2026-01,2026-01-11,intermediate,semi_finalist,24,True,,,,,,,2025-26 and earlier,2027-01-11,2027-07-01,False
06a4aeef-aaca-45ef-a83a-cb3c703c9789,Mihir Akolkar,Men's,Mumbai City Open 5.0,Mumbai City Open 5.0,city_open,2026-08,2026-08-02,advance,groups,0,True,Saish Shelkar,draw_entry,1.0,2.0,,mumbai-city-open-5-01,2026-27,2027-08-02,2027-07-01,False
06a4aeef-aaca-45ef-a83a-cb3c703c9789,Mihir Akolkar,Men's,Goa Grandslam 11.0,Goa Grandslam 11.0,grand_slam,2026-08,2026-08-16,advance,quarter_finalist,108,True,Saish Shelar,draw_entry,2.0,2.0,,ipt-goa-grandslam-11-0,2026-27,2027-08-16,2027-07-01,False
06a4aeef-aaca-45ef-a83a-cb3c703c9789,Mihir Akolkar,Men's,City Open Kochi 2.0,City Open Kochi 2.0,city_open,2026-09,2026-09-13,advance,quarter_finalist,54,True,Saish Shelar,profile,2.0,2.0,,ipt-kochi-city-open-2-0,2026-27,2027-09-13,2027-07-01,False
08c756f4-9b1a-41af-96b5-b7041d812156,Ikrab Ghai,Men's,INDIAN PADEL TOUR 10.0,INDIAN PADEL TOUR 10.0,grand_slam,2026-04,2026-04-26,intermediate,quarter_finalist,30,True,,,,,,,2025-26 and earlier,2027-04-26,2027-07-01,False
09ce181d-c08d-4189-ab36-4d4a706f1bcb,Karan Medappa,Men's,Goa Grandslam 11.0,Goa Grandslam 11.0,grand_slam,2026-08,2026-08-16,advance,groups,0,True,Shane Biddaiah,draw_entry,0.0,3.0,,ipt-goa-grandslam-11-0,2026-27,2027-08-16,2027-07-01,False
09ce181d-c08d-4189-ab36-4d4a706f1bcb,Karan Medappa,Men's,City Open Kochi 2.0,City Open Kochi 2.0,city_open,2026-09,2026-09-13,advance,quarter_finalist,54,True,Shane Biddaiah,profile,1.0,3.0,,ipt-kochi-city-open-2-0,2026-27,2027-09-13,2027-07-01,False
0a0db4ab-db0a-4dd7-a8d3-7a40715b83bd,Advaith Anoop,Men's,Mumbai City Open 5.0,Mumbai City Open 5.0,city_open,2026-08,2026-08-02,beginner,quarter_finalist,5,True,Burhan Contractor,draw_entry,3.0,1.0,,mumbai-city-open-5-01,2026-27,2027-08-02,2027-07-01,False
0e3ade05-7d67-414c-8e20-c2bbae3a5778,Azim Yasir,Men's,City Open Kochi 2.0,City Open Kochi 2.0,city_open,2026-09,2026-09-13,intermediate,r16,5,True,Mohammed Farhan,profile,1.0,2.0,,ipt-kochi-city-open-2-0,2026-27,2027-09-13,2027-07-01,False
0fd115b3-0fce-4f9b-93c9-13e6c268e5cb,Madhav Bajaj,Men's,INDIAN PADEL TOUR 10.0,INDIAN PADEL TOUR 10.0,grand_slam,2026-04,2026-04-26,beginner,winner,50,True,,,,,,,2025-26 and earlier,2027-04-26,2027-07-01,False
10a7cfb7-155c-48d3-b2a2-8c2bde421e4e,Udhay Mahajan,Men's,Goa Grandslam 11.0,Goa Grandslam 11.0,grand_slam,2026-08,2026-08-16,beginner,semi_finalist,18,True,Mayank Oberoi,draw_entry,4.0,1.0,,ipt-goa-grandslam-11-0,2026-27,2027-08-16,2027-07-01,False
13d6188c-cd2e-4152-a5c2-0b82573143b9,Advait Bahl,Men's,MUMBAI CITY OPEN 3.0,MUMBAI CITY OPEN 3.0,city_open,2025-09,2025-09-28,beginner,winner,30,True,,,,,,,2025-26 and earlier,2026-09-28,2027-07-01,False
13d6188c-cd2e-4152-a5c2-0b82573143b9,Advait Bahl,Men's,MUMBAI CITY OPEN 4.0,MUMBAI CITY OPEN 4.0,city_open,2026-01,2026-01-11,intermediate,quarter_finalist,18,True,,,,,,,2025-26 and earlier,2027-01-11,2027-07-01,False
13d6188c-cd2e-4152-a5c2-0b82573143b9,Advait Bahl,Men's,GOA CITY OPEN 1.0,GOA CITY OPEN 1.0,city_open,2026-01,2026-01-25,intermediate,finalist,36,True,,,,,,,2025-26 and earlier,2027-01-25,2027-07-01,False
13d6188c-cd2e-4152-a5c2-0b82573143b9,Advait Bahl,Men's,INDIAN PADEL TOUR 9.0,INDIAN PADEL TOUR 9.0,grand_slam,2026-02,2026-02-15,advance,r16,120,True,,,,,,,2025-26 and earlier,2027-02-15,2027-07-01,False
13d6188c-cd2e-4152-a5c2-0b82573143b9,Advait Bahl,Men's,Mumbai City Open 5.0,Mumbai City Open 5.0,city_open,2026-08,2026-08-02,advance,groups,0,True,Bhagya Popat,draw_entry,0.0,3.0,,mumbai-city-open-5-01,2026-27,2027-08-02,2027-07-01,False
13d6188c-cd2e-4152-a5c2-0b82573143b9,Advait Bahl,Men's,Goa Grandslam 11.0,Goa Grandslam 11.0,grand_slam,2026-08,2026-08-16,advance,groups,0,True,Bhagya Popat,draw_entry,0.0,3.0,,ipt-goa-grandslam-11-0,2026-27,2027-08-16,2027-07-01,False
13d6188c-cd2e-4152-a5c2-0b82573143b9,Advait Bahl,Men's,City Open Kochi 2.0,City Open Kochi 2.0,city_open,2026-09,2026-09-13,advance,groups,0,True,Kabir Anand,profile,0.0,3.0,,ipt-kochi-city-open-2-0,2026-27,2027-09-13,2027-07-01,False
15061bb7-8b57-4367-b302-35d512b70b74,Mayank Daga,Men's,INDIAN PADEL TOUR 7.0,INDIAN PADEL TOUR 7.0,grand_slam,2025-08,2025-08-03,intermediate,r16,20,True,,,,,,,2025-26 and earlier,2026-08-03,2027-07-01,True
15061bb7-8b57-4367-b302-35d512b70b74,Mayank Daga,Men's,MUMBAI CITY OPEN 3.0,MUMBAI CITY OPEN 3.0,city_open,2025-09,2025-09-28,intermediate,finalist,36,True,,,,,,,2025-26 and earlier,2026-09-28,2027-07-01,False
15061bb7-8b57-4367-b302-35d512b70b74,Mayank Daga,Men's,INDIAN PADEL TOUR 8.0,INDIAN PADEL TOUR 8.0,grand_slam,2025-11,2025-11-30,intermediate,r16,20,True,,,,,,,2025-26 and earlier,2026-11-30,2027-07-01,False
15061bb7-8b57-4367-b302-35d512b70b74,Mayank Daga,Men's,Goa Grandslam 11.0,Goa Grandslam 11.0,grand_slam,2026-08,2026-08-16,intermediate,semi_finalist,36,True,Shikhar Kumar,draw_entry,4.0,2.0,,ipt-goa-grandslam-11-0,2026-27,2027-08-16,2027-07-01,False
16b8462e-31e2-4614-9a5f-57ee20aefb03,Burhan Contractor,Men's,Mumbai City Open 5.0,Mumbai City Open 5.0,city_open,2026-08,2026-08-02,beginner,quarter_finalist,5,True,Advaith Anoop,draw_entry,3.0,1.0,,mumbai-city-open-5-01,2026-27,2027-08-02,2027-07-01,False
18098d77-da96-47f5-8a0d-23460d6bdca8,Devansh Somani,Men's,Mumbai City Open 5.0,Mumbai City Open 5.0,city_open,2026-08,2026-08-02,beginner,groups,0,True,Aahan Jhaveri,draw_entry,0.0,3.0,,mumbai-city-open-5-01,2026-27,2027-08-02,2027-07-01,False
182f09bb-25ba-4086-99ca-a7f5a52303bf,Kaivalya Kalamse,Men's,Mumbai City Open 5.0,Mumbai City Open 5.0,city_open,2026-08,2026-08-02,advance,quarter_finalist,54,True,Swaraj D,draw_entry,2.0,2.0,,mumbai-city-open-5-01,2026-27,2027-08-02,2027-07-01,False
182f09bb-25ba-4086-99ca-a7f5a52303bf,Kaivalya Kalamse,Men's,Goa Grandslam 11.0,Goa Grandslam 11.0,grand_slam,2026-08,2026-08-16,advance,quarter_finalist,108,True,Swaraj Deshmukh,draw_entry,2.0,2.0,,ipt-goa-grandslam-11-0,2026-27,2027-08-16,2027-07-01,False
182f09bb-25ba-4086-99ca-a7f5a52303bf,Kaivalya Kalamse,Men's,City Open Kochi 2.0,City Open Kochi 2.0,city_open,2026-09,2026-09-13,advance,semi_finalist,108,True,Swaraj Deshmukh,profile,3.0,2.0,,ipt-kochi-city-open-2-0,2026-27,2027-09-13,2027-07-01,False
1cff5d3c-6fd1-4502-a3c5-2b918f107eda,Krishna Teja Ankam,Men's,Goa Grandslam 11.0,Goa Grandslam 11.0,grand_slam,2026-08,2026-08-16,advance,groups,0,True,Gundlapalle Yaswanth Reddy,draw_entry,1.0,2.0,,ipt-goa-grandslam-11-0,2026-27,2027-08-16,2027-07-01,False
1dbeeee2-b41a-4bec-8948-8f661c573861,Mishal Mehta,Men's,Mumbai City Open 5.0,Mumbai City Open 5.0,city_open,2026-08,2026-08-02,intermediate,groups,0,True,Khushish Jain,draw_entry,0.0,2.0,,mumbai-city-open-5-01,2026-27,2027-08-02,2027-07-01,False
1dfc79f8-119b-4349-a2f9-a6e7c425a8e9,Dirsha Kalliyath,Men's,City Open Kochi 2.0,City Open Kochi 2.0,city_open,2026-09,2026-09-13,intermediate,quarter_finalist,9,True,Mohamed Anzar,profile,3.0,1.0,,ipt-kochi-city-open-2-0,2026-27,2027-09-13,2027-07-01,False
1ef2542e-4b4d-481d-ad8f-dc4e9fde3982,Rahul Khanna,Men's,Goa Grandslam 11.0,Goa Grandslam 11.0,grand_slam,2026-08,2026-08-16,intermediate,quarter_finalist,18,True,Rahul Chandwani,draw_entry,3.0,2.0,,ipt-goa-grandslam-11-0,2026-27,2027-08-16,2027-07-01,False
1f8700c4-6a62-4646-95cd-9b2d456baf65,Viraj Dewan,Men's,City Open Kochi 2.0,City Open Kochi 2.0,city_open,2026-09,2026-09-13,intermediate,r16,5,True,Ayaan Mishra,profile,1.0,2.0,,ipt-kochi-city-open-2-0,2026-27,2027-09-13,2027-07-01,False
1fe46b92-d550-4c02-81f6-489cb553411b,Parth Bhatia,Men's,Goa Grandslam 11.0,Goa Grandslam 11.0,grand_slam,2026-08,2026-08-16,intermediate,groups,0,True,Suhail Kapur,draw_entry,0.0,3.0,,ipt-goa-grandslam-11-0,2026-27,2027-08-16,2027-07-01,False
213df946-7be9-4fcb-98c8-e0d6ba33789d,Ziaan Talab,Men's,Goa Grandslam 11.0,Goa Grandslam 11.0,grand_slam,2026-08,2026-08-16,advance,groups,0,True,Madhu Samtani,draw_entry,1.0,2.0,,ipt-goa-grandslam-11-0,2026-27,2027-08-16,2027-07-01,False
222a0e4a-457f-42ef-bedc-cea1892b3280,Umesh Padwal,Men's,INDIAN PADEL TOUR 9.0,INDIAN PADEL TOUR 9.0,grand_slam,2026-02,2026-02-15,beginner,quarter_finalist,15,True,,,,,,,2025-26 and earlier,2027-02-15,2027-07-01,False
222a0e4a-457f-42ef-bedc-cea1892b3280,Umesh Padwal,Men's,Mumbai City Open 5.0,Mumbai City Open 5.0,city_open,2026-08,2026-08-02,beginner,groups,0,True,Sahil Sharma,draw_entry,0.0,3.0,,mumbai-city-open-5-01,2026-27,2027-08-02,2027-07-01,False
229df8e2-1349-4ee0-a15a-e46df0dc770f,Lakshay Bharti,Men's,CHANDIGARH CITY OPEN,CHANDIGARH CITY OPEN,city_open,2025-11,2025-11-16,intermediate,finalist,36,True,,,,,,,2025-26 and earlier,2026-11-16,2027-07-01,False
22f71241-5bf4-4dc7-ba33-683a2ea0f75b,Sandip Sabharwal,Men's,INDIAN PADEL TOUR 9.0,INDIAN PADEL TOUR 9.0,grand_slam,2026-02,2026-02-15,beginner,quarter_finalist,15,True,,,,,,,2025-26 and earlier,2027-02-15,2027-07-01,False
22f71241-5bf4-4dc7-ba33-683a2ea0f75b,Sandip Sabharwal,Men's,City Open Kochi 2.0,City Open Kochi 2.0,city_open,2026-09,2026-09-13,beginner,quarter_finalist,5,True,Shaan Shah,draw_entry,3.0,1.0,,ipt-kochi-city-open-2-0,2026-27,2027-09-13,2027-07-01,False
25302fe3-7403-440f-bd2a-3d5be3a3f0a1,Chirag Gaikwad,Men's,Mumbai City Open 5.0,Mumbai City Open 5.0,city_open,2026-08,2026-08-02,beginner,winner,25,True,Harman Singh Tur,draw_entry,5.0,1.0,,mumbai-city-open-5-01,2026-27,2027-08-02,2027-07-01,False
25361116-4f57-4024-b424-a8246e491c54,Shashank Mittal,Men's,INDIAN PADEL TOUR 9.0,INDIAN PADEL TOUR 9.0,grand_slam,2026-02,2026-02-15,advance,r16,120,True,,,,,,,2025-26 and earlier,2027-02-15,2027-07-01,False
25361116-4f57-4024-b424-a8246e491c54,Shashank Mittal,Men's,Mumbai City Open 5.0,Mumbai City Open 5.0,city_open,2026-08,2026-08-02,advance,groups,0,True,Tanay Gabhawala,draw_entry,1.0,2.0,,mumbai-city-open-5-01,2026-27,2027-08-02,2027-07-01,False
26582647-4a0f-456e-86d7-98b5087f3875,Amit Krishnan,Men's,KOCHI CITY OPEN,KOCHI CITY OPEN,city_open,2025-09,2025-09-14,intermediate,semi_finalist,24,True,,,,,,,2025-26 and earlier,2026-09-14,2027-07-01,True
26582647-4a0f-456e-86d7-98b5087f3875,Amit Krishnan,Men's,City Open Kochi 2.0,City Open Kochi 2.0,city_open,2026-09,2026-09-13,intermediate,finalist,30,True,George Pottamkulam,profile,5.0,1.0,,ipt-kochi-city-open-2-0,2026-27,2027-09-13,2027-07-01,False
26603ce9-30f9-424b-91b6-14f9364429b6,Sharad Kanadje,Men's,Goa Grandslam 11.0,Goa Grandslam 11.0,grand_slam,2026-08,2026-08-16,intermediate,groups,0,True,Sidharth Gupta,draw_entry,1.0,2.0,,ipt-goa-grandslam-11-0,2026-27,2027-08-16,2027-07-01,False
26ba9e18-b56b-4e13-b403-bd9cce25671d,Sahil Sharma,Men's,INDIAN PADEL TOUR 9.0,INDIAN PADEL TOUR 9.0,grand_slam,2026-02,2026-02-15,beginner,quarter_finalist,15,True,,,,,,,2025-26 and earlier,2027-02-15,2027-07-01,False
26ba9e18-b56b-4e13-b403-bd9cce25671d,Sahil Sharma,Men's,Mumbai City Open 5.0,Mumbai City Open 5.0,city_open,2026-08,2026-08-02,beginner,groups,0,True,Umesh Padwal,draw_entry,0.0,3.0,,mumbai-city-open-5-01,2026-27,2027-08-02,2027-07-01,False
27f580ae-22a7-4519-a7e9-f48e69c6eed0,Arjun Batra,Men's,Mumbai City Open 5.0,Mumbai City Open 5.0,city_open,2026-08,2026-08-02,beginner,groups,0,True,Jashan Singh Arora,draw_entry,1.0,2.0,,mumbai-city-open-5-01,2026-27,2027-08-02,2027-07-01,False
2890603e-2ceb-476a-ac9d-a06c6c37dd8b,Afdhel Abdul Wahab,Men's,City Open Kochi 2.0,City Open Kochi 2.0,city_open,2026-09,2026-09-13,intermediate,groups,0,True,Salman Shaji,profile,0.0,2.0,,ipt-kochi-city-open-2-0,2026-27,2027-09-13,2027-07-01,False
2891f3ff-442b-4b5b-b58c-cd458df7ea72,Kaushik Gummuluru,Men's,City Open Kochi 2.0,City Open Kochi 2.0,city_open,2026-09,2026-09-13,intermediate,groups,0,True,Sai Ram Goud,profile,0.0,2.0,,ipt-kochi-city-open-2-0,2026-27,2027-09-13,2027-07-01,False
297053cf-9f92-4115-a09d-1a55c66b6433,Yash Maliwal,Men's,Mumbai City Open 5.0,Mumbai City Open 5.0,city_open,2026-08,2026-08-02,intermediate,groups,0,True,Yashvardhan Sarda,draw_entry,0.0,2.0,,mumbai-city-open-5-01,2026-27,2027-08-02,2027-07-01,False
2973535a-1a87-4eb9-85af-f8d5c2f523c2,Aryaman Jajodia,Men's,Mumbai City Open 5.0,Mumbai City Open 5.0,city_open,2026-08,2026-08-02,advance,groups,0,True,Ankit Agarwal,draw_entry,0.0,3.0,,mumbai-city-open-5-01,2026-27,2027-08-02,2027-07-01,False
29ce2928-dce1-42de-9eb6-43363196ee5f,Rajkanwar Bhangoo,Men's,INDIAN PADEL TOUR 10.0,INDIAN PADEL TOUR 10.0,grand_slam,2026-04,2026-04-26,intermediate,semi_finalist,40,True,,,,,,,2025-26 and earlier,2027-04-26,2027-07-01,False
29e75609-025c-485b-a40a-969d2ce6e6bc,Paramveer Singh Bajwa,Men's,CHANDIGARH CITY OPEN,CHANDIGARH CITY OPEN,city_open,2025-11,2025-11-16,advance,winner,400,True,,,,,,,2025-26 and earlier,2026-11-16,2027-07-01,False
29e75609-025c-485b-a40a-969d2ce6e6bc,Paramveer Singh Bajwa,Men's,INDIAN PADEL TOUR 10.0,INDIAN PADEL TOUR 10.0,grand_slam,2026-04,2026-04-26,advance,finalist,360,True,,,,,,,2025-26 and earlier,2027-04-26,2027-07-01,False
29e75609-025c-485b-a40a-969d2ce6e6bc,Paramveer Singh Bajwa,Men's,Mumbai City Open 5.0,Mumbai City Open 5.0,city_open,2026-08,2026-08-02,advance,winner,300,True,Parikshit Somani,draw_entry,6.0,0.0,,mumbai-city-open-5-01,2026-27,2027-08-02,2027-07-01,False
29e75609-025c-485b-a40a-969d2ce6e6bc,Paramveer Singh Bajwa,Men's,Goa Grandslam 11.0,Goa Grandslam 11.0,grand_slam,2026-08,2026-08-16,advance,semi_finalist,216,True,Jasmer Kapany,draw_entry,4.0,1.0,,ipt-goa-grandslam-11-0,2026-27,2027-08-16,2027-07-01,False
2bb102f2-5c3a-48b1-ae95-ce7f8d38b17f,Akshith Thomas,Men's,City Open Kochi 2.0,City Open Kochi 2.0,city_open,2026-09,2026-09-13,intermediate,r16,5,True,Mithun Prabhu,profile,1.0,2.0,,ipt-kochi-city-open-2-0,2026-27,2027-09-13,2027-07-01,False
2bde84bf-0871-496d-836c-05d90139b08d,Rohan Dhoot,Men's,MUMBAI CITY OPEN 4.0,MUMBAI CITY OPEN 4.0,city_open,2026-01,2026-01-11,intermediate,r16,12,True,,,,,,,2025-26 and earlier,2027-01-11,2027-07-01,False
2bde84bf-0871-496d-836c-05d90139b08d,Rohan Dhoot,Men's,Mumbai City Open 5.0,Mumbai City Open 5.0,city_open,2026-08,2026-08-02,intermediate,groups,0,True,Karan Daftary,draw_entry,1.0,1.0,,mumbai-city-open-5-01,2026-27,2027-08-02,2027-07-01,False
2ca1e3d6-f039-4d35-8a77-2dc758f3f972,Sahil Dhingra,Men's,Goa Grandslam 11.0,Goa Grandslam 11.0,grand_slam,2026-08,2026-08-16,beginner,groups,0,True,Maurya Nagpal,draw_entry,1.0,2.0,,ipt-goa-grandslam-11-0,2026-27,2027-08-16,2027-07-01,False
2cf42324-1463-4d64-b9e2-1a6b89ead090,Vineeth Mutyala,Men's,Goa Grandslam 11.0,Goa Grandslam 11.0,grand_slam,2026-08,2026-08-16,intermediate,winner,100,True,Tammineedi Jayanth,draw_entry,7.0,0.0,,ipt-goa-grandslam-11-0,2026-27,2027-08-16,2027-07-01,False
2d665cd5-8589-4301-81c6-25e0ba95fe1a,Naesar Jewoor,Men's,BANGALORE CITY OPEN 2.0,BANGALORE CITY OPEN 2.0,city_open,2026-04,2026-04-12,advance,semi_finalist,160,True,,,,,,,2025-26 and earlier,2027-04-12,2027-07-01,False
2d665cd5-8589-4301-81c6-25e0ba95fe1a,Naesar Jewoor,Men's,INDIAN PADEL TOUR 10.0,INDIAN PADEL TOUR 10.0,grand_slam,2026-04,2026-04-26,advance,quarter_finalist,180,True,,,,,,,2025-26 and earlier,2027-04-26,2027-07-01,False
2d665cd5-8589-4301-81c6-25e0ba95fe1a,Naesar Jewoor,Men's,City Open Kochi 2.0,City Open Kochi 2.0,city_open,2026-09,2026-09-13,advance,groups,0,True,Siddharth Dabrai,profile,1.0,2.0,,ipt-kochi-city-open-2-0,2026-27,2027-09-13,2027-07-01,False
2fb6f01b-24d6-44e9-95d3-7eca645d317e,Teyjas Chaudhary,Men's,Goa Grandslam 11.0,Goa Grandslam 11.0,grand_slam,2026-08,2026-08-16,beginner,semi_finalist,18,True,Suvir Singh,draw_entry,3.0,2.0,,ipt-goa-grandslam-11-0,2026-27,2027-08-16,2027-07-01,False
2fc76920-fbc0-4f8b-b8cc-cc92661a5f3e,Abhi Panchu,Men's,Goa Grandslam 11.0,Goa Grandslam 11.0,grand_slam,2026-08,2026-08-16,beginner,winner,50,True,Mukund Muthanna,draw_entry,6.0,0.0,,ipt-goa-grandslam-11-0,2026-27,2027-08-16,2027-07-01,False
30155bc6-d483-414d-8d5e-17eef06c9f9e,Pranav Erinjery,Men's,City Open Kochi 2.0,City Open Kochi 2.0,city_open,2026-09,2026-09-13,intermediate,semi_finalist,18,True,Aldrith Fernandez,profile,4.0,1.0,,ipt-kochi-city-open-2-0,2026-27,2027-09-13,2027-07-01,False
30ab2db4-b8de-4717-9c08-286cea50609e,Aakash Lalith,Men's,Goa Grandslam 11.0,Goa Grandslam 11.0,grand_slam,2026-08,2026-08-16,advance,groups,0,True,Famaz Shanavas,draw_entry,0.0,3.0,,ipt-goa-grandslam-11-0,2026-27,2027-08-16,2027-07-01,False
310f748b-4718-461d-aa46-f7537fcfa9e5,Tanay Gabhawala,Men's,MUMBAI CITY OPEN 3.0,MUMBAI CITY OPEN 3.0,city_open,2025-09,2025-09-28,advance,quarter_finalist,120,True,,,,,,,2025-26 and earlier,2026-09-28,2027-07-01,False
310f748b-4718-461d-aa46-f7537fcfa9e5,Tanay Gabhawala,Men's,Mumbai City Open 5.0,Mumbai City Open 5.0,city_open,2026-08,2026-08-02,advance,groups,0,True,Shashank Mittal,draw_entry,1.0,2.0,,mumbai-city-open-5-01,2026-27,2027-08-02,2027-07-01,False
32a0b562-9232-4c9d-baa5-622161e0b903,Glenn Renny,Men's,City Open Kochi 2.0,City Open Kochi 2.0,city_open,2026-09,2026-09-13,beginner,groups,0,True,Renny Chacko,profile,1.0,2.0,,ipt-kochi-city-open-2-0,2026-27,2027-09-13,2027-07-01,False
32e72a90-6fbd-4ccc-bdc5-93be13a6f158,Shanu Hazra,Men's,AHMEDABAD CITY OPEN,AHMEDABAD CITY OPEN,city_open,2026-03,2026-03-15,advance,quarter_finalist,120,True,,,,,,,2025-26 and earlier,2027-03-15,2027-07-01,False
32e72a90-6fbd-4ccc-bdc5-93be13a6f158,Shanu Hazra,Men's,INDIAN PADEL TOUR 10.0,INDIAN PADEL TOUR 10.0,grand_slam,2026-04,2026-04-26,intermediate,quarter_finalist,30,True,,,,,,,2025-26 and earlier,2027-04-26,2027-07-01,False
3354c5a3-1dbf-47e7-a264-7a573cd0b8e5,Kabir Anand,Men's,Mumbai City Open 5.0,Mumbai City Open 5.0,city_open,2026-08,2026-08-02,intermediate,quarter_finalist,9,True,Neville Wadia,draw_entry,2.0,1.0,,mumbai-city-open-5-01,2026-27,2027-08-02,2027-07-01,False
3354c5a3-1dbf-47e7-a264-7a573cd0b8e5,Kabir Anand,Men's,City Open Kochi 2.0,City Open Kochi 2.0,city_open,2026-09,2026-09-13,advance,groups,0,True,Advait Bahl,profile,0.0,3.0,,ipt-kochi-city-open-2-0,2026-27,2027-09-13,2027-07-01,False
33ba8a38-6ea6-4a24-a6c2-539cda4a6089,Priyesh Desai,Men's,MUMBAI CITY OPEN 4.0,MUMBAI CITY OPEN 4.0,city_open,2026-01,2026-01-11,intermediate,quarter_finalist,18,True,,,,,,,2025-26 and earlier,2027-01-11,2027-07-01,False
33c37317-e796-4dae-9697-19aa9df046bd,Jatin Dhingra,Men's,INDIAN PADEL TOUR 10.0,INDIAN PADEL TOUR 10.0,grand_slam,2026-04,2026-04-26,beginner,semi_finalist,20,True,,,,,,,2025-26 and earlier,2027-04-26,2027-07-01,False
33c37317-e796-4dae-9697-19aa9df046bd,Jatin Dhingra,Men's,Goa Grandslam 11.0,Goa Grandslam 11.0,grand_slam,2026-08,2026-08-16,intermediate,groups,0,True,Arjun Chalotra,draw_entry,0.0,3.0,,ipt-goa-grandslam-11-0,2026-27,2027-08-16,2027-07-01,False
33da4499-d5cc-4c4c-9002-f405f2051d1b,Ishaan Choubal,Men's,INDIAN PADEL TOUR 7.0,INDIAN PADEL TOUR 7.0,grand_slam,2025-08,2025-08-03,advance,semi_finalist,240,True,,,,,,,2025-26 and earlier,2026-08-03,2027-07-01,True
33da4499-d5cc-4c4c-9002-f405f2051d1b,Ishaan Choubal,Men's,Goa Grandslam 11.0,Goa Grandslam 11.0,grand_slam,2026-08,2026-08-16,advance,semi_finalist,216,True,Rahul Motwani,draw_entry,4.0,1.0,,ipt-goa-grandslam-11-0,2026-27,2027-08-16,2027-07-01,False
33e396ff-a084-4b28-b360-ff47e5b98714,Yashvardhan Sarda,Men's,INDIAN PADEL TOUR 9.0,INDIAN PADEL TOUR 9.0,grand_slam,2026-02,2026-02-15,intermediate,r16,20,True,,,,,,,2025-26 and earlier,2027-02-15,2027-07-01,False
33e396ff-a084-4b28-b360-ff47e5b98714,Yashvardhan Sarda,Men's,Mumbai City Open 5.0,Mumbai City Open 5.0,city_open,2026-08,2026-08-02,intermediate,groups,0,True,Yash Maliwal,draw_entry,0.0,2.0,,mumbai-city-open-5-01,2026-27,2027-08-02,2027-07-01,False
33e396ff-a084-4b28-b360-ff47e5b98714,Yashvardhan Sarda,Men's,Goa Grandslam 11.0,Goa Grandslam 11.0,grand_slam,2026-08,2026-08-16,intermediate,r16,9,True,Suyash Vishnoi,draw_entry,1.0,3.0,,ipt-goa-grandslam-11-0,2026-27,2027-08-16,2027-07-01,False
3480aff3-e63a-4c82-bc4d-d37555b3f964,Bipin Grewal,Men's,Mumbai City Open 5.0,Mumbai City Open 5.0,city_open,2026-08,2026-08-02,beginner,groups,0,True,Prem Mirchandani,draw_entry,1.0,2.0,,mumbai-city-open-5-01,2026-27,2027-08-02,2027-07-01,False
34db59dd-7f59-4b2a-8403-070df3a50fd9,Arun Ratnakaran,Men's,City Open Kochi 2.0,City Open Kochi 2.0,city_open,2026-09,2026-09-13,intermediate,r16,5,True,Muhammed Saleem V,profile,1.0,2.0,,ipt-kochi-city-open-2-0,2026-27,2027-09-13,2027-07-01,False
360581d4-b031-4e4f-b758-6ec519464571,Sachit Nayyar,Men's,CHANDIGARH CITY OPEN,CHANDIGARH CITY OPEN,city_open,2025-11,2025-11-16,intermediate,semi_finalist,24,True,,,,,,,2025-26 and earlier,2026-11-16,2027-07-01,False
36726a92-ec56-44b3-9a19-4dc479afc322,Tammineedi Jayanth,Men's,Goa Grandslam 11.0,Goa Grandslam 11.0,grand_slam,2026-08,2026-08-16,intermediate,winner,100,True,Vineeth Mutyala,draw_entry,7.0,0.0,,ipt-goa-grandslam-11-0,2026-27,2027-08-16,2027-07-01,False
3767fb18-b855-41eb-88d4-701e4cb81126,Mayank Oberoi,Men's,Goa Grandslam 11.0,Goa Grandslam 11.0,grand_slam,2026-08,2026-08-16,beginner,semi_finalist,18,True,Udhay Mahajan,draw_entry,4.0,1.0,,ipt-goa-grandslam-11-0,2026-27,2027-08-16,2027-07-01,False
38c72183-eb38-4e6f-a490-fe738e55a30a,Arjun Jashani,Men's,Goa Grandslam 11.0,Goa Grandslam 11.0,grand_slam,2026-08,2026-08-16,advance,quarter_finalist,108,True,Tanay Mehta,draw_entry,2.0,2.0,,ipt-goa-grandslam-11-0,2026-27,2027-08-16,2027-07-01,False
3a4284ac-76b1-42ec-b6e3-a5c4bb489432,Royce Raju Beena,Men's,City Open Kochi 2.0,City Open Kochi 2.0,city_open,2026-09,2026-09-13,beginner,quarter_finalist,5,True,James Joseph,profile,1.0,3.0,,ipt-kochi-city-open-2-0,2026-27,2027-09-13,2027-07-01,False
3c822f5d-2200-464d-bc72-f04612b2ee19,Anoop KR,Men's,City Open Kochi 2.0,City Open Kochi 2.0,city_open,2026-09,2026-09-13,intermediate,r16,5,True,Azhar Seyad,profile,1.0,2.0,,ipt-kochi-city-open-2-0,2026-27,2027-09-13,2027-07-01,False
3c8b6bfa-05d8-417f-bd24-a3edf965c004,Rehan Malik,Men's,Mumbai City Open 5.0,Mumbai City Open 5.0,city_open,2026-08,2026-08-02,advance,groups,0,True,Rahil Saboo,draw_entry,1.0,2.0,,mumbai-city-open-5-01,2026-27,2027-08-02,2027-07-01,False
3cfbe0a0-f37c-4129-b3a5-157f4bf5b859,James Darbar,Men's,GOA CITY OPEN 1.0,GOA CITY OPEN 1.0,city_open,2026-01,2026-01-25,intermediate,quarter_finalist,18,True,,,,,,,2025-26 and earlier,2027-01-25,2027-07-01,False
3cfbe0a0-f37c-4129-b3a5-157f4bf5b859,James Darbar,Men's,AHMEDABAD CITY OPEN,AHMEDABAD CITY OPEN,city_open,2026-03,2026-03-15,intermediate,winner,60,True,,,,,,,2025-26 and earlier,2027-03-15,2027-07-01,False
3e4cd9d1-4aaf-4f21-b6ff-75e43cbac6e4,Pratham Jain,Men's,Goa Grandslam 11.0,Goa Grandslam 11.0,grand_slam,2026-08,2026-08-16,intermediate,semi_finalist,36,True,Hritesh Agarwal,draw_entry,4.0,2.0,,ipt-goa-grandslam-11-0,2026-27,2027-08-16,2027-07-01,False
3ebc54e6-ec4a-42bc-bfcb-67c21e71616a,Bijon Kanabar,Men's,City Open Kochi 2.0,City Open Kochi 2.0,city_open,2026-09,2026-09-13,intermediate,groups,0,True,Pranay Shetty,profile,0.0,2.0,,ipt-kochi-city-open-2-0,2026-27,2027-09-13,2027-07-01,False
3ede0ffc-93a8-4fc8-b30b-11c2c07a8598,Khushish Jain,Men's,Mumbai City Open 5.0,Mumbai City Open 5.0,city_open,2026-08,2026-08-02,intermediate,groups,0,True,Mishal Mehta,draw_entry,0.0,2.0,,mumbai-city-open-5-01,2026-27,2027-08-02,2027-07-01,False
3f2fcf21-952f-4b68-9b43-539d6b1ade27,Navin Shewakramani,Men's,INDIAN PADEL TOUR 7.0,INDIAN PADEL TOUR 7.0,grand_slam,2025-08,2025-08-03,advance,semi_finalist,240,True,,,,,,,2025-26 and earlier,2026-08-03,2027-07-01,True
3f2fcf21-952f-4b68-9b43-539d6b1ade27,Navin Shewakramani,Men's,INDIAN PADEL TOUR 8.0,INDIAN PADEL TOUR 8.0,grand_slam,2025-11,2025-11-30,advance,quarter_finalist,180,True,,,,,,,2025-26 and earlier,2026-11-30,2027-07-01,False
3f2fcf21-952f-4b68-9b43-539d6b1ade27,Navin Shewakramani,Men's,GOA CITY OPEN 1.0,GOA CITY OPEN 1.0,city_open,2026-01,2026-01-25,advance,finalist,240,True,,,,,,,2025-26 and earlier,2027-01-25,2027-07-01,False
3f2fcf21-952f-4b68-9b43-539d6b1ade27,Navin Shewakramani,Men's,INDIAN PADEL TOUR 9.0,INDIAN PADEL TOUR 9.0,grand_slam,2026-02,2026-02-15,advance,quarter_finalist,180,True,,,,,,,2025-26 and earlier,2027-02-15,2027-07-01,False
3f2fcf21-952f-4b68-9b43-539d6b1ade27,Navin Shewakramani,Men's,INDIAN PADEL TOUR 10.0,INDIAN PADEL TOUR 10.0,grand_slam,2026-04,2026-04-26,advance,quarter_finalist,180,True,,,,,,,2025-26 and earlier,2027-04-26,2027-07-01,False
3f67e6f5-c192-474b-ab22-b0a87f98535d,Sanket Gandhi,Men's,INDIAN PADEL TOUR 9.0,INDIAN PADEL TOUR 9.0,grand_slam,2026-02,2026-02-15,intermediate,winner,100,True,,,,,,,2025-26 and earlier,2027-02-15,2027-07-01,False
3f741097-060e-44be-8402-0bb7f42b5b7e,Vijay Aakash Nemakal,Men's,Goa Grandslam 11.0,Goa Grandslam 11.0,grand_slam,2026-08,2026-08-16,beginner,quarter_finalist,9,True,Shashank Tiwari,draw_entry,2.0,2.0,,ipt-goa-grandslam-11-0,2026-27,2027-08-16,2027-07-01,False
402747a2-1ebf-400b-8f55-50dcfee08030,Aldrith Fernandez,Men's,Mumbai City Open 5.0,Mumbai City Open 5.0,city_open,2026-08,2026-08-02,intermediate,groups,0,True,Dhruva Madhavan,draw_entry,1.0,1.0,,mumbai-city-open-5-01,2026-27,2027-08-02,2027-07-01,False
402747a2-1ebf-400b-8f55-50dcfee08030,Aldrith Fernandez,Men's,City Open Kochi 2.0,City Open Kochi 2.0,city_open,2026-09,2026-09-13,intermediate,semi_finalist,18,True,Pranav Erinjery,profile,4.0,1.0,,ipt-kochi-city-open-2-0,2026-27,2027-09-13,2027-07-01,False
423c210f-fe3b-42eb-8542-5969c9fa6eec,Adarsh S,Men's,City Open Kochi 2.0,City Open Kochi 2.0,city_open,2026-09,2026-09-13,intermediate,r16,5,True,Anthony Grace Fernandes,profile,1.0,2.0,,ipt-kochi-city-open-2-0,2026-27,2027-09-13,2027-07-01,False
4326c4fd-cc21-41e2-a50c-dea545efbf2f,Arvind Sriram,Men's,City Open Kochi 2.0,City Open Kochi 2.0,city_open,2026-09,2026-09-13,beginner,finalist,15,True,Ananth Menon,profile,5.0,1.0,,ipt-kochi-city-open-2-0,2026-27,2027-09-13,2027-07-01,False
433ad480-92da-44d3-b432-953719fa8ea3,Taran Mundkar,Men's,INDIAN PADEL TOUR 7.0,INDIAN PADEL TOUR 7.0,grand_slam,2025-08,2025-08-03,advance,quarter_finalist,180,True,,,,,,,2025-26 and earlier,2026-08-03,2027-07-01,True
433ad480-92da-44d3-b432-953719fa8ea3,Taran Mundkar,Men's,MUMBAI CITY OPEN 3.0,MUMBAI CITY OPEN 3.0,city_open,2025-09,2025-09-28,advance,quarter_finalist,120,True,,,,,,,2025-26 and earlier,2026-09-28,2027-07-01,False
433ad480-92da-44d3-b432-953719fa8ea3,Taran Mundkar,Men's,INDIAN PADEL TOUR 8.0,INDIAN PADEL TOUR 8.0,grand_slam,2025-11,2025-11-30,advance,quarter_finalist,180,True,,,,,,,2025-26 and earlier,2026-11-30,2027-07-01,False
433ad480-92da-44d3-b432-953719fa8ea3,Taran Mundkar,Men's,INDIAN PADEL TOUR 9.0,INDIAN PADEL TOUR 9.0,grand_slam,2026-02,2026-02-15,advance,r16,120,True,,,,,,,2025-26 and earlier,2027-02-15,2027-07-01,False
433ad480-92da-44d3-b432-953719fa8ea3,Taran Mundkar,Men's,Mumbai City Open 5.0,Mumbai City Open 5.0,city_open,2026-08,2026-08-02,advance,finalist,180,True,Samar Malhotra,draw_entry,4.0,2.0,,mumbai-city-open-5-01,2026-27,2027-08-02,2027-07-01,False
44dc8a9e-9f0a-4165-b2ce-c4932e2f9eac,Vikaas Chhabria,Men's,City Open Kochi 2.0,City Open Kochi 2.0,city_open,2026-09,2026-09-13,beginner,groups,0,True,Vedanth P Patel,profile,1.0,2.0,,ipt-kochi-city-open-2-0,2026-27,2027-09-13,2027-07-01,False
460350b9-79b8-43e3-9b0a-6856d9056bda,Arjun Chalotra,Men's,CHANDIGARH CITY OPEN,CHANDIGARH CITY OPEN,city_open,2025-11,2025-11-16,intermediate,quarter_finalist,18,True,,,,,,,2025-26 and earlier,2026-11-16,2027-07-01,False
460350b9-79b8-43e3-9b0a-6856d9056bda,Arjun Chalotra,Men's,Goa Grandslam 11.0,Goa Grandslam 11.0,grand_slam,2026-08,2026-08-16,intermediate,groups,0,True,Jatin Dhingra,draw_entry,0.0,3.0,,ipt-goa-grandslam-11-0,2026-27,2027-08-16,2027-07-01,False
46d8e856-a32f-4060-bf62-6b24fb9e6a8d,Aryan Goveas,Men's,INDIAN PADEL TOUR 7.0,INDIAN PADEL TOUR 7.0,grand_slam,2025-08,2025-08-03,advance,finalist,360,True,,,,,,,2025-26 and earlier,2026-08-03,2027-07-01,True
46d8e856-a32f-4060-bf62-6b24fb9e6a8d,Aryan Goveas,Men's,MUMBAI CITY OPEN 3.0,MUMBAI CITY OPEN 3.0,city_open,2025-09,2025-09-28,advance,winner,400,True,,,,,,,2025-26 and earlier,2026-09-28,2027-07-01,False
46d8e856-a32f-4060-bf62-6b24fb9e6a8d,Aryan Goveas,Men's,INDIAN PADEL TOUR 8.0,INDIAN PADEL TOUR 8.0,grand_slam,2025-11,2025-11-30,advance,semi_finalist,240,True,,,,,,,2025-26 and earlier,2026-11-30,2027-07-01,False
46d8e856-a32f-4060-bf62-6b24fb9e6a8d,Aryan Goveas,Men's,MUMBAI CITY OPEN 4.0,MUMBAI CITY OPEN 4.0,city_open,2026-01,2026-01-11,advance,semi_finalist,160,True,,,,,,,2025-26 and earlier,2027-01-11,2027-07-01,False
46d8e856-a32f-4060-bf62-6b24fb9e6a8d,Aryan Goveas,Men's,INDIAN PADEL TOUR 9.0,INDIAN PADEL TOUR 9.0,grand_slam,2026-02,2026-02-15,advance,finalist,360,True,,,,,,,2025-26 and earlier,2027-02-15,2027-07-01,False
46d8e856-a32f-4060-bf62-6b24fb9e6a8d,Aryan Goveas,Men's,AHMEDABAD CITY OPEN,AHMEDABAD CITY OPEN,city_open,2026-03,2026-03-15,advance,finalist,240,True,,,,,,,2025-26 and earlier,2027-03-15,2027-07-01,False
46d8e856-a32f-4060-bf62-6b24fb9e6a8d,Aryan Goveas,Men's,INDIAN PADEL TOUR 10.0,INDIAN PADEL TOUR 10.0,grand_slam,2026-04,2026-04-26,advance,semi_finalist,240,True,,,,,,,2025-26 and earlier,2027-04-26,2027-07-01,False
46d8e856-a32f-4060-bf62-6b24fb9e6a8d,Aryan Goveas,Men's,Mumbai City Open 5.0,Mumbai City Open 5.0,city_open,2026-08,2026-08-02,advance,quarter_finalist,54,True,Rahul Motwani,draw_entry,2.0,2.0,,mumbai-city-open-5-01,2026-27,2027-08-02,2027-07-01,False
46d8e856-a32f-4060-bf62-6b24fb9e6a8d,Aryan Goveas,Men's,City Open Kochi 2.0,City Open Kochi 2.0,city_open,2026-09,2026-09-13,advance,winner,300,True,Samar Malhotra,profile,6.0,0.0,,ipt-kochi-city-open-2-0,2026-27,2027-09-13,2027-07-01,False
48382568-087c-4c34-ab92-46d2680916f1,Nigel Paul,Men's,City Open Kochi 2.0,City Open Kochi 2.0,city_open,2026-09,2026-09-13,intermediate,groups,0,True,Sanal K M,profile,0.0,2.0,,ipt-kochi-city-open-2-0,2026-27,2027-09-13,2027-07-01,False
48e4e396-7184-498c-a7be-2edc05971b23,Jashan Singh Arora,Men's,Mumbai City Open 5.0,Mumbai City Open 5.0,city_open,2026-08,2026-08-02,beginner,groups,0,True,Arjun Batra,draw_entry,1.0,2.0,,mumbai-city-open-5-01,2026-27,2027-08-02,2027-07-01,False
496acea5-21ec-4eba-8eac-68cc9821538c,Muhammed Ajmal,Men's,City Open Kochi 2.0,City Open Kochi 2.0,city_open,2026-09,2026-09-13,beginner,semi_finalist,9,True,Aravind Kannan,profile,4.0,1.0,,ipt-kochi-city-open-2-0,2026-27,2027-09-13,2027-07-01,False
49e0b5fb-e92e-467e-b277-532aa91ecd88,Rudresh Shetye,Men's,Goa Grandslam 11.0,Goa Grandslam 11.0,grand_slam,2026-08,2026-08-16,beginner,groups,0,True,Venctexa Burye,draw_entry,1.0,2.0,,ipt-goa-grandslam-11-0,2026-27,2027-08-16,2027-07-01,False
4a24bb98-4925-4def-ac6a-f794287f8ef6,Harshil Sheth,Men's,AHMEDABAD CITY OPEN,AHMEDABAD CITY OPEN,city_open,2026-03,2026-03-15,advance,quarter_finalist,120,True,,,,,,,2025-26 and earlier,2027-03-15,2027-07-01,False
4a24bb98-4925-4def-ac6a-f794287f8ef6,Harshil Sheth,Men's,INDIAN PADEL TOUR 10.0,INDIAN PADEL TOUR 10.0,grand_slam,2026-04,2026-04-26,intermediate,quarter_finalist,30,True,,,,,,,2025-26 and earlier,2027-04-26,2027-07-01,False
4a6e40bd-2cd4-4535-95f1-ba51a03f719d,Nishad Shevde,Men's,Goa Grandslam 11.0,Goa Grandslam 11.0,grand_slam,2026-08,2026-08-16,intermediate,finalist,60,True,Tejas Shevde,draw_entry,6.0,1.0,,ipt-goa-grandslam-11-0,2026-27,2027-08-16,2027-07-01,False
4abc41a6-8e24-4eaa-a669-eadf2b1b7365,Gautam Kaushal,Men's,CHANDIGARH CITY OPEN,CHANDIGARH CITY OPEN,city_open,2025-11,2025-11-16,intermediate,quarter_finalist,18,True,,,,,,,2025-26 and earlier,2026-11-16,2027-07-01,False
4abc41a6-8e24-4eaa-a669-eadf2b1b7365,Gautam Kaushal,Men's,Goa Grandslam 11.0,Goa Grandslam 11.0,grand_slam,2026-08,2026-08-16,beginner,quarter_finalist,9,True,Aman Goyal,draw_entry,3.0,1.0,,ipt-goa-grandslam-11-0,2026-27,2027-08-16,2027-07-01,False
4c979aa0-e703-43c6-b4e0-1fb8e52cd678,Piyush Bansal,Men's,Goa Grandslam 11.0,Goa Grandslam 11.0,grand_slam,2026-08,2026-08-16,advance,groups,0,True,Pranay Merchant,draw_entry,1.0,2.0,,ipt-goa-grandslam-11-0,2026-27,2027-08-16,2027-07-01,False
4c97d826-5756-4858-b292-b21827ad555e,Salman Shaji,Men's,City Open Kochi 2.0,City Open Kochi 2.0,city_open,2026-09,2026-09-13,intermediate,groups,0,True,Afdhel Abdul Wahab,profile,0.0,2.0,,ipt-kochi-city-open-2-0,2026-27,2027-09-13,2027-07-01,False
4f02042c-7cbe-4536-8a96-d529346d901c,Sahil Parikh,Men's,AHMEDABAD CITY OPEN,AHMEDABAD CITY OPEN,city_open,2026-03,2026-03-15,intermediate,semi_finalist,24,True,,,,,,,2025-26 and earlier,2027-03-15,2027-07-01,False
4f7ba08a-4a68-434d-9eeb-bec99296fe6f,Rahul Sachdeva,Men's,Mumbai City Open 5.0,Mumbai City Open 5.0,city_open,2026-08,2026-08-02,beginner,groups,0,True,Jason Pereira,draw_entry,0.0,3.0,,mumbai-city-open-5-01,2026-27,2027-08-02,2027-07-01,False
4f889960-3cf4-48c0-83f2-0ddc73c9c8b3,Rohit Dhiman,Men's,INDIAN PADEL TOUR 10.0,INDIAN PADEL TOUR 10.0,grand_slam,2026-04,2026-04-26,advance,finalist,360,True,,,,,,,2025-26 and earlier,2027-04-26,2027-07-01,False
4fd7e826-a45c-45c1-974d-781f0cfc0621,Shelton Mathew,Men's,Goa Grandslam 11.0,Goa Grandslam 11.0,grand_slam,2026-08,2026-08-16,beginner,quarter_finalist,9,True,Vishnu Shetty,draw_entry,2.0,2.0,,ipt-goa-grandslam-11-0,2026-27,2027-08-16,2027-07-01,False
501de0a7-5fb6-460c-9209-2cb9e1c6ab7d,Aman Makan,Men's,City Open Kochi 2.0,City Open Kochi 2.0,city_open,2026-09,2026-09-13,beginner,winner,25,True,Siddhant Gupta,profile,6.0,0.0,,ipt-kochi-city-open-2-0,2026-27,2027-09-13,2027-07-01,False
50389e26-ef8f-483a-a55a-97f02076536c,Maurya Nagpal,Men's,Goa Grandslam 11.0,Goa Grandslam 11.0,grand_slam,2026-08,2026-08-16,beginner,groups,0,True,Sahil Dhingra,draw_entry,1.0,2.0,,ipt-goa-grandslam-11-0,2026-27,2027-08-16,2027-07-01,False
5204bb34-67a8-4521-8743-b83d86905309,Mohammed Atif Hyder,Men's,INDIAN PADEL TOUR 8.0,INDIAN PADEL TOUR 8.0,grand_slam,2025-11,2025-11-30,intermediate,r16,20,True,,,,,,,2025-26 and earlier,2026-11-30,2027-07-01,False
523ad7a9-7183-4c35-ab10-58045485d4bb,Pratik Bhatia,Men's,INDIAN PADEL TOUR 9.0,INDIAN PADEL TOUR 9.0,grand_slam,2026-02,2026-02-15,beginner,semi_finalist,20,True,,,,,,,2025-26 and earlier,2027-02-15,2027-07-01,False
523ad7a9-7183-4c35-ab10-58045485d4bb,Pratik Bhatia,Men's,Mumbai City Open 5.0,Mumbai City Open 5.0,city_open,2026-08,2026-08-02,intermediate,finalist,30,True,Kaustubh Thakur,draw_entry,4.0,1.0,,mumbai-city-open-5-01,2026-27,2027-08-02,2027-07-01,False
531b4b75-e3cf-439f-a0fb-5e83867deff8,Aryan Hemdev,Men's,MUMBAI CITY OPEN 4.0,MUMBAI CITY OPEN 4.0,city_open,2026-01,2026-01-11,advance,finalist,240,True,,,,,,,2025-26 and earlier,2027-01-11,2027-07-01,False
531b4b75-e3cf-439f-a0fb-5e83867deff8,Aryan Hemdev,Men's,GOA CITY OPEN 1.0,GOA CITY OPEN 1.0,city_open,2026-01,2026-01-25,advance,winner,400,True,,,,,,,2025-26 and earlier,2027-01-25,2027-07-01,False
531b4b75-e3cf-439f-a0fb-5e83867deff8,Aryan Hemdev,Men's,INDIAN PADEL TOUR 9.0,INDIAN PADEL TOUR 9.0,grand_slam,2026-02,2026-02-15,advance,winner,600,True,,,,,,,2025-26 and earlier,2027-02-15,2027-07-01,False
531b4b75-e3cf-439f-a0fb-5e83867deff8,Aryan Hemdev,Men's,AHMEDABAD CITY OPEN,AHMEDABAD CITY OPEN,city_open,2026-03,2026-03-15,advance,semi_finalist,160,True,,,,,,,2025-26 and earlier,2027-03-15,2027-07-01,False
531b4b75-e3cf-439f-a0fb-5e83867deff8,Aryan Hemdev,Men's,Mumbai City Open 5.0,Mumbai City Open 5.0,city_open,2026-08,2026-08-02,advance,semi_finalist,108,True,Porus Shroff,draw_entry,4.0,1.0,,mumbai-city-open-5-01,2026-27,2027-08-02,2027-07-01,False
531b4b75-e3cf-439f-a0fb-5e83867deff8,Aryan Hemdev,Men's,Goa Grandslam 11.0,Goa Grandslam 11.0,grand_slam,2026-08,2026-08-16,advance,finalist,360,True,Samar Malhotra,draw_entry,5.0,1.0,,ipt-goa-grandslam-11-0,2026-27,2027-08-16,2027-07-01,False
56d2d7ff-1ad3-488b-9496-772430716c16,Bhavik Talreja,Men's,INDIAN PADEL TOUR 8.0,INDIAN PADEL TOUR 8.0,grand_slam,2025-11,2025-11-30,beginner,quarter_finalist,15,True,,,,,,,2025-26 and earlier,2026-11-30,2027-07-01,False
56d2d7ff-1ad3-488b-9496-772430716c16,Bhavik Talreja,Men's,Mumbai City Open 5.0,Mumbai City Open 5.0,city_open,2026-08,2026-08-02,beginner,semi_finalist,9,True,Rohan Maniar,draw_entry,4.0,1.0,,mumbai-city-open-5-01,2026-27,2027-08-02,2027-07-01,False
571b61a2-7bb2-4709-8d08-7dcc6e91d02d,Akshay Dhawan,Men's,CHANDIGARH CITY OPEN,CHANDIGARH CITY OPEN,city_open,2025-11,2025-11-16,intermediate,quarter_finalist,18,True,,,,,,,2025-26 and earlier,2026-11-16,2027-07-01,False
57930f5b-8782-4de1-b779-d757f0540e52,Shaan Javeri,Men's,Mumbai City Open 5.0,Mumbai City Open 5.0,city_open,2026-08,2026-08-02,beginner,quarter_finalist,5,True,Arjun Malhotra,draw_entry,2.0,2.0,,mumbai-city-open-5-01,2026-27,2027-08-02,2027-07-01,False
57a2141d-40d8-46f5-80e4-11670644aaca,Parthiv Anilkumar,Men's,City Open Kochi 2.0,City Open Kochi 2.0,city_open,2026-09,2026-09-13,intermediate,r16,5,True,Sachin Thomas,profile,1.0,2.0,,ipt-kochi-city-open-2-0,2026-27,2027-09-13,2027-07-01,False
5854e023-8f2c-4811-82ed-0e54efaf63ec,Rahul Motwani,Men's,INDIAN PADEL TOUR 7.0,INDIAN PADEL TOUR 7.0,grand_slam,2025-08,2025-08-03,advance,finalist,360,True,,,,,,,2025-26 and earlier,2026-08-03,2027-07-01,True
5854e023-8f2c-4811-82ed-0e54efaf63ec,Rahul Motwani,Men's,MUMBAI CITY OPEN 3.0,MUMBAI CITY OPEN 3.0,city_open,2025-09,2025-09-28,advance,winner,400,True,,,,,,,2025-26 and earlier,2026-09-28,2027-07-01,False
5854e023-8f2c-4811-82ed-0e54efaf63ec,Rahul Motwani,Men's,INDIAN PADEL TOUR 8.0,INDIAN PADEL TOUR 8.0,grand_slam,2025-11,2025-11-30,advance,semi_finalist,240,True,,,,,,,2025-26 and earlier,2026-11-30,2027-07-01,False
5854e023-8f2c-4811-82ed-0e54efaf63ec,Rahul Motwani,Men's,MUMBAI CITY OPEN 4.0,MUMBAI CITY OPEN 4.0,city_open,2026-01,2026-01-11,advance,semi_finalist,160,True,,,,,,,2025-26 and earlier,2027-01-11,2027-07-01,False
5854e023-8f2c-4811-82ed-0e54efaf63ec,Rahul Motwani,Men's,GOA CITY OPEN 1.0,GOA CITY OPEN 1.0,city_open,2026-01,2026-01-25,advance,semi_finalist,160,True,,,,,,,2025-26 and earlier,2027-01-25,2027-07-01,False
5854e023-8f2c-4811-82ed-0e54efaf63ec,Rahul Motwani,Men's,INDIAN PADEL TOUR 9.0,INDIAN PADEL TOUR 9.0,grand_slam,2026-02,2026-02-15,advance,finalist,360,True,,,,,,,2025-26 and earlier,2027-02-15,2027-07-01,False
5854e023-8f2c-4811-82ed-0e54efaf63ec,Rahul Motwani,Men's,AHMEDABAD CITY OPEN,AHMEDABAD CITY OPEN,city_open,2026-03,2026-03-15,advance,finalist,240,True,,,,,,,2025-26 and earlier,2027-03-15,2027-07-01,False
5854e023-8f2c-4811-82ed-0e54efaf63ec,Rahul Motwani,Men's,INDIAN PADEL TOUR 10.0,INDIAN PADEL TOUR 10.0,grand_slam,2026-04,2026-04-26,advance,semi_finalist,240,True,,,,,,,2025-26 and earlier,2027-04-26,2027-07-01,False
5854e023-8f2c-4811-82ed-0e54efaf63ec,Rahul Motwani,Men's,Mumbai City Open 5.0,Mumbai City Open 5.0,city_open,2026-08,2026-08-02,advance,quarter_finalist,54,True,Aryan Goveas,draw_entry,2.0,2.0,,mumbai-city-open-5-01,2026-27,2027-08-02,2027-07-01,False
5854e023-8f2c-4811-82ed-0e54efaf63ec,Rahul Motwani,Men's,Goa Grandslam 11.0,Goa Grandslam 11.0,grand_slam,2026-08,2026-08-16,advance,semi_finalist,216,True,Ishaan Choubal,draw_entry,4.0,1.0,,ipt-goa-grandslam-11-0,2026-27,2027-08-16,2027-07-01,False
5864aa85-bcf0-49c8-b62e-15c7d244e576,Jehan Mehta,Men's,Mumbai City Open 5.0,Mumbai City Open 5.0,city_open,2026-08,2026-08-02,advance,quarter_finalist,54,True,Tanay Mehta,draw_entry,2.0,2.0,,mumbai-city-open-5-01,2026-27,2027-08-02,2027-07-01,False
58e20dcc-ea00-430a-b0bb-ca3e7f99ec7d,Salman Damani,Men's,Mumbai City Open 5.0,Mumbai City Open 5.0,city_open,2026-08,2026-08-02,intermediate,groups,0,True,Habib Latif,draw_entry,1.0,1.0,,mumbai-city-open-5-01,2026-27,2027-08-02,2027-07-01,False
5938a1b7-dfbe-4c9a-8eb1-4debd778d000,Ishan Maitreya,Men's,Mumbai City Open 5.0,Mumbai City Open 5.0,city_open,2026-08,2026-08-02,intermediate,quarter_finalist,9,True,Anuj Vaghani,draw_entry,2.0,1.0,,mumbai-city-open-5-01,2026-27,2027-08-02,2027-07-01,False
5938a1b7-dfbe-4c9a-8eb1-4debd778d000,Ishan Maitreya,Men's,Goa Grandslam 11.0,Goa Grandslam 11.0,grand_slam,2026-08,2026-08-16,intermediate,r16,9,True,Anuj Vaghani,draw_entry,3.0,1.0,,ipt-goa-grandslam-11-0,2026-27,2027-08-16,2027-07-01,False
5b3d8985-ba2b-4840-96cb-df23c6bd1347,Krishiv Patel,Men's,INDIAN PADEL TOUR 7.0,INDIAN PADEL TOUR 7.0,grand_slam,2025-08,2025-08-03,advance,r16,120,True,,,,,,,2025-26 and earlier,2026-08-03,2027-07-01,True
5b3d8985-ba2b-4840-96cb-df23c6bd1347,Krishiv Patel,Men's,MUMBAI CITY OPEN 3.0,MUMBAI CITY OPEN 3.0,city_open,2025-09,2025-09-28,advance,semi_finalist,160,True,,,,,,,2025-26 and earlier,2026-09-28,2027-07-01,False
5b3d8985-ba2b-4840-96cb-df23c6bd1347,Krishiv Patel,Men's,INDIAN PADEL TOUR 8.0,INDIAN PADEL TOUR 8.0,grand_slam,2025-11,2025-11-30,advance,finalist,360,True,,,,,,,2025-26 and earlier,2026-11-30,2027-07-01,False
5b3d8985-ba2b-4840-96cb-df23c6bd1347,Krishiv Patel,Men's,MUMBAI CITY OPEN 4.0,MUMBAI CITY OPEN 4.0,city_open,2026-01,2026-01-11,advance,winner,400,True,,,,,,,2025-26 and earlier,2027-01-11,2027-07-01,False
5b3d8985-ba2b-4840-96cb-df23c6bd1347,Krishiv Patel,Men's,INDIAN PADEL TOUR 9.0,INDIAN PADEL TOUR 9.0,grand_slam,2026-02,2026-02-15,advance,semi_finalist,240,True,,,,,,,2025-26 and earlier,2027-02-15,2027-07-01,False
5b3d8985-ba2b-4840-96cb-df23c6bd1347,Krishiv Patel,Men's,BANGALORE CITY OPEN 2.0,BANGALORE CITY OPEN 2.0,city_open,2026-04,2026-04-12,advance,winner,400,True,,,,,,,2025-26 and earlier,2027-04-12,2027-07-01,False
5b3d8985-ba2b-4840-96cb-df23c6bd1347,Krishiv Patel,Men's,Goa Grandslam 11.0,Goa Grandslam 11.0,grand_slam,2026-08,2026-08-16,advance,winner,600,True,Aditya Jagtap,draw_entry,6.0,0.0,,ipt-goa-grandslam-11-0,2026-27,2027-08-16,2027-07-01,False
5b3d8985-ba2b-4840-96cb-df23c6bd1347,Krishiv Patel,Men's,City Open Kochi 2.0,City Open Kochi 2.0,city_open,2026-09,2026-09-13,advance,finalist,180,True,Aditya Jagtap,profile,5.0,1.0,,ipt-kochi-city-open-2-0,2026-27,2027-09-13,2027-07-01,False
5b4e9c11-4974-4fcc-bd97-31bf8e12050d,Sheriar Mazda,Men's,Goa Grandslam 11.0,Goa Grandslam 11.0,grand_slam,2026-08,2026-08-16,intermediate,quarter_finalist,18,True,Eshant Uppal,draw_entry,3.0,2.0,,ipt-goa-grandslam-11-0,2026-27,2027-08-16,2027-07-01,False
5b6730d4-a1a1-4cd3-97ec-3423545be5cd,Varun Dattani,Men's,MUMBAI CITY OPEN 3.0,MUMBAI CITY OPEN 3.0,city_open,2025-09,2025-09-28,intermediate,r16,12,True,,,,,,,2025-26 and earlier,2026-09-28,2027-07-01,False
5b6730d4-a1a1-4cd3-97ec-3423545be5cd,Varun Dattani,Men's,INDIAN PADEL TOUR 8.0,INDIAN PADEL TOUR 8.0,grand_slam,2025-11,2025-11-30,advance,r16,120,True,,,,,,,2025-26 and earlier,2026-11-30,2027-07-01,False
5b6730d4-a1a1-4cd3-97ec-3423545be5cd,Varun Dattani,Men's,MUMBAI CITY OPEN 4.0,MUMBAI CITY OPEN 4.0,city_open,2026-01,2026-01-11,intermediate,winner,60,True,,,,,,,2025-26 and earlier,2027-01-11,2027-07-01,False
5b6730d4-a1a1-4cd3-97ec-3423545be5cd,Varun Dattani,Men's,INDIAN PADEL TOUR 9.0,INDIAN PADEL TOUR 9.0,grand_slam,2026-02,2026-02-15,intermediate,winner,100,True,,,,,,,2025-26 and earlier,2027-02-15,2027-07-01,False
5b6730d4-a1a1-4cd3-97ec-3423545be5cd,Varun Dattani,Men's,City Open Kochi 2.0,City Open Kochi 2.0,city_open,2026-09,2026-09-13,intermediate,quarter_finalist,9,True,Kaiz Jaffer,profile,3.0,1.0,,ipt-kochi-city-open-2-0,2026-27,2027-09-13,2027-07-01,False
5d868212-b694-4b7c-9e87-8bbcdff3a37e,Terence Thomas,Men's,City Open Kochi 2.0,City Open Kochi 2.0,city_open,2026-09,2026-09-13,beginner,quarter_finalist,5,True,Vishal Thomas,profile,2.0,2.0,,ipt-kochi-city-open-2-0,2026-27,2027-09-13,2027-07-01,False
5dd2f0f1-9e37-4f1b-9ed6-726f108ea1ea,Rayaprolu Sagar,Men's,Goa Grandslam 11.0,Goa Grandslam 11.0,grand_slam,2026-08,2026-08-16,beginner,groups,0,True,Gopi Reddy,draw_entry,0.0,3.0,,ipt-goa-grandslam-11-0,2026-27,2027-08-16,2027-07-01,False
5df49a33-22cb-4ac4-b03a-a075acfb5390,Ashish Khemlani,Men's,INDIAN PADEL TOUR 7.0,INDIAN PADEL TOUR 7.0,grand_slam,2025-08,2025-08-03,advance,r16,120,True,,,,,,,2025-26 and earlier,2026-08-03,2027-07-01,True
5df49a33-22cb-4ac4-b03a-a075acfb5390,Ashish Khemlani,Men's,Goa Grandslam 11.0,Goa Grandslam 11.0,grand_slam,2026-08,2026-08-16,advance,groups,0,True,Arjun Gupta,draw_entry,0.0,3.0,,ipt-goa-grandslam-11-0,2026-27,2027-08-16,2027-07-01,False
5e02eee8-3dff-4b01-a9b2-62b430787c78,Vaibhav Malik,Men's,Goa Grandslam 11.0,Goa Grandslam 11.0,grand_slam,2026-08,2026-08-16,beginner,groups,0,True,Lokesh Chhabra,draw_entry,1.0,2.0,,ipt-goa-grandslam-11-0,2026-27,2027-08-16,2027-07-01,False
5e22ce04-3d81-4d0a-ae6b-7fba4bcea448,John Paul,Men's,KOCHI CITY OPEN,KOCHI CITY OPEN,city_open,2025-09,2025-09-14,intermediate,semi_finalist,24,True,,,,,,,2025-26 and earlier,2026-09-14,2027-07-01,True
5e22ce04-3d81-4d0a-ae6b-7fba4bcea448,John Paul,Men's,City Open Kochi 2.0,City Open Kochi 2.0,city_open,2026-09,2026-09-13,intermediate,quarter_finalist,9,True,Falib Jaleel,profile,3.0,1.0,,ipt-kochi-city-open-2-0,2026-27,2027-09-13,2027-07-01,False
5efe3810-7452-45ba-9911-ef58eb490a3f,Chaitanya Shah,Men's,MUMBAI CITY OPEN 3.0,MUMBAI CITY OPEN 3.0,city_open,2025-09,2025-09-28,advance,semi_finalist,160,True,,,,,,,2025-26 and earlier,2026-09-28,2027-07-01,False
5efe3810-7452-45ba-9911-ef58eb490a3f,Chaitanya Shah,Men's,INDIAN PADEL TOUR 8.0,INDIAN PADEL TOUR 8.0,grand_slam,2025-11,2025-11-30,advance,semi_finalist,240,True,,,,,,,2025-26 and earlier,2026-11-30,2027-07-01,False
5efe3810-7452-45ba-9911-ef58eb490a3f,Chaitanya Shah,Men's,MUMBAI CITY OPEN 4.0,MUMBAI CITY OPEN 4.0,city_open,2026-01,2026-01-11,advance,semi_finalist,160,True,,,,,,,2025-26 and earlier,2027-01-11,2027-07-01,False
5efe3810-7452-45ba-9911-ef58eb490a3f,Chaitanya Shah,Men's,GOA CITY OPEN 1.0,GOA CITY OPEN 1.0,city_open,2026-01,2026-01-25,advance,semi_finalist,160,True,,,,,,,2025-26 and earlier,2027-01-25,2027-07-01,False
5efe3810-7452-45ba-9911-ef58eb490a3f,Chaitanya Shah,Men's,INDIAN PADEL TOUR 9.0,INDIAN PADEL TOUR 9.0,grand_slam,2026-02,2026-02-15,advance,semi_finalist,240,True,,,,,,,2025-26 and earlier,2027-02-15,2027-07-01,False
5efe3810-7452-45ba-9911-ef58eb490a3f,Chaitanya Shah,Men's,AHMEDABAD CITY OPEN,AHMEDABAD CITY OPEN,city_open,2026-03,2026-03-15,advance,winner,400,True,,,,,,,2025-26 and earlier,2027-03-15,2027-07-01,False
5efe3810-7452-45ba-9911-ef58eb490a3f,Chaitanya Shah,Men's,Mumbai City Open 5.0,Mumbai City Open 5.0,city_open,2026-08,2026-08-02,advance,semi_finalist,108,True,Aditya Jagtap,draw_entry,4.0,1.0,,mumbai-city-open-5-01,2026-27,2027-08-02,2027-07-01,False
5fb018f5-d23c-474c-9d85-c7acd4b03f0f,Anshul Gosavi,Men's,MUMBAI CITY OPEN 3.0,MUMBAI CITY OPEN 3.0,city_open,2025-09,2025-09-28,beginner,semi_finalist,12,True,,,,,,,2025-26 and earlier,2026-09-28,2027-07-01,False
5fb018f5-d23c-474c-9d85-c7acd4b03f0f,Anshul Gosavi,Men's,INDIAN PADEL TOUR 8.0,INDIAN PADEL TOUR 8.0,grand_slam,2025-11,2025-11-30,beginner,quarter_finalist,15,True,,,,,,,2025-26 and earlier,2026-11-30,2027-07-01,False
5fb018f5-d23c-474c-9d85-c7acd4b03f0f,Anshul Gosavi,Men's,INDIAN PADEL TOUR 9.0,INDIAN PADEL TOUR 9.0,grand_slam,2026-02,2026-02-15,beginner,finalist,30,True,,,,,,,2025-26 and earlier,2027-02-15,2027-07-01,False
5fb018f5-d23c-474c-9d85-c7acd4b03f0f,Anshul Gosavi,Men's,Mumbai City Open 5.0,Mumbai City Open 5.0,city_open,2026-08,2026-08-02,intermediate,groups,0,True,Ronak Talati,draw_entry,0.0,2.0,,mumbai-city-open-5-01,2026-27,2027-08-02,2027-07-01,False
5ff0e80a-e07e-4469-a2a2-01d6a9c3f00b,Falib Jaleel,Men's,City Open Kochi 2.0,City Open Kochi 2.0,city_open,2026-09,2026-09-13,intermediate,quarter_finalist,9,True,John Paul,profile,3.0,1.0,,ipt-kochi-city-open-2-0,2026-27,2027-09-13,2027-07-01,False
6023f7fb-b00d-4093-ab62-cc6d12726cce,Virel Agarwal,Men's,MUMBAI CITY OPEN 4.0,MUMBAI CITY OPEN 4.0,city_open,2026-01,2026-01-11,intermediate,r16,12,True,,,,,,,2025-26 and earlier,2027-01-11,2027-07-01,False
6023f7fb-b00d-4093-ab62-cc6d12726cce,Virel Agarwal,Men's,Mumbai City Open 5.0,Mumbai City Open 5.0,city_open,2026-08,2026-08-02,intermediate,groups,0,True,Yugant Gupta,draw_entry,0.0,2.0,,mumbai-city-open-5-01,2026-27,2027-08-02,2027-07-01,False
604edc4e-0143-476a-aec6-c89b715f6949,Siddharth Dabrai,Men's,BANGALORE CITY OPEN 2.0,BANGALORE CITY OPEN 2.0,city_open,2026-04,2026-04-12,advance,semi_finalist,160,True,,,,,,,2025-26 and earlier,2027-04-12,2027-07-01,False
604edc4e-0143-476a-aec6-c89b715f6949,Siddharth Dabrai,Men's,City Open Kochi 2.0,City Open Kochi 2.0,city_open,2026-09,2026-09-13,advance,groups,0,True,Naesar Jewoor,profile,1.0,2.0,,ipt-kochi-city-open-2-0,2026-27,2027-09-13,2027-07-01,False
61d2b099-ebaa-47de-8a92-2a080317a0a7,Siddharth Kadam,Men's,INDIAN PADEL TOUR 9.0,INDIAN PADEL TOUR 9.0,grand_slam,2026-02,2026-02-15,intermediate,finalist,60,True,,,,,,,2025-26 and earlier,2027-02-15,2027-07-01,False
61d2b099-ebaa-47de-8a92-2a080317a0a7,Siddharth Kadam,Men's,Mumbai City Open 5.0,Mumbai City Open 5.0,city_open,2026-08,2026-08-02,intermediate,semi_finalist,18,True,Ishan Jindal,draw_entry,3.0,1.0,,mumbai-city-open-5-01,2026-27,2027-08-02,2027-07-01,False
628c5ffa-e7aa-4c81-99eb-542a07475659,Kriish Sakhuja,Men's,Mumbai City Open 5.0,Mumbai City Open 5.0,city_open,2026-08,2026-08-02,beginner,groups,0,True,Jai Sakhuja,draw_entry,0.0,3.0,,mumbai-city-open-5-01,2026-27,2027-08-02,2027-07-01,False
63668ef8-aaa9-4524-9827-c84f3f2d757e,Priyank Makwana,Men's,INDIAN PADEL TOUR 9.0,INDIAN PADEL TOUR 9.0,grand_slam,2026-02,2026-02-15,beginner,semi_finalist,20,True,,,,,,,2025-26 and earlier,2027-02-15,2027-07-01,False
63668ef8-aaa9-4524-9827-c84f3f2d757e,Priyank Makwana,Men's,Mumbai City Open 5.0,Mumbai City Open 5.0,city_open,2026-08,2026-08-02,beginner,finalist,15,True,Abhishek Yadev,draw_entry,4.0,2.0,,mumbai-city-open-5-01,2026-27,2027-08-02,2027-07-01,False
645bea63-c782-48f3-9687-7887da354b08,Divanshu Nayyar,Men's,INDIAN PADEL TOUR 10.0,INDIAN PADEL TOUR 10.0,grand_slam,2026-04,2026-04-26,beginner,winner,50,True,,,,,,,2025-26 and earlier,2027-04-26,2027-07-01,False
65e48ebf-0f26-4abe-b2c3-6629ab689249,Tanmay Anand,Men's,MUMBAI CITY OPEN 3.0,MUMBAI CITY OPEN 3.0,city_open,2025-09,2025-09-28,intermediate,r16,12,True,,,,,,,2025-26 and earlier,2026-09-28,2027-07-01,False
65e48ebf-0f26-4abe-b2c3-6629ab689249,Tanmay Anand,Men's,Mumbai City Open 5.0,Mumbai City Open 5.0,city_open,2026-08,2026-08-02,intermediate,groups,0,True,Rahil Gala,draw_entry,0.0,2.0,,mumbai-city-open-5-01,2026-27,2027-08-02,2027-07-01,False
6677f696-648f-478e-b018-13a839d6a34e,Shashank Tiwari,Men's,Goa Grandslam 11.0,Goa Grandslam 11.0,grand_slam,2026-08,2026-08-16,beginner,quarter_finalist,9,True,Vijay Aakash Nemakal,draw_entry,2.0,2.0,,ipt-goa-grandslam-11-0,2026-27,2027-08-16,2027-07-01,False
66f6024c-cf6b-4775-a2ef-3f7f1b0405b3,Mohammed Farhan,Men's,City Open Kochi 2.0,City Open Kochi 2.0,city_open,2026-09,2026-09-13,intermediate,r16,5,True,Azim Yasir,profile,1.0,2.0,,ipt-kochi-city-open-2-0,2026-27,2027-09-13,2027-07-01,False
67831462-6847-49e1-bb2d-fea92e021af6,Venkatesh Anilkumar,Men's,City Open Kochi 2.0,City Open Kochi 2.0,city_open,2026-09,2026-09-13,beginner,groups,0,True,Frederick Williams,profile,1.0,2.0,,ipt-kochi-city-open-2-0,2026-27,2027-09-13,2027-07-01,False
68516614-5b90-40ce-b11e-09ad9353da5a,Mithun Prabhu,Men's,KOCHI CITY OPEN,KOCHI CITY OPEN,city_open,2025-09,2025-09-14,intermediate,quarter_finalist,18,True,,,,,,,2025-26 and earlier,2026-09-14,2027-07-01,True
68516614-5b90-40ce-b11e-09ad9353da5a,Mithun Prabhu,Men's,City Open Kochi 2.0,City Open Kochi 2.0,city_open,2026-09,2026-09-13,intermediate,r16,5,True,Akshith Thomas,profile,1.0,2.0,,ipt-kochi-city-open-2-0,2026-27,2027-09-13,2027-07-01,False
6892cafd-242b-468e-a1aa-cd2523e083a6,Kushe Bahl,Men's,GOA CITY OPEN 1.0,GOA CITY OPEN 1.0,city_open,2026-01,2026-01-25,beginner,semi_finalist,12,True,,,,,,,2025-26 and earlier,2027-01-25,2027-07-01,False
6892cafd-242b-468e-a1aa-cd2523e083a6,Kushe Bahl,Men's,Mumbai City Open 5.0,Mumbai City Open 5.0,city_open,2026-08,2026-08-02,beginner,quarter_finalist,5,True,Shaan Shah,draw_entry,2.0,2.0,,mumbai-city-open-5-01,2026-27,2027-08-02,2027-07-01,False
6892cafd-242b-468e-a1aa-cd2523e083a6,Kushe Bahl,Men's,Goa Grandslam 11.0,Goa Grandslam 11.0,grand_slam,2026-08,2026-08-16,beginner,groups,0,True,Shaan Shah,draw_entry,1.0,2.0,,ipt-goa-grandslam-11-0,2026-27,2027-08-16,2027-07-01,False
689f12ba-b99c-4d69-b6f4-80c07ed7ce92,Anthony Grace Fernandes,Men's,City Open Kochi 2.0,City Open Kochi 2.0,city_open,2026-09,2026-09-13,intermediate,r16,5,True,Adarsh S,profile,1.0,2.0,,ipt-kochi-city-open-2-0,2026-27,2027-09-13,2027-07-01,False
68c7916e-0da4-4940-a068-eda6255290cc,Basudev Rai,Men's,City Open Kochi 2.0,City Open Kochi 2.0,city_open,2026-09,2026-09-13,beginner,groups,0,True,Abhay Biswakarma,profile,0.0,3.0,,ipt-kochi-city-open-2-0,2026-27,2027-09-13,2027-07-01,False
6920ba87-de99-461a-9af7-74a07b08c305,Naeem Shahul,Men's,KOCHI CITY OPEN,KOCHI CITY OPEN,city_open,2025-09,2025-09-14,intermediate,quarter_finalist,18,True,,,,,,,2025-26 and earlier,2026-09-14,2027-07-01,True
6920ba87-de99-461a-9af7-74a07b08c305,Naeem Shahul,Men's,City Open Kochi 2.0,City Open Kochi 2.0,city_open,2026-09,2026-09-13,advance,groups,0,True,Famas Shanavas,profile,0.0,3.0,,ipt-kochi-city-open-2-0,2026-27,2027-09-13,2027-07-01,False
6a3070aa-afd1-4319-9aa8-8376abb53ec0,Raghav Bansal,Men's,INDIAN PADEL TOUR 7.0,INDIAN PADEL TOUR 7.0,grand_slam,2025-08,2025-08-03,intermediate,quarter_finalist,30,True,,,,,,,2025-26 and earlier,2026-08-03,2027-07-01,True
6a3070aa-afd1-4319-9aa8-8376abb53ec0,Raghav Bansal,Men's,Goa Grandslam 11.0,Goa Grandslam 11.0,grand_slam,2026-08,2026-08-16,intermediate,groups,0,True,Karan Bansal,draw_entry,1.0,2.0,,ipt-goa-grandslam-11-0,2026-27,2027-08-16,2027-07-01,False
6b49f7ef-e989-4036-816e-f0267d3c3ef0,Saish Shelar,Men's,INDIAN PADEL TOUR 8.0,INDIAN PADEL TOUR 8.0,grand_slam,2025-11,2025-11-30,intermediate,winner,100,True,,,,,,,2025-26 and earlier,2026-11-30,2027-07-01,False
6b49f7ef-e989-4036-816e-f0267d3c3ef0,Saish Shelar,Men's,MUMBAI CITY OPEN 4.0,MUMBAI CITY OPEN 4.0,city_open,2026-01,2026-01-11,intermediate,semi_finalist,24,True,,,,,,,2025-26 and earlier,2027-01-11,2027-07-01,False
6b49f7ef-e989-4036-816e-f0267d3c3ef0,Saish Shelar,Men's,GOA CITY OPEN 1.0,GOA CITY OPEN 1.0,city_open,2026-01,2026-01-25,intermediate,winner,60,True,,,,,,,2025-26 and earlier,2027-01-25,2027-07-01,False
6b49f7ef-e989-4036-816e-f0267d3c3ef0,Saish Shelar,Men's,Mumbai City Open 5.0,Mumbai City Open 5.0,city_open,2026-08,2026-08-02,advance,groups,0,True,Mihir Akolkar,draw_entry,1.0,2.0,,mumbai-city-open-5-01,2026-27,2027-08-02,2027-07-01,False
6b49f7ef-e989-4036-816e-f0267d3c3ef0,Saish Shelar,Men's,Goa Grandslam 11.0,Goa Grandslam 11.0,grand_slam,2026-08,2026-08-16,advance,quarter_finalist,108,True,Mihir Akolkar,draw_entry,2.0,2.0,,ipt-goa-grandslam-11-0,2026-27,2027-08-16,2027-07-01,False
6b49f7ef-e989-4036-816e-f0267d3c3ef0,Saish Shelar,Men's,City Open Kochi 2.0,City Open Kochi 2.0,city_open,2026-09,2026-09-13,advance,quarter_finalist,54,True,Mihir Akolkar,profile,2.0,2.0,,ipt-kochi-city-open-2-0,2026-27,2027-09-13,2027-07-01,False
6bfd1277-761c-46c8-9e40-cbce3df40c13,Arnav Tanna,Men's,MUMBAI CITY OPEN 3.0,MUMBAI CITY OPEN 3.0,city_open,2025-09,2025-09-28,beginner,finalist,18,True,,,,,,,2025-26 and earlier,2026-09-28,2027-07-01,False
6bfd1277-761c-46c8-9e40-cbce3df40c13,Arnav Tanna,Men's,INDIAN PADEL TOUR 8.0,INDIAN PADEL TOUR 8.0,grand_slam,2025-11,2025-11-30,beginner,semi_finalist,20,True,,,,,,,2025-26 and earlier,2026-11-30,2027-07-01,False
6bfd1277-761c-46c8-9e40-cbce3df40c13,Arnav Tanna,Men's,MUMBAI CITY OPEN 4.0,MUMBAI CITY OPEN 4.0,city_open,2026-01,2026-01-11,beginner,semi_finalist,12,True,,,,,,,2025-26 and earlier,2027-01-11,2027-07-01,False
6bfd1277-761c-46c8-9e40-cbce3df40c13,Arnav Tanna,Men's,BANGALORE CITY OPEN 2.0,BANGALORE CITY OPEN 2.0,city_open,2026-04,2026-04-12,beginner,semi_finalist,12,True,,,,,,,2025-26 and earlier,2027-04-12,2027-07-01,False
6bfd1277-761c-46c8-9e40-cbce3df40c13,Arnav Tanna,Men's,Mumbai City Open 5.0,Mumbai City Open 5.0,city_open,2026-08,2026-08-02,intermediate,groups,0,True,Qahhar Padamsee,draw_entry,0.0,2.0,,mumbai-city-open-5-01,2026-27,2027-08-02,2027-07-01,False
6bfd1277-761c-46c8-9e40-cbce3df40c13,Arnav Tanna,Men's,City Open Kochi 2.0,City Open Kochi 2.0,city_open,2026-09,2026-09-13,beginner,quarter_finalist,5,True,Rajveer Patel,profile,2.0,2.0,,ipt-kochi-city-open-2-0,2026-27,2027-09-13,2027-07-01,False
6c67db09-ad9a-46d3-a0a3-5c4e7687587d,Aman Goyal,Men's,Goa Grandslam 11.0,Goa Grandslam 11.0,grand_slam,2026-08,2026-08-16,beginner,quarter_finalist,9,True,Gautam Kaushal,draw_entry,3.0,1.0,,ipt-goa-grandslam-11-0,2026-27,2027-08-16,2027-07-01,False
6cdc4da7-096f-4c21-a48e-4183e606d2ef,Samkit Shah,Men's,INDIAN PADEL TOUR 8.0,INDIAN PADEL TOUR 8.0,grand_slam,2025-11,2025-11-30,intermediate,r16,20,True,,,,,,,2025-26 and earlier,2026-11-30,2027-07-01,False
6cdc4da7-096f-4c21-a48e-4183e606d2ef,Samkit Shah,Men's,Mumbai City Open 5.0,Mumbai City Open 5.0,city_open,2026-08,2026-08-02,intermediate,semi_finalist,18,True,Rahul Chandwani,draw_entry,3.0,1.0,,mumbai-city-open-5-01,2026-27,2027-08-02,2027-07-01,False
6ce84d69-d4a3-4a09-91c3-ac921016a281,Yugant Gupta,Men's,Mumbai City Open 5.0,Mumbai City Open 5.0,city_open,2026-08,2026-08-02,intermediate,groups,0,True,Virel Agarwal,draw_entry,0.0,2.0,,mumbai-city-open-5-01,2026-27,2027-08-02,2027-07-01,False
6dc1ecef-b2d9-4579-a1d0-c69e2553a65c,Tanay Mehta,Men's,MUMBAI CITY OPEN 3.0,MUMBAI CITY OPEN 3.0,city_open,2025-09,2025-09-28,advance,quarter_finalist,120,True,,,,,,,2025-26 and earlier,2026-09-28,2027-07-01,False
6dc1ecef-b2d9-4579-a1d0-c69e2553a65c,Tanay Mehta,Men's,Mumbai City Open 5.0,Mumbai City Open 5.0,city_open,2026-08,2026-08-02,advance,quarter_finalist,54,True,Jehan Mehta,draw_entry,2.0,2.0,,mumbai-city-open-5-01,2026-27,2027-08-02,2027-07-01,False
6dc1ecef-b2d9-4579-a1d0-c69e2553a65c,Tanay Mehta,Men's,Goa Grandslam 11.0,Goa Grandslam 11.0,grand_slam,2026-08,2026-08-16,advance,quarter_finalist,108,True,Arjun Jashani,draw_entry,2.0,2.0,,ipt-goa-grandslam-11-0,2026-27,2027-08-16,2027-07-01,False
7078cecf-5699-43ef-aefe-dd1c239e92ba,Bhagya Popat,Men's,MUMBAI CITY OPEN 3.0,MUMBAI CITY OPEN 3.0,city_open,2025-09,2025-09-28,intermediate,r16,12,True,,,,,,,2025-26 and earlier,2026-09-28,2027-07-01,False
7078cecf-5699-43ef-aefe-dd1c239e92ba,Bhagya Popat,Men's,INDIAN PADEL TOUR 8.0,INDIAN PADEL TOUR 8.0,grand_slam,2025-11,2025-11-30,intermediate,r16,20,True,,,,,,,2025-26 and earlier,2026-11-30,2027-07-01,False
7078cecf-5699-43ef-aefe-dd1c239e92ba,Bhagya Popat,Men's,MUMBAI CITY OPEN 4.0,MUMBAI CITY OPEN 4.0,city_open,2026-01,2026-01-11,intermediate,r16,12,True,,,,,,,2025-26 and earlier,2027-01-11,2027-07-01,False
7078cecf-5699-43ef-aefe-dd1c239e92ba,Bhagya Popat,Men's,INDIAN PADEL TOUR 9.0,INDIAN PADEL TOUR 9.0,grand_slam,2026-02,2026-02-15,intermediate,r16,20,True,,,,,,,2025-26 and earlier,2027-02-15,2027-07-01,False
7078cecf-5699-43ef-aefe-dd1c239e92ba,Bhagya Popat,Men's,AHMEDABAD CITY OPEN,AHMEDABAD CITY OPEN,city_open,2026-03,2026-03-15,intermediate,winner,60,True,,,,,,,2025-26 and earlier,2027-03-15,2027-07-01,False
7078cecf-5699-43ef-aefe-dd1c239e92ba,Bhagya Popat,Men's,Mumbai City Open 5.0,Mumbai City Open 5.0,city_open,2026-08,2026-08-02,advance,groups,0,True,Advait Bahl,draw_entry,0.0,3.0,,mumbai-city-open-5-01,2026-27,2027-08-02,2027-07-01,False
7078cecf-5699-43ef-aefe-dd1c239e92ba,Bhagya Popat,Men's,Goa Grandslam 11.0,Goa Grandslam 11.0,grand_slam,2026-08,2026-08-16,advance,groups,0,True,Advait Bahl,draw_entry,0.0,3.0,,ipt-goa-grandslam-11-0,2026-27,2027-08-16,2027-07-01,False
716df803-2711-44e0-99a3-c5d59dfde298,Habib Latif,Men's,MUMBAI CITY OPEN 4.0,MUMBAI CITY OPEN 4.0,city_open,2026-01,2026-01-11,beginner,winner,30,True,,,,,,,2025-26 and earlier,2027-01-11,2027-07-01,False
716df803-2711-44e0-99a3-c5d59dfde298,Habib Latif,Men's,INDIAN PADEL TOUR 9.0,INDIAN PADEL TOUR 9.0,grand_slam,2026-02,2026-02-15,intermediate,r16,20,True,,,,,,,2025-26 and earlier,2027-02-15,2027-07-01,False
716df803-2711-44e0-99a3-c5d59dfde298,Habib Latif,Men's,Mumbai City Open 5.0,Mumbai City Open 5.0,city_open,2026-08,2026-08-02,intermediate,groups,0,True,Salman Damani,draw_entry,1.0,1.0,,mumbai-city-open-5-01,2026-27,2027-08-02,2027-07-01,False
74a7e384-3f53-44ee-80d0-059e3fa60e1c,Arjun Raju,Men's,BANGALORE CITY OPEN 2.0,BANGALORE CITY OPEN 2.0,city_open,2026-04,2026-04-12,intermediate,quarter_finalist,18,True,,,,,,,2025-26 and earlier,2027-04-12,2027-07-01,False
74a7e384-3f53-44ee-80d0-059e3fa60e1c,Arjun Raju,Men's,Goa Grandslam 11.0,Goa Grandslam 11.0,grand_slam,2026-08,2026-08-16,intermediate,r16,9,True,Abhinav Grover,draw_entry,3.0,1.0,,ipt-goa-grandslam-11-0,2026-27,2027-08-16,2027-07-01,False
74a7e384-3f53-44ee-80d0-059e3fa60e1c,Arjun Raju,Men's,City Open Kochi 2.0,City Open Kochi 2.0,city_open,2026-09,2026-09-13,intermediate,quarter_finalist,9,True,Ganesh Raj,profile,3.0,1.0,,ipt-kochi-city-open-2-0,2026-27,2027-09-13,2027-07-01,False
75773700-bff1-4aaf-93a5-59442aac5c0d,Rahil Saboo,Men's,Mumbai City Open 5.0,Mumbai City Open 5.0,city_open,2026-08,2026-08-02,advance,groups,0,True,Rehan Malik,draw_entry,1.0,2.0,,mumbai-city-open-5-01,2026-27,2027-08-02,2027-07-01,False
7818fd9a-1675-4d45-acd5-dfc6eff38028,Madhu Samtani,Men's,INDIAN PADEL TOUR 9.0,INDIAN PADEL TOUR 9.0,grand_slam,2026-02,2026-02-15,advance,r16,120,True,,,,,,,2025-26 and earlier,2027-02-15,2027-07-01,False
7818fd9a-1675-4d45-acd5-dfc6eff38028,Madhu Samtani,Men's,Goa Grandslam 11.0,Goa Grandslam 11.0,grand_slam,2026-08,2026-08-16,advance,groups,0,True,Ziaan Talab,draw_entry,1.0,2.0,,ipt-goa-grandslam-11-0,2026-27,2027-08-16,2027-07-01,False
783fd411-3a52-446e-90cc-2fcef2baaa51,Varshil Trambadiya,Men's,MUMBAI CITY OPEN 4.0,MUMBAI CITY OPEN 4.0,city_open,2026-01,2026-01-11,intermediate,semi_finalist,24,True,,,,,,,2025-26 and earlier,2027-01-11,2027-07-01,False
783fd411-3a52-446e-90cc-2fcef2baaa51,Varshil Trambadiya,Men's,GOA CITY OPEN 1.0,GOA CITY OPEN 1.0,city_open,2026-01,2026-01-25,intermediate,winner,60,True,,,,,,,2025-26 and earlier,2027-01-25,2027-07-01,False
783fd411-3a52-446e-90cc-2fcef2baaa51,Varshil Trambadiya,Men's,INDIAN PADEL TOUR 9.0,INDIAN PADEL TOUR 9.0,grand_slam,2026-02,2026-02-15,intermediate,quarter_finalist,30,True,,,,,,,2025-26 and earlier,2027-02-15,2027-07-01,False
783fd411-3a52-446e-90cc-2fcef2baaa51,Varshil Trambadiya,Men's,Mumbai City Open 5.0,Mumbai City Open 5.0,city_open,2026-08,2026-08-02,advance,groups,0,True,Antariksh Mohandas,draw_entry,1.0,2.0,,mumbai-city-open-5-01,2026-27,2027-08-02,2027-07-01,False
783fd411-3a52-446e-90cc-2fcef2baaa51,Varshil Trambadiya,Men's,Goa Grandslam 11.0,Goa Grandslam 11.0,grand_slam,2026-08,2026-08-16,advance,quarter_finalist,108,True,Antariksh Mohandas,draw_entry,2.0,2.0,,ipt-goa-grandslam-11-0,2026-27,2027-08-16,2027-07-01,False
783fd411-3a52-446e-90cc-2fcef2baaa51,Varshil Trambadiya,Men's,City Open Kochi 2.0,City Open Kochi 2.0,city_open,2026-09,2026-09-13,advance,semi_finalist,108,True,Antariksh Mohandas,profile,3.0,2.0,,ipt-kochi-city-open-2-0,2026-27,2027-09-13,2027-07-01,False
787505dd-9f13-4ef2-a4ae-eb81af687abf,Manan Gupta,Men's,Goa Grandslam 11.0,Goa Grandslam 11.0,grand_slam,2026-08,2026-08-16,intermediate,r16,9,True,Akshit Chaudhary,draw_entry,2.0,2.0,,ipt-goa-grandslam-11-0,2026-27,2027-08-16,2027-07-01,False
78ea93d2-90f5-4312-a0d6-737a0e704130,Suhail Kapur,Men's,Goa Grandslam 11.0,Goa Grandslam 11.0,grand_slam,2026-08,2026-08-16,intermediate,groups,0,True,Parth Bhatia,draw_entry,0.0,3.0,,ipt-goa-grandslam-11-0,2026-27,2027-08-16,2027-07-01,False
79665684-6161-45de-af8d-bff8b2fb798a,Arik Badami,Men's,Goa Grandslam 11.0,Goa Grandslam 11.0,grand_slam,2026-08,2026-08-16,intermediate,groups,0,True,Sheehan Furtado,draw_entry,0.0,3.0,,ipt-goa-grandslam-11-0,2026-27,2027-08-16,2027-07-01,False
7a806e55-76b1-406f-b870-2ed511dccdc9,Nandish Shah,Men's,AHMEDABAD CITY OPEN,AHMEDABAD CITY OPEN,city_open,2026-03,2026-03-15,advance,quarter_finalist,120,True,,,,,,,2025-26 and earlier,2027-03-15,2027-07-01,False
7a806e55-76b1-406f-b870-2ed511dccdc9,Nandish Shah,Men's,Mumbai City Open 5.0,Mumbai City Open 5.0,city_open,2026-08,2026-08-02,intermediate,winner,50,True,Farhan Patrawala,draw_entry,5.0,0.0,,mumbai-city-open-5-01,2026-27,2027-08-02,2027-07-01,False
7ab2bcb6-be63-4241-a6d3-b1cf30b170f4,Pratik Makkar,Men's,Goa Grandslam 11.0,Goa Grandslam 11.0,grand_slam,2026-08,2026-08-16,beginner,groups,0,True,Rajat Jain,draw_entry,0.0,3.0,,ipt-goa-grandslam-11-0,2026-27,2027-08-16,2027-07-01,False
7ae56644-dbba-41d5-a04d-ed0a503595f6,Akshay Rai,Men's,Goa Grandslam 11.0,Goa Grandslam 11.0,grand_slam,2026-08,2026-08-16,intermediate,r16,9,True,Mikhail Mehra,draw_entry,2.0,2.0,,ipt-goa-grandslam-11-0,2026-27,2027-08-16,2027-07-01,False
7af61236-508f-4495-a2ee-a840e590d19a,Farhan Patrawala,Men's,Mumbai City Open 5.0,Mumbai City Open 5.0,city_open,2026-08,2026-08-02,intermediate,winner,50,True,Nandish Shah,draw_entry,5.0,0.0,,mumbai-city-open-5-01,2026-27,2027-08-02,2027-07-01,False
7b2f6fd9-392c-477e-8c2e-ee3878c1f0e8,Rahil Patel,Men's,Mumbai City Open 5.0,Mumbai City Open 5.0,city_open,2026-08,2026-08-02,beginner,groups,0,True,Rajveer Patel,draw_entry,1.0,2.0,,mumbai-city-open-5-01,2026-27,2027-08-02,2027-07-01,False
7c42f3a3-ec0a-44a1-8fa3-3cd5b58569c0,Harman Singh Tur,Men's,Mumbai City Open 5.0,Mumbai City Open 5.0,city_open,2026-08,2026-08-02,beginner,winner,25,True,Chirag Gaikwad,draw_entry,5.0,1.0,,mumbai-city-open-5-01,2026-27,2027-08-02,2027-07-01,False
7f46ff27-3043-4e9f-bdc5-c97c8b590e83,Karan Bansal,Men's,INDIAN PADEL TOUR 7.0,INDIAN PADEL TOUR 7.0,grand_slam,2025-08,2025-08-03,intermediate,quarter_finalist,30,True,,,,,,,2025-26 and earlier,2026-08-03,2027-07-01,True
7f46ff27-3043-4e9f-bdc5-c97c8b590e83,Karan Bansal,Men's,Goa Grandslam 11.0,Goa Grandslam 11.0,grand_slam,2026-08,2026-08-16,intermediate,groups,0,True,Raghav Bansal,draw_entry,1.0,2.0,,ipt-goa-grandslam-11-0,2026-27,2027-08-16,2027-07-01,False
7f57a645-a475-4ec7-9b29-0b7812a9931d,Kunal Premnarayan,Men's,INDIAN PADEL TOUR 7.0,INDIAN PADEL TOUR 7.0,grand_slam,2025-08,2025-08-03,advance,r16,120,True,,,,,,,2025-26 and earlier,2026-08-03,2027-07-01,True
7f57a645-a475-4ec7-9b29-0b7812a9931d,Kunal Premnarayan,Men's,City Open Kochi 2.0,City Open Kochi 2.0,city_open,2026-09,2026-09-13,advance,quarter_finalist,54,True,Syed Imran Yusoof,draw_entry,1.0,3.0,,ipt-kochi-city-open-2-0,2026-27,2027-09-13,2027-07-01,False
7f9b1fbf-d6db-428b-9117-7a8b136e2a63,Ishaan Choksi,Men's,Mumbai City Open 5.0,Mumbai City Open 5.0,city_open,2026-08,2026-08-02,intermediate,groups,0,True,Rahul Parkash,draw_entry,1.0,1.0,,mumbai-city-open-5-01,2026-27,2027-08-02,2027-07-01,False
821bda69-7b49-49ce-96f9-425f549eab3f,Aarman Kler,Men's,Goa Grandslam 11.0,Goa Grandslam 11.0,grand_slam,2026-08,2026-08-16,beginner,quarter_finalist,9,True,Angad Puar,draw_entry,2.0,2.0,,ipt-goa-grandslam-11-0,2026-27,2027-08-16,2027-07-01,False
82aba01f-d352-48ba-a4dc-7f5974a5ffde,Naville Prakash,Men's,Mumbai City Open 5.0,Mumbai City Open 5.0,city_open,2026-08,2026-08-02,beginner,semi_finalist,9,True,Siddhant Gupta,draw_entry,4.0,1.0,,mumbai-city-open-5-01,2026-27,2027-08-02,2027-07-01,False
83c9faf7-5bd4-4e29-84c2-c2d809c9235b,Samin Bhargava,Men's,CHANDIGARH CITY OPEN,CHANDIGARH CITY OPEN,city_open,2025-11,2025-11-16,advance,winner,400,True,,,,,,,2025-26 and earlier,2026-11-16,2027-07-01,False
83c9faf7-5bd4-4e29-84c2-c2d809c9235b,Samin Bhargava,Men's,INDIAN PADEL TOUR 8.0,INDIAN PADEL TOUR 8.0,grand_slam,2025-11,2025-11-30,advance,r16,120,True,,,,,,,2025-26 and earlier,2026-11-30,2027-07-01,False
83c9faf7-5bd4-4e29-84c2-c2d809c9235b,Samin Bhargava,Men's,INDIAN PADEL TOUR 10.0,INDIAN PADEL TOUR 10.0,grand_slam,2026-04,2026-04-26,advance,quarter_finalist,180,True,,,,,,,2025-26 and earlier,2027-04-26,2027-07-01,False
8515d030-3139-4b21-95ed-d7f4cbe438ae,Rahil Gala,Men's,Mumbai City Open 5.0,Mumbai City Open 5.0,city_open,2026-08,2026-08-02,intermediate,groups,0,True,Tanmay Anand,draw_entry,0.0,2.0,,mumbai-city-open-5-01,2026-27,2027-08-02,2027-07-01,False
86de48da-644d-40da-9978-08b3b06f6cd6,Nikhil sai Kodali,Men's,INDIAN PADEL TOUR 7.0,INDIAN PADEL TOUR 7.0,grand_slam,2025-08,2025-08-03,advance,r16,120,True,,,,,,,2025-26 and earlier,2026-08-03,2027-07-01,True
870d9d70-99b8-453a-8f6f-5d5fc1279646,Parimal Barot,Men's,INDIAN PADEL TOUR 9.0,INDIAN PADEL TOUR 9.0,grand_slam,2026-02,2026-02-15,beginner,semi_finalist,20,True,,,,,,,2025-26 and earlier,2027-02-15,2027-07-01,False
871ebc0d-cdac-4056-99c1-8181ed74b338,Sadic Ashraf,Men's,City Open Kochi 2.0,City Open Kochi 2.0,city_open,2026-09,2026-09-13,intermediate,groups,0,True,Sonu Vaidyan,profile,0.0,2.0,,ipt-kochi-city-open-2-0,2026-27,2027-09-13,2027-07-01,False
8730ad11-d9e2-4028-bd65-065e792eee00,Antariksh Mohandas,Men's,INDIAN PADEL TOUR 9.0,INDIAN PADEL TOUR 9.0,grand_slam,2026-02,2026-02-15,intermediate,finalist,60,True,,,,,,,2025-26 and earlier,2027-02-15,2027-07-01,False
8730ad11-d9e2-4028-bd65-065e792eee00,Antariksh Mohandas,Men's,Mumbai City Open 5.0,Mumbai City Open 5.0,city_open,2026-08,2026-08-02,advance,groups,0,True,Varshil Trambadiya,draw_entry,1.0,2.0,,mumbai-city-open-5-01,2026-27,2027-08-02,2027-07-01,False
8730ad11-d9e2-4028-bd65-065e792eee00,Antariksh Mohandas,Men's,Goa Grandslam 11.0,Goa Grandslam 11.0,grand_slam,2026-08,2026-08-16,advance,quarter_finalist,108,True,Varshil Trambadiya,draw_entry,2.0,2.0,,ipt-goa-grandslam-11-0,2026-27,2027-08-16,2027-07-01,False
8730ad11-d9e2-4028-bd65-065e792eee00,Antariksh Mohandas,Men's,City Open Kochi 2.0,City Open Kochi 2.0,city_open,2026-09,2026-09-13,advance,semi_finalist,108,True,Varshil Trambadiya,profile,3.0,2.0,,ipt-kochi-city-open-2-0,2026-27,2027-09-13,2027-07-01,False
87abe235-1461-4646-936a-96f9332bf256,Pranav Chopra,Men's,CHANDIGARH CITY OPEN,CHANDIGARH CITY OPEN,city_open,2025-11,2025-11-16,intermediate,winner,60,True,,,,,,,2025-26 and earlier,2026-11-16,2027-07-01,False
87abe235-1461-4646-936a-96f9332bf256,Pranav Chopra,Men's,INDIAN PADEL TOUR 10.0,INDIAN PADEL TOUR 10.0,grand_slam,2026-04,2026-04-26,intermediate,winner,100,True,,,,,,,2025-26 and earlier,2027-04-26,2027-07-01,False
8850ef35-01ed-405d-acb6-6bd23a45b747,Vaibhav Sahni,Men's,Goa Grandslam 11.0,Goa Grandslam 11.0,grand_slam,2026-08,2026-08-16,intermediate,r16,9,True,Mehul Bansal,draw_entry,3.0,1.0,,ipt-goa-grandslam-11-0,2026-27,2027-08-16,2027-07-01,False
88577d45-624b-4cdb-9557-13653e446860,Jai Sakhuja,Men's,Mumbai City Open 5.0,Mumbai City Open 5.0,city_open,2026-08,2026-08-02,beginner,groups,0,True,Kriish Sakhuja,draw_entry,0.0,3.0,,mumbai-city-open-5-01,2026-27,2027-08-02,2027-07-01,False
888d1ad6-14e8-4deb-92d1-40d24f2cb4f1,Aakarsh Gulati,Men's,INDIAN PADEL TOUR 8.0,INDIAN PADEL TOUR 8.0,grand_slam,2025-11,2025-11-30,intermediate,quarter_finalist,30,True,,,,,,,2025-26 and earlier,2026-11-30,2027-07-01,False
888d1ad6-14e8-4deb-92d1-40d24f2cb4f1,Aakarsh Gulati,Men's,MUMBAI CITY OPEN 4.0,MUMBAI CITY OPEN 4.0,city_open,2026-01,2026-01-11,intermediate,r16,12,True,,,,,,,2025-26 and earlier,2027-01-11,2027-07-01,False
888d1ad6-14e8-4deb-92d1-40d24f2cb4f1,Aakarsh Gulati,Men's,Mumbai City Open 5.0,Mumbai City Open 5.0,city_open,2026-08,2026-08-02,advance,groups,0,True,Yash Shah,draw_entry,0.0,3.0,,mumbai-city-open-5-01,2026-27,2027-08-02,2027-07-01,False
88c95f46-866c-4554-9859-95dbb6693a81,Gopi Reddy,Men's,Goa Grandslam 11.0,Goa Grandslam 11.0,grand_slam,2026-08,2026-08-16,beginner,groups,0,True,Rayaprolu Sagar,draw_entry,0.0,3.0,,ipt-goa-grandslam-11-0,2026-27,2027-08-16,2027-07-01,False
8999c06a-bd38-4d01-bfa6-016c506be79d,Ryan Carroll,Men's,GOA CITY OPEN 1.0,GOA CITY OPEN 1.0,city_open,2026-01,2026-01-25,beginner,semi_finalist,12,True,,,,,,,2025-26 and earlier,2027-01-25,2027-07-01,False
8a61e384-5702-4e17-b42e-f75ce4a27013,Revano Wilson,Men's,City Open Kochi 2.0,City Open Kochi 2.0,city_open,2026-09,2026-09-13,intermediate,r16,5,True,Varghese Paul,profile,1.0,2.0,,ipt-kochi-city-open-2-0,2026-27,2027-09-13,2027-07-01,False
8af8e92c-8ebb-49ed-80bd-694b441357f8,Joseph Korah,Men's,City Open Kochi 2.0,City Open Kochi 2.0,city_open,2026-09,2026-09-13,beginner,groups,0,True,Chacko Cherian,profile,1.0,2.0,,ipt-kochi-city-open-2-0,2026-27,2027-09-13,2027-07-01,False
8b01652a-7f96-41a5-9402-e3404a390669,Nikhil Kalro,Men's,INDIAN PADEL TOUR 7.0,INDIAN PADEL TOUR 7.0,grand_slam,2025-08,2025-08-03,intermediate,r16,20,True,,,,,,,2025-26 and earlier,2026-08-03,2027-07-01,True
8b01652a-7f96-41a5-9402-e3404a390669,Nikhil Kalro,Men's,City Open Kochi 2.0,City Open Kochi 2.0,city_open,2026-09,2026-09-13,intermediate,groups,0,True,Abhinav Grover,profile,0.0,2.0,,ipt-kochi-city-open-2-0,2026-27,2027-09-13,2027-07-01,False
8b41cccf-1066-4688-b02b-cdc037ee1430,Yuvraj Singh Kooka,Men's,CHANDIGARH CITY OPEN,CHANDIGARH CITY OPEN,city_open,2025-11,2025-11-16,intermediate,winner,60,True,,,,,,,2025-26 and earlier,2026-11-16,2027-07-01,False
8b41cccf-1066-4688-b02b-cdc037ee1430,Yuvraj Singh Kooka,Men's,INDIAN PADEL TOUR 10.0,INDIAN PADEL TOUR 10.0,grand_slam,2026-04,2026-04-26,intermediate,winner,100,True,,,,,,,2025-26 and earlier,2027-04-26,2027-07-01,False
8b59dc20-8434-4323-9df5-72b9bcb10d6b,Pruthvi Patel,Men's,AHMEDABAD CITY OPEN,AHMEDABAD CITY OPEN,city_open,2026-03,2026-03-15,intermediate,quarter_finalist,18,True,,,,,,,2025-26 and earlier,2027-03-15,2027-07-01,False
8b5f340d-6e89-4c2e-b8e5-d2a300ca3f85,Akshit Chaudhary,Men's,Goa Grandslam 11.0,Goa Grandslam 11.0,grand_slam,2026-08,2026-08-16,intermediate,r16,9,True,Manan Gupta,draw_entry,2.0,2.0,,ipt-goa-grandslam-11-0,2026-27,2027-08-16,2027-07-01,False
8bb372e9-13f6-40be-9f1d-add1395ec813,Kriday Sethi,Men's,Goa Grandslam 11.0,Goa Grandslam 11.0,grand_slam,2026-08,2026-08-16,intermediate,r16,9,True,Rishabh Kalokhe,draw_entry,1.0,3.0,,ipt-goa-grandslam-11-0,2026-27,2027-08-16,2027-07-01,False
8bc488d5-c371-499a-b700-0d7a3b96367c,Sanal K M,Men's,City Open Kochi 2.0,City Open Kochi 2.0,city_open,2026-09,2026-09-13,intermediate,groups,0,True,Nigel Paul,profile,0.0,2.0,,ipt-kochi-city-open-2-0,2026-27,2027-09-13,2027-07-01,False
8c14292c-7d3f-4075-9728-5ecdab778aef,Lokesh Chhabra,Men's,Goa Grandslam 11.0,Goa Grandslam 11.0,grand_slam,2026-08,2026-08-16,beginner,groups,0,True,Vaibhav Malik,draw_entry,1.0,2.0,,ipt-goa-grandslam-11-0,2026-27,2027-08-16,2027-07-01,False
8c72bdc2-6eff-4537-ba3a-ad4eaadd542d,Shaan Shah,Men's,Mumbai City Open 5.0,Mumbai City Open 5.0,city_open,2026-08,2026-08-02,beginner,quarter_finalist,5,True,Kushe Bahl,draw_entry,2.0,2.0,,mumbai-city-open-5-01,2026-27,2027-08-02,2027-07-01,False
8c72bdc2-6eff-4537-ba3a-ad4eaadd542d,Shaan Shah,Men's,Goa Grandslam 11.0,Goa Grandslam 11.0,grand_slam,2026-08,2026-08-16,beginner,groups,0,True,Kushe Bahl,draw_entry,1.0,2.0,,ipt-goa-grandslam-11-0,2026-27,2027-08-16,2027-07-01,False
8c72bdc2-6eff-4537-ba3a-ad4eaadd542d,Shaan Shah,Men's,City Open Kochi 2.0,City Open Kochi 2.0,city_open,2026-09,2026-09-13,beginner,quarter_finalist,5,True,Sandip Sabharwal,profile,3.0,1.0,,ipt-kochi-city-open-2-0,2026-27,2027-09-13,2027-07-01,False
8d79c420-b857-43a4-848f-c52aa91153e7,Rajveer Patel,Men's,MUMBAI CITY OPEN 3.0,MUMBAI CITY OPEN 3.0,city_open,2025-09,2025-09-28,beginner,quarter_finalist,9,True,,,,,,,2025-26 and earlier,2026-09-28,2027-07-01,False
8d79c420-b857-43a4-848f-c52aa91153e7,Rajveer Patel,Men's,BANGALORE CITY OPEN 2.0,BANGALORE CITY OPEN 2.0,city_open,2026-04,2026-04-12,beginner,semi_finalist,12,True,,,,,,,2025-26 and earlier,2027-04-12,2027-07-01,False
8d79c420-b857-43a4-848f-c52aa91153e7,Rajveer Patel,Men's,Mumbai City Open 5.0,Mumbai City Open 5.0,city_open,2026-08,2026-08-02,beginner,groups,0,True,Rahil Patel,draw_entry,1.0,2.0,,mumbai-city-open-5-01,2026-27,2027-08-02,2027-07-01,False
8d79c420-b857-43a4-848f-c52aa91153e7,Rajveer Patel,Men's,City Open Kochi 2.0,City Open Kochi 2.0,city_open,2026-09,2026-09-13,beginner,quarter_finalist,5,True,Arnav Tanna,profile,2.0,2.0,,ipt-kochi-city-open-2-0,2026-27,2027-09-13,2027-07-01,False
8eacc1db-d346-4bac-94af-8e32b002d049,Sanjay Davis Tony,Men's,City Open Kochi 2.0,City Open Kochi 2.0,city_open,2026-09,2026-09-13,beginner,groups,0,True,Savio Zibi,profile,0.0,3.0,,ipt-kochi-city-open-2-0,2026-27,2027-09-13,2027-07-01,False
8ebec8b6-ee3d-445c-ba14-05bc8879c4d3,Manav Shah,Men's,Mumbai City Open 5.0,Mumbai City Open 5.0,city_open,2026-08,2026-08-02,intermediate,groups,0,True,Rishabh Rajani,draw_entry,1.0,1.0,,mumbai-city-open-5-01,2026-27,2027-08-02,2027-07-01,False
8f0e0463-82c3-4822-8b7e-58ec37cde83e,Yugantar Malhotra,Men's,Goa Grandslam 11.0,Goa Grandslam 11.0,grand_slam,2026-08,2026-08-16,intermediate,quarter_finalist,18,True,Prateek Gambhir,draw_entry,2.0,3.0,,ipt-goa-grandslam-11-0,2026-27,2027-08-16,2027-07-01,False
8fc2da14-7503-4602-82ca-a8a418e43d9a,Azhar Seyad,Men's,City Open Kochi 2.0,City Open Kochi 2.0,city_open,2026-09,2026-09-13,intermediate,r16,5,True,Anoop KR,profile,1.0,2.0,,ipt-kochi-city-open-2-0,2026-27,2027-09-13,2027-07-01,False
911948ff-358b-481e-aba0-d93156ba6b31,Rishabh Rajani,Men's,Mumbai City Open 5.0,Mumbai City Open 5.0,city_open,2026-08,2026-08-02,intermediate,groups,0,True,Manav Shah,draw_entry,1.0,1.0,,mumbai-city-open-5-01,2026-27,2027-08-02,2027-07-01,False
9140618c-3629-4b96-9a53-39084fc8aa5e,Abhishek Gupta,Men's,Mumbai City Open 5.0,Mumbai City Open 5.0,city_open,2026-08,2026-08-02,advance,quarter_finalist,54,True,Adit Patel,draw_entry,3.0,1.0,,mumbai-city-open-5-01,2026-27,2027-08-02,2027-07-01,False
91d8198e-2679-4c96-9b3e-4da14d39b69e,Yuvraj mehta,Men's,City Open Kochi 2.0,City Open Kochi 2.0,city_open,2026-09,2026-09-13,intermediate,winner,50,True,Raaghav Sharma Bagga,profile,6.0,0.0,,ipt-kochi-city-open-2-0,2026-27,2027-09-13,2027-07-01,False
91fe8369-14e1-4871-b264-ff9edce13af8,Raghul Arvind,Men's,Goa Grandslam 11.0,Goa Grandslam 11.0,grand_slam,2026-08,2026-08-16,intermediate,groups,0,True,Tushar Jain,draw_entry,0.0,3.0,,ipt-goa-grandslam-11-0,2026-27,2027-08-16,2027-07-01,False
91fe8369-14e1-4871-b264-ff9edce13af8,Raghul Arvind,Men's,City Open Kochi 2.0,City Open Kochi 2.0,city_open,2026-09,2026-09-13,beginner,groups,0,True,Subramanian Shivshankaran,profile,0.0,3.0,,ipt-kochi-city-open-2-0,2026-27,2027-09-13,2027-07-01,False
92c80f2d-5dc8-4614-b205-953fbef21e55,Rashank Kuckreja,Men's,MUMBAI CITY OPEN 3.0,MUMBAI CITY OPEN 3.0,city_open,2025-09,2025-09-28,beginner,quarter_finalist,9,True,,,,,,,2025-26 and earlier,2026-09-28,2027-07-01,False
92c80f2d-5dc8-4614-b205-953fbef21e55,Rashank Kuckreja,Men's,Mumbai City Open 5.0,Mumbai City Open 5.0,city_open,2026-08,2026-08-02,beginner,quarter_finalist,5,True,Pratikraj Singh,draw_entry,3.0,1.0,,mumbai-city-open-5-01,2026-27,2027-08-02,2027-07-01,False
938c8f3a-d36f-47ea-b7bf-7fcd7aabacdd,Sahil Kaushal,Men's,Goa Grandslam 11.0,Goa Grandslam 11.0,grand_slam,2026-08,2026-08-16,beginner,finalist,30,True,Arnav Sanjeev,draw_entry,5.0,1.0,,ipt-goa-grandslam-11-0,2026-27,2027-08-16,2027-07-01,False
94c4c35e-7619-4848-99bc-6a986912e931,Abhishek Yadev,Men's,Mumbai City Open 5.0,Mumbai City Open 5.0,city_open,2026-08,2026-08-02,beginner,finalist,15,True,Priyank Makwana,draw_entry,4.0,2.0,,mumbai-city-open-5-01,2026-27,2027-08-02,2027-07-01,False
953b53cb-dcf0-4d4b-a3c3-9bd95488b0d4,R S Abhishek,Men's,Goa Grandslam 11.0,Goa Grandslam 11.0,grand_slam,2026-08,2026-08-16,intermediate,quarter_finalist,18,True,Siddharth Satheesan,draw_entry,2.0,3.0,,ipt-goa-grandslam-11-0,2026-27,2027-08-16,2027-07-01,False
975f7879-28fb-4394-b703-b224787487bf,Manav Jain,Men's,BANGALORE CITY OPEN 2.0,BANGALORE CITY OPEN 2.0,city_open,2026-04,2026-04-12,intermediate,quarter_finalist,18,True,,,,,,,2025-26 and earlier,2027-04-12,2027-07-01,False
9809aae4-939b-4443-9dd8-bfe1d06ca943,Qahhar Padamsee,Men's,MUMBAI CITY OPEN 3.0,MUMBAI CITY OPEN 3.0,city_open,2025-09,2025-09-28,beginner,finalist,18,True,,,,,,,2025-26 and earlier,2026-09-28,2027-07-01,False
9809aae4-939b-4443-9dd8-bfe1d06ca943,Qahhar Padamsee,Men's,INDIAN PADEL TOUR 8.0,INDIAN PADEL TOUR 8.0,grand_slam,2025-11,2025-11-30,beginner,semi_finalist,20,True,,,,,,,2025-26 and earlier,2026-11-30,2027-07-01,False
9809aae4-939b-4443-9dd8-bfe1d06ca943,Qahhar Padamsee,Men's,MUMBAI CITY OPEN 4.0,MUMBAI CITY OPEN 4.0,city_open,2026-01,2026-01-11,beginner,semi_finalist,12,True,,,,,,,2025-26 and earlier,2027-01-11,2027-07-01,False
9809aae4-939b-4443-9dd8-bfe1d06ca943,Qahhar Padamsee,Men's,Mumbai City Open 5.0,Mumbai City Open 5.0,city_open,2026-08,2026-08-02,intermediate,groups,0,True,Arnav Tanna,draw_entry,0.0,2.0,,mumbai-city-open-5-01,2026-27,2027-08-02,2027-07-01,False
98307ab5-02a0-409d-b320-7c77b38a3c53,Suvir Singh,Men's,Goa Grandslam 11.0,Goa Grandslam 11.0,grand_slam,2026-08,2026-08-16,beginner,semi_finalist,18,True,Teyjas Chaudhary,draw_entry,3.0,2.0,,ipt-goa-grandslam-11-0,2026-27,2027-08-16,2027-07-01,False
98d6496b-f094-4f7b-abfa-811d3f4a34b6,Yash Shah,Men's,Mumbai City Open 5.0,Mumbai City Open 5.0,city_open,2026-08,2026-08-02,advance,groups,0,True,Aakarsh Gulati,draw_entry,0.0,3.0,,mumbai-city-open-5-01,2026-27,2027-08-02,2027-07-01,False
99aa5ae0-7537-4b6b-b6c3-e13ea17a8127,Tejas Shevde,Men's,Goa Grandslam 11.0,Goa Grandslam 11.0,grand_slam,2026-08,2026-08-16,intermediate,finalist,60,True,Nishad Shevde,draw_entry,6.0,1.0,,ipt-goa-grandslam-11-0,2026-27,2027-08-16,2027-07-01,False
9a0ca379-deee-41c9-ad19-ab63a46719c4,Ganesh Raj,Men's,City Open Kochi 2.0,City Open Kochi 2.0,city_open,2026-09,2026-09-13,intermediate,quarter_finalist,9,True,Arjun Raju,profile,3.0,1.0,,ipt-kochi-city-open-2-0,2026-27,2027-09-13,2027-07-01,False
9db40aca-2be2-4bdd-b807-02ad8bb8bf77,Aditya Jagtap,Men's,INDIAN PADEL TOUR 7.0,INDIAN PADEL TOUR 7.0,grand_slam,2025-08,2025-08-03,advance,semi_finalist,240,True,,,,,,,2025-26 and earlier,2026-08-03,2027-07-01,True
9db40aca-2be2-4bdd-b807-02ad8bb8bf77,Aditya Jagtap,Men's,KOCHI CITY OPEN,KOCHI CITY OPEN,city_open,2025-09,2025-09-14,advance,finalist,240,True,,,,,,,2025-26 and earlier,2026-09-14,2027-07-01,True
9db40aca-2be2-4bdd-b807-02ad8bb8bf77,Aditya Jagtap,Men's,MUMBAI CITY OPEN 3.0,MUMBAI CITY OPEN 3.0,city_open,2025-09,2025-09-28,advance,semi_finalist,160,True,,,,,,,2025-26 and earlier,2026-09-28,2027-07-01,False
9db40aca-2be2-4bdd-b807-02ad8bb8bf77,Aditya Jagtap,Men's,INDIAN PADEL TOUR 8.0,INDIAN PADEL TOUR 8.0,grand_slam,2025-11,2025-11-30,advance,finalist,360,True,,,,,,,2025-26 and earlier,2026-11-30,2027-07-01,False
9db40aca-2be2-4bdd-b807-02ad8bb8bf77,Aditya Jagtap,Men's,MUMBAI CITY OPEN 4.0,MUMBAI CITY OPEN 4.0,city_open,2026-01,2026-01-11,advance,winner,400,True,,,,,,,2025-26 and earlier,2027-01-11,2027-07-01,False
9db40aca-2be2-4bdd-b807-02ad8bb8bf77,Aditya Jagtap,Men's,GOA CITY OPEN 1.0,GOA CITY OPEN 1.0,city_open,2026-01,2026-01-25,advance,finalist,240,True,,,,,,,2025-26 and earlier,2027-01-25,2027-07-01,False
9db40aca-2be2-4bdd-b807-02ad8bb8bf77,Aditya Jagtap,Men's,INDIAN PADEL TOUR 9.0,INDIAN PADEL TOUR 9.0,grand_slam,2026-02,2026-02-15,advance,semi_finalist,240,True,,,,,,,2025-26 and earlier,2027-02-15,2027-07-01,False
9db40aca-2be2-4bdd-b807-02ad8bb8bf77,Aditya Jagtap,Men's,AHMEDABAD CITY OPEN,AHMEDABAD CITY OPEN,city_open,2026-03,2026-03-15,advance,winner,400,True,,,,,,,2025-26 and earlier,2027-03-15,2027-07-01,False
9db40aca-2be2-4bdd-b807-02ad8bb8bf77,Aditya Jagtap,Men's,BANGALORE CITY OPEN 2.0,BANGALORE CITY OPEN 2.0,city_open,2026-04,2026-04-12,advance,winner,400,True,,,,,,,2025-26 and earlier,2027-04-12,2027-07-01,False
9db40aca-2be2-4bdd-b807-02ad8bb8bf77,Aditya Jagtap,Men's,INDIAN PADEL TOUR 10.0,INDIAN PADEL TOUR 10.0,grand_slam,2026-04,2026-04-26,advance,winner,600,True,,,,,,,2025-26 and earlier,2027-04-26,2027-07-01,False
9db40aca-2be2-4bdd-b807-02ad8bb8bf77,Aditya Jagtap,Men's,Mumbai City Open 5.0,Mumbai City Open 5.0,city_open,2026-08,2026-08-02,advance,semi_finalist,108,True,Chaitanya Shah,draw_entry,4.0,1.0,,mumbai-city-open-5-01,2026-27,2027-08-02,2027-07-01,False
9db40aca-2be2-4bdd-b807-02ad8bb8bf77,Aditya Jagtap,Men's,Goa Grandslam 11.0,Goa Grandslam 11.0,grand_slam,2026-08,2026-08-16,advance,winner,600,True,Krishiv Patel,draw_entry,6.0,0.0,,ipt-goa-grandslam-11-0,2026-27,2027-08-16,2027-07-01,False
9db40aca-2be2-4bdd-b807-02ad8bb8bf77,Aditya Jagtap,Men's,City Open Kochi 2.0,City Open Kochi 2.0,city_open,2026-09,2026-09-13,advance,finalist,180,True,Krishiv Patel,profile,5.0,1.0,,ipt-kochi-city-open-2-0,2026-27,2027-09-13,2027-07-01,False
9dd10c8d-d850-4642-9043-7431470cebc9,Ronak Bhojani,Men's,Goa Grandslam 11.0,Goa Grandslam 11.0,grand_slam,2026-08,2026-08-16,intermediate,groups,0,True,Sagar Patodia,draw_entry,0.0,3.0,,ipt-goa-grandslam-11-0,2026-27,2027-08-16,2027-07-01,False
9dfae00e-eb77-4ee8-9f32-fb38a9a5cb3a,Prateek Gambhir,Men's,Goa Grandslam 11.0,Goa Grandslam 11.0,grand_slam,2026-08,2026-08-16,intermediate,quarter_finalist,18,True,Yugantar Malhotra,draw_entry,2.0,3.0,,ipt-goa-grandslam-11-0,2026-27,2027-08-16,2027-07-01,False
9ea9d377-325c-4e5e-8973-2502b62cf1fa,Divy Kothari,Men's,Goa Grandslam 11.0,Goa Grandslam 11.0,grand_slam,2026-08,2026-08-16,beginner,groups,0,True,Priynash Kothari,draw_entry,0.0,3.0,,ipt-goa-grandslam-11-0,2026-27,2027-08-16,2027-07-01,False
a0b09769-2ade-400c-ad97-c3f1d6ada866,George Pottamkulam,Men's,INDIAN PADEL TOUR 7.0,INDIAN PADEL TOUR 7.0,grand_slam,2025-08,2025-08-03,intermediate,r16,20,True,,,,,,,2025-26 and earlier,2026-08-03,2027-07-01,True
a0b09769-2ade-400c-ad97-c3f1d6ada866,George Pottamkulam,Men's,City Open Kochi 2.0,City Open Kochi 2.0,city_open,2026-09,2026-09-13,intermediate,finalist,30,True,Amit Krishnan,profile,5.0,1.0,,ipt-kochi-city-open-2-0,2026-27,2027-09-13,2027-07-01,False
a49f1be2-0fd0-4ea7-81e9-c04f42d129ed,Anuj Vaghani,Men's,Mumbai City Open 5.0,Mumbai City Open 5.0,city_open,2026-08,2026-08-02,intermediate,quarter_finalist,9,True,Ishan Maitreya,draw_entry,2.0,1.0,,mumbai-city-open-5-01,2026-27,2027-08-02,2027-07-01,False
a49f1be2-0fd0-4ea7-81e9-c04f42d129ed,Anuj Vaghani,Men's,Goa Grandslam 11.0,Goa Grandslam 11.0,grand_slam,2026-08,2026-08-16,intermediate,r16,9,True,Ishan Maitreya,draw_entry,3.0,1.0,,ipt-goa-grandslam-11-0,2026-27,2027-08-16,2027-07-01,False
a54ba179-7fc9-4533-9eaa-c2c09da3f061,Akhil Bansal,Men's,City Open Kochi 2.0,City Open Kochi 2.0,city_open,2026-09,2026-09-13,intermediate,semi_finalist,18,True,Nikhil Bansal,profile,4.0,1.0,,ipt-kochi-city-open-2-0,2026-27,2027-09-13,2027-07-01,False
a57ef4ab-a62e-4b71-a4d2-0f267dea2626,Samar Malhotra,Men's,INDIAN PADEL TOUR 7.0,INDIAN PADEL TOUR 7.0,grand_slam,2025-08,2025-08-03,advance,quarter_finalist,180,True,,,,,,,2025-26 and earlier,2026-08-03,2027-07-01,True
a57ef4ab-a62e-4b71-a4d2-0f267dea2626,Samar Malhotra,Men's,MUMBAI CITY OPEN 3.0,MUMBAI CITY OPEN 3.0,city_open,2025-09,2025-09-28,advance,finalist,240,True,,,,,,,2025-26 and earlier,2026-09-28,2027-07-01,False
a57ef4ab-a62e-4b71-a4d2-0f267dea2626,Samar Malhotra,Men's,CHANDIGARH CITY OPEN,CHANDIGARH CITY OPEN,city_open,2025-11,2025-11-16,advance,semi_finalist,160,True,,,,,,,2025-26 and earlier,2026-11-16,2027-07-01,False
a57ef4ab-a62e-4b71-a4d2-0f267dea2626,Samar Malhotra,Men's,INDIAN PADEL TOUR 8.0,INDIAN PADEL TOUR 8.0,grand_slam,2025-11,2025-11-30,advance,winner,600,True,,,,,,,2025-26 and earlier,2026-11-30,2027-07-01,False
a57ef4ab-a62e-4b71-a4d2-0f267dea2626,Samar Malhotra,Men's,MUMBAI CITY OPEN 4.0,MUMBAI CITY OPEN 4.0,city_open,2026-01,2026-01-11,advance,finalist,240,True,,,,,,,2025-26 and earlier,2027-01-11,2027-07-01,False
a57ef4ab-a62e-4b71-a4d2-0f267dea2626,Samar Malhotra,Men's,GOA CITY OPEN 1.0,GOA CITY OPEN 1.0,city_open,2026-01,2026-01-25,advance,winner,400,True,,,,,,,2025-26 and earlier,2027-01-25,2027-07-01,False
a57ef4ab-a62e-4b71-a4d2-0f267dea2626,Samar Malhotra,Men's,INDIAN PADEL TOUR 9.0,INDIAN PADEL TOUR 9.0,grand_slam,2026-02,2026-02-15,advance,winner,600,True,,,,,,,2025-26 and earlier,2027-02-15,2027-07-01,False
a57ef4ab-a62e-4b71-a4d2-0f267dea2626,Samar Malhotra,Men's,AHMEDABAD CITY OPEN,AHMEDABAD CITY OPEN,city_open,2026-03,2026-03-15,advance,semi_finalist,160,True,,,,,,,2025-26 and earlier,2027-03-15,2027-07-01,False
a57ef4ab-a62e-4b71-a4d2-0f267dea2626,Samar Malhotra,Men's,INDIAN PADEL TOUR 10.0,INDIAN PADEL TOUR 10.0,grand_slam,2026-04,2026-04-26,advance,semi_finalist,240,True,,,,,,,2025-26 and earlier,2027-04-26,2027-07-01,False
a57ef4ab-a62e-4b71-a4d2-0f267dea2626,Samar Malhotra,Men's,Mumbai City Open 5.0,Mumbai City Open 5.0,city_open,2026-08,2026-08-02,advance,finalist,180,True,Taran Mundkar,draw_entry,4.0,2.0,,mumbai-city-open-5-01,2026-27,2027-08-02,2027-07-01,False
a57ef4ab-a62e-4b71-a4d2-0f267dea2626,Samar Malhotra,Men's,Goa Grandslam 11.0,Goa Grandslam 11.0,grand_slam,2026-08,2026-08-16,advance,finalist,360,True,Aryan Hemdev,draw_entry,5.0,1.0,,ipt-goa-grandslam-11-0,2026-27,2027-08-16,2027-07-01,False
a57ef4ab-a62e-4b71-a4d2-0f267dea2626,Samar Malhotra,Men's,City Open Kochi 2.0,City Open Kochi 2.0,city_open,2026-09,2026-09-13,advance,winner,300,True,Aryan Goveas,draw_entry,6.0,0.0,,ipt-kochi-city-open-2-0,2026-27,2027-09-13,2027-07-01,False
a66e6971-acb3-41a9-afd1-95c516c348ea,Atul Gupta,Men's,INDIAN PADEL TOUR 8.0,INDIAN PADEL TOUR 8.0,grand_slam,2025-11,2025-11-30,intermediate,finalist,60,True,,,,,,,2025-26 and earlier,2026-11-30,2027-07-01,False
a66e6971-acb3-41a9-afd1-95c516c348ea,Atul Gupta,Men's,INDIAN PADEL TOUR 9.0,INDIAN PADEL TOUR 9.0,grand_slam,2026-02,2026-02-15,intermediate,quarter_finalist,30,True,,,,,,,2025-26 and earlier,2027-02-15,2027-07-01,False
a7157d78-91c3-4c0a-9444-a4e402f56e73,Rohan Jain,Men's,INDIAN PADEL TOUR 7.0,INDIAN PADEL TOUR 7.0,grand_slam,2025-08,2025-08-03,advance,quarter_finalist,180,True,,,,,,,2025-26 and earlier,2026-08-03,2027-07-01,True
a74d7503-db0f-4bca-a110-dd6096dd51a3,Ankit Bhalwankar,Men's,MUMBAI CITY OPEN 3.0,MUMBAI CITY OPEN 3.0,city_open,2025-09,2025-09-28,intermediate,r16,12,True,,,,,,,2025-26 and earlier,2026-09-28,2027-07-01,False
a74d7503-db0f-4bca-a110-dd6096dd51a3,Ankit Bhalwankar,Men's,INDIAN PADEL TOUR 9.0,INDIAN PADEL TOUR 9.0,grand_slam,2026-02,2026-02-15,intermediate,r16,20,True,,,,,,,2025-26 and earlier,2027-02-15,2027-07-01,False
a74d7503-db0f-4bca-a110-dd6096dd51a3,Ankit Bhalwankar,Men's,Mumbai City Open 5.0,Mumbai City Open 5.0,city_open,2026-08,2026-08-02,intermediate,groups,0,True,Rajesh Shing,draw_entry,1.0,1.0,,mumbai-city-open-5-01,2026-27,2027-08-02,2027-07-01,False
a7782cc0-4fe4-4e19-a563-237bb9090168,Manjot Singh Ahuja,Men's,INDIAN PADEL TOUR 10.0,INDIAN PADEL TOUR 10.0,grand_slam,2026-04,2026-04-26,beginner,semi_finalist,20,True,,,,,,,2025-26 and earlier,2027-04-26,2027-07-01,False
a791964a-f0c5-42b4-8325-828bd695b346,Shikhar Kumar,Men's,Goa Grandslam 11.0,Goa Grandslam 11.0,grand_slam,2026-08,2026-08-16,intermediate,semi_finalist,36,True,Mayank Daga,draw_entry,4.0,2.0,,ipt-goa-grandslam-11-0,2026-27,2027-08-16,2027-07-01,False
a821843c-1fe8-46ab-a563-39a2ac3b982e,Vishnu Shetty,Men's,Goa Grandslam 11.0,Goa Grandslam 11.0,grand_slam,2026-08,2026-08-16,beginner,quarter_finalist,9,True,Shelton Mathew,draw_entry,2.0,2.0,,ipt-goa-grandslam-11-0,2026-27,2027-08-16,2027-07-01,False
a855af93-c390-4b32-9887-e39a874377df,Arnav Sanjeev,Men's,Goa Grandslam 11.0,Goa Grandslam 11.0,grand_slam,2026-08,2026-08-16,beginner,finalist,30,True,Sahil Kaushal,draw_entry,5.0,1.0,,ipt-goa-grandslam-11-0,2026-27,2027-08-16,2027-07-01,False
a9d1cebf-249f-4801-ac1c-dc757ebd99a3,Arjun Kapoor,Men's,INDIAN PADEL TOUR 7.0,INDIAN PADEL TOUR 7.0,grand_slam,2025-08,2025-08-03,advance,r16,120,True,,,,,,,2025-26 and earlier,2026-08-03,2027-07-01,True
a9d1cebf-249f-4801-ac1c-dc757ebd99a3,Arjun Kapoor,Men's,MUMBAI CITY OPEN 3.0,MUMBAI CITY OPEN 3.0,city_open,2025-09,2025-09-28,advance,quarter_finalist,120,True,,,,,,,2025-26 and earlier,2026-09-28,2027-07-01,False
a9d1cebf-249f-4801-ac1c-dc757ebd99a3,Arjun Kapoor,Men's,CHANDIGARH CITY OPEN,CHANDIGARH CITY OPEN,city_open,2025-11,2025-11-16,advance,semi_finalist,160,True,,,,,,,2025-26 and earlier,2026-11-16,2027-07-01,False
a9d1cebf-249f-4801-ac1c-dc757ebd99a3,Arjun Kapoor,Men's,INDIAN PADEL TOUR 8.0,INDIAN PADEL TOUR 8.0,grand_slam,2025-11,2025-11-30,advance,quarter_finalist,180,True,,,,,,,2025-26 and earlier,2026-11-30,2027-07-01,False
a9d1cebf-249f-4801-ac1c-dc757ebd99a3,Arjun Kapoor,Men's,INDIAN PADEL TOUR 9.0,INDIAN PADEL TOUR 9.0,grand_slam,2026-02,2026-02-15,advance,r16,120,True,,,,,,,2025-26 and earlier,2027-02-15,2027-07-01,False
a9d1cebf-249f-4801-ac1c-dc757ebd99a3,Arjun Kapoor,Men's,INDIAN PADEL TOUR 10.0,INDIAN PADEL TOUR 10.0,grand_slam,2026-04,2026-04-26,advance,quarter_finalist,180,True,,,,,,,2025-26 and earlier,2027-04-26,2027-07-01,False
ab58ef43-8f50-4f4e-a45b-1087ae59ee35,Nikhil Bansal,Men's,CHANDIGARH CITY OPEN,CHANDIGARH CITY OPEN,city_open,2025-11,2025-11-16,intermediate,quarter_finalist,18,True,,,,,,,2025-26 and earlier,2026-11-16,2027-07-01,False
ab58ef43-8f50-4f4e-a45b-1087ae59ee35,Nikhil Bansal,Men's,INDIAN PADEL TOUR 10.0,INDIAN PADEL TOUR 10.0,grand_slam,2026-04,2026-04-26,beginner,quarter_finalist,15,True,,,,,,,2025-26 and earlier,2027-04-26,2027-07-01,False
ab58ef43-8f50-4f4e-a45b-1087ae59ee35,Nikhil Bansal,Men's,City Open Kochi 2.0,City Open Kochi 2.0,city_open,2026-09,2026-09-13,intermediate,semi_finalist,18,True,Akhil Bansal,profile,4.0,1.0,,ipt-kochi-city-open-2-0,2026-27,2027-09-13,2027-07-01,False
ab6b85a1-dd20-44e5-893f-e488cc31bb88,Abdul Rehman,Men's,Mumbai City Open 5.0,Mumbai City Open 5.0,city_open,2026-08,2026-08-02,intermediate,groups,0,True,Ahmed Merchant,draw_entry,0.0,2.0,,mumbai-city-open-5-01,2026-27,2027-08-02,2027-07-01,False
ac9d1c3d-1aac-4acc-8ad0-1325faa75e44,Priynash Kothari,Men's,Goa Grandslam 11.0,Goa Grandslam 11.0,grand_slam,2026-08,2026-08-16,beginner,groups,0,True,Divy Kothari,draw_entry,0.0,3.0,,ipt-goa-grandslam-11-0,2026-27,2027-08-16,2027-07-01,False
acfa1b86-681a-4b86-91f3-09eba5e486f5,Mikhail Mehra,Men's,GOA CITY OPEN 1.0,GOA CITY OPEN 1.0,city_open,2026-01,2026-01-25,beginner,quarter_finalist,9,True,,,,,,,2025-26 and earlier,2027-01-25,2027-07-01,False
acfa1b86-681a-4b86-91f3-09eba5e486f5,Mikhail Mehra,Men's,Goa Grandslam 11.0,Goa Grandslam 11.0,grand_slam,2026-08,2026-08-16,intermediate,r16,9,True,Akshay Rai,draw_entry,2.0,2.0,,ipt-goa-grandslam-11-0,2026-27,2027-08-16,2027-07-01,False
ad7a226c-306a-42ae-ad22-7cdd8beb4077,Ahmed Merchant,Men's,INDIAN PADEL TOUR 9.0,INDIAN PADEL TOUR 9.0,grand_slam,2026-02,2026-02-15,intermediate,r16,20,True,,,,,,,2025-26 and earlier,2027-02-15,2027-07-01,False
ad7a226c-306a-42ae-ad22-7cdd8beb4077,Ahmed Merchant,Men's,Mumbai City Open 5.0,Mumbai City Open 5.0,city_open,2026-08,2026-08-02,intermediate,groups,0,True,Abdul Rehman,draw_entry,0.0,2.0,,mumbai-city-open-5-01,2026-27,2027-08-02,2027-07-01,False
ae03412d-d2a1-4b89-a934-a895d52f8a9d,Raaghav Sharma Bagga,Men's,City Open Kochi 2.0,City Open Kochi 2.0,city_open,2026-09,2026-09-13,intermediate,winner,50,True,Yuvraj mehta,profile,6.0,0.0,,ipt-kochi-city-open-2-0,2026-27,2027-09-13,2027-07-01,False
aef676e5-8cb2-47d3-a13f-4d68a9085e96,Subramanian Shivshankaran,Men's,City Open Kochi 2.0,City Open Kochi 2.0,city_open,2026-09,2026-09-13,beginner,groups,0,True,Raghul Arvind,profile,0.0,3.0,,ipt-kochi-city-open-2-0,2026-27,2027-09-13,2027-07-01,False
b0670242-4895-4197-85fa-31c10b0953e7,James Joseph,Men's,City Open Kochi 2.0,City Open Kochi 2.0,city_open,2026-09,2026-09-13,beginner,quarter_finalist,5,True,Royce Raju Beena,profile,1.0,3.0,,ipt-kochi-city-open-2-0,2026-27,2027-09-13,2027-07-01,False
b0ab65aa-1c74-4f18-943e-2e151c440ef4,Omar Sumar,Men's,INDIAN PADEL TOUR 9.0,INDIAN PADEL TOUR 9.0,grand_slam,2026-02,2026-02-15,advance,r16,120,True,,,,,,,2025-26 and earlier,2027-02-15,2027-07-01,False
b0ab65aa-1c74-4f18-943e-2e151c440ef4,Omar Sumar,Men's,INDIAN PADEL TOUR 10.0,INDIAN PADEL TOUR 10.0,grand_slam,2026-04,2026-04-26,advance,quarter_finalist,180,True,,,,,,,2025-26 and earlier,2027-04-26,2027-07-01,False
b0ab65aa-1c74-4f18-943e-2e151c440ef4,Omar Sumar,Men's,Mumbai City Open 5.0,Mumbai City Open 5.0,city_open,2026-08,2026-08-02,advance,groups,0,True,Manav Sreekumar,draw_entry,0.0,3.0,,mumbai-city-open-5-01,2026-27,2027-08-02,2027-07-01,False
b178e479-c490-48b3-85f0-5c8443c1bad4,Tushar Jain,Men's,Goa Grandslam 11.0,Goa Grandslam 11.0,grand_slam,2026-08,2026-08-16,intermediate,groups,0,True,Raghul Arvind,draw_entry,0.0,3.0,,ipt-goa-grandslam-11-0,2026-27,2027-08-16,2027-07-01,False
b1863a39-a660-43dd-8e1c-830d77223fe7,Mukund Muthanna,Men's,Goa Grandslam 11.0,Goa Grandslam 11.0,grand_slam,2026-08,2026-08-16,beginner,winner,50,True,Abhi Panchu,draw_entry,6.0,0.0,,ipt-goa-grandslam-11-0,2026-27,2027-08-16,2027-07-01,False
b1863a39-a660-43dd-8e1c-830d77223fe7,Mukund Muthanna,Men's,City Open Kochi 2.0,City Open Kochi 2.0,city_open,2026-09,2026-09-13,intermediate,groups,0,True,Mukund Muthanna Partner,profile,0.0,2.0,,ipt-kochi-city-open-2-0,2026-27,2027-09-13,2027-07-01,False
b1c844a3-4542-40b3-8abc-7bd5de93f10b,Aadil Abdul Azeez,Men's,KOCHI CITY OPEN,KOCHI CITY OPEN,city_open,2025-09,2025-09-14,intermediate,quarter_finalist,18,True,,,,,,,2025-26 and earlier,2026-09-14,2027-07-01,True
b1c844a3-4542-40b3-8abc-7bd5de93f10b,Aadil Abdul Azeez,Men's,City Open Kochi 2.0,City Open Kochi 2.0,city_open,2026-09,2026-09-13,beginner,semi_finalist,9,True,Junaiz Odakkal,profile,3.0,2.0,,ipt-kochi-city-open-2-0,2026-27,2027-09-13,2027-07-01,False
b283a295-a9ab-473f-a8f5-ef3c3f5ab0b8,Chacko Cherian,Men's,City Open Kochi 2.0,City Open Kochi 2.0,city_open,2026-09,2026-09-13,beginner,groups,0,True,Joseph Korah,profile,1.0,2.0,,ipt-kochi-city-open-2-0,2026-27,2027-09-13,2027-07-01,False
b45f586c-585b-494e-a806-5f9abfe242fb,Siddharth Sanghai,Men's,Mumbai City Open 5.0,Mumbai City Open 5.0,city_open,2026-08,2026-08-02,intermediate,quarter_finalist,9,True,Annanya Agarwal,draw_entry,2.0,1.0,,mumbai-city-open-5-01,2026-27,2027-08-02,2027-07-01,False
b4c1f987-ed1c-41b2-bed1-839e3b47d5ff,Syed Imran Yusoof,Men's,INDIAN PADEL TOUR 7.0,INDIAN PADEL TOUR 7.0,grand_slam,2025-08,2025-08-03,advance,r16,120,True,,,,,,,2025-26 and earlier,2026-08-03,2027-07-01,True
b4c1f987-ed1c-41b2-bed1-839e3b47d5ff,Syed Imran Yusoof,Men's,City Open Kochi 2.0,City Open Kochi 2.0,city_open,2026-09,2026-09-13,advance,quarter_finalist,54,True,Kunal Premnarayan,draw_entry,1.0,3.0,,ipt-kochi-city-open-2-0,2026-27,2027-09-13,2027-07-01,False
b4cd5e27-cdcf-4200-82e0-7281922b0411,Steve Jacob Franco,Men's,City Open Kochi 2.0,City Open Kochi 2.0,city_open,2026-09,2026-09-13,beginner,groups,0,True,Jinto Varghese,profile,1.0,2.0,,ipt-kochi-city-open-2-0,2026-27,2027-09-13,2027-07-01,False
b5542378-9f9f-457b-a71a-d59aef310080,Rohan Maniar,Men's,INDIAN PADEL TOUR 8.0,INDIAN PADEL TOUR 8.0,grand_slam,2025-11,2025-11-30,beginner,quarter_finalist,15,True,,,,,,,2025-26 and earlier,2026-11-30,2027-07-01,False
b5542378-9f9f-457b-a71a-d59aef310080,Rohan Maniar,Men's,Mumbai City Open 5.0,Mumbai City Open 5.0,city_open,2026-08,2026-08-02,beginner,semi_finalist,9,True,Bhavik Talreja,draw_entry,4.0,1.0,,mumbai-city-open-5-01,2026-27,2027-08-02,2027-07-01,False
b6fcd7bf-693d-40ad-adbc-a23632357bf9,Joshua Lobo Partner,Men's,Goa Grandslam 11.0,Goa Grandslam 11.0,grand_slam,2026-08,2026-08-16,beginner,groups,0,True,Joshua Lobo,draw_entry,0.0,3.0,,ipt-goa-grandslam-11-0,2026-27,2027-08-16,2027-07-01,False
b7281057-4ccf-42d7-bd24-71acc1edaac2,Varghese Paul,Men's,City Open Kochi 2.0,City Open Kochi 2.0,city_open,2026-09,2026-09-13,intermediate,r16,5,True,Revano Wilson,profile,1.0,2.0,,ipt-kochi-city-open-2-0,2026-27,2027-09-13,2027-07-01,False
b8eb1e10-ea5c-4422-835e-d6b7bf8f381f,Vansh Bhagtani,Men's,Mumbai City Open 5.0,Mumbai City Open 5.0,city_open,2026-08,2026-08-02,intermediate,quarter_finalist,9,True,Yash Nagdev,draw_entry,2.0,1.0,,mumbai-city-open-5-01,2026-27,2027-08-02,2027-07-01,False
b90b8354-8c54-43e4-9ff4-e064e26f5d51,Siddharth Nandal,Men's,INDIAN PADEL TOUR 9.0,INDIAN PADEL TOUR 9.0,grand_slam,2026-02,2026-02-15,advance,r16,120,True,,,,,,,2025-26 and earlier,2027-02-15,2027-07-01,False
ba51f861-6210-44a0-8210-b9192afbb259,Jinto Varghese,Men's,City Open Kochi 2.0,City Open Kochi 2.0,city_open,2026-09,2026-09-13,beginner,groups,0,True,Steve Jacob Franco,profile,1.0,2.0,,ipt-kochi-city-open-2-0,2026-27,2027-09-13,2027-07-01,False
bb5b11da-7bc4-4fed-bcbd-3fa6da36fe28,Abhay Biswakarma,Men's,City Open Kochi 2.0,City Open Kochi 2.0,city_open,2026-09,2026-09-13,beginner,groups,0,True,Basudev Rai,profile,0.0,3.0,,ipt-kochi-city-open-2-0,2026-27,2027-09-13,2027-07-01,False
bb9f96a3-0f86-46a8-8484-3d7057fcca01,Anav Shrish,Men's,GOA CITY OPEN 1.0,GOA CITY OPEN 1.0,city_open,2026-01,2026-01-25,beginner,winner,30,True,,,,,,,2025-26 and earlier,2027-01-25,2027-07-01,False
bb9f96a3-0f86-46a8-8484-3d7057fcca01,Anav Shrish,Men's,BANGALORE CITY OPEN 2.0,BANGALORE CITY OPEN 2.0,city_open,2026-04,2026-04-12,intermediate,semi_finalist,24,True,,,,,,,2025-26 and earlier,2027-04-12,2027-07-01,False
bee8d4fd-f40c-486b-942b-5a4fdfc3306f,Ananth Menon,Men's,City Open Kochi 2.0,City Open Kochi 2.0,city_open,2026-09,2026-09-13,beginner,finalist,15,True,Arvind Sriram,profile,5.0,1.0,,ipt-kochi-city-open-2-0,2026-27,2027-09-13,2027-07-01,False
bf1b649e-2d63-4872-979d-273bc66eb576,Pratikraj Singh,Men's,Mumbai City Open 5.0,Mumbai City Open 5.0,city_open,2026-08,2026-08-02,beginner,quarter_finalist,5,True,Rashank Kuckreja,draw_entry,3.0,1.0,,mumbai-city-open-5-01,2026-27,2027-08-02,2027-07-01,False
bf973053-492f-4dca-a909-7310fa8693f9,Parikshit Somani,Men's,INDIAN PADEL TOUR 8.0,INDIAN PADEL TOUR 8.0,grand_slam,2025-11,2025-11-30,advance,r16,120,True,,,,,,,2025-26 and earlier,2026-11-30,2027-07-01,False
bf973053-492f-4dca-a909-7310fa8693f9,Parikshit Somani,Men's,INDIAN PADEL TOUR 10.0,INDIAN PADEL TOUR 10.0,grand_slam,2026-04,2026-04-26,advance,winner,600,True,,,,,,,2025-26 and earlier,2027-04-26,2027-07-01,False
bf973053-492f-4dca-a909-7310fa8693f9,Parikshit Somani,Men's,Mumbai City Open 5.0,Mumbai City Open 5.0,city_open,2026-08,2026-08-02,advance,winner,300,True,Paramveer Singh Bajwa,draw_entry,6.0,0.0,,mumbai-city-open-5-01,2026-27,2027-08-02,2027-07-01,False
c005054e-b3f8-434d-a338-10ba4fd1b0fb,Mukund Muthanna Partner,Men's,City Open Kochi 2.0,City Open Kochi 2.0,city_open,2026-09,2026-09-13,intermediate,groups,0,True,Mukund Muthanna,profile,0.0,2.0,,ipt-kochi-city-open-2-0,2026-27,2027-09-13,2027-07-01,False
c0f4df56-a4e6-4c62-a9da-90e308737ffc,Dhruva Madhavan,Men's,Mumbai City Open 5.0,Mumbai City Open 5.0,city_open,2026-08,2026-08-02,intermediate,groups,0,True,Aldrith Fernandez,draw_entry,1.0,1.0,,mumbai-city-open-5-01,2026-27,2027-08-02,2027-07-01,False
c1023ad9-075c-47e5-b684-c5bdb4bbf31a,Gandharv Bajaj,Men's,INDIAN PADEL TOUR 10.0,INDIAN PADEL TOUR 10.0,grand_slam,2026-04,2026-04-26,intermediate,quarter_finalist,30,True,,,,,,,2025-26 and earlier,2027-04-26,2027-07-01,False
c1023ad9-075c-47e5-b684-c5bdb4bbf31a,Gandharv Bajaj,Men's,Goa Grandslam 11.0,Goa Grandslam 11.0,grand_slam,2026-08,2026-08-16,intermediate,r16,9,True,Tanveer Singh,draw_entry,3.0,1.0,,ipt-goa-grandslam-11-0,2026-27,2027-08-16,2027-07-01,False
c1049612-6cb9-4c49-bd48-2ffcd3389d45,Vinayak Kumar,Men's,City Open Kochi 2.0,City Open Kochi 2.0,city_open,2026-09,2026-09-13,advance,groups,0,True,Akash Wagh,profile,0.0,3.0,,ipt-kochi-city-open-2-0,2026-27,2027-09-13,2027-07-01,False
c15288d2-2aa6-4007-b2f0-9871ff97b432,Jimit Sanghani,Men's,Mumbai City Open 5.0,Mumbai City Open 5.0,city_open,2026-08,2026-08-02,intermediate,groups,0,True,Rohit S,draw_entry,0.0,2.0,,mumbai-city-open-5-01,2026-27,2027-08-02,2027-07-01,False
c175f136-838a-48d3-9f95-cb8f568a8355,Rahul Parkash,Men's,Mumbai City Open 5.0,Mumbai City Open 5.0,city_open,2026-08,2026-08-02,intermediate,groups,0,True,Ishaan Choksi,draw_entry,1.0,1.0,,mumbai-city-open-5-01,2026-27,2027-08-02,2027-07-01,False
c1bb2e34-e142-4eb8-b132-d84e8c734bb7,Sai Ram Goud,Men's,City Open Kochi 2.0,City Open Kochi 2.0,city_open,2026-09,2026-09-13,intermediate,groups,0,True,Kaushik Gummuluru,profile,0.0,2.0,,ipt-kochi-city-open-2-0,2026-27,2027-09-13,2027-07-01,False
c1fac66c-3ce8-43d8-8c0c-85d463264584,Siddharth Satheesan,Men's,Goa Grandslam 11.0,Goa Grandslam 11.0,grand_slam,2026-08,2026-08-16,intermediate,quarter_finalist,18,True,R S Abhishek,draw_entry,2.0,3.0,,ipt-goa-grandslam-11-0,2026-27,2027-08-16,2027-07-01,False
c2ae75e9-a8ea-43e9-89b0-df5d44f5fa61,Ayaan Mishra,Men's,City Open Kochi 2.0,City Open Kochi 2.0,city_open,2026-09,2026-09-13,intermediate,r16,5,True,Viraj Dewan,profile,1.0,2.0,,ipt-kochi-city-open-2-0,2026-27,2027-09-13,2027-07-01,False
c440118a-4188-4779-ac49-e31b9bd9398d,Anjan Vachhani,Men's,Mumbai City Open 5.0,Mumbai City Open 5.0,city_open,2026-08,2026-08-02,intermediate,groups,0,True,Karan Tandon,draw_entry,1.0,1.0,,mumbai-city-open-5-01,2026-27,2027-08-02,2027-07-01,False
c510921b-3d7b-42b1-8671-86a367a752e3,Junaid Sopariwala,Men's,Mumbai City Open 5.0,Mumbai City Open 5.0,city_open,2026-08,2026-08-02,intermediate,groups,0,True,Tabrez Sopariwala,draw_entry,1.0,1.0,,mumbai-city-open-5-01,2026-27,2027-08-02,2027-07-01,False
c83a9f33-0d4f-4f6d-b21f-1cfc425dfe69,Aahan Jhaveri,Men's,Mumbai City Open 5.0,Mumbai City Open 5.0,city_open,2026-08,2026-08-02,beginner,groups,0,True,Devansh Somani,draw_entry,0.0,3.0,,mumbai-city-open-5-01,2026-27,2027-08-02,2027-07-01,False
c8b84750-cba5-4022-8c4a-b6934fc472ff,Akash Wagh,Men's,City Open Kochi 2.0,City Open Kochi 2.0,city_open,2026-09,2026-09-13,advance,groups,0,True,Vinayak Kumar,profile,0.0,3.0,,ipt-kochi-city-open-2-0,2026-27,2027-09-13,2027-07-01,False
c8c5d555-7efd-4029-bcb6-0973f8bb4e97,Rishabh Gupta,Men's,INDIAN PADEL TOUR 10.0,INDIAN PADEL TOUR 10.0,grand_slam,2026-04,2026-04-26,beginner,semi_finalist,20,True,,,,,,,2025-26 and earlier,2027-04-26,2027-07-01,False
cb8b4fb5-f72f-42c7-94c1-b7963e5c6e68,Suyash Vishnoi,Men's,Goa Grandslam 11.0,Goa Grandslam 11.0,grand_slam,2026-08,2026-08-16,intermediate,r16,9,True,Yashvardhan Sarda,draw_entry,1.0,3.0,,ipt-goa-grandslam-11-0,2026-27,2027-08-16,2027-07-01,False
cbb4f436-f8ad-44ca-b38e-fc9f7098ff97,Renny Chacko,Men's,City Open Kochi 2.0,City Open Kochi 2.0,city_open,2026-09,2026-09-13,beginner,groups,0,True,Glenn Renny,profile,1.0,2.0,,ipt-kochi-city-open-2-0,2026-27,2027-09-13,2027-07-01,False
cbb558aa-ee6a-4b58-8184-8b54946a838f,Gundlapalle Yaswanth Reddy,Men's,Goa Grandslam 11.0,Goa Grandslam 11.0,grand_slam,2026-08,2026-08-16,advance,groups,0,True,Krishna Teja Ankam,draw_entry,1.0,2.0,,ipt-goa-grandslam-11-0,2026-27,2027-08-16,2027-07-01,False
cc2048b8-ce98-46c7-9918-b3dbdf5b0385,Annanya Agarwal,Men's,MUMBAI CITY OPEN 3.0,MUMBAI CITY OPEN 3.0,city_open,2025-09,2025-09-28,intermediate,semi_finalist,24,True,,,,,,,2025-26 and earlier,2026-09-28,2027-07-01,False
cc2048b8-ce98-46c7-9918-b3dbdf5b0385,Annanya Agarwal,Men's,INDIAN PADEL TOUR 8.0,INDIAN PADEL TOUR 8.0,grand_slam,2025-11,2025-11-30,intermediate,quarter_finalist,30,True,,,,,,,2025-26 and earlier,2026-11-30,2027-07-01,False
cc2048b8-ce98-46c7-9918-b3dbdf5b0385,Annanya Agarwal,Men's,MUMBAI CITY OPEN 4.0,MUMBAI CITY OPEN 4.0,city_open,2026-01,2026-01-11,intermediate,r16,12,True,,,,,,,2025-26 and earlier,2027-01-11,2027-07-01,False
cc2048b8-ce98-46c7-9918-b3dbdf5b0385,Annanya Agarwal,Men's,INDIAN PADEL TOUR 9.0,INDIAN PADEL TOUR 9.0,grand_slam,2026-02,2026-02-15,intermediate,r16,20,True,,,,,,,2025-26 and earlier,2027-02-15,2027-07-01,False
cc2048b8-ce98-46c7-9918-b3dbdf5b0385,Annanya Agarwal,Men's,Mumbai City Open 5.0,Mumbai City Open 5.0,city_open,2026-08,2026-08-02,intermediate,quarter_finalist,9,True,Siddharth Sanghai,draw_entry,2.0,1.0,,mumbai-city-open-5-01,2026-27,2027-08-02,2027-07-01,False
cdd858a3-1533-4a7b-bf8b-1b94f0f3b868,Adit Patel,Men's,INDIAN PADEL TOUR 7.0,INDIAN PADEL TOUR 7.0,grand_slam,2025-08,2025-08-03,advance,r16,120,True,,,,,,,2025-26 and earlier,2026-08-03,2027-07-01,True
cdd858a3-1533-4a7b-bf8b-1b94f0f3b868,Adit Patel,Men's,KOCHI CITY OPEN,KOCHI CITY OPEN,city_open,2025-09,2025-09-14,advance,semi_finalist,160,True,,,,,,,2025-26 and earlier,2026-09-14,2027-07-01,True
cdd858a3-1533-4a7b-bf8b-1b94f0f3b868,Adit Patel,Men's,INDIAN PADEL TOUR 8.0,INDIAN PADEL TOUR 8.0,grand_slam,2025-11,2025-11-30,advance,r16,120,True,,,,,,,2025-26 and earlier,2026-11-30,2027-07-01,False
cdd858a3-1533-4a7b-bf8b-1b94f0f3b868,Adit Patel,Men's,INDIAN PADEL TOUR 9.0,INDIAN PADEL TOUR 9.0,grand_slam,2026-02,2026-02-15,advance,r16,120,True,,,,,,,2025-26 and earlier,2027-02-15,2027-07-01,False
cdd858a3-1533-4a7b-bf8b-1b94f0f3b868,Adit Patel,Men's,Mumbai City Open 5.0,Mumbai City Open 5.0,city_open,2026-08,2026-08-02,advance,quarter_finalist,54,True,Abhishek Gupta,draw_entry,3.0,1.0,,mumbai-city-open-5-01,2026-27,2027-08-02,2027-07-01,False
cdd858a3-1533-4a7b-bf8b-1b94f0f3b868,Adit Patel,Men's,Goa Grandslam 11.0,Goa Grandslam 11.0,grand_slam,2026-08,2026-08-16,advance,groups,0,True,Kavin Vendan,draw_entry,1.0,2.0,,ipt-goa-grandslam-11-0,2026-27,2027-08-16,2027-07-01,False
cdd858a3-1533-4a7b-bf8b-1b94f0f3b868,Adit Patel,Men's,City Open Kochi 2.0,City Open Kochi 2.0,city_open,2026-09,2026-09-13,advance,quarter_finalist,54,True,Kavin Vendan,profile,3.0,1.0,,ipt-kochi-city-open-2-0,2026-27,2027-09-13,2027-07-01,False
ce5800f0-729e-44e9-a12d-a83a5b771244,Muhammed Saleem V,Men's,City Open Kochi 2.0,City Open Kochi 2.0,city_open,2026-09,2026-09-13,intermediate,r16,5,True,Arun Ratnakaran,profile,1.0,2.0,,ipt-kochi-city-open-2-0,2026-27,2027-09-13,2027-07-01,False
ce749702-5f83-4cd5-b821-45aeaf7f9848,Neville Wadia,Men's,INDIAN PADEL TOUR 7.0,INDIAN PADEL TOUR 7.0,grand_slam,2025-08,2025-08-03,intermediate,r16,20,True,,,,,,,2025-26 and earlier,2026-08-03,2027-07-01,True
ce749702-5f83-4cd5-b821-45aeaf7f9848,Neville Wadia,Men's,MUMBAI CITY OPEN 3.0,MUMBAI CITY OPEN 3.0,city_open,2025-09,2025-09-28,intermediate,winner,60,True,,,,,,,2025-26 and earlier,2026-09-28,2027-07-01,False
ce749702-5f83-4cd5-b821-45aeaf7f9848,Neville Wadia,Men's,INDIAN PADEL TOUR 8.0,INDIAN PADEL TOUR 8.0,grand_slam,2025-11,2025-11-30,intermediate,semi_finalist,40,True,,,,,,,2025-26 and earlier,2026-11-30,2027-07-01,False
ce749702-5f83-4cd5-b821-45aeaf7f9848,Neville Wadia,Men's,INDIAN PADEL TOUR 9.0,INDIAN PADEL TOUR 9.0,grand_slam,2026-02,2026-02-15,intermediate,quarter_finalist,30,True,,,,,,,2025-26 and earlier,2027-02-15,2027-07-01,False
ce749702-5f83-4cd5-b821-45aeaf7f9848,Neville Wadia,Men's,Mumbai City Open 5.0,Mumbai City Open 5.0,city_open,2026-08,2026-08-02,intermediate,quarter_finalist,9,True,Kabir Anand,draw_entry,2.0,1.0,,mumbai-city-open-5-01,2026-27,2027-08-02,2027-07-01,False
cebed5c0-9f8f-4458-aaa4-0ee2b6f25f10,Mehul Bansal,Men's,INDIAN PADEL TOUR 10.0,INDIAN PADEL TOUR 10.0,grand_slam,2026-04,2026-04-26,intermediate,semi_finalist,40,True,,,,,,,2025-26 and earlier,2027-04-26,2027-07-01,False
cebed5c0-9f8f-4458-aaa4-0ee2b6f25f10,Mehul Bansal,Men's,Goa Grandslam 11.0,Goa Grandslam 11.0,grand_slam,2026-08,2026-08-16,intermediate,r16,9,True,Vaibhav Sahni,draw_entry,3.0,1.0,,ipt-goa-grandslam-11-0,2026-27,2027-08-16,2027-07-01,False
d08e2513-3bf5-441c-aace-831129099cc4,Kavin Vendan,Men's,Goa Grandslam 11.0,Goa Grandslam 11.0,grand_slam,2026-08,2026-08-16,advance,groups,0,True,Adit Patel,draw_entry,1.0,2.0,,ipt-goa-grandslam-11-0,2026-27,2027-08-16,2027-07-01,False
d08e2513-3bf5-441c-aace-831129099cc4,Kavin Vendan,Men's,City Open Kochi 2.0,City Open Kochi 2.0,city_open,2026-09,2026-09-13,advance,quarter_finalist,54,True,Adit Patel,profile,3.0,1.0,,ipt-kochi-city-open-2-0,2026-27,2027-09-13,2027-07-01,False
d0b763e8-69c1-496a-8a5f-5802e4f9eb88,Atin Gupta,Men's,INDIAN PADEL TOUR 10.0,INDIAN PADEL TOUR 10.0,grand_slam,2026-04,2026-04-26,beginner,quarter_finalist,15,True,,,,,,,2025-26 and earlier,2027-04-26,2027-07-01,False
d1274dd2-48b5-46b9-9049-6a6bcc38fd2e,Porus Shroff,Men's,INDIAN PADEL TOUR 8.0,INDIAN PADEL TOUR 8.0,grand_slam,2025-11,2025-11-30,advance,quarter_finalist,180,True,,,,,,,2025-26 and earlier,2026-11-30,2027-07-01,False
d1274dd2-48b5-46b9-9049-6a6bcc38fd2e,Porus Shroff,Men's,MUMBAI CITY OPEN 4.0,MUMBAI CITY OPEN 4.0,city_open,2026-01,2026-01-11,advance,quarter_finalist,120,True,,,,,,,2025-26 and earlier,2027-01-11,2027-07-01,False
d1274dd2-48b5-46b9-9049-6a6bcc38fd2e,Porus Shroff,Men's,INDIAN PADEL TOUR 9.0,INDIAN PADEL TOUR 9.0,grand_slam,2026-02,2026-02-15,advance,quarter_finalist,180,True,,,,,,,2025-26 and earlier,2027-02-15,2027-07-01,False
d1274dd2-48b5-46b9-9049-6a6bcc38fd2e,Porus Shroff,Men's,Mumbai City Open 5.0,Mumbai City Open 5.0,city_open,2026-08,2026-08-02,advance,semi_finalist,108,True,Aryan Hemdev,draw_entry,4.0,1.0,,mumbai-city-open-5-01,2026-27,2027-08-02,2027-07-01,False
d4d1cf44-7849-4baa-b956-c56e4613995b,Ankit Agarwal,Men's,INDIAN PADEL TOUR 7.0,INDIAN PADEL TOUR 7.0,grand_slam,2025-08,2025-08-03,intermediate,finalist,60,True,,,,,,,2025-26 and earlier,2026-08-03,2027-07-01,True
d4d1cf44-7849-4baa-b956-c56e4613995b,Ankit Agarwal,Men's,Mumbai City Open 5.0,Mumbai City Open 5.0,city_open,2026-08,2026-08-02,advance,groups,0,True,Aryaman Jajodia,draw_entry,0.0,3.0,,mumbai-city-open-5-01,2026-27,2027-08-02,2027-07-01,False
d53736bd-2d26-4977-9d4f-edb8ddc49ffb,Swaraj D,Men's,MUMBAI CITY OPEN 3.0,MUMBAI CITY OPEN 3.0,city_open,2025-09,2025-09-28,intermediate,winner,60,True,,,,,,,2025-26 and earlier,2026-09-28,2027-07-01,False
d53736bd-2d26-4977-9d4f-edb8ddc49ffb,Swaraj D,Men's,INDIAN PADEL TOUR 8.0,INDIAN PADEL TOUR 8.0,grand_slam,2025-11,2025-11-30,advance,r16,120,True,,,,,,,2025-26 and earlier,2026-11-30,2027-07-01,False
d53736bd-2d26-4977-9d4f-edb8ddc49ffb,Swaraj D,Men's,MUMBAI CITY OPEN 4.0,MUMBAI CITY OPEN 4.0,city_open,2026-01,2026-01-11,advance,quarter_finalist,120,True,,,,,,,2025-26 and earlier,2027-01-11,2027-07-01,False
d53736bd-2d26-4977-9d4f-edb8ddc49ffb,Swaraj D,Men's,Mumbai City Open 5.0,Mumbai City Open 5.0,city_open,2026-08,2026-08-02,advance,quarter_finalist,54,True,Kaivalya Kalamse,draw_entry,2.0,2.0,,mumbai-city-open-5-01,2026-27,2027-08-02,2027-07-01,False
d53736bd-2d26-4977-9d4f-edb8ddc49ffb,Swaraj D,Men's,Goa Grandslam 11.0,Goa Grandslam 11.0,grand_slam,2026-08,2026-08-16,advance,quarter_finalist,108,True,Kaivalya Kalamse,draw_entry,2.0,2.0,,ipt-goa-grandslam-11-0,2026-27,2027-08-16,2027-07-01,False
d53736bd-2d26-4977-9d4f-edb8ddc49ffb,Swaraj D,Men's,City Open Kochi 2.0,City Open Kochi 2.0,city_open,2026-09,2026-09-13,advance,semi_finalist,108,True,Kaivalya Kalamse,profile,3.0,2.0,,ipt-kochi-city-open-2-0,2026-27,2027-09-13,2027-07-01,False
d53d58f6-276e-46d7-b68f-122f5cffc310,Sagar Patodia,Men's,Goa Grandslam 11.0,Goa Grandslam 11.0,grand_slam,2026-08,2026-08-16,intermediate,groups,0,True,Ronak Bhojani,draw_entry,0.0,3.0,,ipt-goa-grandslam-11-0,2026-27,2027-08-16,2027-07-01,False
d55bd4eb-f316-443e-bc77-b4223089bb9b,Rishabh Kalokhe,Men's,Goa Grandslam 11.0,Goa Grandslam 11.0,grand_slam,2026-08,2026-08-16,intermediate,r16,9,True,Kriday Sethi,draw_entry,1.0,3.0,,ipt-goa-grandslam-11-0,2026-27,2027-08-16,2027-07-01,False
d5e77120-edf1-4cae-b40a-26c7256c3252,Vedanth P Patel,Men's,City Open Kochi 2.0,City Open Kochi 2.0,city_open,2026-09,2026-09-13,beginner,groups,0,True,Vikaas Chhabria,profile,1.0,2.0,,ipt-kochi-city-open-2-0,2026-27,2027-09-13,2027-07-01,False
d647ebc2-b81c-41ed-a991-3bdac08e4f0b,Aravind Kannan,Men's,BANGALORE CITY OPEN 2.0,BANGALORE CITY OPEN 2.0,city_open,2026-04,2026-04-12,beginner,quarter_finalist,9,True,,,,,,,2025-26 and earlier,2027-04-12,2027-07-01,False
d647ebc2-b81c-41ed-a991-3bdac08e4f0b,Aravind Kannan,Men's,City Open Kochi 2.0,City Open Kochi 2.0,city_open,2026-09,2026-09-13,beginner,semi_finalist,9,True,Muhammed Ajmal,profile,4.0,1.0,,ipt-kochi-city-open-2-0,2026-27,2027-09-13,2027-07-01,False
d7b4cb8b-ad06-471e-a741-5873a52775a5,Raghuraj Dewan,Men's,CHANDIGARH CITY OPEN,CHANDIGARH CITY OPEN,city_open,2025-11,2025-11-16,intermediate,quarter_finalist,18,True,,,,,,,2025-26 and earlier,2026-11-16,2027-07-01,False
dacff7ad-842d-4f12-8adb-bf190bfb6eb2,Karan Daftary,Men's,Mumbai City Open 5.0,Mumbai City Open 5.0,city_open,2026-08,2026-08-02,intermediate,groups,0,True,Rohan Dhoot,draw_entry,1.0,1.0,,mumbai-city-open-5-01,2026-27,2027-08-02,2027-07-01,False
db4244f2-196a-41e4-bd02-f90ae3ea565b,Hritesh Agarwal,Men's,INDIAN PADEL TOUR 7.0,INDIAN PADEL TOUR 7.0,grand_slam,2025-08,2025-08-03,intermediate,quarter_finalist,30,True,,,,,,,2025-26 and earlier,2026-08-03,2027-07-01,True
db4244f2-196a-41e4-bd02-f90ae3ea565b,Hritesh Agarwal,Men's,AHMEDABAD CITY OPEN,AHMEDABAD CITY OPEN,city_open,2026-03,2026-03-15,advance,quarter_finalist,120,True,,,,,,,2025-26 and earlier,2027-03-15,2027-07-01,False
db4244f2-196a-41e4-bd02-f90ae3ea565b,Hritesh Agarwal,Men's,Goa Grandslam 11.0,Goa Grandslam 11.0,grand_slam,2026-08,2026-08-16,intermediate,semi_finalist,36,True,Pratham Jain,draw_entry,4.0,2.0,,ipt-goa-grandslam-11-0,2026-27,2027-08-16,2027-07-01,False
db525122-7288-4cef-a60c-57d5465c23d2,Punit Chawla,Men's,Goa Grandslam 11.0,Goa Grandslam 11.0,grand_slam,2026-08,2026-08-16,intermediate,groups,0,True,Sandeep Chawla,draw_entry,0.0,3.0,,ipt-goa-grandslam-11-0,2026-27,2027-08-16,2027-07-01,False
ddb10849-80d7-4445-a21f-8b51010f3dee,Tanveer Singh,Men's,INDIAN PADEL TOUR 10.0,INDIAN PADEL TOUR 10.0,grand_slam,2026-04,2026-04-26,intermediate,quarter_finalist,30,True,,,,,,,2025-26 and earlier,2027-04-26,2027-07-01,False
ddb10849-80d7-4445-a21f-8b51010f3dee,Tanveer Singh,Men's,Goa Grandslam 11.0,Goa Grandslam 11.0,grand_slam,2026-08,2026-08-16,intermediate,r16,9,True,Gandharv Bajaj,draw_entry,3.0,1.0,,ipt-goa-grandslam-11-0,2026-27,2027-08-16,2027-07-01,False
de44689c-c743-460c-a4f5-a04b2819a84b,Sonu Vaidyan,Men's,City Open Kochi 2.0,City Open Kochi 2.0,city_open,2026-09,2026-09-13,intermediate,groups,0,True,Sadic Ashraf,profile,0.0,2.0,,ipt-kochi-city-open-2-0,2026-27,2027-09-13,2027-07-01,False
e3869e84-3ac2-4379-98af-296be1b0d317,Ronak Daftary,Men's,INDIAN PADEL TOUR 8.0,INDIAN PADEL TOUR 8.0,grand_slam,2025-11,2025-11-30,beginner,quarter_finalist,15,True,,,,,,,2025-26 and earlier,2026-11-30,2027-07-01,False
e3869e84-3ac2-4379-98af-296be1b0d317,Ronak Daftary,Men's,MUMBAI CITY OPEN 4.0,MUMBAI CITY OPEN 4.0,city_open,2026-01,2026-01-11,beginner,quarter_finalist,9,True,,,,,,,2025-26 and earlier,2027-01-11,2027-07-01,False
e3869e84-3ac2-4379-98af-296be1b0d317,Ronak Daftary,Men's,Mumbai City Open 5.0,Mumbai City Open 5.0,city_open,2026-08,2026-08-02,beginner,groups,0,True,Anirudh Jain,draw_entry,1.0,2.0,,mumbai-city-open-5-01,2026-27,2027-08-02,2027-07-01,False
e4099cdf-1b05-4993-afa7-214dcbc071b1,Tabrez Sopariwala,Men's,MUMBAI CITY OPEN 3.0,MUMBAI CITY OPEN 3.0,city_open,2025-09,2025-09-28,intermediate,r16,12,True,,,,,,,2025-26 and earlier,2026-09-28,2027-07-01,False
e4099cdf-1b05-4993-afa7-214dcbc071b1,Tabrez Sopariwala,Men's,INDIAN PADEL TOUR 8.0,INDIAN PADEL TOUR 8.0,grand_slam,2025-11,2025-11-30,intermediate,r16,20,True,,,,,,,2025-26 and earlier,2026-11-30,2027-07-01,False
e4099cdf-1b05-4993-afa7-214dcbc071b1,Tabrez Sopariwala,Men's,INDIAN PADEL TOUR 9.0,INDIAN PADEL TOUR 9.0,grand_slam,2026-02,2026-02-15,intermediate,r16,20,True,,,,,,,2025-26 and earlier,2027-02-15,2027-07-01,False
e4099cdf-1b05-4993-afa7-214dcbc071b1,Tabrez Sopariwala,Men's,Mumbai City Open 5.0,Mumbai City Open 5.0,city_open,2026-08,2026-08-02,intermediate,groups,0,True,Junaid Sopariwala,draw_entry,1.0,1.0,,mumbai-city-open-5-01,2026-27,2027-08-02,2027-07-01,False
e6060460-a028-48da-8565-3f9ab0a3075f,Frederick Williams,Men's,City Open Kochi 2.0,City Open Kochi 2.0,city_open,2026-09,2026-09-13,beginner,groups,0,True,Venkatesh Anilkumar,profile,1.0,2.0,,ipt-kochi-city-open-2-0,2026-27,2027-09-13,2027-07-01,False
e7f18fca-e2a6-4ee7-9045-df813ab9fd91,Nikhil George,Men's,City Open Kochi 2.0,City Open Kochi 2.0,city_open,2026-09,2026-09-13,intermediate,groups,0,True,Gopal Mohan,profile,0.0,2.0,,ipt-kochi-city-open-2-0,2026-27,2027-09-13,2027-07-01,False
e8bb7691-632b-4e35-afe3-cad46e672610,Arjun Gupta,Men's,MUMBAI CITY OPEN 3.0,MUMBAI CITY OPEN 3.0,city_open,2025-09,2025-09-28,beginner,semi_finalist,12,True,,,,,,,2025-26 and earlier,2026-09-28,2027-07-01,False
e8bb7691-632b-4e35-afe3-cad46e672610,Arjun Gupta,Men's,INDIAN PADEL TOUR 8.0,INDIAN PADEL TOUR 8.0,grand_slam,2025-11,2025-11-30,intermediate,r16,20,True,,,,,,,2025-26 and earlier,2026-11-30,2027-07-01,False
e8bb7691-632b-4e35-afe3-cad46e672610,Arjun Gupta,Men's,Goa Grandslam 11.0,Goa Grandslam 11.0,grand_slam,2026-08,2026-08-16,advance,groups,0,True,Ashish Khemlani,draw_entry,0.0,3.0,,ipt-goa-grandslam-11-0,2026-27,2027-08-16,2027-07-01,False
e9405a6b-358f-49d5-8f1e-b1104d1f6a95,Ishan Jindal,Men's,Mumbai City Open 5.0,Mumbai City Open 5.0,city_open,2026-08,2026-08-02,intermediate,semi_finalist,18,True,Siddharth Kadam,draw_entry,3.0,1.0,,mumbai-city-open-5-01,2026-27,2027-08-02,2027-07-01,False
e9aef618-db1c-42e9-a0ed-c3050a376e4f,Manav Sreekumar,Men's,KOCHI CITY OPEN,KOCHI CITY OPEN,city_open,2025-09,2025-09-14,advance,winner,400,True,,,,,,,2025-26 and earlier,2026-09-14,2027-07-01,True
e9aef618-db1c-42e9-a0ed-c3050a376e4f,Manav Sreekumar,Men's,CHANDIGARH CITY OPEN,CHANDIGARH CITY OPEN,city_open,2025-11,2025-11-16,advance,finalist,240,True,,,,,,,2025-26 and earlier,2026-11-16,2027-07-01,False
e9aef618-db1c-42e9-a0ed-c3050a376e4f,Manav Sreekumar,Men's,INDIAN PADEL TOUR 8.0,INDIAN PADEL TOUR 8.0,grand_slam,2025-11,2025-11-30,advance,r16,120,True,,,,,,,2025-26 and earlier,2026-11-30,2027-07-01,False
e9aef618-db1c-42e9-a0ed-c3050a376e4f,Manav Sreekumar,Men's,INDIAN PADEL TOUR 9.0,INDIAN PADEL TOUR 9.0,grand_slam,2026-02,2026-02-15,advance,r16,120,True,,,,,,,2025-26 and earlier,2027-02-15,2027-07-01,False
e9aef618-db1c-42e9-a0ed-c3050a376e4f,Manav Sreekumar,Men's,AHMEDABAD CITY OPEN,AHMEDABAD CITY OPEN,city_open,2026-03,2026-03-15,advance,semi_finalist,160,True,,,,,,,2025-26 and earlier,2027-03-15,2027-07-01,False
e9aef618-db1c-42e9-a0ed-c3050a376e4f,Manav Sreekumar,Men's,INDIAN PADEL TOUR 10.0,INDIAN PADEL TOUR 10.0,grand_slam,2026-04,2026-04-26,advance,quarter_finalist,180,True,,,,,,,2025-26 and earlier,2027-04-26,2027-07-01,False
e9aef618-db1c-42e9-a0ed-c3050a376e4f,Manav Sreekumar,Men's,Mumbai City Open 5.0,Mumbai City Open 5.0,city_open,2026-08,2026-08-02,advance,groups,0,True,Omar Sumar,draw_entry,0.0,3.0,,mumbai-city-open-5-01,2026-27,2027-08-02,2027-07-01,False
ea36ad45-24c2-4b1d-b812-8ebcf72eb5b2,Rahul Chandwani,Men's,INDIAN PADEL TOUR 7.0,INDIAN PADEL TOUR 7.0,grand_slam,2025-08,2025-08-03,intermediate,winner,100,True,,,,,,,2025-26 and earlier,2026-08-03,2027-07-01,True
ea36ad45-24c2-4b1d-b812-8ebcf72eb5b2,Rahul Chandwani,Men's,Mumbai City Open 5.0,Mumbai City Open 5.0,city_open,2026-08,2026-08-02,intermediate,semi_finalist,18,True,Samkit Shah,draw_entry,3.0,1.0,,mumbai-city-open-5-01,2026-27,2027-08-02,2027-07-01,False
ea36ad45-24c2-4b1d-b812-8ebcf72eb5b2,Rahul Chandwani,Men's,Goa Grandslam 11.0,Goa Grandslam 11.0,grand_slam,2026-08,2026-08-16,intermediate,quarter_finalist,18,True,Rahul Khanna,draw_entry,3.0,2.0,,ipt-goa-grandslam-11-0,2026-27,2027-08-16,2027-07-01,False
eae761c0-dc5e-44fc-acf1-5229a40242dd,Gopal Mohan,Men's,City Open Kochi 2.0,City Open Kochi 2.0,city_open,2026-09,2026-09-13,intermediate,groups,0,True,Nikhil George,profile,0.0,2.0,,ipt-kochi-city-open-2-0,2026-27,2027-09-13,2027-07-01,False
eb6e3572-7307-4365-8009-7450c28a8eae,Sheehan Furtado,Men's,Goa Grandslam 11.0,Goa Grandslam 11.0,grand_slam,2026-08,2026-08-16,intermediate,groups,0,True,Arik Badami,draw_entry,0.0,3.0,,ipt-goa-grandslam-11-0,2026-27,2027-08-16,2027-07-01,False
ec5f0519-a767-4bff-976f-62cac2d931c5,Rohit S,Men's,Mumbai City Open 5.0,Mumbai City Open 5.0,city_open,2026-08,2026-08-02,intermediate,groups,0,True,Jimit Sanghani,draw_entry,0.0,2.0,,mumbai-city-open-5-01,2026-27,2027-08-02,2027-07-01,False
ee0a9dcc-acb3-4a06-a301-ba31f2f6c134,Sachin Thomas,Men's,City Open Kochi 2.0,City Open Kochi 2.0,city_open,2026-09,2026-09-13,intermediate,r16,5,True,Parthiv Anilkumar,profile,1.0,2.0,,ipt-kochi-city-open-2-0,2026-27,2027-09-13,2027-07-01,False
ef4d0083-3ad2-492d-8070-1d27cb8fa67d,Jason Pereira,Men's,Mumbai City Open 5.0,Mumbai City Open 5.0,city_open,2026-08,2026-08-02,beginner,groups,0,True,Rahul Sachdeva,draw_entry,0.0,3.0,,mumbai-city-open-5-01,2026-27,2027-08-02,2027-07-01,False
f0f37d22-d27a-4f1a-afed-0f5d3d55f3e0,Junaiz Odakkal,Men's,City Open Kochi 2.0,City Open Kochi 2.0,city_open,2026-09,2026-09-13,beginner,semi_finalist,9,True,Aadil Abdul Azeez,profile,3.0,2.0,,ipt-kochi-city-open-2-0,2026-27,2027-09-13,2027-07-01,False
f10361b9-af81-48db-8dc6-5bdb33b72c6a,Eshant Uppal,Men's,Goa Grandslam 11.0,Goa Grandslam 11.0,grand_slam,2026-08,2026-08-16,intermediate,quarter_finalist,18,True,Sheriar Mazda,draw_entry,3.0,2.0,,ipt-goa-grandslam-11-0,2026-27,2027-08-16,2027-07-01,False
f1ecb503-6fab-40e8-8bf8-c18947a0125f,Savio Zibi,Men's,City Open Kochi 2.0,City Open Kochi 2.0,city_open,2026-09,2026-09-13,beginner,groups,0,True,Sanjay Davis Tony,profile,0.0,3.0,,ipt-kochi-city-open-2-0,2026-27,2027-09-13,2027-07-01,False
f20c5650-e73d-4731-a1b5-5b89be6d623d,Karan Tandon,Men's,INDIAN PADEL TOUR 7.0,INDIAN PADEL TOUR 7.0,grand_slam,2025-08,2025-08-03,intermediate,quarter_finalist,30,True,,,,,,,2025-26 and earlier,2026-08-03,2027-07-01,True
f20c5650-e73d-4731-a1b5-5b89be6d623d,Karan Tandon,Men's,KOCHI CITY OPEN,KOCHI CITY OPEN,city_open,2025-09,2025-09-14,intermediate,finalist,36,True,,,,,,,2025-26 and earlier,2026-09-14,2027-07-01,True
f20c5650-e73d-4731-a1b5-5b89be6d623d,Karan Tandon,Men's,AHMEDABAD CITY OPEN,AHMEDABAD CITY OPEN,city_open,2026-03,2026-03-15,intermediate,semi_finalist,24,True,,,,,,,2025-26 and earlier,2027-03-15,2027-07-01,False
f20c5650-e73d-4731-a1b5-5b89be6d623d,Karan Tandon,Men's,Mumbai City Open 5.0,Mumbai City Open 5.0,city_open,2026-08,2026-08-02,intermediate,groups,0,True,Anjan Vachhani,draw_entry,1.0,1.0,,mumbai-city-open-5-01,2026-27,2027-08-02,2027-07-01,False
f3fe6938-52ee-41b1-af50-ec82c5c39f31,Sandeep Chawla,Men's,Goa Grandslam 11.0,Goa Grandslam 11.0,grand_slam,2026-08,2026-08-16,intermediate,groups,0,True,Punit Chawla,draw_entry,0.0,3.0,,ipt-goa-grandslam-11-0,2026-27,2027-08-16,2027-07-01,False
f455fd74-d0ee-4f00-b838-363eff4730e6,Siddhant Gupta,Men's,Mumbai City Open 5.0,Mumbai City Open 5.0,city_open,2026-08,2026-08-02,beginner,semi_finalist,9,True,Naville Prakash,draw_entry,4.0,1.0,,mumbai-city-open-5-01,2026-27,2027-08-02,2027-07-01,False
f455fd74-d0ee-4f00-b838-363eff4730e6,Siddhant Gupta,Men's,Goa Grandslam 11.0,Goa Grandslam 11.0,grand_slam,2026-08,2026-08-16,intermediate,groups,0,True,Sharad Kanadje,draw_entry,1.0,2.0,,ipt-goa-grandslam-11-0,2026-27,2027-08-16,2027-07-01,False
f455fd74-d0ee-4f00-b838-363eff4730e6,Siddhant Gupta,Men's,City Open Kochi 2.0,City Open Kochi 2.0,city_open,2026-09,2026-09-13,beginner,winner,25,True,Aman Makan,profile,6.0,0.0,,ipt-kochi-city-open-2-0,2026-27,2027-09-13,2027-07-01,False
f5db5ed7-b6ba-4ce3-bce7-b0593ce1d8d5,Rajesh Shing,Men's,Mumbai City Open 5.0,Mumbai City Open 5.0,city_open,2026-08,2026-08-02,intermediate,groups,0,True,Ankit Bhalwankar,draw_entry,1.0,1.0,,mumbai-city-open-5-01,2026-27,2027-08-02,2027-07-01,False
f627335f-f154-4e08-9481-07dffc3a7d35,Famaz Shanavas,Men's,Goa Grandslam 11.0,Goa Grandslam 11.0,grand_slam,2026-08,2026-08-16,advance,groups,0,True,Aakash Lalith,draw_entry,0.0,3.0,,ipt-goa-grandslam-11-0,2026-27,2027-08-16,2027-07-01,False
f627335f-f154-4e08-9481-07dffc3a7d35,Famaz Shanavas,Men's,City Open Kochi 2.0,City Open Kochi 2.0,city_open,2026-09,2026-09-13,advance,groups,0,True,Naeem Shahul,profile,0.0,3.0,,ipt-kochi-city-open-2-0,2026-27,2027-09-13,2027-07-01,False
f6c641f1-29cd-45ed-b4df-1421d76f48d3,Abhinav Grover,Men's,Goa Grandslam 11.0,Goa Grandslam 11.0,grand_slam,2026-08,2026-08-16,intermediate,r16,9,True,Arjun Raju,draw_entry,3.0,1.0,,ipt-goa-grandslam-11-0,2026-27,2027-08-16,2027-07-01,False
f6c641f1-29cd-45ed-b4df-1421d76f48d3,Abhinav Grover,Men's,City Open Kochi 2.0,City Open Kochi 2.0,city_open,2026-09,2026-09-13,intermediate,groups,0,True,Nikhil Kalro,profile,0.0,2.0,,ipt-kochi-city-open-2-0,2026-27,2027-09-13,2027-07-01,False
f890ec3e-8c23-439c-9ea1-cbb778891771,Arjun Malhotra,Men's,MUMBAI CITY OPEN 3.0,MUMBAI CITY OPEN 3.0,city_open,2025-09,2025-09-28,beginner,quarter_finalist,9,True,,,,,,,2025-26 and earlier,2026-09-28,2027-07-01,False
f890ec3e-8c23-439c-9ea1-cbb778891771,Arjun Malhotra,Men's,Mumbai City Open 5.0,Mumbai City Open 5.0,city_open,2026-08,2026-08-02,beginner,quarter_finalist,5,True,Shaan Javeri,draw_entry,2.0,2.0,,mumbai-city-open-5-01,2026-27,2027-08-02,2027-07-01,False
f98b87d6-af21-4087-a820-178b4220e325,Prem Mirchandani,Men's,Mumbai City Open 5.0,Mumbai City Open 5.0,city_open,2026-08,2026-08-02,beginner,groups,0,True,Bipin Grewal,draw_entry,1.0,2.0,,mumbai-city-open-5-01,2026-27,2027-08-02,2027-07-01,False
facc6960-33ef-4c75-ab10-4a2a8ad00b6c,Ashwin Saksena,Men's,GOA CITY OPEN 1.0,GOA CITY OPEN 1.0,city_open,2026-01,2026-01-25,beginner,quarter_finalist,9,True,,,,,,,2025-26 and earlier,2027-01-25,2027-07-01,False
fb63a62c-b1a0-4af6-b540-9ba4ba276976,Anirudh Jain,Men's,MUMBAI CITY OPEN 3.0,MUMBAI CITY OPEN 3.0,city_open,2025-09,2025-09-28,beginner,quarter_finalist,9,True,,,,,,,2025-26 and earlier,2026-09-28,2027-07-01,False
fb63a62c-b1a0-4af6-b540-9ba4ba276976,Anirudh Jain,Men's,INDIAN PADEL TOUR 8.0,INDIAN PADEL TOUR 8.0,grand_slam,2025-11,2025-11-30,beginner,semi_finalist,20,True,,,,,,,2025-26 and earlier,2026-11-30,2027-07-01,False
fb63a62c-b1a0-4af6-b540-9ba4ba276976,Anirudh Jain,Men's,MUMBAI CITY OPEN 4.0,MUMBAI CITY OPEN 4.0,city_open,2026-01,2026-01-11,beginner,semi_finalist,12,True,,,,,,,2025-26 and earlier,2027-01-11,2027-07-01,False
fb63a62c-b1a0-4af6-b540-9ba4ba276976,Anirudh Jain,Men's,Mumbai City Open 5.0,Mumbai City Open 5.0,city_open,2026-08,2026-08-02,beginner,groups,0,True,Ronak Daftary,draw_entry,1.0,2.0,,mumbai-city-open-5-01,2026-27,2027-08-02,2027-07-01,False
fbb446a9-8fc0-419e-a122-968c42f06acf,Rajat Jain,Men's,Goa Grandslam 11.0,Goa Grandslam 11.0,grand_slam,2026-08,2026-08-16,beginner,groups,0,True,Pratik Makkar,draw_entry,0.0,3.0,,ipt-goa-grandslam-11-0,2026-27,2027-08-16,2027-07-01,False
fc6dc5ba-b4e3-4b91-983b-fdfb62b164f5,Kaiz Jaffer,Men's,MUMBAI CITY OPEN 3.0,MUMBAI CITY OPEN 3.0,city_open,2025-09,2025-09-28,intermediate,r16,12,True,,,,,,,2025-26 and earlier,2026-09-28,2027-07-01,False
fc6dc5ba-b4e3-4b91-983b-fdfb62b164f5,Kaiz Jaffer,Men's,City Open Kochi 2.0,City Open Kochi 2.0,city_open,2026-09,2026-09-13,intermediate,quarter_finalist,9,True,Varun Dattani,profile,3.0,1.0,,ipt-kochi-city-open-2-0,2026-27,2027-09-13,2027-07-01,False
fdb26ab4-790d-4401-8a7d-80b071cd0b6b,Raghav Garg,Men's,INDIAN PADEL TOUR 10.0,INDIAN PADEL TOUR 10.0,grand_slam,2026-04,2026-04-26,beginner,semi_finalist,20,True,,,,,,,2025-26 and earlier,2027-04-26,2027-07-01,False
fdd501f4-fc04-4991-b817-c6464e1ac492,Varun Reddy,Men's,BANGALORE CITY OPEN 2.0,BANGALORE CITY OPEN 2.0,city_open,2026-04,2026-04-12,intermediate,winner,60,True,,,,,,,2025-26 and earlier,2027-04-12,2027-07-01,False
fde56650-1b21-4853-b436-dd3221ff502d,Shane Biddaiah,Men's,Goa Grandslam 11.0,Goa Grandslam 11.0,grand_slam,2026-08,2026-08-16,advance,groups,0,True,Karan Medappa,draw_entry,0.0,3.0,,ipt-goa-grandslam-11-0,2026-27,2027-08-16,2027-07-01,False
fde56650-1b21-4853-b436-dd3221ff502d,Shane Biddaiah,Men's,City Open Kochi 2.0,City Open Kochi 2.0,city_open,2026-09,2026-09-13,advance,quarter_finalist,54,True,Karan Medappa,profile,1.0,3.0,,ipt-kochi-city-open-2-0,2026-27,2027-09-13,2027-07-01,False
fed73115-d438-4ece-b3bc-833a35c0af2e,Mohamed Anzar,Men's,City Open Kochi 2.0,City Open Kochi 2.0,city_open,2026-09,2026-09-13,intermediate,quarter_finalist,9,True,Dirsha Kalliyath,profile,3.0,1.0,,ipt-kochi-city-open-2-0,2026-27,2027-09-13,2027-07-01,False
fee9acbd-1e47-4ec5-a495-f49bad8748e6,Angad Puar,Men's,Goa Grandslam 11.0,Goa Grandslam 11.0,grand_slam,2026-08,2026-08-16,beginner,quarter_finalist,9,True,Aarman Kler,draw_entry,2.0,2.0,,ipt-goa-grandslam-11-0,2026-27,2027-08-16,2027-07-01,False
ff05cc74-ed3a-4f11-b5c9-b91e71e5f39d,Joshua Lobo,Men's,Goa Grandslam 11.0,Goa Grandslam 11.0,grand_slam,2026-08,2026-08-16,beginner,groups,0,True,Joshua Lobo Partner,draw_entry,0.0,3.0,,ipt-goa-grandslam-11-0,2026-27,2027-08-16,2027-07-01,False
ff462e1c-14e0-4792-9215-29ecaeed1cfa,Pranay Shetty,Men's,City Open Kochi 2.0,City Open Kochi 2.0,city_open,2026-09,2026-09-13,intermediate,groups,0,True,Bijon Kanabar,profile,0.0,2.0,,ipt-kochi-city-open-2-0,2026-27,2027-09-13,2027-07-01,False
ffcf99be-96dd-434c-984f-70de62a8348d,Shray Mehta,Men's,INDIAN PADEL TOUR 10.0,INDIAN PADEL TOUR 10.0,grand_slam,2026-04,2026-04-26,beginner,quarter_finalist,15,True,,,,,,,2025-26 and earlier,2027-04-26,2027-07-01,False
ranked-aalap-sharma,Aalap Sharma,Men's,AHMEDABAD CITY OPEN,AHMEDABAD CITY OPEN,city_open,2026-03,2026-03-15,intermediate,semi_finalist,24,True,,,,,,,2025-26 and earlier,2027-03-15,2027-07-01,False
ranked-aarav-jain,Aarav Jain,Men's,BANGALORE CITY OPEN 2.0,BANGALORE CITY OPEN 2.0,city_open,2026-04,2026-04-12,intermediate,quarter_finalist,18,True,,,,,,,2025-26 and earlier,2027-04-12,2027-07-01,False
ranked-aarav-mehta,Aarav Mehta,Men's,INDIAN PADEL TOUR 8.0,INDIAN PADEL TOUR 8.0,grand_slam,2025-11,2025-11-30,intermediate,semi_finalist,40,True,,,,,,,2025-26 and earlier,2026-11-30,2027-07-01,False
ranked-aarav-mehta,Aarav Mehta,Men's,MUMBAI CITY OPEN 4.0,MUMBAI CITY OPEN 4.0,city_open,2026-01,2026-01-11,advance,quarter_finalist,120,True,,,,,,,2025-26 and earlier,2027-01-11,2027-07-01,False
ranked-aarush-sharma,Aarush Sharma,Men's,CHANDIGARH CITY OPEN,CHANDIGARH CITY OPEN,city_open,2025-11,2025-11-16,intermediate,semi_finalist,24,True,,,,,,,2025-26 and earlier,2026-11-16,2027-07-01,False
ranked-aashay-doshi,Aashay Doshi,Men's,INDIAN PADEL TOUR 8.0,INDIAN PADEL TOUR 8.0,grand_slam,2025-11,2025-11-30,intermediate,quarter_finalist,30,True,,,,,,,2025-26 and earlier,2026-11-30,2027-07-01,False
ranked-aasim-attarwala,Aasim Attarwala,Men's,MUMBAI CITY OPEN 4.0,MUMBAI CITY OPEN 4.0,city_open,2026-01,2026-01-11,beginner,winner,30,True,,,,,,,2025-26 and earlier,2027-01-11,2027-07-01,False
ranked-abdul-haadi,Abdul Haadi,Men's,INDIAN PADEL TOUR 9.0,INDIAN PADEL TOUR 9.0,grand_slam,2026-02,2026-02-15,intermediate,r16,20,True,,,,,,,2025-26 and earlier,2027-02-15,2027-07-01,False
ranked-abhijeet-kaji,Abhijeet Kaji,Men's,MUMBAI CITY OPEN 4.0,MUMBAI CITY OPEN 4.0,city_open,2026-01,2026-01-11,intermediate,quarter_finalist,18,True,,,,,,,2025-26 and earlier,2027-01-11,2027-07-01,False
ranked-abhijeet-kaji,Abhijeet Kaji,Men's,INDIAN PADEL TOUR 9.0,INDIAN PADEL TOUR 9.0,grand_slam,2026-02,2026-02-15,intermediate,semi_finalist,40,True,,,,,,,2025-26 and earlier,2027-02-15,2027-07-01,False
ranked-abhijith-s,Abhijith S,Men's,INDIAN PADEL TOUR 7.0,INDIAN PADEL TOUR 7.0,grand_slam,2025-08,2025-08-03,intermediate,r16,20,True,,,,,,,2025-26 and earlier,2026-08-03,2027-07-01,True
ranked-abhinn-kothari,Abhinn Kothari,Men's,INDIAN PADEL TOUR 8.0,INDIAN PADEL TOUR 8.0,grand_slam,2025-11,2025-11-30,beginner,quarter_finalist,15,True,,,,,,,2025-26 and earlier,2026-11-30,2027-07-01,False
ranked-abhishek-bharara,Abhishek Bharara,Men's,MUMBAI CITY OPEN 4.0,MUMBAI CITY OPEN 4.0,city_open,2026-01,2026-01-11,intermediate,r16,12,True,,,,,,,2025-26 and earlier,2027-01-11,2027-07-01,False
ranked-abir-sharma,Abir Sharma,Men's,GOA CITY OPEN 1.0,GOA CITY OPEN 1.0,city_open,2026-01,2026-01-25,beginner,finalist,18,True,,,,,,,2025-26 and earlier,2027-01-25,2027-07-01,False
ranked-adarsh-hegde,Adarsh Hegde,Men's,GOA CITY OPEN 1.0,GOA CITY OPEN 1.0,city_open,2026-01,2026-01-25,beginner,quarter_finalist,9,True,,,,,,,2025-26 and earlier,2027-01-25,2027-07-01,False
ranked-adil-kalyanpur,Adil Kalyanpur,Men's,INDIAN PADEL TOUR 7.0,INDIAN PADEL TOUR 7.0,grand_slam,2025-08,2025-08-03,advance,winner,600,True,,,,,,,2025-26 and earlier,2026-08-03,2027-07-01,True
ranked-adil-kalyanpur,Adil Kalyanpur,Men's,INDIAN PADEL TOUR 9.0,INDIAN PADEL TOUR 9.0,grand_slam,2026-02,2026-02-15,advance,quarter_finalist,180,True,,,,,,,2025-26 and earlier,2027-02-15,2027-07-01,False
ranked-adil-kalyanpur,Adil Kalyanpur,Men's,BANGALORE CITY OPEN 2.0,BANGALORE CITY OPEN 2.0,city_open,2026-04,2026-04-12,advance,finalist,240,True,,,,,,,2025-26 and earlier,2027-04-12,2027-07-01,False
ranked-aditya-bakshi,Aditya Bakshi,Men's,INDIAN PADEL TOUR 7.0,INDIAN PADEL TOUR 7.0,grand_slam,2025-08,2025-08-03,advance,quarter_finalist,180,True,,,,,,,2025-26 and earlier,2026-08-03,2027-07-01,True
ranked-aditya-bakshi,Aditya Bakshi,Men's,KOCHI CITY OPEN,KOCHI CITY OPEN,city_open,2025-09,2025-09-14,advance,finalist,240,True,,,,,,,2025-26 and earlier,2026-09-14,2027-07-01,True
ranked-aditya-bakshi,Aditya Bakshi,Men's,INDIAN PADEL TOUR 8.0,INDIAN PADEL TOUR 8.0,grand_slam,2025-11,2025-11-30,advance,quarter_finalist,180,True,,,,,,,2025-26 and earlier,2026-11-30,2027-07-01,False
ranked-aditya-berry,Aditya Berry,Men's,MUMBAI CITY OPEN 3.0,MUMBAI CITY OPEN 3.0,city_open,2025-09,2025-09-28,intermediate,quarter_finalist,18,True,,,,,,,2025-26 and earlier,2026-09-28,2027-07-01,False
ranked-aditya-doshi,Aditya Doshi,Men's,INDIAN PADEL TOUR 8.0,INDIAN PADEL TOUR 8.0,grand_slam,2025-11,2025-11-30,intermediate,semi_finalist,40,True,,,,,,,2025-26 and earlier,2026-11-30,2027-07-01,False
ranked-aditya-khilnani,Aditya Khilnani,Men's,MUMBAI CITY OPEN 4.0,MUMBAI CITY OPEN 4.0,city_open,2026-01,2026-01-11,intermediate,r16,12,True,,,,,,,2025-26 and earlier,2027-01-11,2027-07-01,False
ranked-aditya-kumar,Aditya Kumar,Men's,BANGALORE CITY OPEN 2.0,BANGALORE CITY OPEN 2.0,city_open,2026-04,2026-04-12,intermediate,quarter_finalist,18,True,,,,,,,2025-26 and earlier,2027-04-12,2027-07-01,False
ranked-adnan-attarwala,Adnan Attarwala,Men's,MUMBAI CITY OPEN 4.0,MUMBAI CITY OPEN 4.0,city_open,2026-01,2026-01-11,beginner,quarter_finalist,9,True,,,,,,,2025-26 and earlier,2027-01-11,2027-07-01,False
ranked-agisilaos-demetriades,Agisilaos Demetriades,Men's,GOA CITY OPEN 1.0,GOA CITY OPEN 1.0,city_open,2026-01,2026-01-25,intermediate,quarter_finalist,9,True,,,,,,,2025-26 and earlier,2027-01-25,2027-07-01,False
ranked-akash-mahna,Akash Mahna,Men's,KOCHI CITY OPEN,KOCHI CITY OPEN,city_open,2025-09,2025-09-14,intermediate,finalist,36,True,,,,,,,2025-26 and earlier,2026-09-14,2027-07-01,True
ranked-akhil-agarwal,Akhil Agarwal,Men's,INDIAN PADEL TOUR 8.0,INDIAN PADEL TOUR 8.0,grand_slam,2025-11,2025-11-30,intermediate,quarter_finalist,30,True,,,,,,,2025-26 and earlier,2026-11-30,2027-07-01,False
ranked-akshay-popawala,Akshay Popawala,Men's,MUMBAI CITY OPEN 3.0,MUMBAI CITY OPEN 3.0,city_open,2025-09,2025-09-28,intermediate,r16,12,True,,,,,,,2025-26 and earlier,2026-09-28,2027-07-01,False
ranked-aksshaye-singhania,Aksshaye Singhania,Men's,MUMBAI CITY OPEN 3.0,MUMBAI CITY OPEN 3.0,city_open,2025-09,2025-09-28,advance,quarter_finalist,120,True,,,,,,,2025-26 and earlier,2026-09-28,2027-07-01,False
ranked-aksshaye-singhania,Aksshaye Singhania,Men's,MUMBAI CITY OPEN 4.0,MUMBAI CITY OPEN 4.0,city_open,2026-01,2026-01-11,advance,quarter_finalist,120,True,,,,,,,2025-26 and earlier,2027-01-11,2027-07-01,False
ranked-aksshaye-singhania,Aksshaye Singhania,Men's,GOA CITY OPEN 1.0,GOA CITY OPEN 1.0,city_open,2026-01,2026-01-25,advance,quarter_finalist,120,True,,,,,,,2025-26 and earlier,2027-01-25,2027-07-01,False
ranked-alexander-markos,Alexander Markos,Men's,KOCHI CITY OPEN,KOCHI CITY OPEN,city_open,2025-09,2025-09-14,intermediate,semi_finalist,24,True,,,,,,,2025-26 and earlier,2026-09-14,2027-07-01,True
ranked-ali-uvais,Ali Uvais,Men's,KOCHI CITY OPEN,KOCHI CITY OPEN,city_open,2025-09,2025-09-14,intermediate,semi_finalist,24,True,,,,,,,2025-26 and earlier,2026-09-14,2027-07-01,True
ranked-amal-hosangady,Amal Hosangady,Men's,INDIAN PADEL TOUR 9.0,INDIAN PADEL TOUR 9.0,grand_slam,2026-02,2026-02-15,advance,r16,120,True,,,,,,,2025-26 and earlier,2027-02-15,2027-07-01,False
ranked-aman-jain,Aman Jain,Men's,INDIAN PADEL TOUR 8.0,INDIAN PADEL TOUR 8.0,grand_slam,2025-11,2025-11-30,beginner,quarter_finalist,15,True,,,,,,,2025-26 and earlier,2026-11-30,2027-07-01,False
ranked-amanvir-patel,Amanvir Patel,Men's,AHMEDABAD CITY OPEN,AHMEDABAD CITY OPEN,city_open,2026-03,2026-03-15,intermediate,quarter_finalist,18,True,,,,,,,2025-26 and earlier,2027-03-15,2027-07-01,False
ranked-amay-merchant,Amay Merchant,Men's,INDIAN PADEL TOUR 8.0,INDIAN PADEL TOUR 8.0,grand_slam,2025-11,2025-11-30,advance,quarter_finalist,180,True,,,,,,,2025-26 and earlier,2026-11-30,2027-07-01,False
ranked-amay-merchant,Amay Merchant,Men's,MUMBAI CITY OPEN 4.0,MUMBAI CITY OPEN 4.0,city_open,2026-01,2026-01-11,advance,quarter_finalist,120,True,,,,,,,2025-26 and earlier,2027-01-11,2027-07-01,False
ranked-anant-khaitan,Anant Khaitan,Men's,INDIAN PADEL TOUR 10.0,INDIAN PADEL TOUR 10.0,grand_slam,2026-04,2026-04-26,beginner,quarter_finalist,15,True,,,,,,,2025-26 and earlier,2027-04-26,2027-07-01,False
ranked-aneesh-sanghai,Aneesh Sanghai,Men's,INDIAN PADEL TOUR 7.0,INDIAN PADEL TOUR 7.0,grand_slam,2025-08,2025-08-03,advance,r16,120,True,,,,,,,2025-26 and earlier,2026-08-03,2027-07-01,True
ranked-aneesh-sanghai,Aneesh Sanghai,Men's,MUMBAI CITY OPEN 3.0,MUMBAI CITY OPEN 3.0,city_open,2025-09,2025-09-28,advance,finalist,240,True,,,,,,,2025-26 and earlier,2026-09-28,2027-07-01,False
ranked-aneesh-sanghai,Aneesh Sanghai,Men's,INDIAN PADEL TOUR 8.0,INDIAN PADEL TOUR 8.0,grand_slam,2025-11,2025-11-30,advance,quarter_finalist,180,True,,,,,,,2025-26 and earlier,2026-11-30,2027-07-01,False
ranked-aneesh-sanghai,Aneesh Sanghai,Men's,GOA CITY OPEN 1.0,GOA CITY OPEN 1.0,city_open,2026-01,2026-01-25,advance,semi_finalist,160,True,,,,,,,2025-26 and earlier,2027-01-25,2027-07-01,False
ranked-aneesh-sanghai,Aneesh Sanghai,Men's,INDIAN PADEL TOUR 9.0,INDIAN PADEL TOUR 9.0,grand_slam,2026-02,2026-02-15,advance,quarter_finalist,180,True,,,,,,,2025-26 and earlier,2027-02-15,2027-07-01,False
ranked-aneesh-sanghai,Aneesh Sanghai,Men's,AHMEDABAD CITY OPEN,AHMEDABAD CITY OPEN,city_open,2026-03,2026-03-15,advance,quarter_finalist,120,True,,,,,,,2025-26 and earlier,2027-03-15,2027-07-01,False
ranked-angad-dev-singh,Angad Dev Singh,Men's,INDIAN PADEL TOUR 10.0,INDIAN PADEL TOUR 10.0,grand_slam,2026-04,2026-04-26,intermediate,quarter_finalist,30,True,,,,,,,2025-26 and earlier,2027-04-26,2027-07-01,False
ranked-angadveer-s,Angadveer S,Men's,MUMBAI CITY OPEN 3.0,MUMBAI CITY OPEN 3.0,city_open,2025-09,2025-09-28,intermediate,quarter_finalist,18,True,,,,,,,2025-26 and earlier,2026-09-28,2027-07-01,False
ranked-aniket-nathvani,Aniket Nathvani,Men's,INDIAN PADEL TOUR 7.0,INDIAN PADEL TOUR 7.0,grand_slam,2025-08,2025-08-03,advance,r16,120,True,,,,,,,2025-26 and earlier,2026-08-03,2027-07-01,True
ranked-aniket-patel,Aniket Patel,Men's,INDIAN PADEL TOUR 7.0,INDIAN PADEL TOUR 7.0,grand_slam,2025-08,2025-08-03,advance,quarter_finalist,180,True,,,,,,,2025-26 and earlier,2026-08-03,2027-07-01,True
ranked-anosh-paghdiwalla,Anosh Paghdiwalla,Men's,INDIAN PADEL TOUR 8.0,INDIAN PADEL TOUR 8.0,grand_slam,2025-11,2025-11-30,intermediate,r16,20,True,,,,,,,2025-26 and earlier,2026-11-30,2027-07-01,False
ranked-ansh-shah,Ansh Shah,Men's,MUMBAI CITY OPEN 4.0,MUMBAI CITY OPEN 4.0,city_open,2026-01,2026-01-11,intermediate,finalist,36,True,,,,,,,2025-26 and earlier,2027-01-11,2027-07-01,False
ranked-anuj-rakyan,Anuj Rakyan,Men's,GOA CITY OPEN 1.0,GOA CITY OPEN 1.0,city_open,2026-01,2026-01-25,intermediate,finalist,36,True,,,,,,,2025-26 and earlier,2027-01-25,2027-07-01,False
ranked-anuj-vagha,Anuj Vagha,Men's,MUMBAI CITY OPEN 3.0,MUMBAI CITY OPEN 3.0,city_open,2025-09,2025-09-28,intermediate,r16,12,True,,,,,,,2025-26 and earlier,2026-09-28,2027-07-01,False
ranked-anuj-vagha,Anuj Vagha,Men's,INDIAN PADEL TOUR 8.0,INDIAN PADEL TOUR 8.0,grand_slam,2025-11,2025-11-30,intermediate,r16,20,True,,,,,,,2025-26 and earlier,2026-11-30,2027-07-01,False
ranked-anuj-vagha,Anuj Vagha,Men's,MUMBAI CITY OPEN 4.0,MUMBAI CITY OPEN 4.0,city_open,2026-01,2026-01-11,intermediate,r16,12,True,,,,,,,2025-26 and earlier,2027-01-11,2027-07-01,False
ranked-anuj-vagha,Anuj Vagha,Men's,INDIAN PADEL TOUR 9.0,INDIAN PADEL TOUR 9.0,grand_slam,2026-02,2026-02-15,intermediate,r16,20,True,,,,,,,2025-26 and earlier,2027-02-15,2027-07-01,False
ranked-anurag-barmecha,Anurag Barmecha,Men's,BANGALORE CITY OPEN 2.0,BANGALORE CITY OPEN 2.0,city_open,2026-04,2026-04-12,intermediate,quarter_finalist,18,True,,,,,,,2025-26 and earlier,2027-04-12,2027-07-01,False
ranked-anurag-rao,Anurag Rao,Men's,BANGALORE CITY OPEN 2.0,BANGALORE CITY OPEN 2.0,city_open,2026-04,2026-04-12,advance,semi_finalist,160,True,,,,,,,2025-26 and earlier,2027-04-12,2027-07-01,False
ranked-arhaan-shah,Arhaan Shah,Men's,MUMBAI CITY OPEN 3.0,MUMBAI CITY OPEN 3.0,city_open,2025-09,2025-09-28,beginner,winner,30,True,,,,,,,2025-26 and earlier,2026-09-28,2027-07-01,False
ranked-arhaan-shah,Arhaan Shah,Men's,MUMBAI CITY OPEN 4.0,MUMBAI CITY OPEN 4.0,city_open,2026-01,2026-01-11,intermediate,quarter_finalist,18,True,,,,,,,2025-26 and earlier,2027-01-11,2027-07-01,False
ranked-arihant-jhaveri,Arihant Jhaveri,Men's,INDIAN PADEL TOUR 9.0,INDIAN PADEL TOUR 9.0,grand_slam,2026-02,2026-02-15,beginner,quarter_finalist,15,True,,,,,,,2025-26 and earlier,2027-02-15,2027-07-01,False
ranked-arjun-agarwal,Arjun Agarwal,Men's,INDIAN PADEL TOUR 8.0,INDIAN PADEL TOUR 8.0,grand_slam,2025-11,2025-11-30,advance,r16,120,True,,,,,,,2025-26 and earlier,2026-11-30,2027-07-01,False
ranked-arjun-agarwal,Arjun Agarwal,Men's,INDIAN PADEL TOUR 9.0,INDIAN PADEL TOUR 9.0,grand_slam,2026-02,2026-02-15,advance,r16,120,True,,,,,,,2025-26 and earlier,2027-02-15,2027-07-01,False
ranked-arjun-kochhar,Arjun Kochhar,Men's,MUMBAI CITY OPEN 3.0,MUMBAI CITY OPEN 3.0,city_open,2025-09,2025-09-28,advance,quarter_finalist,120,True,,,,,,,2025-26 and earlier,2026-09-28,2027-07-01,False
ranked-arjun-kochhar,Arjun Kochhar,Men's,INDIAN PADEL TOUR 8.0,INDIAN PADEL TOUR 8.0,grand_slam,2025-11,2025-11-30,advance,r16,120,True,,,,,,,2025-26 and earlier,2026-11-30,2027-07-01,False
ranked-arjun-kochhar,Arjun Kochhar,Men's,MUMBAI CITY OPEN 4.0,MUMBAI CITY OPEN 4.0,city_open,2026-01,2026-01-11,advance,quarter_finalist,120,True,,,,,,,2025-26 and earlier,2027-01-11,2027-07-01,False
ranked-arjun-kochhar,Arjun Kochhar,Men's,GOA CITY OPEN 1.0,GOA CITY OPEN 1.0,city_open,2026-01,2026-01-25,advance,quarter_finalist,120,True,,,,,,,2025-26 and earlier,2027-01-25,2027-07-01,False
ranked-arjun-kochhar,Arjun Kochhar,Men's,INDIAN PADEL TOUR 9.0,INDIAN PADEL TOUR 9.0,grand_slam,2026-02,2026-02-15,advance,quarter_finalist,180,True,,,,,,,2025-26 and earlier,2027-02-15,2027-07-01,False
ranked-arjun-kochhar,Arjun Kochhar,Men's,AHMEDABAD CITY OPEN,AHMEDABAD CITY OPEN,city_open,2026-03,2026-03-15,advance,semi_finalist,160,True,,,,,,,2025-26 and earlier,2027-03-15,2027-07-01,False
ranked-arjun-kochhar,Arjun Kochhar,Men's,INDIAN PADEL TOUR 10.0,INDIAN PADEL TOUR 10.0,grand_slam,2026-04,2026-04-26,advance,semi_finalist,240,True,,,,,,,2025-26 and earlier,2027-04-26,2027-07-01,False
ranked-arjun-krisson,Arjun Krisson,Men's,BANGALORE CITY OPEN 2.0,BANGALORE CITY OPEN 2.0,city_open,2026-04,2026-04-12,intermediate,semi_finalist,24,True,,,,,,,2025-26 and earlier,2027-04-12,2027-07-01,False
ranked-arjun-melwani,Arjun Melwani,Men's,INDIAN PADEL TOUR 8.0,INDIAN PADEL TOUR 8.0,grand_slam,2025-11,2025-11-30,beginner,winner,50,True,,,,,,,2025-26 and earlier,2026-11-30,2027-07-01,False
ranked-arjun-shah,Arjun Shah,Men's,MUMBAI CITY OPEN 4.0,MUMBAI CITY OPEN 4.0,city_open,2026-01,2026-01-11,advance,quarter_finalist,120,True,,,,,,,2025-26 and earlier,2027-01-11,2027-07-01,False
ranked-arjun-shah,Arjun Shah,Men's,INDIAN PADEL TOUR 9.0,INDIAN PADEL TOUR 9.0,grand_slam,2026-02,2026-02-15,advance,quarter_finalist,180,True,,,,,,,2025-26 and earlier,2027-02-15,2027-07-01,False
ranked-arjun-shah,Arjun Shah,Men's,AHMEDABAD CITY OPEN,AHMEDABAD CITY OPEN,city_open,2026-03,2026-03-15,advance,quarter_finalist,120,True,,,,,,,2025-26 and earlier,2027-03-15,2027-07-01,False
ranked-arnav-ghai,Arnav Ghai,Men's,CHANDIGARH CITY OPEN,CHANDIGARH CITY OPEN,city_open,2025-11,2025-11-16,intermediate,quarter_finalist,18,True,,,,,,,2025-26 and earlier,2026-11-16,2027-07-01,False
ranked-arsh-jairath,Arsh Jairath,Men's,INDIAN PADEL TOUR 10.0,INDIAN PADEL TOUR 10.0,grand_slam,2026-04,2026-04-26,beginner,quarter_finalist,15,True,,,,,,,2025-26 and earlier,2027-04-26,2027-07-01,False
ranked-arshay-jain,Arshay Jain,Men's,INDIAN PADEL TOUR 10.0,INDIAN PADEL TOUR 10.0,grand_slam,2026-04,2026-04-26,beginner,quarter_finalist,15,True,,,,,,,2025-26 and earlier,2027-04-26,2027-07-01,False
ranked-arun-chery,Arun Chery,Men's,KOCHI CITY OPEN,KOCHI CITY OPEN,city_open,2025-09,2025-09-14,intermediate,winner,60,True,,,,,,,2025-26 and earlier,2026-09-14,2027-07-01,True
ranked-aryan-budhiraja,Aryan Budhiraja,Men's,INDIAN PADEL TOUR 10.0,INDIAN PADEL TOUR 10.0,grand_slam,2026-04,2026-04-26,beginner,quarter_finalist,15,True,,,,,,,2025-26 and earlier,2027-04-26,2027-07-01,False
ranked-aryan-sanghvi,Aryan Sanghvi,Men's,INDIAN PADEL TOUR 9.0,INDIAN PADEL TOUR 9.0,grand_slam,2026-02,2026-02-15,intermediate,quarter_finalist,30,True,,,,,,,2025-26 and earlier,2027-02-15,2027-07-01,False
ranked-ashish-kumar,Ashish Kumar,Men's,INDIAN PADEL TOUR 8.0,INDIAN PADEL TOUR 8.0,grand_slam,2025-11,2025-11-30,intermediate,r16,20,True,,,,,,,2025-26 and earlier,2026-11-30,2027-07-01,False
ranked-atiff-bham,Atiff Bham,Men's,INDIAN PADEL TOUR 8.0,INDIAN PADEL TOUR 8.0,grand_slam,2025-11,2025-11-30,beginner,winner,50,True,,,,,,,2025-26 and earlier,2026-11-30,2027-07-01,False
ranked-aurangzeb-anabagil,Aurangzeb Anabagil,Men's,INDIAN PADEL TOUR 7.0,INDIAN PADEL TOUR 7.0,grand_slam,2025-08,2025-08-03,intermediate,r16,20,True,,,,,,,2025-26 and earlier,2026-08-03,2027-07-01,True
ranked-austin-varghese,Austin Varghese,Men's,INDIAN PADEL TOUR 7.0,INDIAN PADEL TOUR 7.0,grand_slam,2025-08,2025-08-03,advance,semi_finalist,240,True,,,,,,,2025-26 and earlier,2026-08-03,2027-07-01,True
ranked-avinash-mansukhani,Avinash Mansukhani,Men's,MUMBAI CITY OPEN 3.0,MUMBAI CITY OPEN 3.0,city_open,2025-09,2025-09-28,intermediate,quarter_finalist,18,True,,,,,,,2025-26 and earlier,2026-09-28,2027-07-01,False
ranked-avinash-mansukhani,Avinash Mansukhani,Men's,INDIAN PADEL TOUR 8.0,INDIAN PADEL TOUR 8.0,grand_slam,2025-11,2025-11-30,intermediate,r16,20,True,,,,,,,2025-26 and earlier,2026-11-30,2027-07-01,False
ranked-ayush-grover,Ayush Grover,Men's,INDIAN PADEL TOUR 10.0,INDIAN PADEL TOUR 10.0,grand_slam,2026-04,2026-04-26,intermediate,finalist,60,True,,,,,,,2025-26 and earlier,2027-04-26,2027-07-01,False
ranked-bhanu-arora,Bhanu Arora,Men's,CHANDIGARH CITY OPEN,CHANDIGARH CITY OPEN,city_open,2025-11,2025-11-16,intermediate,semi_finalist,24,True,,,,,,,2025-26 and earlier,2026-11-16,2027-07-01,False
ranked-bharat-singh,Bharat Singh,Men's,GOA CITY OPEN 1.0,GOA CITY OPEN 1.0,city_open,2026-01,2026-01-25,beginner,quarter_finalist,9,True,,,,,,,2025-26 and earlier,2027-01-25,2027-07-01,False
ranked-bhargav-kodali,Bhargav Kodali,Men's,INDIAN PADEL TOUR 10.0,INDIAN PADEL TOUR 10.0,grand_slam,2026-04,2026-04-26,beginner,finalist,30,True,,,,,,,2025-26 and earlier,2027-04-26,2027-07-01,False
ranked-bhishma-desai,Bhishma Desai,Men's,AHMEDABAD CITY OPEN,AHMEDABAD CITY OPEN,city_open,2026-03,2026-03-15,intermediate,finalist,36,True,,,,,,,2025-26 and earlier,2027-03-15,2027-07-01,False
ranked-chait-advani,Chait Advani,Men's,GOA CITY OPEN 1.0,GOA CITY OPEN 1.0,city_open,2026-01,2026-01-25,intermediate,quarter_finalist,18,True,,,,,,,2025-26 and earlier,2027-01-25,2027-07-01,False
ranked-chirag-pangoriya,Chirag Pangoriya,Men's,INDIAN PADEL TOUR 8.0,INDIAN PADEL TOUR 8.0,grand_slam,2025-11,2025-11-30,intermediate,r16,20,True,,,,,,,2025-26 and earlier,2026-11-30,2027-07-01,False
ranked-chirag-pangoriya,Chirag Pangoriya,Men's,MUMBAI CITY OPEN 4.0,MUMBAI CITY OPEN 4.0,city_open,2026-01,2026-01-11,intermediate,r16,12,True,,,,,,,2025-26 and earlier,2027-01-11,2027-07-01,False
ranked-dashrath-somashekar,Dashrath Somashekar,Men's,BANGALORE CITY OPEN 2.0,BANGALORE CITY OPEN 2.0,city_open,2026-04,2026-04-12,beginner,semi_finalist,12,True,,,,,,,2025-26 and earlier,2027-04-12,2027-07-01,False
ranked-deepak-chugh,Deepak Chugh,Men's,INDIAN PADEL TOUR 7.0,INDIAN PADEL TOUR 7.0,grand_slam,2025-08,2025-08-03,intermediate,quarter_finalist,30,True,,,,,,,2025-26 and earlier,2026-08-03,2027-07-01,True
ranked-deepak-chugh,Deepak Chugh,Men's,AHMEDABAD CITY OPEN,AHMEDABAD CITY OPEN,city_open,2026-03,2026-03-15,advance,quarter_finalist,120,True,,,,,,,2025-26 and earlier,2027-03-15,2027-07-01,False
ranked-dev-mehta,Dev Mehta,Men's,BANGALORE CITY OPEN 2.0,BANGALORE CITY OPEN 2.0,city_open,2026-04,2026-04-12,beginner,finalist,18,True,,,,,,,2025-26 and earlier,2027-04-12,2027-07-01,False
ranked-dev-singh,Dev Singh,Men's,INDIAN PADEL TOUR 8.0,INDIAN PADEL TOUR 8.0,grand_slam,2025-11,2025-11-30,intermediate,r16,20,True,,,,,,,2025-26 and earlier,2026-11-30,2027-07-01,False
ranked-devrath-sagar,Devrath Sagar,Men's,INDIAN PADEL TOUR 7.0,INDIAN PADEL TOUR 7.0,grand_slam,2025-08,2025-08-03,intermediate,finalist,60,True,,,,,,,2025-26 and earlier,2026-08-03,2027-07-01,True
ranked-dhruv-chugh,Dhruv Chugh,Men's,INDIAN PADEL TOUR 7.0,INDIAN PADEL TOUR 7.0,grand_slam,2025-08,2025-08-03,intermediate,winner,100,True,,,,,,,2025-26 and earlier,2026-08-03,2027-07-01,True
ranked-dhruv-nath,Dhruv Nath,Men's,MUMBAI CITY OPEN 4.0,MUMBAI CITY OPEN 4.0,city_open,2026-01,2026-01-11,beginner,quarter_finalist,9,True,,,,,,,2025-26 and earlier,2027-01-11,2027-07-01,False
ranked-dhruv-sanghai,Dhruv Sanghai,Men's,INDIAN PADEL TOUR 8.0,INDIAN PADEL TOUR 8.0,grand_slam,2025-11,2025-11-30,intermediate,semi_finalist,40,True,,,,,,,2025-26 and earlier,2026-11-30,2027-07-01,False
ranked-dhruv-sanghai,Dhruv Sanghai,Men's,MUMBAI CITY OPEN 4.0,MUMBAI CITY OPEN 4.0,city_open,2026-01,2026-01-11,intermediate,finalist,36,True,,,,,,,2025-26 and earlier,2027-01-11,2027-07-01,False
ranked-dhruv-sanghai,Dhruv Sanghai,Men's,INDIAN PADEL TOUR 9.0,INDIAN PADEL TOUR 9.0,grand_slam,2026-02,2026-02-15,intermediate,r16,20,True,,,,,,,2025-26 and earlier,2027-02-15,2027-07-01,False
ranked-diyaan-chheda,Diyaan Chheda,Men's,INDIAN PADEL TOUR 8.0,INDIAN PADEL TOUR 8.0,grand_slam,2025-11,2025-11-30,advance,r16,120,True,,,,,,,2025-26 and earlier,2026-11-30,2027-07-01,False
ranked-eran-sai-teja,Eran Sai Teja,Men's,INDIAN PADEL TOUR 7.0,INDIAN PADEL TOUR 7.0,grand_slam,2025-08,2025-08-03,intermediate,semi_finalist,40,True,,,,,,,2025-26 and earlier,2026-08-03,2027-07-01,True
ranked-gaurav-d,Gaurav D,Men's,GOA CITY OPEN 1.0,GOA CITY OPEN 1.0,city_open,2026-01,2026-01-25,intermediate,quarter_finalist,18,True,,,,,,,2025-26 and earlier,2027-01-25,2027-07-01,False
ranked-govind-mohan,Govind Mohan,Men's,MUMBAI CITY OPEN 3.0,MUMBAI CITY OPEN 3.0,city_open,2025-09,2025-09-28,advance,quarter_finalist,120,True,,,,,,,2025-26 and earlier,2026-09-28,2027-07-01,False
ranked-gurangad-malik,Gurangad Malik,Men's,INDIAN PADEL TOUR 9.0,INDIAN PADEL TOUR 9.0,grand_slam,2026-02,2026-02-15,intermediate,quarter_finalist,30,True,,,,,,,2025-26 and earlier,2027-02-15,2027-07-01,False
ranked-hardik-vardhan,Hardik Vardhan,Men's,MUMBAI CITY OPEN 3.0,MUMBAI CITY OPEN 3.0,city_open,2025-09,2025-09-28,intermediate,quarter_finalist,18,True,,,,,,,2025-26 and earlier,2026-09-28,2027-07-01,False
ranked-hardik-vardhan,Hardik Vardhan,Men's,MUMBAI CITY OPEN 4.0,MUMBAI CITY OPEN 4.0,city_open,2026-01,2026-01-11,intermediate,r16,12,True,,,,,,,2025-26 and earlier,2027-01-11,2027-07-01,False
ranked-harsh-chauhan,Harsh Chauhan,Men's,INDIAN PADEL TOUR 8.0,INDIAN PADEL TOUR 8.0,grand_slam,2025-11,2025-11-30,beginner,quarter_finalist,15,True,,,,,,,2025-26 and earlier,2026-11-30,2027-07-01,False
ranked-harsh-keswani,Harsh Keswani,Men's,INDIAN PADEL TOUR 9.0,INDIAN PADEL TOUR 9.0,grand_slam,2026-02,2026-02-15,beginner,quarter_finalist,15,True,,,,,,,2025-26 and earlier,2027-02-15,2027-07-01,False
ranked-harsh-seth,Harsh Seth,Men's,GOA CITY OPEN 1.0,GOA CITY OPEN 1.0,city_open,2026-01,2026-01-25,beginner,finalist,18,True,,,,,,,2025-26 and earlier,2027-01-25,2027-07-01,False
ranked-harshal-rukhaiyar,Harshal Rukhaiyar,Men's,INDIAN PADEL TOUR 7.0,INDIAN PADEL TOUR 7.0,grand_slam,2025-08,2025-08-03,advance,r16,120,True,,,,,,,2025-26 and earlier,2026-08-03,2027-07-01,True
ranked-himanshu-mali,Himanshu Mali,Men's,INDIAN PADEL TOUR 8.0,INDIAN PADEL TOUR 8.0,grand_slam,2025-11,2025-11-30,advance,r16,120,True,,,,,,,2025-26 and earlier,2026-11-30,2027-07-01,False
ranked-himanshu-mali,Himanshu Mali,Men's,MUMBAI CITY OPEN 4.0,MUMBAI CITY OPEN 4.0,city_open,2026-01,2026-01-11,advance,quarter_finalist,120,True,,,,,,,2025-26 and earlier,2027-01-11,2027-07-01,False
ranked-himanshu-mali,Himanshu Mali,Men's,INDIAN PADEL TOUR 9.0,INDIAN PADEL TOUR 9.0,grand_slam,2026-02,2026-02-15,advance,r16,120,True,,,,,,,2025-26 and earlier,2027-02-15,2027-07-01,False
ranked-hussain-badri,Hussain Badri,Men's,INDIAN PADEL TOUR 8.0,INDIAN PADEL TOUR 8.0,grand_slam,2025-11,2025-11-30,advance,r16,120,True,,,,,,,2025-26 and earlier,2026-11-30,2027-07-01,False
ranked-hussain-badri,Hussain Badri,Men's,INDIAN PADEL TOUR 9.0,INDIAN PADEL TOUR 9.0,grand_slam,2026-02,2026-02-15,advance,r16,120,True,,,,,,,2025-26 and earlier,2027-02-15,2027-07-01,False
ranked-inder-prakash-khatri,Inder Prakash Khatri,Men's,INDIAN PADEL TOUR 7.0,INDIAN PADEL TOUR 7.0,grand_slam,2025-08,2025-08-03,intermediate,r16,20,True,,,,,,,2025-26 and earlier,2026-08-03,2027-07-01,True
ranked-ishaan-maitreya,Ishaan Maitreya,Men's,INDIAN PADEL TOUR 9.0,INDIAN PADEL TOUR 9.0,grand_slam,2026-02,2026-02-15,beginner,winner,50,True,,,,,,,2025-26 and earlier,2027-02-15,2027-07-01,False
ranked-jaanav-reddy,Jaanav Reddy,Men's,BANGALORE CITY OPEN 2.0,BANGALORE CITY OPEN 2.0,city_open,2026-04,2026-04-12,beginner,winner,30,True,,,,,,,2025-26 and earlier,2027-04-12,2027-07-01,False
ranked-jash-shah,Jash Shah,Men's,MUMBAI CITY OPEN 3.0,MUMBAI CITY OPEN 3.0,city_open,2025-09,2025-09-28,intermediate,quarter_finalist,18,True,,,,,,,2025-26 and earlier,2026-09-28,2027-07-01,False
ranked-jasmer-kapany,Jasmer Kapany,Men's,INDIAN PADEL TOUR 7.0,INDIAN PADEL TOUR 7.0,grand_slam,2025-08,2025-08-03,advance,quarter_finalist,180,True,,,,,,,2025-26 and earlier,2026-08-03,2027-07-01,True
ranked-jasmer-kapany,Jasmer Kapany,Men's,CHANDIGARH CITY OPEN,CHANDIGARH CITY OPEN,city_open,2025-11,2025-11-16,advance,semi_finalist,160,True,,,,,,,2025-26 and earlier,2026-11-16,2027-07-01,False
ranked-jasmer-kapany,Jasmer Kapany,Men's,INDIAN PADEL TOUR 8.0,INDIAN PADEL TOUR 8.0,grand_slam,2025-11,2025-11-30,advance,r16,120,True,,,,,,,2025-26 and earlier,2026-11-30,2027-07-01,False
ranked-jasmer-kapany,Jasmer Kapany,Men's,Goa Grandslam 11.0,Goa Grandslam 11.0,grand_slam,2026-08,2026-08-16,advance,semi_finalist,216,True,Paramveer Bajwa,draw_entry,4.0,1.0,,ipt-goa-grandslam-11-0,2026-27,2027-08-16,2027-07-01,False
ranked-jason-varghese,Jason Varghese,Men's,INDIAN PADEL TOUR 7.0,INDIAN PADEL TOUR 7.0,grand_slam,2025-08,2025-08-03,intermediate,quarter_finalist,30,True,,,,,,,2025-26 and earlier,2026-08-03,2027-07-01,True
ranked-jay-dalal,Jay Dalal,Men's,INDIAN PADEL TOUR 8.0,INDIAN PADEL TOUR 8.0,grand_slam,2025-11,2025-11-30,advance,r16,120,True,,,,,,,2025-26 and earlier,2026-11-30,2027-07-01,False
ranked-jeet-desai,Jeet Desai,Men's,INDIAN PADEL TOUR 9.0,INDIAN PADEL TOUR 9.0,grand_slam,2026-02,2026-02-15,beginner,winner,50,True,,,,,,,2025-26 and earlier,2027-02-15,2027-07-01,False
ranked-jigar-doshi,Jigar Doshi,Men's,INDIAN PADEL TOUR 7.0,INDIAN PADEL TOUR 7.0,grand_slam,2025-08,2025-08-03,intermediate,r16,20,True,,,,,,,2025-26 and earlier,2026-08-03,2027-07-01,True
ranked-joseph-palal,Joseph Palal,Men's,KOCHI CITY OPEN,KOCHI CITY OPEN,city_open,2025-09,2025-09-14,intermediate,quarter_finalist,18,True,,,,,,,2025-26 and earlier,2026-09-14,2027-07-01,True
ranked-josh-bhasin,Josh Bhasin,Men's,INDIAN PADEL TOUR 7.0,INDIAN PADEL TOUR 7.0,grand_slam,2025-08,2025-08-03,advance,r16,120,True,,,,,,,2025-26 and earlier,2026-08-03,2027-07-01,True
ranked-josh-bhasin,Josh Bhasin,Men's,CHANDIGARH CITY OPEN,CHANDIGARH CITY OPEN,city_open,2025-11,2025-11-16,advance,semi_finalist,160,True,,,,,,,2025-26 and earlier,2026-11-16,2027-07-01,False
ranked-k-k-cherian,K K Cherian,Men's,KOCHI CITY OPEN,KOCHI CITY OPEN,city_open,2025-09,2025-09-14,intermediate,quarter_finalist,18,True,,,,,,,2025-26 and earlier,2026-09-14,2027-07-01,True
ranked-kabbir-sukhwani,Kabbir Sukhwani,Men's,INDIAN PADEL TOUR 9.0,INDIAN PADEL TOUR 9.0,grand_slam,2026-02,2026-02-15,intermediate,semi_finalist,40,True,,,,,,,2025-26 and earlier,2027-02-15,2027-07-01,False
ranked-kamran-attarwala,Kamran Attarwala,Men's,MUMBAI CITY OPEN 4.0,MUMBAI CITY OPEN 4.0,city_open,2026-01,2026-01-11,beginner,quarter_finalist,9,True,,,,,,,2025-26 and earlier,2027-01-11,2027-07-01,False
ranked-kannan-rahul,Kannan Rahul,Men's,MUMBAI CITY OPEN 4.0,MUMBAI CITY OPEN 4.0,city_open,2026-01,2026-01-11,beginner,quarter_finalist,9,True,,,,,,,2025-26 and earlier,2027-01-11,2027-07-01,False
ranked-karan-bhangay,Karan Bhangay,Men's,GOA CITY OPEN 1.0,GOA CITY OPEN 1.0,city_open,2026-01,2026-01-25,beginner,quarter_finalist,9,True,,,,,,,2025-26 and earlier,2027-01-25,2027-07-01,False
ranked-karan-goenka,Karan Goenka,Men's,BANGALORE CITY OPEN 2.0,BANGALORE CITY OPEN 2.0,city_open,2026-04,2026-04-12,intermediate,finalist,36,True,,,,,,,2025-26 and earlier,2027-04-12,2027-07-01,False
ranked-karan-parekh,Karan Parekh,Men's,INDIAN PADEL TOUR 8.0,INDIAN PADEL TOUR 8.0,grand_slam,2025-11,2025-11-30,intermediate,finalist,60,True,,,,,,,2025-26 and earlier,2026-11-30,2027-07-01,False
ranked-karan-singh,Karan Singh,Men's,GOA CITY OPEN 1.0,GOA CITY OPEN 1.0,city_open,2026-01,2026-01-25,beginner,semi_finalist,12,True,,,,,,,2025-26 and earlier,2027-01-25,2027-07-01,False
ranked-karn-shukla,Karn Shukla,Men's,MUMBAI CITY OPEN 4.0,MUMBAI CITY OPEN 4.0,city_open,2026-01,2026-01-11,beginner,finalist,18,True,,,,,,,2025-26 and earlier,2027-01-11,2027-07-01,False
ranked-karthikeyan-polavarapu,Karthikeyan Polavarapu,Men's,INDIAN PADEL TOUR 10.0,INDIAN PADEL TOUR 10.0,grand_slam,2026-04,2026-04-26,beginner,finalist,30,True,,,,,,,2025-26 and earlier,2027-04-26,2027-07-01,False
ranked-kashish-malkani,Kashish Malkani,Men's,INDIAN PADEL TOUR 7.0,INDIAN PADEL TOUR 7.0,grand_slam,2025-08,2025-08-03,intermediate,r16,20,True,,,,,,,2025-26 and earlier,2026-08-03,2027-07-01,True
ranked-kashish-malkani,Kashish Malkani,Men's,GOA CITY OPEN 1.0,GOA CITY OPEN 1.0,city_open,2026-01,2026-01-25,intermediate,semi_finalist,24,True,,,,,,,2025-26 and earlier,2027-01-25,2027-07-01,False
ranked-kashyap-ashok,Kashyap Ashok,Men's,INDIAN PADEL TOUR 10.0,INDIAN PADEL TOUR 10.0,grand_slam,2026-04,2026-04-26,advance,quarter_finalist,180,True,,,,,,,2025-26 and earlier,2027-04-26,2027-07-01,False
ranked-kaustubh-thakur,Kaustubh Thakur,Men's,Mumbai City Open 5.0,Mumbai City Open 5.0,city_open,2026-08,2026-08-02,intermediate,finalist,30,True,Pratik Bhatia,draw_entry,4.0,1.0,,mumbai-city-open-5-01,2026-27,2027-08-02,2027-07-01,False
ranked-keenan-tham,Keenan Tham,Men's,MUMBAI CITY OPEN 3.0,MUMBAI CITY OPEN 3.0,city_open,2025-09,2025-09-28,intermediate,semi_finalist,24,True,,,,,,,2025-26 and earlier,2026-09-28,2027-07-01,False
ranked-krishna-chawla,Krishna Chawla,Men's,MUMBAI CITY OPEN 3.0,MUMBAI CITY OPEN 3.0,city_open,2025-09,2025-09-28,intermediate,r16,12,True,,,,,,,2025-26 and earlier,2026-09-28,2027-07-01,False
ranked-krishna-daryanani,Krishna Daryanani,Men's,BANGALORE CITY OPEN 2.0,BANGALORE CITY OPEN 2.0,city_open,2026-04,2026-04-12,beginner,semi_finalist,12,True,,,,,,,2025-26 and earlier,2027-04-12,2027-07-01,False
ranked-lokesh-pun,Lokesh Pun,Men's,INDIAN PADEL TOUR 10.0,INDIAN PADEL TOUR 10.0,grand_slam,2026-04,2026-04-26,intermediate,finalist,60,True,,,,,,,2025-26 and earlier,2027-04-26,2027-07-01,False
ranked-madhav-kotak,Madhav Kotak,Men's,MUMBAI CITY OPEN 3.0,MUMBAI CITY OPEN 3.0,city_open,2025-09,2025-09-28,intermediate,r16,12,True,,,,,,,2025-26 and earlier,2026-09-28,2027-07-01,False
ranked-manav-peshwani,Manav Peshwani,Men's,BANGALORE CITY OPEN 2.0,BANGALORE CITY OPEN 2.0,city_open,2026-04,2026-04-12,advance,semi_finalist,160,True,,,,,,,2025-26 and earlier,2027-04-12,2027-07-01,False
ranked-mangesh-iname,Mangesh Iname,Men's,INDIAN PADEL TOUR 8.0,INDIAN PADEL TOUR 8.0,grand_slam,2025-11,2025-11-30,beginner,finalist,30,True,,,,,,,2025-26 and earlier,2026-11-30,2027-07-01,False
ranked-manik-oberoi,Manik Oberoi,Men's,BANGALORE CITY OPEN 2.0,BANGALORE CITY OPEN 2.0,city_open,2026-04,2026-04-12,intermediate,quarter_finalist,18,True,,,,,,,2025-26 and earlier,2027-04-12,2027-07-01,False
ranked-mankaran-talwar,Mankaran Talwar,Men's,CHANDIGARH CITY OPEN,CHANDIGARH CITY OPEN,city_open,2025-11,2025-11-16,intermediate,semi_finalist,24,True,,,,,,,2025-26 and earlier,2026-11-16,2027-07-01,False
ranked-matt-shaw,Matt Shaw,Men's,GOA CITY OPEN 1.0,GOA CITY OPEN 1.0,city_open,2026-01,2026-01-25,intermediate,quarter_finalist,18,True,,,,,,,2025-26 and earlier,2027-01-25,2027-07-01,False
ranked-medhansh-nagpal,Medhansh Nagpal,Men's,INDIAN PADEL TOUR 9.0,INDIAN PADEL TOUR 9.0,grand_slam,2026-02,2026-02-15,intermediate,r16,20,True,,,,,,,2025-26 and earlier,2027-02-15,2027-07-01,False
ranked-megh-patel,Megh Patel,Men's,INDIAN PADEL TOUR 7.0,INDIAN PADEL TOUR 7.0,grand_slam,2025-08,2025-08-03,advance,quarter_finalist,180,True,,,,,,,2025-26 and earlier,2026-08-03,2027-07-01,True
ranked-mir-mehta,Mir Mehta,Men's,INDIAN PADEL TOUR 9.0,INDIAN PADEL TOUR 9.0,grand_slam,2026-02,2026-02-15,intermediate,semi_finalist,40,True,,,,,,,2025-26 and earlier,2027-02-15,2027-07-01,False
ranked-mohammed-junaid,Mohammed Junaid,Men's,BANGALORE CITY OPEN 2.0,BANGALORE CITY OPEN 2.0,city_open,2026-04,2026-04-12,beginner,quarter_finalist,9,True,,,,,,,2025-26 and earlier,2027-04-12,2027-07-01,False
ranked-mohammed-rushnaiwala,Mohammed Rushnaiwala,Men's,INDIAN PADEL TOUR 9.0,INDIAN PADEL TOUR 9.0,grand_slam,2026-02,2026-02-15,intermediate,quarter_finalist,30,True,,,,,,,2025-26 and earlier,2027-02-15,2027-07-01,False
ranked-mohammed-talha-gigani,Mohammed Talha Gigani,Men's,MUMBAI CITY OPEN 3.0,MUMBAI CITY OPEN 3.0,city_open,2025-09,2025-09-28,intermediate,r16,12,True,,,,,,,2025-26 and earlier,2026-09-28,2027-07-01,False
ranked-mohammed-talha-gigani,Mohammed Talha Gigani,Men's,INDIAN PADEL TOUR 8.0,INDIAN PADEL TOUR 8.0,grand_slam,2025-11,2025-11-30,intermediate,r16,20,True,,,,,,,2025-26 and earlier,2026-11-30,2027-07-01,False
ranked-mohit-dahiya,Mohit Dahiya,Men's,INDIAN PADEL TOUR 8.0,INDIAN PADEL TOUR 8.0,grand_slam,2025-11,2025-11-30,advance,r16,120,True,,,,,,,2025-26 and earlier,2026-11-30,2027-07-01,False
ranked-mudit-sanghavi,Mudit Sanghavi,Men's,INDIAN PADEL TOUR 9.0,INDIAN PADEL TOUR 9.0,grand_slam,2026-02,2026-02-15,intermediate,r16,20,True,,,,,,,2025-26 and earlier,2027-02-15,2027-07-01,False
ranked-muhammed-hussain,Muhammed Hussain,Men's,BANGALORE CITY OPEN 2.0,BANGALORE CITY OPEN 2.0,city_open,2026-04,2026-04-12,beginner,quarter_finalist,9,True,,,,,,,2025-26 and earlier,2027-04-12,2027-07-01,False
ranked-muhammed-miras,Muhammed Miras,Men's,INDIAN PADEL TOUR 7.0,INDIAN PADEL TOUR 7.0,grand_slam,2025-08,2025-08-03,advance,r16,120,True,,,,,,,2025-26 and earlier,2026-08-03,2027-07-01,True
ranked-muhsin-abdulrahiman,Muhsin Abdulrahiman,Men's,KOCHI CITY OPEN,KOCHI CITY OPEN,city_open,2025-09,2025-09-14,intermediate,quarter_finalist,18,True,,,,,,,2025-26 and earlier,2026-09-14,2027-07-01,True
ranked-nandish-vasa,Nandish Vasa,Men's,INDIAN PADEL TOUR 9.0,INDIAN PADEL TOUR 9.0,grand_slam,2026-02,2026-02-15,intermediate,r16,20,True,,,,,,,2025-26 and earlier,2027-02-15,2027-07-01,False
ranked-nasir-masood,Nasir Masood,Men's,BANGALORE CITY OPEN 2.0,BANGALORE CITY OPEN 2.0,city_open,2026-04,2026-04-12,intermediate,finalist,36,True,,,,,,,2025-26 and earlier,2027-04-12,2027-07-01,False
ranked-neeraj-janthly,Neeraj Janthly,Men's,BANGALORE CITY OPEN 2.0,BANGALORE CITY OPEN 2.0,city_open,2026-04,2026-04-12,beginner,quarter_finalist,9,True,,,,,,,2025-26 and earlier,2027-04-12,2027-07-01,False
ranked-neil-kadakia,Neil Kadakia,Men's,MUMBAI CITY OPEN 3.0,MUMBAI CITY OPEN 3.0,city_open,2025-09,2025-09-28,intermediate,quarter_finalist,18,True,,,,,,,2025-26 and earlier,2026-09-28,2027-07-01,False
ranked-neil-kadakia,Neil Kadakia,Men's,INDIAN PADEL TOUR 8.0,INDIAN PADEL TOUR 8.0,grand_slam,2025-11,2025-11-30,intermediate,quarter_finalist,30,True,,,,,,,2025-26 and earlier,2026-11-30,2027-07-01,False
ranked-neil-kadakia,Neil Kadakia,Men's,MUMBAI CITY OPEN 4.0,MUMBAI CITY OPEN 4.0,city_open,2026-01,2026-01-11,intermediate,winner,60,True,,,,,,,2025-26 and earlier,2027-01-11,2027-07-01,False
ranked-neil-walter,Neil Walter,Men's,GOA CITY OPEN 1.0,GOA CITY OPEN 1.0,city_open,2026-01,2026-01-25,intermediate,semi_finalist,24,True,,,,,,,2025-26 and earlier,2027-01-25,2027-07-01,False
ranked-nihal-hemdev,Nihal Hemdev,Men's,INDIAN PADEL TOUR 9.0,INDIAN PADEL TOUR 9.0,grand_slam,2026-02,2026-02-15,beginner,quarter_finalist,15,True,,,,,,,2025-26 and earlier,2027-02-15,2027-07-01,False
ranked-nihal-warawdekar,Nihal Warawdekar,Men's,MUMBAI CITY OPEN 4.0,MUMBAI CITY OPEN 4.0,city_open,2026-01,2026-01-11,intermediate,quarter_finalist,18,True,,,,,,,2025-26 and earlier,2027-01-11,2027-07-01,False
ranked-nikhil-sahni,Nikhil Sahni,Men's,GOA CITY OPEN 1.0,GOA CITY OPEN 1.0,city_open,2026-01,2026-01-25,beginner,semi_finalist,12,True,,,,,,,2025-26 and earlier,2027-01-25,2027-07-01,False
ranked-nishant-walimbe,Nishant Walimbe,Men's,GOA CITY OPEN 1.0,GOA CITY OPEN 1.0,city_open,2026-01,2026-01-25,beginner,quarter_finalist,9,True,,,,,,,2025-26 and earlier,2027-01-25,2027-07-01,False
ranked-nivaan-choksi,Nivaan Choksi,Men's,AHMEDABAD CITY OPEN,AHMEDABAD CITY OPEN,city_open,2026-03,2026-03-15,intermediate,quarter_finalist,18,True,,,,,,,2025-26 and earlier,2027-03-15,2027-07-01,False
ranked-param-jain,Param Jain,Men's,BANGALORE CITY OPEN 2.0,BANGALORE CITY OPEN 2.0,city_open,2026-04,2026-04-12,intermediate,quarter_finalist,18,True,,,,,,,2025-26 and earlier,2027-04-12,2027-07-01,False
ranked-parth-jindal,Parth Jindal,Men's,INDIAN PADEL TOUR 8.0,INDIAN PADEL TOUR 8.0,grand_slam,2025-11,2025-11-30,advance,r16,120,True,,,,,,,2025-26 and earlier,2026-11-30,2027-07-01,False
ranked-poojan-dodhiya,Poojan Dodhiya,Men's,AHMEDABAD CITY OPEN,AHMEDABAD CITY OPEN,city_open,2026-03,2026-03-15,intermediate,quarter_finalist,18,True,,,,,,,2025-26 and earlier,2027-03-15,2027-07-01,False
ranked-pranav-mehra,Pranav Mehra,Men's,MUMBAI CITY OPEN 3.0,MUMBAI CITY OPEN 3.0,city_open,2025-09,2025-09-28,beginner,quarter_finalist,9,True,,,,,,,2025-26 and earlier,2026-09-28,2027-07-01,False
ranked-pranav-uppal,Pranav Uppal,Men's,MUMBAI CITY OPEN 3.0,MUMBAI CITY OPEN 3.0,city_open,2025-09,2025-09-28,beginner,quarter_finalist,9,True,,,,,,,2025-26 and earlier,2026-09-28,2027-07-01,False
ranked-pranav-vakharia,Pranav Vakharia,Men's,INDIAN PADEL TOUR 7.0,INDIAN PADEL TOUR 7.0,grand_slam,2025-08,2025-08-03,intermediate,r16,20,True,,,,,,,2025-26 and earlier,2026-08-03,2027-07-01,True
ranked-pranav-vakharia,Pranav Vakharia,Men's,MUMBAI CITY OPEN 3.0,MUMBAI CITY OPEN 3.0,city_open,2025-09,2025-09-28,intermediate,quarter_finalist,18,True,,,,,,,2025-26 and earlier,2026-09-28,2027-07-01,False
ranked-pranav-vakharia,Pranav Vakharia,Men's,INDIAN PADEL TOUR 8.0,INDIAN PADEL TOUR 8.0,grand_slam,2025-11,2025-11-30,intermediate,quarter_finalist,30,True,,,,,,,2025-26 and earlier,2026-11-30,2027-07-01,False
ranked-prasham-mody,Prasham Mody,Men's,AHMEDABAD CITY OPEN,AHMEDABAD CITY OPEN,city_open,2026-03,2026-03-15,advance,quarter_finalist,120,True,,,,,,,2025-26 and earlier,2027-03-15,2027-07-01,False
ranked-pratap-pandit,Pratap Pandit,Men's,INDIAN PADEL TOUR 9.0,INDIAN PADEL TOUR 9.0,grand_slam,2026-02,2026-02-15,intermediate,r16,20,True,,,,,,,2025-26 and earlier,2027-02-15,2027-07-01,False
ranked-prateek-mago,Prateek Mago,Men's,INDIAN PADEL TOUR 10.0,INDIAN PADEL TOUR 10.0,grand_slam,2026-04,2026-04-26,beginner,quarter_finalist,15,True,,,,,,,2025-26 and earlier,2027-04-26,2027-07-01,False
ranked-pratik-kalaria,Pratik Kalaria,Men's,MUMBAI CITY OPEN 4.0,MUMBAI CITY OPEN 4.0,city_open,2026-01,2026-01-11,beginner,quarter_finalist,9,True,,,,,,,2025-26 and earlier,2027-01-11,2027-07-01,False
ranked-praveen-pundareekaksha,Praveen Pundareekaksha,Men's,INDIAN PADEL TOUR 7.0,INDIAN PADEL TOUR 7.0,grand_slam,2025-08,2025-08-03,intermediate,r16,20,True,,,,,,,2025-26 and earlier,2026-08-03,2027-07-01,True
ranked-pulkit-khurana,Pulkit Khurana,Men's,INDIAN PADEL TOUR 8.0,INDIAN PADEL TOUR 8.0,grand_slam,2025-11,2025-11-30,intermediate,r16,20,True,,,,,,,2025-26 and earlier,2026-11-30,2027-07-01,False
ranked-purav-raja,Purav Raja,Men's,MUMBAI CITY OPEN 3.0,MUMBAI CITY OPEN 3.0,city_open,2025-09,2025-09-28,advance,quarter_finalist,120,True,,,,,,,2025-26 and earlier,2026-09-28,2027-07-01,False
ranked-purav-raja,Purav Raja,Men's,INDIAN PADEL TOUR 8.0,INDIAN PADEL TOUR 8.0,grand_slam,2025-11,2025-11-30,advance,semi_finalist,240,True,,,,,,,2025-26 and earlier,2026-11-30,2027-07-01,False
ranked-purav-raja,Purav Raja,Men's,MUMBAI CITY OPEN 4.0,MUMBAI CITY OPEN 4.0,city_open,2026-01,2026-01-11,advance,semi_finalist,160,True,,,,,,,2025-26 and earlier,2027-01-11,2027-07-01,False
ranked-purav-raja,Purav Raja,Men's,INDIAN PADEL TOUR 9.0,INDIAN PADEL TOUR 9.0,grand_slam,2026-02,2026-02-15,advance,quarter_finalist,180,True,,,,,,,2025-26 and earlier,2027-02-15,2027-07-01,False
ranked-rachit-motani,Rachit Motani,Men's,INDIAN PADEL TOUR 7.0,INDIAN PADEL TOUR 7.0,grand_slam,2025-08,2025-08-03,intermediate,quarter_finalist,30,True,,,,,,,2025-26 and earlier,2026-08-03,2027-07-01,True
ranked-raghav-agarwal,Raghav Agarwal,Men's,INDIAN PADEL TOUR 9.0,INDIAN PADEL TOUR 9.0,grand_slam,2026-02,2026-02-15,advance,r16,120,True,,,,,,,2025-26 and earlier,2027-02-15,2027-07-01,False
ranked-rahil-fazelbhoy,Rahil Fazelbhoy,Men's,MUMBAI CITY OPEN 3.0,MUMBAI CITY OPEN 3.0,city_open,2025-09,2025-09-28,intermediate,r16,12,True,,,,,,,2025-26 and earlier,2026-09-28,2027-07-01,False
ranked-rahul-joseph,Rahul Joseph,Men's,INDIAN PADEL TOUR 7.0,INDIAN PADEL TOUR 7.0,grand_slam,2025-08,2025-08-03,intermediate,r16,20,True,,,,,,,2025-26 and earlier,2026-08-03,2027-07-01,True
ranked-rahul-mammen,Rahul Mammen,Men's,KOCHI CITY OPEN,KOCHI CITY OPEN,city_open,2025-09,2025-09-14,intermediate,quarter_finalist,18,True,,,,,,,2025-26 and earlier,2026-09-14,2027-07-01,True
ranked-rahul-nahar,Rahul Nahar,Men's,BANGALORE CITY OPEN 2.0,BANGALORE CITY OPEN 2.0,city_open,2026-04,2026-04-12,intermediate,quarter_finalist,18,True,,,,,,,2025-26 and earlier,2027-04-12,2027-07-01,False
ranked-rahul-sayal,Rahul Sayal,Men's,GOA CITY OPEN 1.0,GOA CITY OPEN 1.0,city_open,2026-01,2026-01-25,intermediate,quarter_finalist,18,True,,,,,,,2025-26 and earlier,2027-01-25,2027-07-01,False
ranked-raiyan-moidu,Raiyan Moidu,Men's,INDIAN PADEL TOUR 7.0,INDIAN PADEL TOUR 7.0,grand_slam,2025-08,2025-08-03,intermediate,r16,20,True,,,,,,,2025-26 and earlier,2026-08-03,2027-07-01,True
ranked-raj-shah,Raj Shah,Men's,INDIAN PADEL TOUR 9.0,INDIAN PADEL TOUR 9.0,grand_slam,2026-02,2026-02-15,beginner,quarter_finalist,15,True,,,,,,,2025-26 and earlier,2027-02-15,2027-07-01,False
ranked-raj-sheth,Raj Sheth,Men's,INDIAN PADEL TOUR 9.0,INDIAN PADEL TOUR 9.0,grand_slam,2026-02,2026-02-15,intermediate,quarter_finalist,30,True,,,,,,,2025-26 and earlier,2027-02-15,2027-07-01,False
ranked-ranbir-singh,Ranbir Singh,Men's,AHMEDABAD CITY OPEN,AHMEDABAD CITY OPEN,city_open,2026-03,2026-03-15,intermediate,quarter_finalist,18,True,,,,,,,2025-26 and earlier,2027-03-15,2027-07-01,False
ranked-ranbir-singh,Ranbir Singh,Men's,BANGALORE CITY OPEN 2.0,BANGALORE CITY OPEN 2.0,city_open,2026-04,2026-04-12,intermediate,semi_finalist,24,True,,,,,,,2025-26 and earlier,2027-04-12,2027-07-01,False
ranked-rishabh-nayyar,Rishabh Nayyar,Men's,GOA CITY OPEN 1.0,GOA CITY OPEN 1.0,city_open,2026-01,2026-01-25,beginner,quarter_finalist,9,True,,,,,,,2025-26 and earlier,2027-01-25,2027-07-01,False
ranked-rishi-lilani,Rishi Lilani,Men's,AHMEDABAD CITY OPEN,AHMEDABAD CITY OPEN,city_open,2026-03,2026-03-15,intermediate,quarter_finalist,18,True,,,,,,,2025-26 and earlier,2027-03-15,2027-07-01,False
ranked-rishi-reddy,Rishi Reddy,Men's,INDIAN PADEL TOUR 7.0,INDIAN PADEL TOUR 7.0,grand_slam,2025-08,2025-08-03,advance,winner,600,True,,,,,,,2025-26 and earlier,2026-08-03,2027-07-01,True
ranked-rishi-reddy,Rishi Reddy,Men's,INDIAN PADEL TOUR 9.0,INDIAN PADEL TOUR 9.0,grand_slam,2026-02,2026-02-15,advance,quarter_finalist,180,True,,,,,,,2025-26 and earlier,2027-02-15,2027-07-01,False
ranked-rishi-reddy,Rishi Reddy,Men's,BANGALORE CITY OPEN 2.0,BANGALORE CITY OPEN 2.0,city_open,2026-04,2026-04-12,advance,finalist,240,True,,,,,,,2025-26 and earlier,2027-04-12,2027-07-01,False
ranked-riyan-shetty,Riyan Shetty,Men's,MUMBAI CITY OPEN 3.0,MUMBAI CITY OPEN 3.0,city_open,2025-09,2025-09-28,beginner,quarter_finalist,9,True,,,,,,,2025-26 and earlier,2026-09-28,2027-07-01,False
ranked-rohaan-dalwani,Rohaan Dalwani,Men's,MUMBAI CITY OPEN 3.0,MUMBAI CITY OPEN 3.0,city_open,2025-09,2025-09-28,intermediate,semi_finalist,24,True,,,,,,,2025-26 and earlier,2026-09-28,2027-07-01,False
ranked-rohaan-dalwani,Rohaan Dalwani,Men's,INDIAN PADEL TOUR 8.0,INDIAN PADEL TOUR 8.0,grand_slam,2025-11,2025-11-30,intermediate,quarter_finalist,30,True,,,,,,,2025-26 and earlier,2026-11-30,2027-07-01,False
ranked-rohaan-dalwani,Rohaan Dalwani,Men's,MUMBAI CITY OPEN 4.0,MUMBAI CITY OPEN 4.0,city_open,2026-01,2026-01-11,intermediate,r16,12,True,,,,,,,2025-26 and earlier,2027-01-11,2027-07-01,False
ranked-rohan-ahuja,Rohan Ahuja,Men's,MUMBAI CITY OPEN 4.0,MUMBAI CITY OPEN 4.0,city_open,2026-01,2026-01-11,intermediate,semi_finalist,24,True,,,,,,,2025-26 and earlier,2027-01-11,2027-07-01,False
ranked-rohan-ahuja,Rohan Ahuja,Men's,INDIAN PADEL TOUR 9.0,INDIAN PADEL TOUR 9.0,grand_slam,2026-02,2026-02-15,intermediate,quarter_finalist,30,True,,,,,,,2025-26 and earlier,2027-02-15,2027-07-01,False
ranked-rohan-mammen,Rohan Mammen,Men's,BANGALORE CITY OPEN 2.0,BANGALORE CITY OPEN 2.0,city_open,2026-04,2026-04-12,intermediate,semi_finalist,24,True,,,,,,,2025-26 and earlier,2027-04-12,2027-07-01,False
ranked-rohan-sadarangani,Rohan Sadarangani,Men's,MUMBAI CITY OPEN 4.0,MUMBAI CITY OPEN 4.0,city_open,2026-01,2026-01-11,intermediate,r16,12,True,,,,,,,2025-26 and earlier,2027-01-11,2027-07-01,False
ranked-rohan-seolekar,Rohan Seolekar,Men's,INDIAN PADEL TOUR 8.0,INDIAN PADEL TOUR 8.0,grand_slam,2025-11,2025-11-30,beginner,semi_finalist,20,True,,,,,,,2025-26 and earlier,2026-11-30,2027-07-01,False
ranked-rohan-seolekar,Rohan Seolekar,Men's,MUMBAI CITY OPEN 4.0,MUMBAI CITY OPEN 4.0,city_open,2026-01,2026-01-11,beginner,semi_finalist,12,True,,,,,,,2025-26 and earlier,2027-01-11,2027-07-01,False
ranked-rohin-gajree,Rohin Gajree,Men's,MUMBAI CITY OPEN 4.0,MUMBAI CITY OPEN 4.0,city_open,2026-01,2026-01-11,intermediate,quarter_finalist,18,True,,,,,,,2025-26 and earlier,2027-01-11,2027-07-01,False
ranked-rohin-gajree,Rohin Gajree,Men's,INDIAN PADEL TOUR 9.0,INDIAN PADEL TOUR 9.0,grand_slam,2026-02,2026-02-15,intermediate,semi_finalist,40,True,,,,,,,2025-26 and earlier,2027-02-15,2027-07-01,False
ranked-ronnie-fernandes,Ronnie Fernandes,Men's,MUMBAI CITY OPEN 4.0,MUMBAI CITY OPEN 4.0,city_open,2026-01,2026-01-11,intermediate,r16,12,True,,,,,,,2025-26 and earlier,2027-01-11,2027-07-01,False
ranked-rudy-maheshwari,Rudy Maheshwari,Men's,GOA CITY OPEN 1.0,GOA CITY OPEN 1.0,city_open,2026-01,2026-01-25,intermediate,quarter_finalist,18,True,,,,,,,2025-26 and earlier,2027-01-25,2027-07-01,False
ranked-rushil-john,Rushil John,Men's,INDIAN PADEL TOUR 7.0,INDIAN PADEL TOUR 7.0,grand_slam,2025-08,2025-08-03,intermediate,r16,20,True,,,,,,,2025-26 and earlier,2026-08-03,2027-07-01,True
ranked-rutvik-kalaria,Rutvik Kalaria,Men's,MUMBAI CITY OPEN 4.0,MUMBAI CITY OPEN 4.0,city_open,2026-01,2026-01-11,beginner,quarter_finalist,9,True,,,,,,,2025-26 and earlier,2027-01-11,2027-07-01,False
ranked-sachiv-sharath,Sachiv Sharath,Men's,BANGALORE CITY OPEN 2.0,BANGALORE CITY OPEN 2.0,city_open,2026-04,2026-04-12,beginner,finalist,18,True,,,,,,,2025-26 and earlier,2027-04-12,2027-07-01,False
ranked-sahil-sahgal,Sahil Sahgal,Men's,INDIAN PADEL TOUR 10.0,INDIAN PADEL TOUR 10.0,grand_slam,2026-04,2026-04-26,intermediate,semi_finalist,40,True,,,,,,,2025-26 and earlier,2027-04-26,2027-07-01,False
ranked-sai-saran,Sai Saran,Men's,INDIAN PADEL TOUR 7.0,INDIAN PADEL TOUR 7.0,grand_slam,2025-08,2025-08-03,intermediate,semi_finalist,40,True,,,,,,,2025-26 and earlier,2026-08-03,2027-07-01,True
ranked-sameer-ahammed,Sameer Ahammed,Men's,INDIAN PADEL TOUR 7.0,INDIAN PADEL TOUR 7.0,grand_slam,2025-08,2025-08-03,advance,r16,120,True,,,,,,,2025-26 and earlier,2026-08-03,2027-07-01,True
ranked-sanat-goyal,Sanat Goyal,Men's,CHANDIGARH CITY OPEN,CHANDIGARH CITY OPEN,city_open,2025-11,2025-11-16,intermediate,finalist,36,True,,,,,,,2025-26 and earlier,2026-11-16,2027-07-01,False
ranked-sandeep-sanjay-chawla,Sandeep Sanjay Chawla,Men's,INDIAN PADEL TOUR 7.0,INDIAN PADEL TOUR 7.0,grand_slam,2025-08,2025-08-03,intermediate,semi_finalist,40,True,,,,,,,2025-26 and earlier,2026-08-03,2027-07-01,True
ranked-sanketh-prakash,Sanketh Prakash,Men's,BANGALORE CITY OPEN 2.0,BANGALORE CITY OPEN 2.0,city_open,2026-04,2026-04-12,beginner,quarter_finalist,9,True,,,,,,,2025-26 and earlier,2027-04-12,2027-07-01,False
ranked-sanyam-mittal,Sanyam Mittal,Men's,MUMBAI CITY OPEN 3.0,MUMBAI CITY OPEN 3.0,city_open,2025-09,2025-09-28,beginner,semi_finalist,12,True,,,,,,,2025-26 and earlier,2026-09-28,2027-07-01,False
ranked-sanyam-mittal,Sanyam Mittal,Men's,MUMBAI CITY OPEN 4.0,MUMBAI CITY OPEN 4.0,city_open,2026-01,2026-01-11,beginner,finalist,18,True,,,,,,,2025-26 and earlier,2027-01-11,2027-07-01,False
ranked-sarfraz-farooquee,Sarfraz Farooquee,Men's,BANGALORE CITY OPEN 2.0,BANGALORE CITY OPEN 2.0,city_open,2026-04,2026-04-12,beginner,quarter_finalist,9,True,,,,,,,2025-26 and earlier,2027-04-12,2027-07-01,False
ranked-sathish-kumar-p,Sathish Kumar P,Men's,INDIAN PADEL TOUR 7.0,INDIAN PADEL TOUR 7.0,grand_slam,2025-08,2025-08-03,intermediate,r16,20,True,,,,,,,2025-26 and earlier,2026-08-03,2027-07-01,True
ranked-satyavrat-rana,Satyavrat Rana,Men's,AHMEDABAD CITY OPEN,AHMEDABAD CITY OPEN,city_open,2026-03,2026-03-15,intermediate,semi_finalist,24,True,,,,,,,2025-26 and earlier,2027-03-15,2027-07-01,False
ranked-shakti-ruia,Shakti Ruia,Men's,INDIAN PADEL TOUR 9.0,INDIAN PADEL TOUR 9.0,grand_slam,2026-02,2026-02-15,intermediate,r16,20,True,,,,,,,2025-26 and earlier,2027-02-15,2027-07-01,False
ranked-shashank-narde,Shashank Narde,Men's,KOCHI CITY OPEN,KOCHI CITY OPEN,city_open,2025-09,2025-09-14,advance,winner,400,True,,,,,,,2025-26 and earlier,2026-09-14,2027-07-01,True
ranked-shashank-narde,Shashank Narde,Men's,CHANDIGARH CITY OPEN,CHANDIGARH CITY OPEN,city_open,2025-11,2025-11-16,advance,finalist,240,True,,,,,,,2025-26 and earlier,2026-11-16,2027-07-01,False
ranked-shashank-narde,Shashank Narde,Men's,INDIAN PADEL TOUR 9.0,INDIAN PADEL TOUR 9.0,grand_slam,2026-02,2026-02-15,advance,r16,120,True,,,,,,,2025-26 and earlier,2027-02-15,2027-07-01,False
ranked-shashwat-jain,Shashwat Jain,Men's,CHANDIGARH CITY OPEN,CHANDIGARH CITY OPEN,city_open,2025-11,2025-11-16,intermediate,quarter_finalist,18,True,,,,,,,2025-26 and earlier,2026-11-16,2027-07-01,False
ranked-shiva-datwani,Shiva Datwani,Men's,INDIAN PADEL TOUR 8.0,INDIAN PADEL TOUR 8.0,grand_slam,2025-11,2025-11-30,intermediate,r16,20,True,,,,,,,2025-26 and earlier,2026-11-30,2027-07-01,False
ranked-shivin-sardana,Shivin Sardana,Men's,CHANDIGARH CITY OPEN,CHANDIGARH CITY OPEN,city_open,2025-11,2025-11-16,intermediate,quarter_finalist,18,True,,,,,,,2025-26 and earlier,2026-11-16,2027-07-01,False
ranked-shreya-dugar,Shreya Dugar,Men's,MUMBAI CITY OPEN 3.0,MUMBAI CITY OPEN 3.0,city_open,2025-09,2025-09-28,intermediate,r16,12,True,,,,,,,2025-26 and earlier,2026-09-28,2027-07-01,False
ranked-shreyas-krishnaswamy,Shreyas Krishnaswamy,Men's,BANGALORE CITY OPEN 2.0,BANGALORE CITY OPEN 2.0,city_open,2026-04,2026-04-12,beginner,quarter_finalist,9,True,,,,,,,2025-26 and earlier,2027-04-12,2027-07-01,False
ranked-shyam-utamsingh,Shyam Utamsingh,Men's,KOCHI CITY OPEN,KOCHI CITY OPEN,city_open,2025-09,2025-09-14,advance,semi_finalist,160,True,,,,,,,2025-26 and earlier,2026-09-14,2027-07-01,True
ranked-shyam-utamsingh,Shyam Utamsingh,Men's,INDIAN PADEL TOUR 8.0,INDIAN PADEL TOUR 8.0,grand_slam,2025-11,2025-11-30,advance,r16,120,True,,,,,,,2025-26 and earlier,2026-11-30,2027-07-01,False
ranked-shyam-utamsingh,Shyam Utamsingh,Men's,INDIAN PADEL TOUR 9.0,INDIAN PADEL TOUR 9.0,grand_slam,2026-02,2026-02-15,advance,r16,120,True,,,,,,,2025-26 and earlier,2027-02-15,2027-07-01,False
ranked-sid-k,Sid K,Men's,GOA CITY OPEN 1.0,GOA CITY OPEN 1.0,city_open,2026-01,2026-01-25,intermediate,semi_finalist,24,True,,,,,,,2025-26 and earlier,2027-01-25,2027-07-01,False
ranked-siddhanth-shah,Siddhanth Shah,Men's,AHMEDABAD CITY OPEN,AHMEDABAD CITY OPEN,city_open,2026-03,2026-03-15,intermediate,finalist,36,True,,,,,,,2025-26 and earlier,2027-03-15,2027-07-01,False
ranked-siddharth-abraham,Siddharth Abraham,Men's,BANGALORE CITY OPEN 2.0,BANGALORE CITY OPEN 2.0,city_open,2026-04,2026-04-12,intermediate,winner,60,True,,,,,,,2025-26 and earlier,2027-04-12,2027-07-01,False
ranked-siddharth-bhargava,Siddharth Bhargava,Men's,GOA CITY OPEN 1.0,GOA CITY OPEN 1.0,city_open,2026-01,2026-01-25,intermediate,quarter_finalist,18,True,,,,,,,2025-26 and earlier,2027-01-25,2027-07-01,False
ranked-siddharth-kothari,Siddharth Kothari,Men's,INDIAN PADEL TOUR 9.0,INDIAN PADEL TOUR 9.0,grand_slam,2026-02,2026-02-15,intermediate,r16,20,True,,,,,,,2025-26 and earlier,2027-02-15,2027-07-01,False
ranked-siddharth-sah,Siddharth Sah,Men's,MUMBAI CITY OPEN 3.0,MUMBAI CITY OPEN 3.0,city_open,2025-09,2025-09-28,intermediate,semi_finalist,24,True,,,,,,,2025-26 and earlier,2026-09-28,2027-07-01,False
ranked-siddharth-sah,Siddharth Sah,Men's,INDIAN PADEL TOUR 8.0,INDIAN PADEL TOUR 8.0,grand_slam,2025-11,2025-11-30,intermediate,quarter_finalist,30,True,,,,,,,2025-26 and earlier,2026-11-30,2027-07-01,False
ranked-siddharth-sah,Siddharth Sah,Men's,MUMBAI CITY OPEN 4.0,MUMBAI CITY OPEN 4.0,city_open,2026-01,2026-01-11,intermediate,quarter_finalist,18,True,,,,,,,2025-26 and earlier,2027-01-11,2027-07-01,False
ranked-soli-colah,Soli Colah,Men's,INDIAN PADEL TOUR 7.0,INDIAN PADEL TOUR 7.0,grand_slam,2025-08,2025-08-03,advance,r16,120,True,,,,,,,2025-26 and earlier,2026-08-03,2027-07-01,True
ranked-soli-colah,Soli Colah,Men's,KOCHI CITY OPEN,KOCHI CITY OPEN,city_open,2025-09,2025-09-14,advance,semi_finalist,160,True,,,,,,,2025-26 and earlier,2026-09-14,2027-07-01,True
ranked-sovin-hegde,Sovin Hegde,Men's,MUMBAI CITY OPEN 3.0,MUMBAI CITY OPEN 3.0,city_open,2025-09,2025-09-28,intermediate,r16,12,True,,,,,,,2025-26 and earlier,2026-09-28,2027-07-01,False
ranked-spiro-grana,Spiro Grana,Men's,GOA CITY OPEN 1.0,GOA CITY OPEN 1.0,city_open,2026-01,2026-01-25,intermediate,semi_finalist,24,True,,,,,,,2025-26 and earlier,2027-01-25,2027-07-01,False
ranked-suhrid-thacker,Suhrid Thacker,Men's,INDIAN PADEL TOUR 7.0,INDIAN PADEL TOUR 7.0,grand_slam,2025-08,2025-08-03,intermediate,r16,20,True,,,,,,,2025-26 and earlier,2026-08-03,2027-07-01,True
ranked-suraj-bishoni,Suraj Bishoni,Men's,MUMBAI CITY OPEN 3.0,MUMBAI CITY OPEN 3.0,city_open,2025-09,2025-09-28,intermediate,r16,12,True,,,,,,,2025-26 and earlier,2026-09-28,2027-07-01,False
ranked-suraj-sadanah,Suraj Sadanah,Men's,INDIAN PADEL TOUR 7.0,INDIAN PADEL TOUR 7.0,grand_slam,2025-08,2025-08-03,intermediate,semi_finalist,40,True,,,,,,,2025-26 and earlier,2026-08-03,2027-07-01,True
ranked-suraj-sadanah,Suraj Sadanah,Men's,MUMBAI CITY OPEN 3.0,MUMBAI CITY OPEN 3.0,city_open,2025-09,2025-09-28,intermediate,finalist,36,True,,,,,,,2025-26 and earlier,2026-09-28,2027-07-01,False
ranked-suraj-sadanah,Suraj Sadanah,Men's,GOA CITY OPEN 1.0,GOA CITY OPEN 1.0,city_open,2026-01,2026-01-25,intermediate,r16,18,True,,,,,,,2025-26 and earlier,2027-01-25,2027-07-01,False
ranked-suyash-goenka,Suyash Goenka,Men's,MUMBAI CITY OPEN 3.0,MUMBAI CITY OPEN 3.0,city_open,2025-09,2025-09-28,intermediate,quarter_finalist,18,True,,,,,,,2025-26 and earlier,2026-09-28,2027-07-01,False
ranked-tanish-bajaj,Tanish Bajaj,Men's,INDIAN PADEL TOUR 10.0,INDIAN PADEL TOUR 10.0,grand_slam,2026-04,2026-04-26,intermediate,semi_finalist,40,True,,,,,,,2025-26 and earlier,2027-04-26,2027-07-01,False
ranked-tejas-raju,Tejas Raju,Men's,BANGALORE CITY OPEN 2.0,BANGALORE CITY OPEN 2.0,city_open,2026-04,2026-04-12,beginner,winner,30,True,,,,,,,2025-26 and earlier,2027-04-12,2027-07-01,False
ranked-thejal-kr,Thejal Kr,Men's,INDIAN PADEL TOUR 7.0,INDIAN PADEL TOUR 7.0,grand_slam,2025-08,2025-08-03,intermediate,quarter_finalist,30,True,,,,,,,2025-26 and earlier,2026-08-03,2027-07-01,True
ranked-thomas-jacob,Thomas Jacob,Men's,KOCHI CITY OPEN,KOCHI CITY OPEN,city_open,2025-09,2025-09-14,intermediate,winner,60,True,,,,,,,2025-26 and earlier,2026-09-14,2027-07-01,True
ranked-varoon-parwani,Varoon Parwani,Men's,MUMBAI CITY OPEN 4.0,MUMBAI CITY OPEN 4.0,city_open,2026-01,2026-01-11,intermediate,quarter_finalist,18,True,,,,,,,2025-26 and earlier,2027-01-11,2027-07-01,False
ranked-varun-ramani,Varun Ramani,Men's,AHMEDABAD CITY OPEN,AHMEDABAD CITY OPEN,city_open,2026-03,2026-03-15,intermediate,quarter_finalist,18,True,,,,,,,2025-26 and earlier,2027-03-15,2027-07-01,False
ranked-ved-bidri,Ved Bidri,Men's,BANGALORE CITY OPEN 2.0,BANGALORE CITY OPEN 2.0,city_open,2026-04,2026-04-12,beginner,quarter_finalist,9,True,,,,,,,2025-26 and earlier,2027-04-12,2027-07-01,False
ranked-vihaan-anand,Vihaan Anand,Men's,INDIAN PADEL TOUR 8.0,INDIAN PADEL TOUR 8.0,grand_slam,2025-11,2025-11-30,beginner,finalist,30,True,,,,,,,2025-26 and earlier,2026-11-30,2027-07-01,False
ranked-vikram-shah,Vikram Shah,Men's,MUMBAI CITY OPEN 3.0,MUMBAI CITY OPEN 3.0,city_open,2025-09,2025-09-28,advance,semi_finalist,160,True,,,,,,,2025-26 and earlier,2026-09-28,2027-07-01,False
ranked-vikram-shah,Vikram Shah,Men's,INDIAN PADEL TOUR 8.0,INDIAN PADEL TOUR 8.0,grand_slam,2025-11,2025-11-30,advance,winner,600,True,,,,,,,2025-26 and earlier,2026-11-30,2027-07-01,False
ranked-vikram-shah,Vikram Shah,Men's,GOA CITY OPEN 1.0,GOA CITY OPEN 1.0,city_open,2026-01,2026-01-25,advance,semi_finalist,160,True,,,,,,,2025-26 and earlier,2027-01-25,2027-07-01,False
ranked-vikram-shah,Vikram Shah,Men's,INDIAN PADEL TOUR 9.0,INDIAN PADEL TOUR 9.0,grand_slam,2026-02,2026-02-15,advance,semi_finalist,240,True,,,,,,,2025-26 and earlier,2027-02-15,2027-07-01,False
ranked-viren-thakur,Viren Thakur,Men's,INDIAN PADEL TOUR 7.0,INDIAN PADEL TOUR 7.0,grand_slam,2025-08,2025-08-03,advance,quarter_finalist,180,True,,,,,,,2025-26 and earlier,2026-08-03,2027-07-01,True
ranked-viren-thakur,Viren Thakur,Men's,INDIAN PADEL TOUR 8.0,INDIAN PADEL TOUR 8.0,grand_slam,2025-11,2025-11-30,advance,quarter_finalist,180,True,,,,,,,2025-26 and earlier,2026-11-30,2027-07-01,False
ranked-viren-thakur,Viren Thakur,Men's,INDIAN PADEL TOUR 10.0,INDIAN PADEL TOUR 10.0,grand_slam,2026-04,2026-04-26,advance,quarter_finalist,180,True,,,,,,,2025-26 and earlier,2027-04-26,2027-07-01,False
ranked-viren-thapar,Viren Thapar,Men's,INDIAN PADEL TOUR 10.0,INDIAN PADEL TOUR 10.0,grand_slam,2026-04,2026-04-26,intermediate,quarter_finalist,30,True,,,,,,,2025-26 and earlier,2027-04-26,2027-07-01,False
ranked-vishal-jhunjhunwala,Vishal Jhunjhunwala,Men's,MUMBAI CITY OPEN 4.0,MUMBAI CITY OPEN 4.0,city_open,2026-01,2026-01-11,intermediate,r16,12,True,,,,,,,2025-26 and earlier,2027-01-11,2027-07-01,False
ranked-vishesh-hemwani,Vishesh Hemwani,Men's,INDIAN PADEL TOUR 8.0,INDIAN PADEL TOUR 8.0,grand_slam,2025-11,2025-11-30,intermediate,r16,20,True,,,,,,,2025-26 and earlier,2026-11-30,2027-07-01,False
ranked-vishnu-h-n,Vishnu H N,Men's,KOCHI CITY OPEN,KOCHI CITY OPEN,city_open,2025-09,2025-09-14,intermediate,quarter_finalist,18,True,,,,,,,2025-26 and earlier,2026-09-14,2027-07-01,True
ranked-vishnu-pullela,Vishnu Pullela,Men's,INDIAN PADEL TOUR 7.0,INDIAN PADEL TOUR 7.0,grand_slam,2025-08,2025-08-03,advance,r16,120,True,,,,,,,2025-26 and earlier,2026-08-03,2027-07-01,True
ranked-vishnu-pullela,Vishnu Pullela,Men's,KOCHI CITY OPEN,KOCHI CITY OPEN,city_open,2025-09,2025-09-14,advance,semi_finalist,160,True,,,,,,,2025-26 and earlier,2026-09-14,2027-07-01,True
ranked-vivek-kotak,Vivek Kotak,Men's,MUMBAI CITY OPEN 3.0,MUMBAI CITY OPEN 3.0,city_open,2025-09,2025-09-28,intermediate,r16,12,True,,,,,,,2025-26 and earlier,2026-09-28,2027-07-01,False
ranked-vivek-somani,Vivek Somani,Men's,MUMBAI CITY OPEN 4.0,MUMBAI CITY OPEN 4.0,city_open,2026-01,2026-01-11,beginner,quarter_finalist,9,True,,,,,,,2025-26 and earlier,2027-01-11,2027-07-01,False
ranked-vrithik-mehta,Vrithik Mehta,Men's,MUMBAI CITY OPEN 3.0,MUMBAI CITY OPEN 3.0,city_open,2025-09,2025-09-28,beginner,quarter_finalist,9,True,,,,,,,2025-26 and earlier,2026-09-28,2027-07-01,False
ranked-yash-halani,Yash Halani,Men's,AHMEDABAD CITY OPEN,AHMEDABAD CITY OPEN,city_open,2026-03,2026-03-15,intermediate,quarter_finalist,18,True,,,,,,,2025-26 and earlier,2027-03-15,2027-07-01,False
ranked-yash-merchant,Yash Merchant,Men's,INDIAN PADEL TOUR 9.0,INDIAN PADEL TOUR 9.0,grand_slam,2026-02,2026-02-15,beginner,quarter_finalist,15,True,,,,,,,2025-26 and earlier,2027-02-15,2027-07-01,False
ranked-yashodhan-goenka,Yashodhan Goenka,Men's,MUMBAI CITY OPEN 3.0,MUMBAI CITY OPEN 3.0,city_open,2025-09,2025-09-28,beginner,semi_finalist,12,True,,,,,,,2025-26 and earlier,2026-09-28,2027-07-01,False
ranked-yesh-bafna,Yesh Bafna,Men's,INDIAN PADEL TOUR 7.0,INDIAN PADEL TOUR 7.0,grand_slam,2025-08,2025-08-03,advance,r16,120,True,,,,,,,2025-26 and earlier,2026-08-03,2027-07-01,True
ranked-yug-oberoie,Yug Oberoie,Men's,INDIAN PADEL TOUR 10.0,INDIAN PADEL TOUR 10.0,grand_slam,2026-04,2026-04-26,intermediate,quarter_finalist,30,True,,,,,,,2025-26 and earlier,2027-04-26,2027-07-01,False
ranked-zahaan-ladak,Zahaan Ladak,Men's,INDIAN PADEL TOUR 9.0,INDIAN PADEL TOUR 9.0,grand_slam,2026-02,2026-02-15,beginner,semi_finalist,20,True,,,,,,,2025-26 and earlier,2027-02-15,2027-07-01,False
08fc8e21-4850-4e09-89e9-2ba0c2c8c9ef,Jonas Spinoy,Men's 40+,Goa Grandslam 11.0,Goa Grandslam 11.0,grand_slam,2026-08,2026-08-16,open,groups,0,True,Gagan Singh,draw_entry,0.0,4.0,,ipt-goa-grandslam-11-0,2026-27,2027-08-16,2027-07-01,False
0df50617-268c-477d-8351-fd6f8ed84a71,Aditya Maheshwari,Men's 40+,INDIAN PADEL TOUR 8.0,INDIAN PADEL TOUR 8.0,grand_slam,2025-11,2025-11-30,advance,semi_finalist,240,True,,,,,,,2025-26 and earlier,2026-11-30,2027-07-01,False
0df50617-268c-477d-8351-fd6f8ed84a71,Aditya Maheshwari,Men's 40+,MUMBAI CITY OPEN 4.0,MUMBAI CITY OPEN 4.0,city_open,2026-01,2026-01-11,advance,semi_finalist,160,True,,,,,,,2025-26 and earlier,2027-01-11,2027-07-01,False
0df50617-268c-477d-8351-fd6f8ed84a71,Aditya Maheshwari,Men's 40+,Mumbai City Open 5.0,Mumbai City Open 5.0,city_open,2026-08,2026-08-02,open,winner,300,True,Anand kothari,draw_entry,4.0,0.0,,mumbai-city-open-5-01,2026-27,2027-08-02,2027-07-01,False
0df50617-268c-477d-8351-fd6f8ed84a71,Aditya Maheshwari,Men's 40+,Goa Grandslam 11.0,Goa Grandslam 11.0,grand_slam,2026-08,2026-08-16,open,finalist,360,True,Akshay Jalan,draw_entry,5.0,1.0,,ipt-goa-grandslam-11-0,2026-27,2027-08-16,2027-07-01,False
1515a4f5-2ef1-4436-8c7b-4f92b1118f82,Ram Raheja,Men's 40+,Mumbai City Open 5.0,Mumbai City Open 5.0,city_open,2026-08,2026-08-02,open,groups,0,True,Atik Luthria,draw_entry,0.0,2.0,,mumbai-city-open-5-01,2026-27,2027-08-02,2027-07-01,False
16def632-d48e-4678-81b5-1316aedb049c,Akshay Jalan,Men's 40+,INDIAN PADEL TOUR 8.0,INDIAN PADEL TOUR 8.0,grand_slam,2025-11,2025-11-30,advance,quarter_finalist,180,True,,,,,,,2025-26 and earlier,2026-11-30,2027-07-01,False
16def632-d48e-4678-81b5-1316aedb049c,Akshay Jalan,Men's 40+,MUMBAI CITY OPEN 4.0,MUMBAI CITY OPEN 4.0,city_open,2026-01,2026-01-11,advance,finalist,240,True,,,,,,,2025-26 and earlier,2027-01-11,2027-07-01,False
16def632-d48e-4678-81b5-1316aedb049c,Akshay Jalan,Men's 40+,INDIAN PADEL TOUR 9.0,INDIAN PADEL TOUR 9.0,grand_slam,2026-02,2026-02-15,advance,finalist,360,True,,,,,,,2025-26 and earlier,2027-02-15,2027-07-01,False
16def632-d48e-4678-81b5-1316aedb049c,Akshay Jalan,Men's 40+,Mumbai City Open 5.0,Mumbai City Open 5.0,city_open,2026-08,2026-08-02,open,semi_finalist,108,True,Navin Shewakramani,draw_entry,2.0,1.0,,mumbai-city-open-5-01,2026-27,2027-08-02,2027-07-01,False
16def632-d48e-4678-81b5-1316aedb049c,Akshay Jalan,Men's 40+,Goa Grandslam 11.0,Goa Grandslam 11.0,grand_slam,2026-08,2026-08-16,open,finalist,360,True,Aditya Maheshwari,draw_entry,5.0,1.0,,ipt-goa-grandslam-11-0,2026-27,2027-08-16,2027-07-01,False
171f1964-54fa-4532-b6e6-24bae76da0af,Nikhil Khemka,Men's 40+,Goa Grandslam 11.0,Goa Grandslam 11.0,grand_slam,2026-08,2026-08-16,open,semi_finalist,216,True,Saurav Kankaria,draw_entry,2.0,2.0,,ipt-goa-grandslam-11-0,2026-27,2027-08-16,2027-07-01,False
1ba7872b-25a9-4395-b046-84d1fdeff538,Viral Somaiya,Men's 40+,INDIAN PADEL TOUR 8.0,INDIAN PADEL TOUR 8.0,grand_slam,2025-11,2025-11-30,advance,quarter_finalist,180,True,,,,,,,2025-26 and earlier,2026-11-30,2027-07-01,False
1ba7872b-25a9-4395-b046-84d1fdeff538,Viral Somaiya,Men's 40+,MUMBAI CITY OPEN 4.0,MUMBAI CITY OPEN 4.0,city_open,2026-01,2026-01-11,advance,quarter_finalist,120,True,,,,,,,2025-26 and earlier,2027-01-11,2027-07-01,False
1ba7872b-25a9-4395-b046-84d1fdeff538,Viral Somaiya,Men's 40+,INDIAN PADEL TOUR 9.0,INDIAN PADEL TOUR 9.0,grand_slam,2026-02,2026-02-15,advance,quarter_finalist,180,True,,,,,,,2025-26 and earlier,2027-02-15,2027-07-01,False
1ba7872b-25a9-4395-b046-84d1fdeff538,Viral Somaiya,Men's 40+,Mumbai City Open 5.0,Mumbai City Open 5.0,city_open,2026-08,2026-08-02,open,groups,0,True,Ankit Zaveri,draw_entry,1.0,1.0,,mumbai-city-open-5-01,2026-27,2027-08-02,2027-07-01,False
22f71241-5bf4-4dc7-ba33-683a2ea0f75b,Sandip Sabharwal,Men's 40+,Goa Grandslam 11.0,Goa Grandslam 11.0,grand_slam,2026-08,2026-08-16,open,groups,0,True,Saurabh Vijewargia,draw_entry,1.0,2.0,,ipt-goa-grandslam-11-0,2026-27,2027-08-16,2027-07-01,False
2c982f04-1a03-4d77-9359-5b44f4e5aed2,Vijay Chhabria,Men's 40+,INDIAN PADEL TOUR 8.0,INDIAN PADEL TOUR 8.0,grand_slam,2025-11,2025-11-30,advance,winner,600,True,,,,,,,2025-26 and earlier,2026-11-30,2027-07-01,False
2c982f04-1a03-4d77-9359-5b44f4e5aed2,Vijay Chhabria,Men's 40+,MUMBAI CITY OPEN 4.0,MUMBAI CITY OPEN 4.0,city_open,2026-01,2026-01-11,advance,winner,400,True,,,,,,,2025-26 and earlier,2027-01-11,2027-07-01,False
2c982f04-1a03-4d77-9359-5b44f4e5aed2,Vijay Chhabria,Men's 40+,INDIAN PADEL TOUR 9.0,INDIAN PADEL TOUR 9.0,grand_slam,2026-02,2026-02-15,advance,winner,600,True,,,,,,,2025-26 and earlier,2027-02-15,2027-07-01,False
2c982f04-1a03-4d77-9359-5b44f4e5aed2,Vijay Chhabria,Men's 40+,Mumbai City Open 5.0,Mumbai City Open 5.0,city_open,2026-08,2026-08-02,open,finalist,180,True,Sidraj Shah,draw_entry,3.0,1.0,,mumbai-city-open-5-01,2026-27,2027-08-02,2027-07-01,False
2c982f04-1a03-4d77-9359-5b44f4e5aed2,Vijay Chhabria,Men's 40+,Goa Grandslam 11.0,Goa Grandslam 11.0,grand_slam,2026-08,2026-08-16,open,winner,600,True,Rupen Jhaveri,draw_entry,5.0,0.0,,ipt-goa-grandslam-11-0,2026-27,2027-08-16,2027-07-01,False
31049438-40d6-4def-9003-dd2997c61ba1,Gagan Singh,Men's 40+,Goa Grandslam 11.0,Goa Grandslam 11.0,grand_slam,2026-08,2026-08-16,open,groups,0,True,Jonas Spinoy,draw_entry,0.0,4.0,,ipt-goa-grandslam-11-0,2026-27,2027-08-16,2027-07-01,False
33ba8a38-6ea6-4a24-a6c2-539cda4a6089,Priyesh Desai,Men's 40+,Mumbai City Open 5.0,Mumbai City Open 5.0,city_open,2026-08,2026-08-02,open,groups,0,True,Ryan Tham,draw_entry,0.0,2.0,,mumbai-city-open-5-01,2026-27,2027-08-02,2027-07-01,False
38994d00-4888-4d00-a61c-1a89cd8f69a5,Sidharth Ugrankar,Men's 40+,Mumbai City Open 5.0,Mumbai City Open 5.0,city_open,2026-08,2026-08-02,open,groups,0,True,Praneet Chawla,draw_entry,0.0,2.0,,mumbai-city-open-5-01,2026-27,2027-08-02,2027-07-01,False
3b3fe796-88b7-4a76-a7e3-e67f0a4a5b7a,Pratik Doshi,Men's 40+,INDIAN PADEL TOUR 8.0,INDIAN PADEL TOUR 8.0,grand_slam,2025-11,2025-11-30,advance,quarter_finalist,180,True,,,,,,,2025-26 and earlier,2026-11-30,2027-07-01,False
3b3fe796-88b7-4a76-a7e3-e67f0a4a5b7a,Pratik Doshi,Men's 40+,MUMBAI CITY OPEN 4.0,MUMBAI CITY OPEN 4.0,city_open,2026-01,2026-01-11,advance,quarter_finalist,120,True,,,,,,,2025-26 and earlier,2027-01-11,2027-07-01,False
3b3fe796-88b7-4a76-a7e3-e67f0a4a5b7a,Pratik Doshi,Men's 40+,INDIAN PADEL TOUR 9.0,INDIAN PADEL TOUR 9.0,grand_slam,2026-02,2026-02-15,advance,quarter_finalist,180,True,,,,,,,2025-26 and earlier,2027-02-15,2027-07-01,False
3b3fe796-88b7-4a76-a7e3-e67f0a4a5b7a,Pratik Doshi,Men's 40+,Mumbai City Open 5.0,Mumbai City Open 5.0,city_open,2026-08,2026-08-02,open,semi_finalist,108,True,Harsh Parekh,draw_entry,2.0,1.0,,mumbai-city-open-5-01,2026-27,2027-08-02,2027-07-01,False
3cfbe0a0-f37c-4129-b3a5-157f4bf5b859,James Darbar,Men's 40+,Goa Grandslam 11.0,Goa Grandslam 11.0,grand_slam,2026-08,2026-08-16,open,groups,0,True,Karan Mehrotra,draw_entry,0.0,3.0,,ipt-goa-grandslam-11-0,2026-27,2027-08-16,2027-07-01,False
3f2fcf21-952f-4b68-9b43-539d6b1ade27,Navin Shewakramani,Men's 40+,MUMBAI CITY OPEN 4.0,MUMBAI CITY OPEN 4.0,city_open,2026-01,2026-01-11,advance,finalist,240,True,,,,,,,2025-26 and earlier,2027-01-11,2027-07-01,False
3f2fcf21-952f-4b68-9b43-539d6b1ade27,Navin Shewakramani,Men's 40+,Mumbai City Open 5.0,Mumbai City Open 5.0,city_open,2026-08,2026-08-02,open,semi_finalist,108,True,Akshay Jalan,draw_entry,2.0,1.0,,mumbai-city-open-5-01,2026-27,2027-08-02,2027-07-01,False
3fec5bf1-2cb9-4cd6-a965-e0bb6f7079d8,Mahesh Shinde,Men's 40+,City Open Kochi 2.0,City Open Kochi 2.0,city_open,2026-09,2026-09-13,open,finalist,180,True,Rajiv Dutt,profile,2.0,2.0,,ipt-kochi-city-open-2-0,2026-27,2027-09-13,2027-07-01,False
46f5ebb2-2b23-4e22-9c71-46c842dd2653,Abhilash Joshi,Men's 40+,City Open Kochi 2.0,City Open Kochi 2.0,city_open,2026-09,2026-09-13,open,groups,0,True,Arun Chery Jacob,profile,1.0,2.0,,ipt-kochi-city-open-2-0,2026-27,2027-09-13,2027-07-01,False
4a3ed922-b521-4c51-9346-83d47b493813,Ankit Zaveri,Men's 40+,INDIAN PADEL TOUR 8.0,INDIAN PADEL TOUR 8.0,grand_slam,2025-11,2025-11-30,advance,quarter_finalist,180,True,,,,,,,2025-26 and earlier,2026-11-30,2027-07-01,False
4a3ed922-b521-4c51-9346-83d47b493813,Ankit Zaveri,Men's 40+,Mumbai City Open 5.0,Mumbai City Open 5.0,city_open,2026-08,2026-08-02,open,groups,0,True,Viral Somaiya,draw_entry,1.0,1.0,,mumbai-city-open-5-01,2026-27,2027-08-02,2027-07-01,False
552316ca-e9d1-4efc-a4a6-c8cfec01f68d,Navroze Marshall,Men's 40+,MUMBAI CITY OPEN 4.0,MUMBAI CITY OPEN 4.0,city_open,2026-01,2026-01-11,advance,semi_finalist,160,True,,,,,,,2025-26 and earlier,2027-01-11,2027-07-01,False
552316ca-e9d1-4efc-a4a6-c8cfec01f68d,Navroze Marshall,Men's 40+,Mumbai City Open 5.0,Mumbai City Open 5.0,city_open,2026-08,2026-08-02,open,groups,0,True,Subal Anand,draw_entry,1.0,1.0,,mumbai-city-open-5-01,2026-27,2027-08-02,2027-07-01,False
557faef2-dc4d-4dc3-bee0-5516fc58358f,Ryan Tham,Men's 40+,Mumbai City Open 5.0,Mumbai City Open 5.0,city_open,2026-08,2026-08-02,open,groups,0,True,Priyesh Desai,draw_entry,0.0,2.0,,mumbai-city-open-5-01,2026-27,2027-08-02,2027-07-01,False
5602dbe5-4321-43e1-8b1c-e558a9fed127,Saurabh Vijewargia,Men's 40+,Goa Grandslam 11.0,Goa Grandslam 11.0,grand_slam,2026-08,2026-08-16,open,groups,0,True,Sandip Sabharwal,draw_entry,1.0,2.0,,ipt-goa-grandslam-11-0,2026-27,2027-08-16,2027-07-01,False
60389725-28d6-400f-82ff-ab2e9382e011,Harshvardhan Sharma,Men's 40+,Goa Grandslam 11.0,Goa Grandslam 11.0,grand_slam,2026-08,2026-08-16,open,semi_finalist,216,True,Premal Javeri,draw_entry,3.0,2.0,,ipt-goa-grandslam-11-0,2026-27,2027-08-16,2027-07-01,False
65b6eb21-de8a-4528-8567-d6834dcfb20b,Karan Mehrotra,Men's 40+,Goa Grandslam 11.0,Goa Grandslam 11.0,grand_slam,2026-08,2026-08-16,open,groups,0,True,James Darbar,draw_entry,0.0,3.0,,ipt-goa-grandslam-11-0,2026-27,2027-08-16,2027-07-01,False
6878b0c2-2144-404e-ad97-45159eca8fc8,Ankit Doshi,Men's 40+,INDIAN PADEL TOUR 8.0,INDIAN PADEL TOUR 8.0,grand_slam,2025-11,2025-11-30,advance,semi_finalist,240,True,,,,,,,2025-26 and earlier,2026-11-30,2027-07-01,False
6878b0c2-2144-404e-ad97-45159eca8fc8,Ankit Doshi,Men's 40+,MUMBAI CITY OPEN 4.0,MUMBAI CITY OPEN 4.0,city_open,2026-01,2026-01-11,advance,semi_finalist,160,True,,,,,,,2025-26 and earlier,2027-01-11,2027-07-01,False
6878b0c2-2144-404e-ad97-45159eca8fc8,Ankit Doshi,Men's 40+,Mumbai City Open 5.0,Mumbai City Open 5.0,city_open,2026-08,2026-08-02,open,groups,0,True,Atul Gupta,draw_entry,1.0,1.0,,mumbai-city-open-5-01,2026-27,2027-08-02,2027-07-01,False
6ec925af-f358-475a-9fd4-37dfcbb1795d,Harsh Parekh,Men's 40+,INDIAN PADEL TOUR 8.0,INDIAN PADEL TOUR 8.0,grand_slam,2025-11,2025-11-30,advance,quarter_finalist,180,True,,,,,,,2025-26 and earlier,2026-11-30,2027-07-01,False
6ec925af-f358-475a-9fd4-37dfcbb1795d,Harsh Parekh,Men's 40+,MUMBAI CITY OPEN 4.0,MUMBAI CITY OPEN 4.0,city_open,2026-01,2026-01-11,advance,quarter_finalist,120,True,,,,,,,2025-26 and earlier,2027-01-11,2027-07-01,False
6ec925af-f358-475a-9fd4-37dfcbb1795d,Harsh Parekh,Men's 40+,Mumbai City Open 5.0,Mumbai City Open 5.0,city_open,2026-08,2026-08-02,open,semi_finalist,108,True,Pratik Doshi,draw_entry,2.0,1.0,,mumbai-city-open-5-01,2026-27,2027-08-02,2027-07-01,False
7cc8e1d3-0f7c-475e-aa64-eb5739c7d6f9,Hamir Desai,Men's 40+,Mumbai City Open 5.0,Mumbai City Open 5.0,city_open,2026-08,2026-08-02,open,groups,0,True,Arun Hemdev,draw_entry,0.0,2.0,,mumbai-city-open-5-01,2026-27,2027-08-02,2027-07-01,False
7f57a645-a475-4ec7-9b29-0b7812a9931d,Kunal Premnarayen,Men's 40+,INDIAN PADEL TOUR 8.0,INDIAN PADEL TOUR 8.0,grand_slam,2025-11,2025-11-30,advance,finalist,360,True,,,,,,,2025-26 and earlier,2026-11-30,2027-07-01,False
7f57a645-a475-4ec7-9b29-0b7812a9931d,Kunal Premnarayen,Men's 40+,MUMBAI CITY OPEN 4.0,MUMBAI CITY OPEN 4.0,city_open,2026-01,2026-01-11,advance,quarter_finalist,120,True,,,,,,,2025-26 and earlier,2027-01-11,2027-07-01,False
7f57a645-a475-4ec7-9b29-0b7812a9931d,Kunal Premnarayen,Men's 40+,Mumbai City Open 5.0,Mumbai City Open 5.0,city_open,2026-08,2026-08-02,open,groups,0,True,Syed Imran Yusoof,draw_entry,1.0,1.0,,mumbai-city-open-5-01,2026-27,2027-08-02,2027-07-01,False
7f57a645-a475-4ec7-9b29-0b7812a9931d,Kunal Premnarayen,Men's 40+,City Open Kochi 2.0,City Open Kochi 2.0,city_open,2026-09,2026-09-13,open,winner,300,True,Syed Imran Yusoof,profile,4.0,0.0,,ipt-kochi-city-open-2-0,2026-27,2027-09-13,2027-07-01,False
8e2d5864-afb0-4dac-88da-4ff402bee428,Anand kothari,Men's 40+,Mumbai City Open 5.0,Mumbai City Open 5.0,city_open,2026-08,2026-08-02,open,winner,300,True,Aditya Maheshwari,draw_entry,4.0,0.0,,mumbai-city-open-5-01,2026-27,2027-08-02,2027-07-01,False
9b9ab185-d5f9-4822-9f86-98dcee737260,Subal Anand,Men's 40+,Mumbai City Open 5.0,Mumbai City Open 5.0,city_open,2026-08,2026-08-02,open,groups,0,True,Navroze Marshall,draw_entry,1.0,1.0,,mumbai-city-open-5-01,2026-27,2027-08-02,2027-07-01,False
9c5bc958-4151-4973-89f7-09068809dfb1,Shashin Shah,Men's 40+,Goa Grandslam 11.0,Goa Grandslam 11.0,grand_slam,2026-08,2026-08-16,open,groups,0,True,Prabhas Sharma,draw_entry,2.0,2.0,,ipt-goa-grandslam-11-0,2026-27,2027-08-16,2027-07-01,False
a66e6971-acb3-41a9-afd1-95c516c348ea,Atul Gupta,Men's 40+,MUMBAI CITY OPEN 4.0,MUMBAI CITY OPEN 4.0,city_open,2026-01,2026-01-11,advance,semi_finalist,160,True,,,,,,,2025-26 and earlier,2027-01-11,2027-07-01,False
a66e6971-acb3-41a9-afd1-95c516c348ea,Atul Gupta,Men's 40+,Mumbai City Open 5.0,Mumbai City Open 5.0,city_open,2026-08,2026-08-02,open,groups,0,True,Ankit Doshi,draw_entry,1.0,1.0,,mumbai-city-open-5-01,2026-27,2027-08-02,2027-07-01,False
aa07326e-0383-4295-8cde-4e336a0dd7f7,Praneet Chawla,Men's 40+,Mumbai City Open 5.0,Mumbai City Open 5.0,city_open,2026-08,2026-08-02,open,groups,0,True,Sidharth Ugrankar,draw_entry,0.0,2.0,,mumbai-city-open-5-01,2026-27,2027-08-02,2027-07-01,False
b4c1f987-ed1c-41b2-bed1-839e3b47d5ff,Syed Imran Yusoof,Men's 40+,INDIAN PADEL TOUR 8.0,INDIAN PADEL TOUR 8.0,grand_slam,2025-11,2025-11-30,advance,finalist,360,True,,,,,,,2025-26 and earlier,2026-11-30,2027-07-01,False
b4c1f987-ed1c-41b2-bed1-839e3b47d5ff,Syed Imran Yusoof,Men's 40+,MUMBAI CITY OPEN 4.0,MUMBAI CITY OPEN 4.0,city_open,2026-01,2026-01-11,advance,quarter_finalist,120,True,,,,,,,2025-26 and earlier,2027-01-11,2027-07-01,False
b4c1f987-ed1c-41b2-bed1-839e3b47d5ff,Syed Imran Yusoof,Men's 40+,INDIAN PADEL TOUR 9.0,INDIAN PADEL TOUR 9.0,grand_slam,2026-02,2026-02-15,advance,semi_finalist,240,True,,,,,,,2025-26 and earlier,2027-02-15,2027-07-01,False
b4c1f987-ed1c-41b2-bed1-839e3b47d5ff,Syed Imran Yusoof,Men's 40+,Mumbai City Open 5.0,Mumbai City Open 5.0,city_open,2026-08,2026-08-02,open,groups,0,True,Kunal Premnarayen,draw_entry,1.0,1.0,,mumbai-city-open-5-01,2026-27,2027-08-02,2027-07-01,False
b4c1f987-ed1c-41b2-bed1-839e3b47d5ff,Syed Imran Yusoof,Men's 40+,City Open Kochi 2.0,City Open Kochi 2.0,city_open,2026-09,2026-09-13,open,winner,300,True,Kunal Premnarayan,profile,4.0,0.0,,ipt-kochi-city-open-2-0,2026-27,2027-09-13,2027-07-01,False
b63ed71b-e58d-4b28-a67e-2d0c64ed5f62,Sidraj Shah,Men's 40+,Mumbai City Open 5.0,Mumbai City Open 5.0,city_open,2026-08,2026-08-02,open,finalist,180,True,Vijay Chhabria,draw_entry,3.0,1.0,,mumbai-city-open-5-01,2026-27,2027-08-02,2027-07-01,False
c4e5ac58-b4da-413a-b134-eba55f9a1c56,Prabhas Sharma,Men's 40+,Goa Grandslam 11.0,Goa Grandslam 11.0,grand_slam,2026-08,2026-08-16,open,groups,0,True,Shashin Shah,draw_entry,2.0,2.0,,ipt-goa-grandslam-11-0,2026-27,2027-08-16,2027-07-01,False
c6ad7320-117c-4e7a-a4a6-e4c99fb34e23,Rupen Jhaveri,Men's 40+,INDIAN PADEL TOUR 8.0,INDIAN PADEL TOUR 8.0,grand_slam,2025-11,2025-11-30,advance,winner,600,True,,,,,,,2025-26 and earlier,2026-11-30,2027-07-01,False
c6ad7320-117c-4e7a-a4a6-e4c99fb34e23,Rupen Jhaveri,Men's 40+,MUMBAI CITY OPEN 4.0,MUMBAI CITY OPEN 4.0,city_open,2026-01,2026-01-11,advance,winner,400,True,,,,,,,2025-26 and earlier,2027-01-11,2027-07-01,False
c6ad7320-117c-4e7a-a4a6-e4c99fb34e23,Rupen Jhaveri,Men's 40+,INDIAN PADEL TOUR 9.0,INDIAN PADEL TOUR 9.0,grand_slam,2026-02,2026-02-15,advance,winner,600,True,,,,,,,2025-26 and earlier,2027-02-15,2027-07-01,False
c6ad7320-117c-4e7a-a4a6-e4c99fb34e23,Rupen Jhaveri,Men's 40+,Goa Grandslam 11.0,Goa Grandslam 11.0,grand_slam,2026-08,2026-08-16,open,winner,600,True,Vijay Chhabria,draw_entry,5.0,0.0,,ipt-goa-grandslam-11-0,2026-27,2027-08-16,2027-07-01,False
cf4e6dfa-ee51-4ee3-8b1c-cd6173e3955f,Vivek Venugopal,Men's 40+,City Open Kochi 2.0,City Open Kochi 2.0,city_open,2026-09,2026-09-13,open,groups,0,True,Sandeep Louis,profile,0.0,3.0,,ipt-kochi-city-open-2-0,2026-27,2027-09-13,2027-07-01,False
cff6eb07-908a-4412-9f28-3ab5692a2977,Arun Hemdev,Men's 40+,Mumbai City Open 5.0,Mumbai City Open 5.0,city_open,2026-08,2026-08-02,open,groups,0,True,Hamir Desai,draw_entry,0.0,2.0,,mumbai-city-open-5-01,2026-27,2027-08-02,2027-07-01,False
d195aee3-c907-47fb-a0fa-ee78cb4af2f8,Saurav Kankaria,Men's 40+,Goa Grandslam 11.0,Goa Grandslam 11.0,grand_slam,2026-08,2026-08-16,open,semi_finalist,216,True,Nikhil Khemka,draw_entry,2.0,2.0,,ipt-goa-grandslam-11-0,2026-27,2027-08-16,2027-07-01,False
d4d1cf44-7849-4baa-b956-c56e4613995b,Ankit Agarwal,Men's 40+,INDIAN PADEL TOUR 8.0,INDIAN PADEL TOUR 8.0,grand_slam,2025-11,2025-11-30,advance,quarter_finalist,180,True,,,,,,,2025-26 and earlier,2026-11-30,2027-07-01,False
d4d1cf44-7849-4baa-b956-c56e4613995b,Ankit Agarwal,Men's 40+,INDIAN PADEL TOUR 9.0,INDIAN PADEL TOUR 9.0,grand_slam,2026-02,2026-02-15,advance,finalist,360,True,,,,,,,2025-26 and earlier,2027-02-15,2027-07-01,False
db64450c-aa4a-4b28-beeb-a84f6a75867b,Premal Javeri,Men's 40+,Goa Grandslam 11.0,Goa Grandslam 11.0,grand_slam,2026-08,2026-08-16,open,semi_finalist,216,True,Harshvardhan Sharma,draw_entry,3.0,2.0,,ipt-goa-grandslam-11-0,2026-27,2027-08-16,2027-07-01,False
f7839dcf-c6f8-47ef-ab89-7261268a37a2,Sandeep Louis,Men's 40+,City Open Kochi 2.0,City Open Kochi 2.0,city_open,2026-09,2026-09-13,open,groups,0,True,Vivek Venugopal,profile,0.0,3.0,,ipt-kochi-city-open-2-0,2026-27,2027-09-13,2027-07-01,False
f9cbf2db-691e-4851-81e6-be9e05cc4c01,Atik Luthria,Men's 40+,Mumbai City Open 5.0,Mumbai City Open 5.0,city_open,2026-08,2026-08-02,open,groups,0,True,Ram Raheja,draw_entry,0.0,2.0,,mumbai-city-open-5-01,2026-27,2027-08-02,2027-07-01,False
fa06f6d6-52b5-4d4f-a829-ff09c88c33d2,Arun Chery Jacob,Men's 40+,City Open Kochi 2.0,City Open Kochi 2.0,city_open,2026-09,2026-09-13,open,groups,0,True,Abhilash Joshi,profile,1.0,2.0,,ipt-kochi-city-open-2-0,2026-27,2027-09-13,2027-07-01,False
fa1fe9c8-1531-42da-8355-e7a0052ab3a2,Rajiv Dutt,Men's 40+,City Open Kochi 2.0,City Open Kochi 2.0,city_open,2026-09,2026-09-13,open,finalist,180,True,Mahesh Shinde,profile,2.0,2.0,,ipt-kochi-city-open-2-0,2026-27,2027-09-13,2027-07-01,False
facc6960-33ef-4c75-ab10-4a2a8ad00b6c,Ashwin Saksena,Men's 40+,Goa Grandslam 11.0,Goa Grandslam 11.0,grand_slam,2026-08,2026-08-16,open,groups,0,True,Raj Prajapati,draw_entry,1.0,3.0,,ipt-goa-grandslam-11-0,2026-27,2027-08-16,2027-07-01,False
fe4d1fe1-6ad1-4942-901e-df8580b614d2,Raj Prajapati,Men's 40+,Goa Grandslam 11.0,Goa Grandslam 11.0,grand_slam,2026-08,2026-08-16,open,groups,0,True,Ashwin Saksena,draw_entry,1.0,3.0,,ipt-goa-grandslam-11-0,2026-27,2027-08-16,2027-07-01,False
ranked-aakash-sachdev,Aakash Sachdev,Men's 40+,INDIAN PADEL TOUR 8.0,INDIAN PADEL TOUR 8.0,grand_slam,2025-11,2025-11-30,advance,quarter_finalist,180,True,,,,,,,2025-26 and earlier,2026-11-30,2027-07-01,False
ranked-aakash-sachdev,Aakash Sachdev,Men's 40+,MUMBAI CITY OPEN 4.0,MUMBAI CITY OPEN 4.0,city_open,2026-01,2026-01-11,advance,quarter_finalist,120,True,,,,,,,2025-26 and earlier,2027-01-11,2027-07-01,False
ranked-aakash-sachdev,Aakash Sachdev,Men's 40+,INDIAN PADEL TOUR 9.0,INDIAN PADEL TOUR 9.0,grand_slam,2026-02,2026-02-15,advance,quarter_finalist,180,True,,,,,,,2025-26 and earlier,2027-02-15,2027-07-01,False
ranked-abedin-sham,Abedin Sham,Men's 40+,INDIAN PADEL TOUR 8.0,INDIAN PADEL TOUR 8.0,grand_slam,2025-11,2025-11-30,advance,semi_finalist,240,True,,,,,,,2025-26 and earlier,2026-11-30,2027-07-01,False
ranked-abedin-sham,Abedin Sham,Men's 40+,INDIAN PADEL TOUR 9.0,INDIAN PADEL TOUR 9.0,grand_slam,2026-02,2026-02-15,advance,semi_finalist,240,True,,,,,,,2025-26 and earlier,2027-02-15,2027-07-01,False
ranked-amit-lala,Amit Lala,Men's 40+,INDIAN PADEL TOUR 9.0,INDIAN PADEL TOUR 9.0,grand_slam,2026-02,2026-02-15,advance,semi_finalist,240,True,,,,,,,2025-26 and earlier,2027-02-15,2027-07-01,False
ranked-cyrus-aga,Cyrus Aga,Men's 40+,INDIAN PADEL TOUR 9.0,INDIAN PADEL TOUR 9.0,grand_slam,2026-02,2026-02-15,advance,quarter_finalist,180,True,,,,,,,2025-26 and earlier,2027-02-15,2027-07-01,False
ranked-deepak-jaitly,Deepak Jaitly,Men's 40+,INDIAN PADEL TOUR 8.0,INDIAN PADEL TOUR 8.0,grand_slam,2025-11,2025-11-30,advance,semi_finalist,240,True,,,,,,,2025-26 and earlier,2026-11-30,2027-07-01,False
ranked-karan-melwani,Karan Melwani,Men's 40+,INDIAN PADEL TOUR 9.0,INDIAN PADEL TOUR 9.0,grand_slam,2026-02,2026-02-15,advance,semi_finalist,240,True,,,,,,,2025-26 and earlier,2027-02-15,2027-07-01,False
ranked-ronnie-fernandes,Ronnie Fernandes,Men's 40+,INDIAN PADEL TOUR 9.0,INDIAN PADEL TOUR 9.0,grand_slam,2026-02,2026-02-15,advance,quarter_finalist,180,True,,,,,,,2025-26 and earlier,2027-02-15,2027-07-01,False
ranked-sovin-hegde,Sovin Hegde,Men's 40+,INDIAN PADEL TOUR 9.0,INDIAN PADEL TOUR 9.0,grand_slam,2026-02,2026-02-15,advance,quarter_finalist,180,True,,,,,,,2025-26 and earlier,2027-02-15,2027-07-01,False
ranked-tushar-raut,Tushar Raut,Men's 40+,INDIAN PADEL TOUR 9.0,INDIAN PADEL TOUR 9.0,grand_slam,2026-02,2026-02-15,advance,quarter_finalist,180,True,,,,,,,2025-26 and earlier,2027-02-15,2027-07-01,False
ranked-varun-motasha,Varun Motasha,Men's 40+,INDIAN PADEL TOUR 8.0,INDIAN PADEL TOUR 8.0,grand_slam,2025-11,2025-11-30,advance,quarter_finalist,180,True,,,,,,,2025-26 and earlier,2026-11-30,2027-07-01,False
ranked-varun-motasha,Varun Motasha,Men's 40+,MUMBAI CITY OPEN 4.0,MUMBAI CITY OPEN 4.0,city_open,2026-01,2026-01-11,advance,quarter_finalist,120,True,,,,,,,2025-26 and earlier,2027-01-11,2027-07-01,False
ranked-varun-motasha,Varun Motasha,Men's 40+,INDIAN PADEL TOUR 9.0,INDIAN PADEL TOUR 9.0,grand_slam,2026-02,2026-02-15,advance,quarter_finalist,180,True,,,,,,,2025-26 and earlier,2027-02-15,2027-07-01,False
ranked-zaheer-adenwala,Zaheer Adenwala,Men's 40+,MUMBAI CITY OPEN 4.0,MUMBAI CITY OPEN 4.0,city_open,2026-01,2026-01-11,advance,quarter_finalist,120,True,,,,,,,2025-26 and earlier,2027-01-11,2027-07-01,False
0ac8bb0a-d25b-4a0d-8506-8955617d72fa,Anandita Parekh,Women's,Mumbai City Open 5.0,Mumbai City Open 5.0,city_open,2026-08,2026-08-02,intermediate,groups,0,True,Trishina Kirpalani,draw_entry,0.0,2.0,,mumbai-city-open-5-01,2026-27,2027-08-02,2027-07-01,False
0d1e6d6a-d91e-406e-9088-b28c062da1fc,Raksha Bhaskar,Women's,BENGALURU CITY OPEN 2.0,BANGALORE CITY OPEN 2.0,city_open,2026-04,2026-04-12,intermediate,semi_finalist,24,True,,,,,,,2025-26 and earlier,2027-04-12,2027-07-01,False
0d1e6d6a-d91e-406e-9088-b28c062da1fc,Raksha Bhaskar,Women's,City Open Kochi 2.0,City Open Kochi 2.0,city_open,2026-09,2026-09-13,beginner,finalist,15,True,Gayatri Nair,profile,2.0,2.0,,ipt-kochi-city-open-2-0,2026-27,2027-09-13,2027-07-01,False
124f1292-f3a9-4139-bd9d-f9fa8e1dd983,Radhika Vasudeva,Women's,INDIAN PADEL TOUR 10.0,INDIAN PADEL TOUR 10.0,grand_slam,2026-04,2026-04-26,advance,semi_finalist,240,True,,,,,,,2025-26 and earlier,2027-04-26,2027-07-01,False
124f1292-f3a9-4139-bd9d-f9fa8e1dd983,Radhika Vasudeva,Women's,Goa Grandslam 11.0,Goa Grandslam 11.0,grand_slam,2026-08,2026-08-16,advance,groups,0,True,Aashna Mehra,draw_entry,0.0,3.0,,ipt-goa-grandslam-11-0,2026-27,2027-08-16,2027-07-01,False
14a281a9-7a22-4c0a-bf96-f19abc4a6bd1,Rasha Sumar,Women's,INDIAN PADEL TOUR WOMEN'S ONLY,INDIAN PADEL TOUR WOMEN'S ONLY,city_open,2026-03,2026-03-29,beginner,winner,30,True,,,,,,,2025-26 and earlier,2027-03-29,2027-07-01,False
14a281a9-7a22-4c0a-bf96-f19abc4a6bd1,Rasha Sumar,Women's,Mumbai City Open 5.0,Mumbai City Open 5.0,city_open,2026-08,2026-08-02,beginner,semi_finalist,9,True,Anam Sumar,draw_entry,2.0,2.0,,mumbai-city-open-5-01,2026-27,2027-08-02,2027-07-01,False
1729d84b-2971-4f94-b903-afcce8dc4619,Diu Somani,Women's,Mumbai City Open 5.0,Mumbai City Open 5.0,city_open,2026-08,2026-08-02,intermediate,groups,0,True,Leesha Shah,draw_entry,1.0,1.0,,mumbai-city-open-5-01,2026-27,2027-08-02,2027-07-01,False
1b914254-ef80-4aa1-aae6-196986d10121,Suhani Sabharwal,Women's,MUMBAI CITY OPEN 4.0,MUMBAI CITY OPEN 4.0,city_open,2026-01,2026-01-11,intermediate,semi_finalist,24,True,,,,,,,2025-26 and earlier,2027-01-11,2027-07-01,False
1b914254-ef80-4aa1-aae6-196986d10121,Suhani Sabharwal,Women's,Mumbai City Open 5.0,Mumbai City Open 5.0,city_open,2026-08,2026-08-02,advance,groups,0,True,Tishya Sagar,draw_entry,0.0,2.0,,mumbai-city-open-5-01,2026-27,2027-08-02,2027-07-01,False
1b914254-ef80-4aa1-aae6-196986d10121,Suhani Sabharwal,Women's,Goa Grandslam 11.0,Goa Grandslam 11.0,grand_slam,2026-08,2026-08-16,intermediate,finalist,60,True,Karina Phipps,draw_entry,2.0,2.0,,ipt-goa-grandslam-11-0,2026-27,2027-08-16,2027-07-01,False
1c91795e-92c5-444b-aa99-d1e70e063c55,Vaibhavi Deshmukh,Women's,INDIAN PADEL TOUR 7.0,INDIAN PADEL TOUR 7.0,grand_slam,2025-08,2025-08-03,advance,winner,600,True,,,,,,,2025-26 and earlier,2026-08-03,2027-07-01,True
1c91795e-92c5-444b-aa99-d1e70e063c55,Vaibhavi Deshmukh,Women's,MUMBAI CITY OPEN 3.0,MUMBAI CITY OPEN 3.0,city_open,2025-09,2025-09-28,advance,winner,400,True,,,,,,,2025-26 and earlier,2026-09-28,2027-07-01,False
1c91795e-92c5-444b-aa99-d1e70e063c55,Vaibhavi Deshmukh,Women's,INDIAN PADEL TOUR 8.0,INDIAN PADEL TOUR 8.0,grand_slam,2025-11,2025-11-30,advance,winner,600,True,,,,,,,2025-26 and earlier,2026-11-30,2027-07-01,False
1c91795e-92c5-444b-aa99-d1e70e063c55,Vaibhavi Deshmukh,Women's,MUMBAI CITY OPEN 4.0,MUMBAI CITY OPEN 4.0,city_open,2026-01,2026-01-11,intermediate,r16,12,True,,,,,,,2025-26 and earlier,2027-01-11,2027-07-01,False
1c91795e-92c5-444b-aa99-d1e70e063c55,Vaibhavi Deshmukh,Women's,INDIAN PADEL TOUR 9.0,INDIAN PADEL TOUR 9.0,grand_slam,2026-02,2026-02-15,advance,winner,600,True,,,,,,,2025-26 and earlier,2027-02-15,2027-07-01,False
1c91795e-92c5-444b-aa99-d1e70e063c55,Vaibhavi Deshmukh,Women's,INDIAN PADEL TOUR WOMEN'S ONLY,INDIAN PADEL TOUR WOMEN'S ONLY,city_open,2026-03,2026-03-29,advance,finalist,240,True,,,,,,,2025-26 and earlier,2027-03-29,2027-07-01,False
1c91795e-92c5-444b-aa99-d1e70e063c55,Vaibhavi Deshmukh,Women's,Goa Grandslam 11.0,Goa Grandslam 11.0,grand_slam,2026-08,2026-08-16,advance,semi_finalist,216,True,Namita Bal,draw_entry,3.0,1.0,,ipt-goa-grandslam-11-0,2026-27,2027-08-16,2027-07-01,False
1d670f4c-32a6-4341-9321-cd7d9f173538,Nupur Gupta,Women's,Goa Grandslam 11.0,Goa Grandslam 11.0,grand_slam,2026-08,2026-08-16,beginner,groups,0,True,Ritika Choudhary,draw_entry,0.0,2.0,,ipt-goa-grandslam-11-0,2026-27,2027-08-16,2027-07-01,False
1f24a3aa-b8df-4886-bedf-6f62693316b9,Anisha Aibara,Women's,Mumbai City Open 5.0,Mumbai City Open 5.0,city_open,2026-08,2026-08-02,intermediate,semi_finalist,18,True,Erika Lobo,draw_entry,2.0,1.0,,mumbai-city-open-5-01,2026-27,2027-08-02,2027-07-01,False
2063b58b-76ed-4ada-9d3d-31709f9a26db,Sareeka John,Women's,City Open Kochi 2.0,City Open Kochi 2.0,city_open,2026-09,2026-09-13,intermediate,finalist,30,True,Shubha Abhilash,profile,1.0,2.0,,ipt-kochi-city-open-2-0,2026-27,2027-09-13,2027-07-01,False
209435a7-517e-45e7-808c-3040c999398d,Neeti Nayak,Women's,City Open Kochi 2.0,City Open Kochi 2.0,city_open,2026-09,2026-09-13,intermediate,groups,0,True,Urmi Kothari,profile,0.0,2.0,,ipt-kochi-city-open-2-0,2026-27,2027-09-13,2027-07-01,False
214fa58d-dcf2-4b0b-888f-f2a2341ae45b,Amaya Kothari,Women's,Mumbai City Open 5.0,Mumbai City Open 5.0,city_open,2026-08,2026-08-02,intermediate,groups,0,True,Gabriella Demetriades,draw_entry,1.0,1.0,,mumbai-city-open-5-01,2026-27,2027-08-02,2027-07-01,False
214fa58d-dcf2-4b0b-888f-f2a2341ae45b,Amaya Kothari,Women's,Goa Grandslam 11.0,Goa Grandslam 11.0,grand_slam,2026-08,2026-08-16,advance,groups,0,True,Kyra Pereira,draw_entry,0.0,3.0,,ipt-goa-grandslam-11-0,2026-27,2027-08-16,2027-07-01,False
261c3899-f32d-4861-a046-8b36ccf6123a,Tishya Sagar,Women's,INDIAN PADEL TOUR 7.0,INDIAN PADEL TOUR 7.0,grand_slam,2025-08,2025-08-03,advance,semi_finalist,240,True,,,,,,,2025-26 and earlier,2026-08-03,2027-07-01,True
261c3899-f32d-4861-a046-8b36ccf6123a,Tishya Sagar,Women's,MUMBAI CITY OPEN 4.0,MUMBAI CITY OPEN 4.0,city_open,2026-01,2026-01-11,intermediate,finalist,36,True,,,,,,,2025-26 and earlier,2027-01-11,2027-07-01,False
261c3899-f32d-4861-a046-8b36ccf6123a,Tishya Sagar,Women's,INDIAN PADEL TOUR 10.0,INDIAN PADEL TOUR 10.0,grand_slam,2026-04,2026-04-26,advance,semi_finalist,240,True,,,,,,,2025-26 and earlier,2027-04-26,2027-07-01,False
261c3899-f32d-4861-a046-8b36ccf6123a,Tishya Sagar,Women's,Mumbai City Open 5.0,Mumbai City Open 5.0,city_open,2026-08,2026-08-02,advance,groups,0,True,Suhani Sabharwal,draw_entry,0.0,2.0,,mumbai-city-open-5-01,2026-27,2027-08-02,2027-07-01,False
27971b18-d7dd-4eff-8ce5-6ecc8ead85b0,Vera desai,Women's,MUMBAI CITY OPEN 4.0,MUMBAI CITY OPEN 4.0,city_open,2026-01,2026-01-11,beginner,finalist,18,True,,,,,,,2025-26 and earlier,2027-01-11,2027-07-01,False
27971b18-d7dd-4eff-8ce5-6ecc8ead85b0,Vera desai,Women's,Mumbai City Open 5.0,Mumbai City Open 5.0,city_open,2026-08,2026-08-02,intermediate,semi_finalist,18,True,Tanushri Biyani,draw_entry,2.0,1.0,,mumbai-city-open-5-01,2026-27,2027-08-02,2027-07-01,False
2be56e26-cc2a-4ecb-a502-ebb83a8212e3,Sia Chawla,Women's,Goa Grandslam 11.0,Goa Grandslam 11.0,grand_slam,2026-08,2026-08-16,beginner,semi_finalist,18,True,Armaan Mann,draw_entry,0.0,2.0,,ipt-goa-grandslam-11-0,2026-27,2027-08-16,2027-07-01,False
2ecd3163-09e3-40b5-bd3b-d817112479b0,Namita Bal,Women's,Goa Grandslam 11.0,Goa Grandslam 11.0,grand_slam,2026-08,2026-08-16,advance,semi_finalist,216,True,Vaibhavi Deshmukh,draw_entry,3.0,1.0,,ipt-goa-grandslam-11-0,2026-27,2027-08-16,2027-07-01,False
3d21ad79-9d3f-46d7-92da-ef095250efaf,Ridhi Gupta,Women's,INDIAN PADEL TOUR 10.0,INDIAN PADEL TOUR 10.0,grand_slam,2026-04,2026-04-26,intermediate,semi_finalist,40,True,,,,,,,2025-26 and earlier,2027-04-26,2027-07-01,False
44b79474-da87-43ad-a4b8-204252d87b30,Sameeksha Annem,Women's,Goa Grandslam 11.0,Goa Grandslam 11.0,grand_slam,2026-08,2026-08-16,beginner,winner,50,True,Padma Veda Manikonda,draw_entry,3.0,0.0,,ipt-goa-grandslam-11-0,2026-27,2027-08-16,2027-07-01,False
477f11d3-787d-4419-b0f5-23b7f94a4a51,Vanshika Kaji,Women's,INDIAN PADEL TOUR WOMEN'S ONLY,INDIAN PADEL TOUR WOMEN'S ONLY,city_open,2026-03,2026-03-29,beginner,semi_finalist,12,True,,,,,,,2025-26 and earlier,2027-03-29,2027-07-01,False
477f11d3-787d-4419-b0f5-23b7f94a4a51,Vanshika Kaji,Women's,Mumbai City Open 5.0,Mumbai City Open 5.0,city_open,2026-08,2026-08-02,intermediate,groups,0,True,Priyanka Kapadia,draw_entry,0.0,2.0,,mumbai-city-open-5-01,2026-27,2027-08-02,2027-07-01,False
481f14a2-6a1c-4826-a67c-e8c50be8bc51,Roshni Dadachanji,Women's,INDIAN PADEL TOUR WOMEN'S ONLY,INDIAN PADEL TOUR WOMEN'S ONLY,city_open,2026-03,2026-03-29,intermediate,semi_finalist,24,True,,,,,,,2025-26 and earlier,2027-03-29,2027-07-01,False
481f14a2-6a1c-4826-a67c-e8c50be8bc51,Roshni Dadachanji,Women's,Mumbai City Open 5.0,Mumbai City Open 5.0,city_open,2026-08,2026-08-02,intermediate,finalist,30,True,Shahnaz Dubash,draw_entry,3.0,1.0,,mumbai-city-open-5-01,2026-27,2027-08-02,2027-07-01,False
4b5c73b1-1d6c-4d72-9e13-3d93fbf93070,Avreet Dhillon,Women's,INDIAN PADEL TOUR 10.0,INDIAN PADEL TOUR 10.0,grand_slam,2026-04,2026-04-26,beginner,winner,50,True,,,,,,,2025-26 and earlier,2027-04-26,2027-07-01,False
4ea58301-befa-4fac-8bca-101214a186c8,Niti Mehta,Women's,City Open Kochi 2.0,City Open Kochi 2.0,city_open,2026-09,2026-09-13,beginner,winner,25,True,Alisha Aggarwal,profile,4.0,0.0,,ipt-kochi-city-open-2-0,2026-27,2027-09-13,2027-07-01,False
516fd38b-6201-44a3-8106-4f7f7425fe74,Urmi Kothari,Women's,City Open Kochi 2.0,City Open Kochi 2.0,city_open,2026-09,2026-09-13,intermediate,groups,0,True,Neeti Nayak,profile,0.0,2.0,,ipt-kochi-city-open-2-0,2026-27,2027-09-13,2027-07-01,False
553e7592-683c-4750-be8f-57098fc7d7bd,Anmol Malhotra,Women's,Goa Grandslam 11.0,Goa Grandslam 11.0,grand_slam,2026-08,2026-08-16,intermediate,groups,0,True,Tammana Kalra,draw_entry,1.0,2.0,,ipt-goa-grandslam-11-0,2026-27,2027-08-16,2027-07-01,False
591d607a-18da-4552-a761-0a66271a2718,Shireen Mahajan,Women's,INDIAN PADEL TOUR 10.0,INDIAN PADEL TOUR 10.0,grand_slam,2026-04,2026-04-26,beginner,winner,50,True,,,,,,,2025-26 and earlier,2027-04-26,2027-07-01,False
591d607a-18da-4552-a761-0a66271a2718,Shireen Mahajan,Women's,Goa Grandslam 11.0,Goa Grandslam 11.0,grand_slam,2026-08,2026-08-16,beginner,finalist,30,True,Sukhmani Grewal,draw_entry,3.0,1.0,,ipt-goa-grandslam-11-0,2026-27,2027-08-16,2027-07-01,False
5b68e925-0f23-4eb8-9dc9-c3f13a8a8813,Deepthi J S,Women's,City Open Kochi 2.0,City Open Kochi 2.0,city_open,2026-09,2026-09-13,intermediate,winner,50,True,Rebecca Puthumana,profile,3.0,0.0,,ipt-kochi-city-open-2-0,2026-27,2027-09-13,2027-07-01,False
5e45411e-b0ef-4bea-b23f-c9a559a727dc,Trishina Kirpalani,Women's,Mumbai City Open 5.0,Mumbai City Open 5.0,city_open,2026-08,2026-08-02,intermediate,groups,0,True,Anandita Parekh,draw_entry,0.0,2.0,,mumbai-city-open-5-01,2026-27,2027-08-02,2027-07-01,False
5ecfdc1f-7bc4-4015-8d74-cd6d823ba635,Ishna Byramjee,Women's,Mumbai City Open 5.0,Mumbai City Open 5.0,city_open,2026-08,2026-08-02,intermediate,groups,0,True,Aditi Dugar,draw_entry,0.0,2.0,,mumbai-city-open-5-01,2026-27,2027-08-02,2027-07-01,False
6e62c2a4-bd95-41f8-bd17-901a78994ae1,Armaan Mann,Women's,Goa Grandslam 11.0,Goa Grandslam 11.0,grand_slam,2026-08,2026-08-16,beginner,semi_finalist,18,True,Sia Chawla,draw_entry,0.0,2.0,,ipt-goa-grandslam-11-0,2026-27,2027-08-16,2027-07-01,False
70792b71-1549-46eb-bb7d-9b5f2a787281,Tammana Kalra,Women's,Goa Grandslam 11.0,Goa Grandslam 11.0,grand_slam,2026-08,2026-08-16,intermediate,groups,0,True,Anmol Malhotra,draw_entry,1.0,2.0,,ipt-goa-grandslam-11-0,2026-27,2027-08-16,2027-07-01,False
7141790d-4b03-4a8c-b605-9a3273191dcd,Gayatri Nair,Women's,City Open Kochi 2.0,City Open Kochi 2.0,city_open,2026-09,2026-09-13,beginner,finalist,15,True,Raksha Bhaskar,profile,2.0,2.0,,ipt-kochi-city-open-2-0,2026-27,2027-09-13,2027-07-01,False
739a853c-ae03-4719-ba64-a326c87ccd84,Sahitra Ghurye,Women's,INDIAN PADEL TOUR WOMEN'S ONLY,INDIAN PADEL TOUR WOMEN'S ONLY,city_open,2026-03,2026-03-29,intermediate,quarter_finalist,18,True,,,,,,,2025-26 and earlier,2027-03-29,2027-07-01,False
739a853c-ae03-4719-ba64-a326c87ccd84,Sahitra Ghurye,Women's,Mumbai City Open 5.0,Mumbai City Open 5.0,city_open,2026-08,2026-08-02,intermediate,groups,0,True,Ashwita Hosbettu,draw_entry,1.0,1.0,,mumbai-city-open-5-01,2026-27,2027-08-02,2027-07-01,False
76c439ce-ed6a-4d86-b384-38a843b6a4ee,Sonia Rathee,Women's,INDIAN PADEL TOUR WOMEN'S ONLY,INDIAN PADEL TOUR WOMEN'S ONLY,city_open,2026-03,2026-03-29,intermediate,finalist,36,True,,,,,,,2025-26 and earlier,2027-03-29,2027-07-01,False
76c439ce-ed6a-4d86-b384-38a843b6a4ee,Sonia Rathee,Women's,INDIAN PADEL TOUR 10.0,INDIAN PADEL TOUR 10.0,grand_slam,2026-04,2026-04-26,intermediate,finalist,60,True,,,,,,,2025-26 and earlier,2027-04-26,2027-07-01,False
76c439ce-ed6a-4d86-b384-38a843b6a4ee,Sonia Rathee,Women's,Mumbai City Open 5.0,Mumbai City Open 5.0,city_open,2026-08,2026-08-02,intermediate,winner,50,True,Sanya Khan,draw_entry,4.0,0.0,,mumbai-city-open-5-01,2026-27,2027-08-02,2027-07-01,False
78d5d429-c5f3-45a9-896b-b7f9346bbc83,Pooja Kharat,Women's,Mumbai City Open 5.0,Mumbai City Open 5.0,city_open,2026-08,2026-08-02,intermediate,groups,0,True,Diya Chopra,draw_entry,1.0,1.0,,mumbai-city-open-5-01,2026-27,2027-08-02,2027-07-01,False
78d5d429-c5f3-45a9-896b-b7f9346bbc83,Pooja Kharat,Women's,Goa Grandslam 11.0,Goa Grandslam 11.0,grand_slam,2026-08,2026-08-16,intermediate,groups,0,True,Shabri Agarwal,draw_entry,1.0,2.0,,ipt-goa-grandslam-11-0,2026-27,2027-08-16,2027-07-01,False
7a0a5946-601b-4919-858d-8e3667bd4f77,Treta Bhattacharyya,Women's,BENGALURU CITY OPEN 2.0,BANGALORE CITY OPEN 2.0,city_open,2026-04,2026-04-12,intermediate,winner,60,True,,,,,,,2025-26 and earlier,2027-04-12,2027-07-01,False
7a0a5946-601b-4919-858d-8e3667bd4f77,Treta Bhattacharyya,Women's,Goa Grandslam 11.0,Goa Grandslam 11.0,grand_slam,2026-08,2026-08-16,advance,semi_finalist,216,True,Sonashe Bhatnagar,draw_entry,2.0,2.0,,ipt-goa-grandslam-11-0,2026-27,2027-08-16,2027-07-01,False
7a23263c-f0d4-4b39-a8ea-16d1a195f91e,Leesha Shah,Women's,Mumbai City Open 5.0,Mumbai City Open 5.0,city_open,2026-08,2026-08-02,intermediate,groups,0,True,Diu Somani,draw_entry,1.0,1.0,,mumbai-city-open-5-01,2026-27,2027-08-02,2027-07-01,False
7d346033-c0e1-4672-8fd9-7d3361dc8f12,Rhea Mathews,Women's,Goa Grandslam 11.0,Goa Grandslam 11.0,grand_slam,2026-08,2026-08-16,beginner,semi_finalist,18,True,Dinika Thomas,draw_entry,1.0,2.0,,ipt-goa-grandslam-11-0,2026-27,2027-08-16,2027-07-01,False
7ddc1ace-4a2d-41ea-89a5-f37a29752e63,Janita Bhandari,Women's,Mumbai City Open 5.0,Mumbai City Open 5.0,city_open,2026-08,2026-08-02,beginner,groups,0,True,Tara Alisha Berry,draw_entry,1.0,2.0,,mumbai-city-open-5-01,2026-27,2027-08-02,2027-07-01,False
808e72ea-16d9-41ac-88af-cdc80de35aa4,Aashna Mehra,Women's,INDIAN PADEL TOUR 10.0,INDIAN PADEL TOUR 10.0,grand_slam,2026-04,2026-04-26,intermediate,winner,100,True,,,,,,,2025-26 and earlier,2027-04-26,2027-07-01,False
808e72ea-16d9-41ac-88af-cdc80de35aa4,Aashna Mehra,Women's,Goa Grandslam 11.0,Goa Grandslam 11.0,grand_slam,2026-08,2026-08-16,advance,groups,0,True,Radhika Vasudeva,draw_entry,0.0,3.0,,ipt-goa-grandslam-11-0,2026-27,2027-08-16,2027-07-01,False
82a22690-4c94-47e8-99c1-8e1c89f71916,Manvi Chaudhary,Women's,Mumbai City Open 5.0,Mumbai City Open 5.0,city_open,2026-08,2026-08-02,beginner,finalist,15,True,Kimberly Fernandez,draw_entry,4.0,1.0,,mumbai-city-open-5-01,2026-27,2027-08-02,2027-07-01,False
84bbf8bb-72b8-4471-bb81-4899711ae519,Neha Mehta,Women's,MUMBAI CITY OPEN 4.0,MUMBAI CITY OPEN 4.0,city_open,2026-01,2026-01-11,beginner,winner,30,True,,,,,,,2025-26 and earlier,2027-01-11,2027-07-01,False
84bbf8bb-72b8-4471-bb81-4899711ae519,Neha Mehta,Women's,INDIAN PADEL TOUR WOMEN'S ONLY,INDIAN PADEL TOUR WOMEN'S ONLY,city_open,2026-03,2026-03-29,intermediate,winner,60,True,,,,,,,2025-26 and earlier,2027-03-29,2027-07-01,False
84bbf8bb-72b8-4471-bb81-4899711ae519,Neha Mehta,Women's,Mumbai City Open 5.0,Mumbai City Open 5.0,city_open,2026-08,2026-08-02,advance,semi_finalist,108,True,Nikhila Palat,draw_entry,1.0,2.0,,mumbai-city-open-5-01,2026-27,2027-08-02,2027-07-01,False
8896ebce-7533-4862-a50a-1b22d9ee07fd,Shivani Manjanna,Women's,BENGALURU CITY OPEN 2.0,BANGALORE CITY OPEN 2.0,city_open,2026-04,2026-04-12,intermediate,finalist,36,True,,,,,,,2025-26 and earlier,2027-04-12,2027-07-01,False
8896ebce-7533-4862-a50a-1b22d9ee07fd,Shivani Manjanna,Women's,Goa Grandslam 11.0,Goa Grandslam 11.0,grand_slam,2026-08,2026-08-16,advance,groups,0,True,Prarthana Prathap,draw_entry,1.0,2.0,,ipt-goa-grandslam-11-0,2026-27,2027-08-16,2027-07-01,False
89799665-84e8-4c12-bb0d-dd8b4dc58ca2,Rubani Sidhu,Women's,Goa Grandslam 11.0,Goa Grandslam 11.0,grand_slam,2026-08,2026-08-16,intermediate,winner,100,True,Mansi Malhotra,draw_entry,3.0,1.0,,ipt-goa-grandslam-11-0,2026-27,2027-08-16,2027-07-01,False
906ad64f-35a3-46f3-ae7f-daab378c1e5c,Aswti Mannali,Women's,City Open Kochi 2.0,City Open Kochi 2.0,city_open,2026-09,2026-09-13,beginner,groups,0,True,Devi Nayar,profile,1.0,2.0,,ipt-kochi-city-open-2-0,2026-27,2027-09-13,2027-07-01,False
97f6ab71-c2c1-47e8-a0b0-6b2a1eeef2c8,Kimberly Fernandez,Women's,Mumbai City Open 5.0,Mumbai City Open 5.0,city_open,2026-08,2026-08-02,beginner,finalist,15,True,Manvi Chaudhary,draw_entry,4.0,1.0,,mumbai-city-open-5-01,2026-27,2027-08-02,2027-07-01,False
9802f076-2946-4c70-b7af-2160f581c889,Tara Alisha Berry,Women's,Mumbai City Open 5.0,Mumbai City Open 5.0,city_open,2026-08,2026-08-02,beginner,groups,0,True,Janita Bhandari,draw_entry,1.0,2.0,,mumbai-city-open-5-01,2026-27,2027-08-02,2027-07-01,False
985b2093-d841-4049-8765-cc0340751f8c,Shubha Abhilash,Women's,City Open Kochi 2.0,City Open Kochi 2.0,city_open,2026-09,2026-09-13,intermediate,finalist,30,True,Sareeka John,profile,1.0,2.0,,ipt-kochi-city-open-2-0,2026-27,2027-09-13,2027-07-01,False
9e152937-edcc-4e21-b44d-ae8474746725,Dheeya Somaiya,Women's,Mumbai City Open 5.0,Mumbai City Open 5.0,city_open,2026-08,2026-08-02,beginner,semi_finalist,9,True,Nikita Hingorani,draw_entry,3.0,1.0,,mumbai-city-open-5-01,2026-27,2027-08-02,2027-07-01,False
9f517b47-d5b5-40bf-b85e-7f0f4f5d3a31,Nikhila Palat,Women's,INDIAN PADEL TOUR WOMEN'S ONLY,INDIAN PADEL TOUR WOMEN'S ONLY,city_open,2026-03,2026-03-29,intermediate,winner,60,True,,,,,,,2025-26 and earlier,2027-03-29,2027-07-01,False
9f517b47-d5b5-40bf-b85e-7f0f4f5d3a31,Nikhila Palat,Women's,Mumbai City Open 5.0,Mumbai City Open 5.0,city_open,2026-08,2026-08-02,advance,semi_finalist,108,True,Neha Mehta,draw_entry,1.0,2.0,,mumbai-city-open-5-01,2026-27,2027-08-02,2027-07-01,False
a6242ca3-df1f-43fa-bde1-8577a761d180,Sukhmani Grewal,Women's,Goa Grandslam 11.0,Goa Grandslam 11.0,grand_slam,2026-08,2026-08-16,beginner,finalist,30,True,Shireen Mahajan,draw_entry,3.0,1.0,,ipt-goa-grandslam-11-0,2026-27,2027-08-16,2027-07-01,False
a7d52a88-016f-4920-b7e4-d1389cef635c,Arnavaz Kollah,Women's,INDIAN PADEL TOUR 10.0,INDIAN PADEL TOUR 10.0,grand_slam,2026-04,2026-04-26,beginner,finalist,30,True,,,,,,,2025-26 and earlier,2027-04-26,2027-07-01,False
a84c245a-00fe-4ed3-b3a4-75028b634941,Pooja Bhammer,Women's,Mumbai City Open 5.0,Mumbai City Open 5.0,city_open,2026-08,2026-08-02,beginner,groups,0,True,Ishita Dharnidharka,draw_entry,0.0,3.0,,mumbai-city-open-5-01,2026-27,2027-08-02,2027-07-01,False
a8716cfd-5d35-417a-bf7f-cc12277c615b,Dhwani Kumar,Women's,Mumbai City Open 5.0,Mumbai City Open 5.0,city_open,2026-08,2026-08-02,advance,groups,0,True,Sonashe Bhatnagar,draw_entry,0.0,2.0,,mumbai-city-open-5-01,2026-27,2027-08-02,2027-07-01,False
a8725d43-8928-4958-ace6-183c3a63c538,Steisha Buddhala,Women's,INDIAN PADEL TOUR 7.0,INDIAN PADEL TOUR 7.0,grand_slam,2025-08,2025-08-03,advance,finalist,360,True,,,,,,,2025-26 and earlier,2026-08-03,2027-07-01,True
a8725d43-8928-4958-ace6-183c3a63c538,Steisha Buddhala,Women's,MUMBAI CITY OPEN 3.0,MUMBAI CITY OPEN 3.0,city_open,2025-09,2025-09-28,advance,finalist,240,True,,,,,,,2025-26 and earlier,2026-09-28,2027-07-01,False
a8725d43-8928-4958-ace6-183c3a63c538,Steisha Buddhala,Women's,INDIAN PADEL TOUR 8.0,INDIAN PADEL TOUR 8.0,grand_slam,2025-11,2025-11-30,advance,finalist,360,True,,,,,,,2025-26 and earlier,2026-11-30,2027-07-01,False
a8725d43-8928-4958-ace6-183c3a63c538,Steisha Buddhala,Women's,INDIAN PADEL TOUR 9.0,INDIAN PADEL TOUR 9.0,grand_slam,2026-02,2026-02-15,advance,finalist,360,True,,,,,,,2025-26 and earlier,2027-02-15,2027-07-01,False
a8725d43-8928-4958-ace6-183c3a63c538,Steisha Buddhala,Women's,INDIAN PADEL TOUR WOMEN'S ONLY,INDIAN PADEL TOUR WOMEN'S ONLY,city_open,2026-03,2026-03-29,advance,winner,400,True,,,,,,,2025-26 and earlier,2027-03-29,2027-07-01,False
a8725d43-8928-4958-ace6-183c3a63c538,Steisha Buddhala,Women's,INDIAN PADEL TOUR 10.0,INDIAN PADEL TOUR 10.0,grand_slam,2026-04,2026-04-26,advance,winner,600,True,,,,,,,2025-26 and earlier,2027-04-26,2027-07-01,False
a8725d43-8928-4958-ace6-183c3a63c538,Steisha Buddhala,Women's,Goa Grandslam 11.0,Goa Grandslam 11.0,grand_slam,2026-08,2026-08-16,advance,winner,600,True,Amy Bundhel,draw_entry,5.0,0.0,,ipt-goa-grandslam-11-0,2026-27,2027-08-16,2027-07-01,False
a89dd697-d603-4ea7-a6b6-610d8328aabe,Gayathri Sanjeev,Women's,Mumbai City Open 5.0,Mumbai City Open 5.0,city_open,2026-08,2026-08-02,beginner,groups,0,True,Sunaina Vasudev,draw_entry,0.0,3.0,,mumbai-city-open-5-01,2026-27,2027-08-02,2027-07-01,False
a8f6711d-8415-49af-afc4-f8f9a3913a3e,Estelle Mehta,Women's,MUMBAI CITY OPEN 4.0,MUMBAI CITY OPEN 4.0,city_open,2026-01,2026-01-11,intermediate,winner,60,True,,,,,,,2025-26 and earlier,2027-01-11,2027-07-01,False
a8f6711d-8415-49af-afc4-f8f9a3913a3e,Estelle Mehta,Women's,INDIAN PADEL TOUR 9.0,INDIAN PADEL TOUR 9.0,grand_slam,2026-02,2026-02-15,advance,semi_finalist,240,True,,,,,,,2025-26 and earlier,2027-02-15,2027-07-01,False
a8f6711d-8415-49af-afc4-f8f9a3913a3e,Estelle Mehta,Women's,Mumbai City Open 5.0,Mumbai City Open 5.0,city_open,2026-08,2026-08-02,advance,finalist,180,True,Anisha Mirchandani,draw_entry,3.0,1.0,,mumbai-city-open-5-01,2026-27,2027-08-02,2027-07-01,False
a8f6711d-8415-49af-afc4-f8f9a3913a3e,Estelle Mehta,Women's,Goa Grandslam 11.0,Goa Grandslam 11.0,grand_slam,2026-08,2026-08-16,advance,groups,0,True,Anisha Mirchandani,draw_entry,1.0,2.0,,ipt-goa-grandslam-11-0,2026-27,2027-08-16,2027-07-01,False
aa66801a-85de-41fe-b8d3-c5deb7346bbe,Gabriella Demetriades,Women's,Mumbai City Open 5.0,Mumbai City Open 5.0,city_open,2026-08,2026-08-02,intermediate,groups,0,True,Amaya Kothari,draw_entry,1.0,1.0,,mumbai-city-open-5-01,2026-27,2027-08-02,2027-07-01,False
ad10e469-9f1c-4814-a624-01e88f087c2e,Ishita Dharnidharka,Women's,Mumbai City Open 5.0,Mumbai City Open 5.0,city_open,2026-08,2026-08-02,beginner,groups,0,True,Pooja Bhammer,draw_entry,0.0,3.0,,mumbai-city-open-5-01,2026-27,2027-08-02,2027-07-01,False
ada1590f-1a1e-4731-8de2-57450fdc001d,Devi Nayar,Women's,City Open Kochi 2.0,City Open Kochi 2.0,city_open,2026-09,2026-09-13,beginner,groups,0,True,Aswti Mannali,profile,1.0,2.0,,ipt-kochi-city-open-2-0,2026-27,2027-09-13,2027-07-01,False
ae91f022-a8d7-4512-9c62-7ad7beb36a5c,Veda Bhambhani,Women's,Mumbai City Open 5.0,Mumbai City Open 5.0,city_open,2026-08,2026-08-02,beginner,groups,0,True,Vedika Chamria,draw_entry,1.0,2.0,,mumbai-city-open-5-01,2026-27,2027-08-02,2027-07-01,False
b25938a4-d80d-442e-a68b-01ed3b1c27b9,Erika Lobo,Women's,Mumbai City Open 5.0,Mumbai City Open 5.0,city_open,2026-08,2026-08-02,intermediate,semi_finalist,18,True,Anisha Aibara,draw_entry,2.0,1.0,,mumbai-city-open-5-01,2026-27,2027-08-02,2027-07-01,False
b50974c2-24ef-4080-bd3d-e76b22b7e05e,Rebecca Puthumana,Women's,City Open Kochi 2.0,City Open Kochi 2.0,city_open,2026-09,2026-09-13,intermediate,winner,50,True,Deepthi J S,profile,3.0,0.0,,ipt-kochi-city-open-2-0,2026-27,2027-09-13,2027-07-01,False
b94c4804-ee1d-427a-a293-f0ab8400515c,Karina Phipps,Women's,Goa Grandslam 11.0,Goa Grandslam 11.0,grand_slam,2026-08,2026-08-16,intermediate,finalist,60,True,Suhani Sabharwal,draw_entry,2.0,2.0,,ipt-goa-grandslam-11-0,2026-27,2027-08-16,2027-07-01,False
ba0bebb9-bb83-4bfc-9c39-a96387beae44,Sonashe Bhatnagar,Women's,BENGALURU CITY OPEN 2.0,BANGALORE CITY OPEN 2.0,city_open,2026-04,2026-04-12,intermediate,winner,60,True,,,,,,,2025-26 and earlier,2027-04-12,2027-07-01,False
ba0bebb9-bb83-4bfc-9c39-a96387beae44,Sonashe Bhatnagar,Women's,Mumbai City Open 5.0,Mumbai City Open 5.0,city_open,2026-08,2026-08-02,advance,groups,0,True,Dhwani Kumar,draw_entry,0.0,2.0,,mumbai-city-open-5-01,2026-27,2027-08-02,2027-07-01,False
ba0bebb9-bb83-4bfc-9c39-a96387beae44,Sonashe Bhatnagar,Women's,Goa Grandslam 11.0,Goa Grandslam 11.0,grand_slam,2026-08,2026-08-16,advance,semi_finalist,216,True,Treta Bhattacharya,draw_entry,2.0,2.0,,ipt-goa-grandslam-11-0,2026-27,2027-08-16,2027-07-01,False
bc94050e-cb46-4042-90af-59816fe42f5b,Sanaya Sabharwal,Women's,Mumbai City Open 5.0,Mumbai City Open 5.0,city_open,2026-08,2026-08-02,beginner,winner,25,True,Gehna Datwani,draw_entry,4.0,1.0,,mumbai-city-open-5-01,2026-27,2027-08-02,2027-07-01,False
c02126c6-4418-4f24-8895-867c3e3c89c2,Amy Bundhel,Women's,INDIAN PADEL TOUR 7.0,INDIAN PADEL TOUR 7.0,grand_slam,2025-08,2025-08-03,advance,finalist,360,True,,,,,,,2025-26 and earlier,2026-08-03,2027-07-01,True
c02126c6-4418-4f24-8895-867c3e3c89c2,Amy Bundhel,Women's,MUMBAI CITY OPEN 3.0,MUMBAI CITY OPEN 3.0,city_open,2025-09,2025-09-28,advance,finalist,240,True,,,,,,,2025-26 and earlier,2026-09-28,2027-07-01,False
c02126c6-4418-4f24-8895-867c3e3c89c2,Amy Bundhel,Women's,INDIAN PADEL TOUR 8.0,INDIAN PADEL TOUR 8.0,grand_slam,2025-11,2025-11-30,advance,finalist,360,True,,,,,,,2025-26 and earlier,2026-11-30,2027-07-01,False
c02126c6-4418-4f24-8895-867c3e3c89c2,Amy Bundhel,Women's,INDIAN PADEL TOUR 9.0,INDIAN PADEL TOUR 9.0,grand_slam,2026-02,2026-02-15,advance,finalist,360,True,,,,,,,2025-26 and earlier,2027-02-15,2027-07-01,False
c02126c6-4418-4f24-8895-867c3e3c89c2,Amy Bundhel,Women's,INDIAN PADEL TOUR WOMEN'S ONLY,INDIAN PADEL TOUR WOMEN'S ONLY,city_open,2026-03,2026-03-29,advance,winner,400,True,,,,,,,2025-26 and earlier,2027-03-29,2027-07-01,False
c02126c6-4418-4f24-8895-867c3e3c89c2,Amy Bundhel,Women's,INDIAN PADEL TOUR 10.0,INDIAN PADEL TOUR 10.0,grand_slam,2026-04,2026-04-26,advance,winner,600,True,,,,,,,2025-26 and earlier,2027-04-26,2027-07-01,False
c02126c6-4418-4f24-8895-867c3e3c89c2,Amy Bundhel,Women's,Goa Grandslam 11.0,Goa Grandslam 11.0,grand_slam,2026-08,2026-08-16,advance,winner,600,True,Steisha Buddhala,draw_entry,5.0,0.0,,ipt-goa-grandslam-11-0,2026-27,2027-08-16,2027-07-01,False
c70940a7-129d-4162-abf3-eec1f85f502c,Sunaina Vasudev,Women's,Mumbai City Open 5.0,Mumbai City Open 5.0,city_open,2026-08,2026-08-02,beginner,groups,0,True,Gayathri Sanjeev,draw_entry,0.0,3.0,,mumbai-city-open-5-01,2026-27,2027-08-02,2027-07-01,False
c756f978-ba35-409f-86be-7892c3b38bea,Dinika Thomas,Women's,Goa Grandslam 11.0,Goa Grandslam 11.0,grand_slam,2026-08,2026-08-16,beginner,semi_finalist,18,True,Rhea Mathews,draw_entry,1.0,2.0,,ipt-goa-grandslam-11-0,2026-27,2027-08-16,2027-07-01,False
cc0d0226-d2bc-4c4a-ab6f-9225b03becc6,Gehna Datwani,Women's,Mumbai City Open 5.0,Mumbai City Open 5.0,city_open,2026-08,2026-08-02,beginner,winner,25,True,Sanaya Sabharwal,draw_entry,4.0,1.0,,mumbai-city-open-5-01,2026-27,2027-08-02,2027-07-01,False
ccedebb9-64af-42b4-bca1-e01d0b2c1ef5,Prarthana Prathap,Women's,BENGALURU CITY OPEN 2.0,BANGALORE CITY OPEN 2.0,city_open,2026-04,2026-04-12,intermediate,finalist,36,True,,,,,,,2025-26 and earlier,2027-04-12,2027-07-01,False
ccedebb9-64af-42b4-bca1-e01d0b2c1ef5,Prarthana Prathap,Women's,Goa Grandslam 11.0,Goa Grandslam 11.0,grand_slam,2026-08,2026-08-16,advance,groups,0,True,Shivani Manjanna,draw_entry,1.0,2.0,,ipt-goa-grandslam-11-0,2026-27,2027-08-16,2027-07-01,False
cf8b7d94-b472-4c15-b10e-a112da1d3143,Sanya Khan,Women's,INDIAN PADEL TOUR WOMEN'S ONLY,INDIAN PADEL TOUR WOMEN'S ONLY,city_open,2026-03,2026-03-29,intermediate,finalist,36,True,,,,,,,2025-26 and earlier,2027-03-29,2027-07-01,False
cf8b7d94-b472-4c15-b10e-a112da1d3143,Sanya Khan,Women's,INDIAN PADEL TOUR 10.0,INDIAN PADEL TOUR 10.0,grand_slam,2026-04,2026-04-26,intermediate,finalist,60,True,,,,,,,2025-26 and earlier,2027-04-26,2027-07-01,False
cf8b7d94-b472-4c15-b10e-a112da1d3143,Sanya Khan,Women's,Mumbai City Open 5.0,Mumbai City Open 5.0,city_open,2026-08,2026-08-02,intermediate,winner,50,True,Sonia Rathee,draw_entry,4.0,0.0,,mumbai-city-open-5-01,2026-27,2027-08-02,2027-07-01,False
d0b617f9-dfee-470a-9b18-020c2c90521e,Shabri Agarwal,Women's,Goa Grandslam 11.0,Goa Grandslam 11.0,grand_slam,2026-08,2026-08-16,intermediate,groups,0,True,Pooja Kharat,draw_entry,1.0,2.0,,ipt-goa-grandslam-11-0,2026-27,2027-08-16,2027-07-01,False
d2d7929c-5515-4860-bcc3-871b25fdf56e,Aashna Sanghvi,Women's,Mumbai City Open 5.0,Mumbai City Open 5.0,city_open,2026-08,2026-08-02,intermediate,groups,0,True,Ashni Kothari,draw_entry,0.0,2.0,,mumbai-city-open-5-01,2026-27,2027-08-02,2027-07-01,False
d7b11e8a-e252-4721-9b62-227fb11e43c2,Shraddha Damani,Women's,INDIAN PADEL TOUR WOMEN'S ONLY,INDIAN PADEL TOUR WOMEN'S ONLY,city_open,2026-03,2026-03-29,advance,semi_finalist,160,True,,,,,,,2025-26 and earlier,2027-03-29,2027-07-01,False
d7b11e8a-e252-4721-9b62-227fb11e43c2,Shraddha Damani,Women's,INDIAN PADEL TOUR 10.0,INDIAN PADEL TOUR 10.0,grand_slam,2026-04,2026-04-26,advance,finalist,360,True,,,,,,,2025-26 and earlier,2027-04-26,2027-07-01,False
d7b11e8a-e252-4721-9b62-227fb11e43c2,Shraddha Damani,Women's,Mumbai City Open 5.0,Mumbai City Open 5.0,city_open,2026-08,2026-08-02,advance,winner,300,True,Tulsi Mehta,draw_entry,4.0,0.0,,mumbai-city-open-5-01,2026-27,2027-08-02,2027-07-01,False
d7b11e8a-e252-4721-9b62-227fb11e43c2,Shraddha Damani,Women's,Goa Grandslam 11.0,Goa Grandslam 11.0,grand_slam,2026-08,2026-08-16,advance,finalist,360,True,Tulsi Mehta,draw_entry,3.0,2.0,,ipt-goa-grandslam-11-0,2026-27,2027-08-16,2027-07-01,False
daca6104-e707-4880-85fe-ff16d3da0c57,Meghna Biju,Women's,City Open Kochi 2.0,City Open Kochi 2.0,city_open,2026-09,2026-09-13,beginner,groups,0,True,Anna Biju,profile,0.0,3.0,,ipt-kochi-city-open-2-0,2026-27,2027-09-13,2027-07-01,False
dbd6997d-2211-4a51-9d0e-0676e2966060,Kimaya Mehta,Women's,MUMBAI CITY OPEN 4.0,MUMBAI CITY OPEN 4.0,city_open,2026-01,2026-01-11,beginner,winner,30,True,,,,,,,2025-26 and earlier,2027-01-11,2027-07-01,False
dbd6997d-2211-4a51-9d0e-0676e2966060,Kimaya Mehta,Women's,Mumbai City Open 5.0,Mumbai City Open 5.0,city_open,2026-08,2026-08-02,advance,semi_finalist,108,True,Pia Kothari,draw_entry,1.0,2.0,,mumbai-city-open-5-01,2026-27,2027-08-02,2027-07-01,False
dd73b3c0-a4c1-4c57-87f1-25fac864cce8,Diya Chopra,Women's,Mumbai City Open 5.0,Mumbai City Open 5.0,city_open,2026-08,2026-08-02,intermediate,groups,0,True,Pooja Kharat,draw_entry,1.0,1.0,,mumbai-city-open-5-01,2026-27,2027-08-02,2027-07-01,False
dfcae58c-6114-4a58-ae65-0da63e435421,Anna Biju,Women's,City Open Kochi 2.0,City Open Kochi 2.0,city_open,2026-09,2026-09-13,beginner,groups,0,True,Meghna Biju,profile,0.0,3.0,,ipt-kochi-city-open-2-0,2026-27,2027-09-13,2027-07-01,False
e190ca21-bb25-46b3-965e-bcb2ffcc3fd3,Tulsi Mehta,Women's,INDIAN PADEL TOUR 7.0,INDIAN PADEL TOUR 7.0,grand_slam,2025-08,2025-08-03,advance,semi_finalist,240,True,,,,,,,2025-26 and earlier,2026-08-03,2027-07-01,True
e190ca21-bb25-46b3-965e-bcb2ffcc3fd3,Tulsi Mehta,Women's,INDIAN PADEL TOUR WOMEN'S ONLY,INDIAN PADEL TOUR WOMEN'S ONLY,city_open,2026-03,2026-03-29,advance,semi_finalist,160,True,,,,,,,2025-26 and earlier,2027-03-29,2027-07-01,False
e190ca21-bb25-46b3-965e-bcb2ffcc3fd3,Tulsi Mehta,Women's,INDIAN PADEL TOUR 10.0,INDIAN PADEL TOUR 10.0,grand_slam,2026-04,2026-04-26,advance,finalist,360,True,,,,,,,2025-26 and earlier,2027-04-26,2027-07-01,False
e190ca21-bb25-46b3-965e-bcb2ffcc3fd3,Tulsi Mehta,Women's,Mumbai City Open 5.0,Mumbai City Open 5.0,city_open,2026-08,2026-08-02,advance,winner,300,True,Shraddha Damani,draw_entry,4.0,0.0,,mumbai-city-open-5-01,2026-27,2027-08-02,2027-07-01,False
e190ca21-bb25-46b3-965e-bcb2ffcc3fd3,Tulsi Mehta,Women's,Goa Grandslam 11.0,Goa Grandslam 11.0,grand_slam,2026-08,2026-08-16,advance,finalist,360,True,Shraddha Damani,draw_entry,3.0,2.0,,ipt-goa-grandslam-11-0,2026-27,2027-08-16,2027-07-01,False
e6544941-7855-4961-9952-2ab8b4731763,Anam Sumar,Women's,Mumbai City Open 5.0,Mumbai City Open 5.0,city_open,2026-08,2026-08-02,beginner,semi_finalist,9,True,Rasha Sumar,draw_entry,2.0,2.0,,mumbai-city-open-5-01,2026-27,2027-08-02,2027-07-01,False
e8a4f77d-e880-4d53-b392-51dc1255d7cf,Ustat Kharbanda,Women's,INDIAN PADEL TOUR 10.0,INDIAN PADEL TOUR 10.0,grand_slam,2026-04,2026-04-26,beginner,semi_finalist,20,True,,,,,,,2025-26 and earlier,2027-04-26,2027-07-01,False
e96f99c4-060b-4dc8-8800-155d8e8fdbbc,Nikita Hingorani,Women's,Mumbai City Open 5.0,Mumbai City Open 5.0,city_open,2026-08,2026-08-02,beginner,semi_finalist,9,True,Dheeya Somaiya,draw_entry,3.0,1.0,,mumbai-city-open-5-01,2026-27,2027-08-02,2027-07-01,False
ea8745f7-50a3-4a17-ae4e-5d13d042ceb4,Anisha Mirchandani,Women's,MUMBAI CITY OPEN 3.0,MUMBAI CITY OPEN 3.0,city_open,2025-09,2025-09-28,intermediate,finalist,36,True,,,,,,,2025-26 and earlier,2026-09-28,2027-07-01,False
ea8745f7-50a3-4a17-ae4e-5d13d042ceb4,Anisha Mirchandani,Women's,MUMBAI CITY OPEN 4.0,MUMBAI CITY OPEN 4.0,city_open,2026-01,2026-01-11,intermediate,winner,60,True,,,,,,,2025-26 and earlier,2027-01-11,2027-07-01,False
ea8745f7-50a3-4a17-ae4e-5d13d042ceb4,Anisha Mirchandani,Women's,INDIAN PADEL TOUR 9.0,INDIAN PADEL TOUR 9.0,grand_slam,2026-02,2026-02-15,advance,semi_finalist,240,True,,,,,,,2025-26 and earlier,2027-02-15,2027-07-01,False
ea8745f7-50a3-4a17-ae4e-5d13d042ceb4,Anisha Mirchandani,Women's,Mumbai City Open 5.0,Mumbai City Open 5.0,city_open,2026-08,2026-08-02,advance,finalist,180,True,Estelle Mehta,draw_entry,3.0,1.0,,mumbai-city-open-5-01,2026-27,2027-08-02,2027-07-01,False
ea8745f7-50a3-4a17-ae4e-5d13d042ceb4,Anisha Mirchandani,Women's,Goa Grandslam 11.0,Goa Grandslam 11.0,grand_slam,2026-08,2026-08-16,advance,groups,0,True,Estelle Mehta,draw_entry,1.0,2.0,,ipt-goa-grandslam-11-0,2026-27,2027-08-16,2027-07-01,False
ebb05833-4e36-4fbc-977b-1973a5845aba,Kyra Pereira,Women's,Goa Grandslam 11.0,Goa Grandslam 11.0,grand_slam,2026-08,2026-08-16,advance,groups,0,True,Amaya Kothari,draw_entry,0.0,3.0,,ipt-goa-grandslam-11-0,2026-27,2027-08-16,2027-07-01,False
ed4faf6e-8a73-488d-a79c-8333c5c5b276,Alisha Aggarwal,Women's,City Open Kochi 2.0,City Open Kochi 2.0,city_open,2026-09,2026-09-13,beginner,winner,25,True,Niti Mehta,profile,4.0,0.0,,ipt-kochi-city-open-2-0,2026-27,2027-09-13,2027-07-01,False
ee6b37d2-ebd5-4a1f-8287-6205907b6fe4,Ashni Kothari,Women's,Mumbai City Open 5.0,Mumbai City Open 5.0,city_open,2026-08,2026-08-02,intermediate,groups,0,True,Aashna Sanghvi,draw_entry,0.0,2.0,,mumbai-city-open-5-01,2026-27,2027-08-02,2027-07-01,False
f075566a-ec58-4d8e-b389-4380d75fba34,Mansi Malhotra,Women's,INDIAN PADEL TOUR 10.0,INDIAN PADEL TOUR 10.0,grand_slam,2026-04,2026-04-26,intermediate,semi_finalist,40,True,,,,,,,2025-26 and earlier,2027-04-26,2027-07-01,False
f075566a-ec58-4d8e-b389-4380d75fba34,Mansi Malhotra,Women's,Goa Grandslam 11.0,Goa Grandslam 11.0,grand_slam,2026-08,2026-08-16,intermediate,winner,100,True,Rubani Sidhu,draw_entry,3.0,1.0,,ipt-goa-grandslam-11-0,2026-27,2027-08-16,2027-07-01,False
f24493ea-3fe2-4286-839f-e2d9f227e629,Padma Veda Manikonda,Women's,Goa Grandslam 11.0,Goa Grandslam 11.0,grand_slam,2026-08,2026-08-16,beginner,winner,50,True,Sameeksha Annem,draw_entry,3.0,0.0,,ipt-goa-grandslam-11-0,2026-27,2027-08-16,2027-07-01,False
f2db3b3d-1aef-4968-a928-0797453d1f8b,Ashwita Hosbettu,Women's,INDIAN PADEL TOUR WOMEN'S ONLY,INDIAN PADEL TOUR WOMEN'S ONLY,city_open,2026-03,2026-03-29,intermediate,quarter_finalist,18,True,,,,,,,2025-26 and earlier,2027-03-29,2027-07-01,False
f2db3b3d-1aef-4968-a928-0797453d1f8b,Ashwita Hosbettu,Women's,Mumbai City Open 5.0,Mumbai City Open 5.0,city_open,2026-08,2026-08-02,intermediate,groups,0,True,Sahitra Ghurye,draw_entry,1.0,1.0,,mumbai-city-open-5-01,2026-27,2027-08-02,2027-07-01,False
f4728606-c9b2-4973-b3b5-68149311c1bc,Tanushri Biyani,Women's,INDIAN PADEL TOUR 8.0,INDIAN PADEL TOUR 8.0,grand_slam,2025-11,2025-11-30,beginner,finalist,30,True,,,,,,,2025-26 and earlier,2026-11-30,2027-07-01,False
f4728606-c9b2-4973-b3b5-68149311c1bc,Tanushri Biyani,Women's,INDIAN PADEL TOUR 9.0,INDIAN PADEL TOUR 9.0,grand_slam,2026-02,2026-02-15,intermediate,finalist,60,True,,,,,,,2025-26 and earlier,2027-02-15,2027-07-01,False
f4728606-c9b2-4973-b3b5-68149311c1bc,Tanushri Biyani,Women's,INDIAN PADEL TOUR WOMEN'S ONLY,INDIAN PADEL TOUR WOMEN'S ONLY,city_open,2026-03,2026-03-29,intermediate,quarter_finalist,18,True,,,,,,,2025-26 and earlier,2027-03-29,2027-07-01,False
f4728606-c9b2-4973-b3b5-68149311c1bc,Tanushri Biyani,Women's,Mumbai City Open 5.0,Mumbai City Open 5.0,city_open,2026-08,2026-08-02,intermediate,semi_finalist,18,True,Vera desai,draw_entry,2.0,1.0,,mumbai-city-open-5-01,2026-27,2027-08-02,2027-07-01,False
f56cac73-53ea-4e6c-86a7-9ab52222f4a0,Vedika Chamria,Women's,Mumbai City Open 5.0,Mumbai City Open 5.0,city_open,2026-08,2026-08-02,beginner,groups,0,True,Veda Bhambhani,draw_entry,1.0,2.0,,mumbai-city-open-5-01,2026-27,2027-08-02,2027-07-01,False
f5dad384-ffe0-451a-8d85-b6deaa46885b,Pia Kothari,Women's,MUMBAI CITY OPEN 3.0,MUMBAI CITY OPEN 3.0,city_open,2025-09,2025-09-28,intermediate,semi_finalist,24,True,,,,,,,2025-26 and earlier,2026-09-28,2027-07-01,False
f5dad384-ffe0-451a-8d85-b6deaa46885b,Pia Kothari,Women's,INDIAN PADEL TOUR 9.0,INDIAN PADEL TOUR 9.0,grand_slam,2026-02,2026-02-15,intermediate,winner,100,True,,,,,,,2025-26 and earlier,2027-02-15,2027-07-01,False
f5dad384-ffe0-451a-8d85-b6deaa46885b,Pia Kothari,Women's,Mumbai City Open 5.0,Mumbai City Open 5.0,city_open,2026-08,2026-08-02,advance,semi_finalist,108,True,Kimaya Mehta,draw_entry,1.0,2.0,,mumbai-city-open-5-01,2026-27,2027-08-02,2027-07-01,False
f8b29fd9-6a1b-4c15-b501-63a633a7daa2,Shahnaz Dubash,Women's,Mumbai City Open 5.0,Mumbai City Open 5.0,city_open,2026-08,2026-08-02,intermediate,finalist,30,True,Roshni Dadachanji,draw_entry,3.0,1.0,,mumbai-city-open-5-01,2026-27,2027-08-02,2027-07-01,False
fb9074c7-a16f-471f-89f8-13ead764d055,Priyanka Kapadia,Women's,Mumbai City Open 5.0,Mumbai City Open 5.0,city_open,2026-08,2026-08-02,intermediate,groups,0,True,Vanshika Kaji,draw_entry,0.0,2.0,,mumbai-city-open-5-01,2026-27,2027-08-02,2027-07-01,False
fc0eebf1-8d1a-4109-bd09-41bb7b9aedae,Ritika Choudhary,Women's,Goa Grandslam 11.0,Goa Grandslam 11.0,grand_slam,2026-08,2026-08-16,beginner,groups,0,True,Nupur Gupta,draw_entry,0.0,2.0,,ipt-goa-grandslam-11-0,2026-27,2027-08-16,2027-07-01,False
fe2baf14-65fa-488a-aa52-602e4fa852e3,Aditi Dugar,Women's,Mumbai City Open 5.0,Mumbai City Open 5.0,city_open,2026-08,2026-08-02,intermediate,groups,0,True,Ishna Byramjee,draw_entry,0.0,2.0,,mumbai-city-open-5-01,2026-27,2027-08-02,2027-07-01,False
ranked-aanchal-vijan,Aanchal Vijan,Women's,MUMBAI CITY OPEN 4.0,MUMBAI CITY OPEN 4.0,city_open,2026-01,2026-01-11,beginner,semi_finalist,12,True,,,,,,,2025-26 and earlier,2027-01-11,2027-07-01,False
ranked-aarti-pandit,Aarti Pandit,Women's,MUMBAI CITY OPEN 3.0,MUMBAI CITY OPEN 3.0,city_open,2025-09,2025-09-28,intermediate,winner,60,True,,,,,,,2025-26 and earlier,2026-09-28,2027-07-01,False
ranked-aarti-pandit,Aarti Pandit,Women's,INDIAN PADEL TOUR 8.0,INDIAN PADEL TOUR 8.0,grand_slam,2025-11,2025-11-30,intermediate,winner,100,True,,,,,,,2025-26 and earlier,2026-11-30,2027-07-01,False
ranked-aarti-pandit,Aarti Pandit,Women's,INDIAN PADEL TOUR 9.0,INDIAN PADEL TOUR 9.0,grand_slam,2026-02,2026-02-15,advance,semi_finalist,240,True,,,,,,,2025-26 and earlier,2027-02-15,2027-07-01,False
ranked-alia-bhatt,Alia Bhatt,Women's,INDIAN PADEL TOUR WOMEN'S ONLY,INDIAN PADEL TOUR WOMEN'S ONLY,city_open,2026-03,2026-03-29,beginner,semi_finalist,12,True,,,,,,,2025-26 and earlier,2027-03-29,2027-07-01,False
ranked-alisha-chauhan,Alisha Chauhan,Women's,MUMBAI CITY OPEN 3.0,MUMBAI CITY OPEN 3.0,city_open,2025-09,2025-09-28,intermediate,finalist,36,True,,,,,,,2025-26 and earlier,2026-09-28,2027-07-01,False
ranked-alisha-chauhan,Alisha Chauhan,Women's,INDIAN PADEL TOUR 8.0,INDIAN PADEL TOUR 8.0,grand_slam,2025-11,2025-11-30,intermediate,finalist,60,True,,,,,,,2025-26 and earlier,2026-11-30,2027-07-01,False
ranked-alisha-chauhan,Alisha Chauhan,Women's,MUMBAI CITY OPEN 4.0,MUMBAI CITY OPEN 4.0,city_open,2026-01,2026-01-11,intermediate,semi_finalist,24,True,,,,,,,2025-26 and earlier,2027-01-11,2027-07-01,False
ranked-alisha-gandhi,Alisha Gandhi,Women's,INDIAN PADEL TOUR WOMEN'S ONLY,INDIAN PADEL TOUR WOMEN'S ONLY,city_open,2026-03,2026-03-29,beginner,quarter_finalist,9,True,,,,,,,2025-26 and earlier,2027-03-29,2027-07-01,False
ranked-amogha-shettar,Amogha Shettar,Women's,BENGALURU CITY OPEN 2.0,BANGALORE CITY OPEN 2.0,city_open,2026-04,2026-04-12,intermediate,semi_finalist,24,True,,,,,,,2025-26 and earlier,2027-04-12,2027-07-01,False
ranked-anshuka-parwani,Anshuka Parwani,Women's,INDIAN PADEL TOUR WOMEN'S ONLY,INDIAN PADEL TOUR WOMEN'S ONLY,city_open,2026-03,2026-03-29,beginner,semi_finalist,12,True,,,,,,,2025-26 and earlier,2027-03-29,2027-07-01,False
ranked-anushka-doshi,Anushka Doshi,Women's,INDIAN PADEL TOUR WOMEN'S ONLY,INDIAN PADEL TOUR WOMEN'S ONLY,city_open,2026-03,2026-03-29,beginner,finalist,18,True,,,,,,,2025-26 and earlier,2027-03-29,2027-07-01,False
ranked-arohi-choksi,Arohi Choksi,Women's,INDIAN PADEL TOUR 9.0,INDIAN PADEL TOUR 9.0,grand_slam,2026-02,2026-02-15,intermediate,semi_finalist,40,True,,,,,,,2025-26 and earlier,2027-02-15,2027-07-01,False
ranked-arundhati-sheth,Arundhati Sheth,Women's,INDIAN PADEL TOUR WOMEN'S ONLY,INDIAN PADEL TOUR WOMEN'S ONLY,city_open,2026-03,2026-03-29,intermediate,quarter_finalist,18,True,,,,,,,2025-26 and earlier,2027-03-29,2027-07-01,False
ranked-ayushi-mukhopadhyay,Ayushi Mukhopadhyay,Women's,BENGALURU CITY OPEN 2.0,BANGALORE CITY OPEN 2.0,city_open,2026-04,2026-04-12,intermediate,semi_finalist,24,True,,,,,,,2025-26 and earlier,2027-04-12,2027-07-01,False
ranked-deeksha-kumar,Deeksha Kumar,Women's,INDIAN PADEL TOUR 10.0,INDIAN PADEL TOUR 10.0,grand_slam,2026-04,2026-04-26,intermediate,semi_finalist,40,True,,,,,,,2025-26 and earlier,2027-04-26,2027-07-01,False
ranked-diya-sanghi,Diya Sanghi,Women's,MUMBAI CITY OPEN 4.0,MUMBAI CITY OPEN 4.0,city_open,2026-01,2026-01-11,intermediate,finalist,36,True,,,,,,,2025-26 and earlier,2027-01-11,2027-07-01,False
ranked-diya-sanghi,Diya Sanghi,Women's,INDIAN PADEL TOUR 9.0,INDIAN PADEL TOUR 9.0,grand_slam,2026-02,2026-02-15,intermediate,winner,100,True,,,,,,,2025-26 and earlier,2027-02-15,2027-07-01,False
ranked-diya-sanghi,Diya Sanghi,Women's,INDIAN PADEL TOUR WOMEN'S ONLY,INDIAN PADEL TOUR WOMEN'S ONLY,city_open,2026-03,2026-03-29,advance,semi_finalist,160,True,,,,,,,2025-26 and earlier,2027-03-29,2027-07-01,False
ranked-ekta-phadke,Ekta Phadke,Women's,INDIAN PADEL TOUR WOMEN'S ONLY,INDIAN PADEL TOUR WOMEN'S ONLY,city_open,2026-03,2026-03-29,beginner,quarter_finalist,9,True,,,,,,,2025-26 and earlier,2027-03-29,2027-07-01,False
ranked-francina-thompson,Francina Thompson,Women's,INDIAN PADEL TOUR WOMEN'S ONLY,INDIAN PADEL TOUR WOMEN'S ONLY,city_open,2026-03,2026-03-29,intermediate,quarter_finalist,18,True,,,,,,,2025-26 and earlier,2027-03-29,2027-07-01,False
ranked-jagriti-choudhary,Jagriti Choudhary,Women's,MUMBAI CITY OPEN 3.0,MUMBAI CITY OPEN 3.0,city_open,2025-09,2025-09-28,intermediate,semi_finalist,24,True,,,,,,,2025-26 and earlier,2026-09-28,2027-07-01,False
ranked-jagriti-choudhary,Jagriti Choudhary,Women's,MUMBAI CITY OPEN 4.0,MUMBAI CITY OPEN 4.0,city_open,2026-01,2026-01-11,intermediate,semi_finalist,24,True,,,,,,,2025-26 and earlier,2027-01-11,2027-07-01,False
ranked-jagriti-choudhary,Jagriti Choudhary,Women's,INDIAN PADEL TOUR WOMEN'S ONLY,INDIAN PADEL TOUR WOMEN'S ONLY,city_open,2026-03,2026-03-29,intermediate,quarter_finalist,18,True,,,,,,,2025-26 and earlier,2027-03-29,2027-07-01,False
ranked-jenai-bilimoria,Jenai Bilimoria,Women's,INDIAN PADEL TOUR 7.0,INDIAN PADEL TOUR 7.0,grand_slam,2025-08,2025-08-03,advance,winner,600,True,,,,,,,2025-26 and earlier,2026-08-03,2027-07-01,True
ranked-jenai-bilimoria,Jenai Bilimoria,Women's,MUMBAI CITY OPEN 3.0,MUMBAI CITY OPEN 3.0,city_open,2025-09,2025-09-28,advance,winner,400,True,,,,,,,2025-26 and earlier,2026-09-28,2027-07-01,False
ranked-jenai-bilimoria,Jenai Bilimoria,Women's,INDIAN PADEL TOUR 8.0,INDIAN PADEL TOUR 8.0,grand_slam,2025-11,2025-11-30,advance,winner,600,True,,,,,,,2025-26 and earlier,2026-11-30,2027-07-01,False
ranked-jenai-bilimoria,Jenai Bilimoria,Women's,MUMBAI CITY OPEN 4.0,MUMBAI CITY OPEN 4.0,city_open,2026-01,2026-01-11,intermediate,r16,12,True,,,,,,,2025-26 and earlier,2027-01-11,2027-07-01,False
ranked-jenai-bilimoria,Jenai Bilimoria,Women's,INDIAN PADEL TOUR 9.0,INDIAN PADEL TOUR 9.0,grand_slam,2026-02,2026-02-15,advance,winner,600,True,,,,,,,2025-26 and earlier,2027-02-15,2027-07-01,False
ranked-jenai-bilimoria,Jenai Bilimoria,Women's,INDIAN PADEL TOUR WOMEN'S ONLY,INDIAN PADEL TOUR WOMEN'S ONLY,city_open,2026-03,2026-03-29,advance,finalist,240,True,,,,,,,2025-26 and earlier,2027-03-29,2027-07-01,False
ranked-karishma-singhal,Karishma Singhal,Women's,INDIAN PADEL TOUR 10.0,INDIAN PADEL TOUR 10.0,grand_slam,2026-04,2026-04-26,beginner,semi_finalist,20,True,,,,,,,2025-26 and earlier,2027-04-26,2027-07-01,False
ranked-kismet-singh,Kismet Singh,Women's,INDIAN PADEL TOUR 10.0,INDIAN PADEL TOUR 10.0,grand_slam,2026-04,2026-04-26,beginner,finalist,30,True,,,,,,,2025-26 and earlier,2027-04-26,2027-07-01,False
ranked-lakshya-sood,Lakshya Sood,Women's,BENGALURU CITY OPEN 2.0,BANGALORE CITY OPEN 2.0,city_open,2026-04,2026-04-12,intermediate,semi_finalist,24,True,,,,,,,2025-26 and earlier,2027-04-12,2027-07-01,False
ranked-maithili-parikh,Maithili Parikh,Women's,INDIAN PADEL TOUR WOMEN'S ONLY,INDIAN PADEL TOUR WOMEN'S ONLY,city_open,2026-03,2026-03-29,beginner,semi_finalist,12,True,,,,,,,2025-26 and earlier,2027-03-29,2027-07-01,False
ranked-maitreyi-parikh,Maitreyi Parikh,Women's,INDIAN PADEL TOUR 8.0,INDIAN PADEL TOUR 8.0,grand_slam,2025-11,2025-11-30,beginner,winner,50,True,,,,,,,2025-26 and earlier,2026-11-30,2027-07-01,False
ranked-milla-rae,Milla Rae,Women's,INDIAN PADEL TOUR WOMEN'S ONLY,INDIAN PADEL TOUR WOMEN'S ONLY,city_open,2026-03,2026-03-29,intermediate,quarter_finalist,18,True,,,,,,,2025-26 and earlier,2027-03-29,2027-07-01,False
ranked-mrinalini-pandit,Mrinalini Pandit,Women's,INDIAN PADEL TOUR WOMEN'S ONLY,INDIAN PADEL TOUR WOMEN'S ONLY,city_open,2026-03,2026-03-29,beginner,quarter_finalist,9,True,,,,,,,2025-26 and earlier,2027-03-29,2027-07-01,False
ranked-pooja-bhansali,Pooja Bhansali,Women's,INDIAN PADEL TOUR WOMEN'S ONLY,INDIAN PADEL TOUR WOMEN'S ONLY,city_open,2026-03,2026-03-29,beginner,quarter_finalist,9,True,,,,,,,2025-26 and earlier,2027-03-29,2027-07-01,False
ranked-pooja-jain,Pooja Jain,Women's,INDIAN PADEL TOUR WOMEN'S ONLY,INDIAN PADEL TOUR WOMEN'S ONLY,city_open,2026-03,2026-03-29,beginner,quarter_finalist,9,True,,,,,,,2025-26 and earlier,2027-03-29,2027-07-01,False
ranked-pooja-shetty,Pooja Shetty,Women's,INDIAN PADEL TOUR WOMEN'S ONLY,INDIAN PADEL TOUR WOMEN'S ONLY,city_open,2026-03,2026-03-29,beginner,finalist,18,True,,,,,,,2025-26 and earlier,2027-03-29,2027-07-01,False
ranked-prabh-sifat-kaur,Prabh Sifat Kaur,Women's,INDIAN PADEL TOUR 10.0,INDIAN PADEL TOUR 10.0,grand_slam,2026-04,2026-04-26,beginner,semi_finalist,20,True,,,,,,,2025-26 and earlier,2027-04-26,2027-07-01,False
ranked-priyanka-boghani,Priyanka Boghani,Women's,INDIAN PADEL TOUR 8.0,INDIAN PADEL TOUR 8.0,grand_slam,2025-11,2025-11-30,intermediate,winner,100,True,,,,,,,2025-26 and earlier,2026-11-30,2027-07-01,False
ranked-priyanka-boghani,Priyanka Boghani,Women's,MUMBAI CITY OPEN 4.0,MUMBAI CITY OPEN 4.0,city_open,2026-01,2026-01-11,intermediate,semi_finalist,24,True,,,,,,,2025-26 and earlier,2027-01-11,2027-07-01,False
ranked-priyanka-boghani,Priyanka Boghani,Women's,INDIAN PADEL TOUR 9.0,INDIAN PADEL TOUR 9.0,grand_slam,2026-02,2026-02-15,advance,semi_finalist,240,True,,,,,,,2025-26 and earlier,2027-02-15,2027-07-01,False
ranked-rabiya-gill,Rabiya Gill,Women's,INDIAN PADEL TOUR 10.0,INDIAN PADEL TOUR 10.0,grand_slam,2026-04,2026-04-26,intermediate,semi_finalist,40,True,,,,,,,2025-26 and earlier,2027-04-26,2027-07-01,False
ranked-radha-sadhra,Radha Sadhra,Women's,INDIAN PADEL TOUR 10.0,INDIAN PADEL TOUR 10.0,grand_slam,2026-04,2026-04-26,advance,semi_finalist,240,True,,,,,,,2025-26 and earlier,2027-04-26,2027-07-01,False
ranked-radhika-kanitkar,Radhika Kanitkar,Women's,INDIAN PADEL TOUR 7.0,INDIAN PADEL TOUR 7.0,grand_slam,2025-08,2025-08-03,advance,semi_finalist,240,True,,,,,,,2025-26 and earlier,2026-08-03,2027-07-01,True
ranked-rashi-mehta,Rashi Mehta,Women's,INDIAN PADEL TOUR 8.0,INDIAN PADEL TOUR 8.0,grand_slam,2025-11,2025-11-30,intermediate,finalist,60,True,,,,,,,2025-26 and earlier,2026-11-30,2027-07-01,False
ranked-rashi-mehta,Rashi Mehta,Women's,INDIAN PADEL TOUR WOMEN'S ONLY,INDIAN PADEL TOUR WOMEN'S ONLY,city_open,2026-03,2026-03-29,advance,semi_finalist,160,True,,,,,,,2025-26 and earlier,2027-03-29,2027-07-01,False
ranked-rhea-rajan,Rhea Rajan,Women's,INDIAN PADEL TOUR WOMEN'S ONLY,INDIAN PADEL TOUR WOMEN'S ONLY,city_open,2026-03,2026-03-29,intermediate,semi_finalist,24,True,,,,,,,2025-26 and earlier,2027-03-29,2027-07-01,False
ranked-richa-singhi,Richa Singhi,Women's,INDIAN PADEL TOUR WOMEN'S ONLY,INDIAN PADEL TOUR WOMEN'S ONLY,city_open,2026-03,2026-03-29,beginner,quarter_finalist,9,True,,,,,,,2025-26 and earlier,2027-03-29,2027-07-01,False
ranked-riddhi-kapadia,Riddhi Kapadia,Women's,MUMBAI CITY OPEN 3.0,MUMBAI CITY OPEN 3.0,city_open,2025-09,2025-09-28,intermediate,semi_finalist,24,True,,,,,,,2025-26 and earlier,2026-09-28,2027-07-01,False
ranked-riddhi-kapadia,Riddhi Kapadia,Women's,INDIAN PADEL TOUR 8.0,INDIAN PADEL TOUR 8.0,grand_slam,2025-11,2025-11-30,beginner,winner,50,True,,,,,,,2025-26 and earlier,2026-11-30,2027-07-01,False
ranked-riddhi-kapadia,Riddhi Kapadia,Women's,INDIAN PADEL TOUR 9.0,INDIAN PADEL TOUR 9.0,grand_slam,2026-02,2026-02-15,intermediate,finalist,60,True,,,,,,,2025-26 and earlier,2027-02-15,2027-07-01,False
ranked-saakshi-vithalani,Saakshi Vithalani,Women's,INDIAN PADEL TOUR WOMEN'S ONLY,INDIAN PADEL TOUR WOMEN'S ONLY,city_open,2026-03,2026-03-29,beginner,quarter_finalist,9,True,,,,,,,2025-26 and earlier,2027-03-29,2027-07-01,False
ranked-saba-ahmed,Saba Ahmed,Women's,MUMBAI CITY OPEN 4.0,MUMBAI CITY OPEN 4.0,city_open,2026-01,2026-01-11,beginner,semi_finalist,12,True,,,,,,,2025-26 and earlier,2027-01-11,2027-07-01,False
ranked-samriti-punyani,Samriti Punyani,Women's,INDIAN PADEL TOUR 10.0,INDIAN PADEL TOUR 10.0,grand_slam,2026-04,2026-04-26,intermediate,winner,100,True,,,,,,,2025-26 and earlier,2027-04-26,2027-07-01,False
ranked-shagun-gupta,Shagun Gupta,Women's,INDIAN PADEL TOUR WOMEN'S ONLY,INDIAN PADEL TOUR WOMEN'S ONLY,city_open,2026-03,2026-03-29,beginner,winner,30,True,,,,,,,2025-26 and earlier,2027-03-29,2027-07-01,False
ranked-shanaya-naik,Shanaya Naik,Women's,INDIAN PADEL TOUR 10.0,INDIAN PADEL TOUR 10.0,grand_slam,2026-04,2026-04-26,advance,semi_finalist,240,True,,,,,,,2025-26 and earlier,2027-04-26,2027-07-01,False
ranked-shloka-ambani,Shloka Ambani,Women's,INDIAN PADEL TOUR WOMEN'S ONLY,INDIAN PADEL TOUR WOMEN'S ONLY,city_open,2026-03,2026-03-29,intermediate,semi_finalist,24,True,,,,,,,2025-26 and earlier,2027-03-29,2027-07-01,False
ranked-shruti-jain,Shruti Jain,Women's,MUMBAI CITY OPEN 4.0,MUMBAI CITY OPEN 4.0,city_open,2026-01,2026-01-11,beginner,semi_finalist,12,True,,,,,,,2025-26 and earlier,2027-01-11,2027-07-01,False
ranked-shruti-ugrankar,Shruti Ugrankar,Women's,MUMBAI CITY OPEN 3.0,MUMBAI CITY OPEN 3.0,city_open,2025-09,2025-09-28,intermediate,semi_finalist,24,True,,,,,,,2025-26 and earlier,2026-09-28,2027-07-01,False
ranked-sonali-fabiani,Sonali Fabiani,Women's,INDIAN PADEL TOUR WOMEN'S ONLY,INDIAN PADEL TOUR WOMEN'S ONLY,city_open,2026-03,2026-03-29,beginner,quarter_finalist,9,True,,,,,,,2025-26 and earlier,2027-03-29,2027-07-01,False
ranked-surbhi-dalmia,Surbhi Dalmia,Women's,MUMBAI CITY OPEN 3.0,MUMBAI CITY OPEN 3.0,city_open,2025-09,2025-09-28,intermediate,winner,60,True,,,,,,,2025-26 and earlier,2026-09-28,2027-07-01,False
ranked-sweta-zaveri,Sweta Zaveri,Women's,MUMBAI CITY OPEN 4.0,MUMBAI CITY OPEN 4.0,city_open,2026-01,2026-01-11,beginner,semi_finalist,12,True,,,,,,,2025-26 and earlier,2027-01-11,2027-07-01,False
ranked-tasveer-libra,Tasveer Libra,Women's,INDIAN PADEL TOUR 10.0,INDIAN PADEL TOUR 10.0,grand_slam,2026-04,2026-04-26,beginner,semi_finalist,20,True,,,,,,,2025-26 and earlier,2027-04-26,2027-07-01,False
ranked-trisha-aggarwal,Trisha Aggarwal,Women's,INDIAN PADEL TOUR WOMEN'S ONLY,INDIAN PADEL TOUR WOMEN'S ONLY,city_open,2026-03,2026-03-29,intermediate,semi_finalist,24,True,,,,,,,2025-26 and earlier,2027-03-29,2027-07-01,False
ranked-vasudha-shah,Vasudha Shah,Women's,INDIAN PADEL TOUR 8.0,INDIAN PADEL TOUR 8.0,grand_slam,2025-11,2025-11-30,beginner,finalist,30,True,,,,,,,2025-26 and earlier,2026-11-30,2027-07-01,False
ranked-vasudha-shah,Vasudha Shah,Women's,MUMBAI CITY OPEN 4.0,MUMBAI CITY OPEN 4.0,city_open,2026-01,2026-01-11,beginner,finalist,18,True,,,,,,,2025-26 and earlier,2027-01-11,2027-07-01,False
ranked-vasudha-shah,Vasudha Shah,Women's,INDIAN PADEL TOUR 9.0,INDIAN PADEL TOUR 9.0,grand_slam,2026-02,2026-02-15,intermediate,semi_finalist,40,True,,,,,,,2025-26 and earlier,2027-02-15,2027-07-01,False
ranked-yasmin-latiff,Yasmin Latiff,Women's,INDIAN PADEL TOUR 7.0,INDIAN PADEL TOUR 7.0,grand_slam,2025-08,2025-08-03,advance,semi_finalist,240,True,,,,,,,2025-26 and earlier,2026-08-03,2027-07-01,True
ranked-ziva-andersson,Ziva Andersson,Women's,INDIAN PADEL TOUR WOMEN'S ONLY,INDIAN PADEL TOUR WOMEN'S ONLY,city_open,2026-03,2026-03-29,intermediate,quarter_finalist,18,True,,,,,,,2025-26 and earlier,2027-03-29,2027-07-01,False
