match_id,player_id,card_team1,schedule_team1,card_score,schedule_score,owner_side_in_schedule,card_label,schedule_winner,same_order,owner_first_on_card,label_agrees
4b418f10-59cf-442e-b2ca-856b33d83cba,0179cc16-9672-4799-952f-5170933feabc,Rudresh Shetye / Venctexa Burye,Arnav Sanjeev / Sahil Kaushal,1-8,8-1,2.0,Loss,1.0,False,True,True
3ab9f696-daff-4f10-b023-04c8140cd69f,0179cc16-9672-4799-952f-5170933feabc,Rudresh Shetye / Venctexa Burye,Shelton Mathew / Vishnu Shetty,1-8,8-1,2.0,Loss,1.0,False,True,True
750576ef-3eae-4823-91b6-cba2b45a1078,0179cc16-9672-4799-952f-5170933feabc,Rudresh Shetye / Venctexa Burye,Joshua Lobo / Joshua Lobo Partner,8-1,1-8,2.0,Win,2.0,False,True,True
1c94b7fc-d8fb-4192-924a-7a889150984d,0346bf27-30fb-409c-8bd4-bdbb1f7119cd,Vansh Bhagtani / Yash Nagdev,Arnav Tanna / Qahhar Padamsee,8-4,4-8,2.0,Win,2.0,False,True,True
a4079a0d-e715-46c7-90bf-b2a5ced67308,0346bf27-30fb-409c-8bd4-bdbb1f7119cd,Vansh Bhagtani / Yash Nagdev,Ankit Bhalwankar / Rajesh Shing,8-2,2-8,2.0,Win,2.0,False,True,True
0b0f0ff8-9304-459a-998d-5c0ce28e2227,0346bf27-30fb-409c-8bd4-bdbb1f7119cd,Vansh Bhagtani / Yash Nagdev,Vansh Bhagtani / Yash Nagdev,8-9,8-9,1.0,Loss,2.0,True,True,True
e9e00272-de4a-4285-817f-9f1219455e26,03c0ac66-cca8-403b-956f-08fe4c08cebe,Pranay Merchant / Piyush Bansal,Saish Shelar / Mihir Akolkar,2-8,8-2,2.0,Loss,1.0,False,True,True
80f4de2a-aab9-45f2-a8c6-a26c37367454,03c0ac66-cca8-403b-956f-08fe4c08cebe,Pranay Merchant / Piyush Bansal,Jasmer Kapany / Paramveer Bajwa,6-8,8-6,2.0,Loss,1.0,False,True,True
8fee54f0-cb79-4e44-b290-76234ee52b73,03c0ac66-cca8-403b-956f-08fe4c08cebe,Pranay Merchant / Piyush Bansal,Pranay Merchant / Piyush Bansal,8-7,8-7,1.0,Win,1.0,True,True,True
16f039f2-99dc-4a87-9f5a-16a15cc3850f,042630ef-be7b-401e-9a56-2bdbd27b005b,Anshul Gosavi / Ronak Talati,Anshul Gosavi / Ronak Talati,1-8,1-8,1.0,Loss,2.0,True,True,True
c61e7e51-74f2-4cd7-b2ff-ca098491f1f8,042630ef-be7b-401e-9a56-2bdbd27b005b,Anshul Gosavi / Ronak Talati,Anshul Gosavi / Ronak Talati,1-8,1-8,1.0,Loss,2.0,True,True,True
39dc5c91-0e03-452c-b287-aab5d44db646,062f6e2d-dd0e-47b8-a338-386ae1e7ddc2,Vishal Thomas / Terence Thomas,Shaan Shah / Sandip Sabharwal,2-8,8-2,2.0,Loss,1.0,False,True,True
99234a0e-d119-48ca-b8ce-baef8ac9e992,062f6e2d-dd0e-47b8-a338-386ae1e7ddc2,Vishal Thomas / Terence Thomas,Vishal Thomas / Terence Thomas,8-1,8-1,1.0,Win,1.0,True,True,True
46bb7719-eca4-43d3-8f5a-37b123df3eba,062f6e2d-dd0e-47b8-a338-386ae1e7ddc2,Vishal Thomas / Terence Thomas,Vishal Thomas / Terence Thomas,8-1,8-1,1.0,Win,1.0,True,True,True
3c072869-7aae-4ffb-b978-daa51d12f024,062f6e2d-dd0e-47b8-a338-386ae1e7ddc2,Vishal Thomas / Terence Thomas,Arvind Sriram / Ananth Menon,1-9,9-1,2.0,Loss,1.0,False,True,True
c30b70ec-7972-4541-803f-fa3ae0c7475c,06a4aeef-aaca-45ef-a83a-cb3c703c9789,Saish Shelar / Mihir Akolkar,Jasmer Kapany / Paramveer Bajwa,4-8,8-4,2.0,Loss,1.0,False,True,True
c9a9044a-141c-4ba4-be58-2f7158951ada,06a4aeef-aaca-45ef-a83a-cb3c703c9789,Saish Shelar / Mihir Akolkar,Aditya Jagtap / Krishiv Patel,2-9,9-2,2.0,Loss,1.0,False,True,True
6836bcb0-1981-484e-a454-737d8e1eb2ee,06a4aeef-aaca-45ef-a83a-cb3c703c9789,Saish Shelar / Mihir Akolkar,Saish Shelar / Mihir Akolkar,8-2,8-2,1.0,Win,1.0,True,True,True
62ceca22-1bf3-426b-a71c-059df89fe896,06a4aeef-aaca-45ef-a83a-cb3c703c9789,Saish Shelar / Mihir Akolkar,Saish Shelar / Mihir Akolkar,8-6,8-6,1.0,Win,1.0,True,True,True
ef27919c-2820-4044-a083-2a04a52ad48c,06a4aeef-aaca-45ef-a83a-cb3c703c9789,Saish Shelar / Mihir Akolkar,Samar Malhotra / Aryan Goveas,2-8,8-2,2.0,Loss,1.0,False,True,True
30936912-272f-46a2-8756-3da8c56140d8,06a4aeef-aaca-45ef-a83a-cb3c703c9789,Saish Shelar / Mihir Akolkar,Saish Shelar / Mihir Akolkar,7-9,7-9,1.0,Loss,2.0,True,True,True
a98f84ae-51c7-4d1d-9e17-54713b9205d3,08fc8e21-4850-4e09-89e9-2ba0c2c8c9ef,Gagan Singh / Jonas Spinoy,Premal Javeri / Harshvardhan Sharma,0-8,8-0,2.0,Loss,1.0,False,True,True
c3320242-f26f-4712-8728-82f14bc3da9e,08fc8e21-4850-4e09-89e9-2ba0c2c8c9ef,Gagan Singh / Jonas Spinoy,Gagan Singh / Jonas Spinoy,7-8,7-8,1.0,Loss,2.0,True,True,True
59cca22c-3e0e-48d6-af23-2e6820d09ad7,08fc8e21-4850-4e09-89e9-2ba0c2c8c9ef,Gagan Singh / Jonas Spinoy,Aditya Maheshwari / Akshay Jalan,1-8,8-1,2.0,Loss,1.0,False,True,True
d915b459-9f70-4d09-b822-508e43eb6311,08fc8e21-4850-4e09-89e9-2ba0c2c8c9ef,Gagan Singh / Jonas Spinoy,Gagan Singh / Jonas Spinoy,1-8,1-8,1.0,Loss,2.0,True,True,True
115f7420-1646-4104-bba4-9679f80c7c2e,09ce181d-c08d-4189-ab36-4d4a706f1bcb,Karan Medappa / Shane Biddaiah,Aditya Jagtap / Krishiv Patel,1-8,8-1,2.0,Loss,1.0,False,True,True
50bea470-7911-4325-8336-4668a807a442,09ce181d-c08d-4189-ab36-4d4a706f1bcb,Karan Medappa / Shane Biddaiah,Karan Medappa / Shane Biddaiah,3-8,3-8,1.0,Loss,2.0,True,True,True
fae9b9c7-389a-4665-be80-41cc6653bb13,09ce181d-c08d-4189-ab36-4d4a706f1bcb,Karan Medappa / Shane Biddaiah,Samar Malhotra / Aryan Goveas,0-8,8-0,2.0,Loss,1.0,False,True,True
62ceca22-1bf3-426b-a71c-059df89fe896,09ce181d-c08d-4189-ab36-4d4a706f1bcb,Karan Medappa / Shane Biddaiah,Saish Shelar / Mihir Akolkar,6-8,8-6,2.0,Loss,1.0,False,True,True
fdb3e5aa-eef2-4829-b804-ad695034fdf5,09ce181d-c08d-4189-ab36-4d4a706f1bcb,Karan Medappa / Shane Biddaiah,Advait Bahl / Kabir Anand,8-7,7-8,2.0,Win,2.0,False,True,True
da789459-5359-4362-8f95-5401c118bd17,09ce181d-c08d-4189-ab36-4d4a706f1bcb,Karan Medappa / Shane Biddaiah,Aditya Jagtap / Krishiv Patel,1-9,9-1,2.0,Loss,1.0,False,True,True
8665635f-e1e9-4951-a911-5222e1f8b351,0a0db4ab-db0a-4dd7-a8d3-7a40715b83bd,Burhan Contractor / Advaith Anoop,Burhan Contractor / Advaith Anoop,8-1,8-1,1.0,Win,1.0,True,True,True
ffce9f07-41df-4185-839d-beddaa18310e,0a0db4ab-db0a-4dd7-a8d3-7a40715b83bd,Burhan Contractor / Advaith Anoop,Ronak Daftary / Anirudh Jain,8-7,7-8,2.0,Win,2.0,False,True,True
f0021e79-8ebd-4edb-93f8-494bcef70a57,0a0db4ab-db0a-4dd7-a8d3-7a40715b83bd,Burhan Contractor / Advaith Anoop,Chirag Gaikwad / Harman Singh Tur,8-4,4-8,2.0,Win,2.0,False,True,True
3f1cf144-11ae-44d3-bdd4-89aa1d163ebf,0a0db4ab-db0a-4dd7-a8d3-7a40715b83bd,Burhan Contractor / Advaith Anoop,Burhan Contractor / Advaith Anoop,7-9,7-9,1.0,Loss,2.0,True,True,True
e6593a0f-4b44-4602-a50e-83b0bcd9c179,0ac8bb0a-d25b-4a0d-8506-8955617d72fa,Anandita Parekh / Trishina Kirpalani,Vera desai / Tanushri Biyani,1-8,8-1,2.0,Loss,1.0,False,True,True
c58191c9-4ccc-4eaa-9d22-98d48e4460fa,0ac8bb0a-d25b-4a0d-8506-8955617d72fa,Anandita Parekh / Trishina Kirpalani,Leesha Shah / Diu Somani,5-8,8-5,2.0,Loss,1.0,False,True,True
ab6cbdf1-988e-49ee-9b6b-a3086b0d304a,0c568934-bec2-451a-91c5-d0d4d068a8af,Ankush Puri / Sehaj Sehgal,Nikhil Bansal / Jansher Waraich,,,2.0,,,False,True,True
0c483da7-a166-4309-8698-f96c0acd0130,0c568934-bec2-451a-91c5-d0d4d068a8af,Ankush Puri / Sehaj Sehgal,Ankush Puri / Sehaj Sehgal,,,1.0,,,True,True,True
f3e7cbcc-fd83-4ff8-89ac-6715245f244d,0c568934-bec2-451a-91c5-d0d4d068a8af,Ankush Puri / Sehaj Sehgal,Ankush Puri / Sehaj Sehgal,,,1.0,,,True,True,True
3bfc94ec-cbee-4620-b8de-ebed2729f9e5,0d1e6d6a-d91e-406e-9088-b28c062da1fc,Raksha Bhaskar / Gayatri Nair,Niti Mehta / Alisha Aggarwal,2-8,8-2,2.0,Loss,1.0,False,True,True
dfcb11e7-7275-42e0-bba1-f719ca39cb4d,0d1e6d6a-d91e-406e-9088-b28c062da1fc,Raksha Bhaskar / Gayatri Nair,Raksha Bhaskar / Gayatri Nair,,,1.0,Win,1.0,True,True,True
9e28f510-b71a-4e59-9281-89c55e6954b4,0d1e6d6a-d91e-406e-9088-b28c062da1fc,Raksha Bhaskar / Gayatri Nair,Raksha Bhaskar / Gayatri Nair,8-0,8-0,1.0,Win,1.0,True,True,True
fa44e95c-37f6-4d29-a4e0-30b3488d196c,0d1e6d6a-d91e-406e-9088-b28c062da1fc,Raksha Bhaskar / Gayatri Nair,Niti Mehta / Alisha Aggarwal,"0-6, 4-6","6-0, 6-4",2.0,Loss,1.0,False,True,True
95ff666f-ce1b-40f6-88d4-29553a62bf12,0df50617-268c-477d-8351-fd6f8ed84a71,Aditya Maheshwari / Akshay Jalan,Aditya Maheshwari / Akshay Jalan,8-1,8-1,1.0,Win,1.0,True,True,True
ebd82c19-21b3-4975-8cc0-f7996272d415,0df50617-268c-477d-8351-fd6f8ed84a71,Aditya Maheshwari / Akshay Jalan,Aditya Maheshwari / Akshay Jalan,8-0,8-0,1.0,Win,1.0,True,True,True
59cca22c-3e0e-48d6-af23-2e6820d09ad7,0df50617-268c-477d-8351-fd6f8ed84a71,Aditya Maheshwari / Akshay Jalan,Aditya Maheshwari / Akshay Jalan,8-1,8-1,1.0,Win,1.0,True,True,True
86d79884-6d2e-45ab-aa86-928135db61ab,0df50617-268c-477d-8351-fd6f8ed84a71,Aditya Maheshwari / Akshay Jalan,Prabhas Sharma / Shashin Shah,8-2,2-8,2.0,Win,2.0,False,True,True
151ea7c7-0045-4d19-b1d9-810c5fbc4ba8,0df50617-268c-477d-8351-fd6f8ed84a71,Aditya Maheshwari / Akshay Jalan,Aditya Maheshwari / Akshay Jalan,"6-4, 6-4","6-4, 6-4",1.0,Win,1.0,True,True,True
41e3a5e6-955f-434a-aed2-0a11c72770fe,0df50617-268c-477d-8351-fd6f8ed84a71,Aditya Maheshwari / Akshay Jalan,Vijay Chhabria / Rupen Jhaveri,"2-6, 1-6","6-2, 6-1",2.0,Loss,1.0,False,True,True
cb86b6d0-ede0-4d54-a488-e414b30e074a,0e3ade05-7d67-414c-8e20-c2bbae3a5778,Mohammed Farhan / Azim Yasir,Akhil Bansal / Nikhil Bansal,7-8,8-7,2.0,Loss,1.0,False,True,True
13982dc0-e4fa-436e-b55c-f408332624c4,0e3ade05-7d67-414c-8e20-c2bbae3a5778,Mohammed Farhan / Azim Yasir,Kaushik Gummuluru / Sai Ram Goud,8-6,6-8,2.0,Win,2.0,False,True,True
b0cb2b62-0e12-409d-9ab0-1ae12eb514d0,0e3ade05-7d67-414c-8e20-c2bbae3a5778,Mohammed Farhan / Azim Yasir,Mohamed Anzar / Dirsha Kalliyath,4-9,9-4,2.0,Loss,1.0,False,True,True
8a11eaf3-df4f-45e6-abcb-563f66dd48da,10a7cfb7-155c-48d3-b2a2-8c2bde421e4e,Udhay Mahajan / Mayank Oberoi,Aarman Kler / Angad Puar,8-7,7-8,2.0,Win,2.0,False,True,True
d2b9d0e8-64b3-4da3-a540-b05d00b6923c,10a7cfb7-155c-48d3-b2a2-8c2bde421e4e,Udhay Mahajan / Mayank Oberoi,Udhay Mahajan / Mayank Oberoi,9-0,9-0,1.0,Win,1.0,True,True,True
c296588d-6347-4bb1-918c-a8ba7fa65f96,10a7cfb7-155c-48d3-b2a2-8c2bde421e4e,Udhay Mahajan / Mayank Oberoi,Udhay Mahajan / Mayank Oberoi,5-9,5-9,1.0,Loss,2.0,True,True,True
5628a034-5e39-451b-9fa2-779238ac0d53,124f1292-f3a9-4139-bd9d-f9fa8e1dd983,Radhika Vasudeva / Aashna Mehra,Shivani Manjanna / Prarthana Prathap,2-8,8-2,2.0,Loss,1.0,False,True,True
6836bcb0-1981-484e-a454-737d8e1eb2ee,13d6188c-cd2e-4152-a5c2-0b82573143b9,Advait Bahl / Kabir Anand,Saish Shelar / Mihir Akolkar,2-8,8-2,2.0,Loss,1.0,False,True,True
e8e338a3-ab95-401c-8aa8-c8d5c476c053,13d6188c-cd2e-4152-a5c2-0b82573143b9,Advait Bahl / Kabir Anand,Samar Malhotra / Aryan Goveas,2-8,8-2,2.0,Loss,1.0,False,True,True
fdb3e5aa-eef2-4829-b804-ad695034fdf5,13d6188c-cd2e-4152-a5c2-0b82573143b9,Advait Bahl / Kabir Anand,Advait Bahl / Kabir Anand,7-8,7-8,1.0,Loss,2.0,True,True,True
b66f2731-a78d-4362-8caf-59be4e4d2cdb,14a281a9-7a22-4c0a-bf96-f19abc4a6bd1,Anam Sumar / Rasha Sumar,Anam Sumar / Rasha Sumar,8-3,8-3,1.0,Win,1.0,True,True,True
d828bc6b-341b-4d92-84c4-b56c530855fc,14a281a9-7a22-4c0a-bf96-f19abc4a6bd1,Anam Sumar / Rasha Sumar,Anam Sumar / Rasha Sumar,8-1,8-1,1.0,Win,1.0,True,True,True
7c17ae7a-a234-4ff5-b12c-2f0b6d8b2fa8,14a281a9-7a22-4c0a-bf96-f19abc4a6bd1,Anam Sumar / Rasha Sumar,Anam Sumar / Rasha Sumar,5-8,5-8,1.0,Loss,2.0,True,True,True
27c97394-60ce-406a-a8e4-e00b76b49ac8,14a281a9-7a22-4c0a-bf96-f19abc4a6bd1,Anam Sumar / Rasha Sumar,Manvi Chaudhary / Kimberly Fernandez,"4-6, 3-6","6-4, 6-3",2.0,Loss,1.0,False,True,True
17c5ad30-6d2e-4667-aa7f-b7ad341d6c42,15061bb7-8b57-4367-b302-35d512b70b74,Mayank Daga / Shikhar Kumar,Yashvardhan Sarda / Suyash Vishnoi,8-4,4-8,2.0,Win,2.0,False,True,True
8965bf59-4412-474c-b76e-07eb745e1840,15061bb7-8b57-4367-b302-35d512b70b74,Mayank Daga / Shikhar Kumar,Raghul Arvind / Tushar Jain,8-4,4-8,2.0,Win,2.0,False,True,True
2648944f-3758-49fb-9c7d-418236e29de5,15061bb7-8b57-4367-b302-35d512b70b74,Rhea Mathews / Joel Duarte,Namita Bal / Aditya Jagtap,0-8,8-0,2.0,Loss,1.0,False,True,True
cbb39a90-11a5-4431-af3b-1433dd4d70b7,15061bb7-8b57-4367-b302-35d512b70b74,Mayank Daga / Shikhar Kumar,Mayank Daga / Shikhar Kumar,9-8,9-8,1.0,Win,1.0,True,True,True
e879779d-50ab-4e02-ac2c-0339e4379b93,15061bb7-8b57-4367-b302-35d512b70b74,Mayank Daga / Shikhar Kumar,Mayank Daga / Shikhar Kumar,9-5,9-5,1.0,Win,1.0,True,True,True
170fb77e-07e5-4678-a2db-5eaa5634560e,15061bb7-8b57-4367-b302-35d512b70b74,Mayank Daga / Shikhar Kumar,Tejas Shevde / Nishad Shevde,"1-6, 6-1, 6-10","6-1, 1-6, 10-6",2.0,Loss,1.0,False,True,True
0b29eb33-933c-4d34-9e0b-73657958fbcd,1515a4f5-2ef1-4436-8c7b-4f92b1118f82,Atik Luthria / Ram Raheja,Akshay Jalan / Navin Shewakramani,2-8,8-2,2.0,Loss,1.0,False,True,True
93367412-16b1-446c-ad2f-3e4a0fa151c2,1515a4f5-2ef1-4436-8c7b-4f92b1118f82,Atik Luthria / Ram Raheja,Ankit Zaveri / Viral Somaiya,0-8,8-0,2.0,Loss,1.0,False,True,True
8665635f-e1e9-4951-a911-5222e1f8b351,16b8462e-31e2-4614-9a5f-57ee20aefb03,Burhan Contractor / Advaith Anoop,Burhan Contractor / Advaith Anoop,8-1,8-1,1.0,Win,1.0,True,True,True
ffce9f07-41df-4185-839d-beddaa18310e,16b8462e-31e2-4614-9a5f-57ee20aefb03,Burhan Contractor / Advaith Anoop,Ronak Daftary / Anirudh Jain,8-7,7-8,2.0,Win,2.0,False,True,True
f0021e79-8ebd-4edb-93f8-494bcef70a57,16b8462e-31e2-4614-9a5f-57ee20aefb03,Burhan Contractor / Advaith Anoop,Chirag Gaikwad / Harman Singh Tur,8-4,4-8,2.0,Win,2.0,False,True,True
3f1cf144-11ae-44d3-bdd4-89aa1d163ebf,16b8462e-31e2-4614-9a5f-57ee20aefb03,Burhan Contractor / Advaith Anoop,Burhan Contractor / Advaith Anoop,7-9,7-9,1.0,Loss,2.0,True,True,True
86d79884-6d2e-45ab-aa86-928135db61ab,16def632-d48e-4678-81b5-1316aedb049c,Aditya Maheshwari / Akshay Jalan,Prabhas Sharma / Shashin Shah,8-2,2-8,2.0,Win,2.0,False,True,True
151ea7c7-0045-4d19-b1d9-810c5fbc4ba8,16def632-d48e-4678-81b5-1316aedb049c,Aditya Maheshwari / Akshay Jalan,Aditya Maheshwari / Akshay Jalan,"6-4, 6-4","6-4, 6-4",1.0,Win,1.0,True,True,True
41e3a5e6-955f-434a-aed2-0a11c72770fe,16def632-d48e-4678-81b5-1316aedb049c,Aditya Maheshwari / Akshay Jalan,Vijay Chhabria / Rupen Jhaveri,"2-6, 1-6","6-2, 6-1",2.0,Loss,1.0,False,True,True
2c1ee55d-2e7e-42e2-84e7-88ba0c2c8231,171f1964-54fa-4532-b6e6-24bae76da0af,Saurav Kankaria / Nikhil Khemka,Vijay Chhabria / Rupen Jhaveri,5-8,8-5,2.0,Loss,1.0,False,True,True
d7903731-3e77-4474-8c8c-2585961c5dfb,171f1964-54fa-4532-b6e6-24bae76da0af,Saurav Kankaria / Nikhil Khemka,Sandip Sabharwal / Saurabh Vijewargia,8-2,2-8,2.0,Win,2.0,False,True,True
08bbaa2c-1ca5-49ee-b723-6da4838c65d3,171f1964-54fa-4532-b6e6-24bae76da0af,Saurav Kankaria / Nikhil Khemka,Karan Mehrotra / James Darbar,8-1,1-8,2.0,Win,2.0,False,True,True
151ea7c7-0045-4d19-b1d9-810c5fbc4ba8,171f1964-54fa-4532-b6e6-24bae76da0af,Saurav Kankaria / Nikhil Khemka,Aditya Maheshwari / Akshay Jalan,"4-6, 4-6","6-4, 6-4",2.0,Loss,1.0,False,True,True
e096b85b-74ae-49fa-b1a1-c6e62de405dc,1729d84b-2971-4f94-b903-afcce8dc4619,Leesha Shah / Diu Somani,Vera desai / Tanushri Biyani,5-8,8-5,2.0,Loss,1.0,False,True,True
c58191c9-4ccc-4eaa-9d22-98d48e4460fa,1729d84b-2971-4f94-b903-afcce8dc4619,Leesha Shah / Diu Somani,Leesha Shah / Diu Somani,8-5,8-5,1.0,Win,1.0,True,True,True
ade6d3dc-838c-4708-98a1-637aab8022c1,18098d77-da96-47f5-8a0d-23460d6bdca8,Aahan Jhaveri / Devansh Somani,Aahan Jhaveri / Devansh Somani,4-8,4-8,1.0,Loss,2.0,True,True,True
716eb0b5-61ba-4b6e-b730-38f20f0f1679,18098d77-da96-47f5-8a0d-23460d6bdca8,Aahan Jhaveri / Devansh Somani,Rahil Patel / Rajveer Patel,6-8,8-6,2.0,Loss,1.0,False,True,True
e9697426-935e-4b70-b244-4d37774fc75c,18098d77-da96-47f5-8a0d-23460d6bdca8,Aahan Jhaveri / Devansh Somani,Abhishek Yadev / Priyank Makwana,1-8,8-1,2.0,Loss,1.0,False,True,True
65d6d075-f892-4b47-b01b-54582f53f795,182f09bb-25ba-4086-99ca-a7f5a52303bf,Swaraj Deshmukh / Kaivalya Kalamse,Rahul Motwani / Ishaan Choubal,3-9,9-3,2.0,Loss,1.0,False,True,True
fd952ca0-cc3a-4431-97ac-b839910ea92a,182f09bb-25ba-4086-99ca-a7f5a52303bf,Swaraj Deshmukh / Kaivalya Kalamse,Swaraj Deshmukh / Kaivalya Kalamse,8-2,8-2,1.0,Win,1.0,True,True,True
bb5d09bd-73f0-49bc-b11e-5d4b51f11ba0,182f09bb-25ba-4086-99ca-a7f5a52303bf,Swaraj Deshmukh / Kaivalya Kalamse,Swaraj Deshmukh / Kaivalya Kalamse,8-6,8-6,1.0,Win,1.0,True,True,True
4679b382-8cae-4ac8-99b8-427f869ad967,182f09bb-25ba-4086-99ca-a7f5a52303bf,Swaraj Deshmukh / Kaivalya Kalamse,Swaraj Deshmukh / Kaivalya Kalamse,6-8,6-8,1.0,Loss,2.0,True,True,True
30936912-272f-46a2-8756-3da8c56140d8,182f09bb-25ba-4086-99ca-a7f5a52303bf,Swaraj Deshmukh / Kaivalya Kalamse,Saish Shelar / Mihir Akolkar,9-7,7-9,2.0,Win,2.0,False,True,True
3299e9e4-93f1-44c7-bc08-760b8d5152f2,182f09bb-25ba-4086-99ca-a7f5a52303bf,Swaraj Deshmukh / Kaivalya Kalamse,Aditya Jagtap / Krishiv Patel,"3-6, 2-6","6-3, 6-2",2.0,Loss,1.0,False,True,True
00c2a7d5-329c-4d61-bd28-d1a701e6ea4c,1b914254-ef80-4aa1-aae6-196986d10121,Suhani Sabharwal / Bhagya Popat,Suhani Sabharwal / Bhagya Popat,8-4,8-4,1.0,Win,1.0,True,True,True
27998dca-6eff-44eb-b6eb-4cd250444f72,1b914254-ef80-4aa1-aae6-196986d10121,Suhani Sabharwal / Karina Phipps,Mansi Malhotra / Rubani Sidhu,3-8,8-3,2.0,Loss,1.0,False,True,True
ce9d269c-94d1-4289-8f67-048b314e262b,1b914254-ef80-4aa1-aae6-196986d10121,Suhani Sabharwal / Karina Phipps,Tammana Kalra / Anmol Malhotra,8-3,3-8,2.0,Win,2.0,False,True,True
1ca64bf6-afd9-4913-98c6-03dfccac1dcf,1b914254-ef80-4aa1-aae6-196986d10121,Suhani Sabharwal / Karina Phipps,Pooja Kharat / Shabri Agarwal,8-4,4-8,2.0,Win,2.0,False,True,True
f808762b-a19e-4bc5-8d8b-fd0824c31d18,1b914254-ef80-4aa1-aae6-196986d10121,Suhani Sabharwal / Bhagya Popat,Namita Bal / Aditya Jagtap,1-9,9-1,2.0,Loss,1.0,False,True,True
d11c09f0-8eea-46c7-8232-864205e62696,1b914254-ef80-4aa1-aae6-196986d10121,Suhani Sabharwal / Karina Phipps,Mansi Malhotra / Rubani Sidhu,"1-6, 2-6","6-1, 6-2",2.0,Loss,1.0,False,True,True
0bbb5549-9861-4161-8d22-afc109a902a2,1ba7872b-25a9-4395-b046-84d1fdeff538,Ankit Zaveri / Viral Somaiya,Akshay Jalan / Navin Shewakramani,5-8,8-5,2.0,Loss,1.0,False,True,True
93367412-16b1-446c-ad2f-3e4a0fa151c2,1ba7872b-25a9-4395-b046-84d1fdeff538,Ankit Zaveri / Viral Somaiya,Ankit Zaveri / Viral Somaiya,8-0,8-0,1.0,Win,1.0,True,True,True
f9d168cf-619d-4ea6-a787-587c9b750da9,1c91795e-92c5-444b-aa99-d1e70e063c55,Vaibhavi Deshmukh / Namita Bal,Vaibhavi Deshmukh / Namita Bal,"4-6, 6-3, 6-7","4-6, 6-3, 6-7(1-7)",1.0,Loss,2.0,True,True,True
27c9345c-d8c8-4e23-9b48-2563bc0f19f8,1cff5d3c-6fd1-4502-a3c5-2b918f107eda,Krishna Teja Ankam / Gundlapalle Yaswanth Reddy,Swaraj Deshmukh / Kaivalya Kalamse,4-8,8-4,2.0,Loss,1.0,False,True,True
9e2d4aad-4632-4ac8-87eb-16ef4a6a06a4,1cff5d3c-6fd1-4502-a3c5-2b918f107eda,Krishna Teja Ankam / Gundlapalle Yaswanth Reddy,Aryan Hemdev / Samar Malhotra,7-8,8-7,2.0,Loss,1.0,False,True,True
76189941-f243-4a65-bbec-27c65975cf79,1cff5d3c-6fd1-4502-a3c5-2b918f107eda,Krishna Teja Ankam / Gundlapalle Yaswanth Reddy,Krishna Teja Ankam / Gundlapalle Yaswanth Reddy,8-2,8-2,1.0,Win,1.0,True,True,True
c98c0998-e99a-4227-a6c3-99c12d82120b,1d670f4c-32a6-4341-9321-cd7d9f173538,Ritika Choudhary / Nupur Gupta,Rhea Mathews / Dinika Thomas,3-8,8-3,2.0,Loss,1.0,False,True,True
946ee148-054e-4f74-a58a-1626ba3218aa,1d670f4c-32a6-4341-9321-cd7d9f173538,Ritika Choudhary / Nupur Gupta,Ritika Choudhary / Nupur Gupta,3-8,3-8,1.0,Loss,2.0,True,True,True
a1068c5f-a738-4e64-a520-c9fe65c26ab9,1dbeeee2-b41a-4bec-8948-8f661c573861,Mishal Mehta / Khushish Jain,Samkit Shah / Rahul Chandwani,2-8,8-2,2.0,Loss,1.0,False,True,True
887df84a-c482-4827-a9dd-8d8c059d0455,1dbeeee2-b41a-4bec-8948-8f661c573861,Mishal Mehta / Khushish Jain,Junaid Sopariwala / Tabrez Sopariwala,2-8,8-2,2.0,Loss,1.0,False,True,True
dd67f9b8-7e63-4536-94e6-f2b42d5b93b1,1dfc79f8-119b-4349-a2f9-a6e7c425a8e9,Mohamed Anzar / Dirsha Kalliyath,Nikhil Kalro / Abhinav Grover,8-1,1-8,2.0,Win,2.0,False,True,True
ad547565-1990-477f-919c-bc4437f1fcc1,1dfc79f8-119b-4349-a2f9-a6e7c425a8e9,Mohamed Anzar / Dirsha Kalliyath,Ayaan Mishra / Viraj Dewan,8-4,4-8,2.0,Win,2.0,False,True,True
b0cb2b62-0e12-409d-9ab0-1ae12eb514d0,1dfc79f8-119b-4349-a2f9-a6e7c425a8e9,Mohamed Anzar / Dirsha Kalliyath,Mohamed Anzar / Dirsha Kalliyath,9-4,9-4,1.0,Win,1.0,True,True,True
fa60cd66-96a4-4dbb-9c18-2ace5b6bbfba,1dfc79f8-119b-4349-a2f9-a6e7c425a8e9,Mohamed Anzar / Dirsha Kalliyath,Akhil Bansal / Nikhil Bansal,6-9,9-6,2.0,Loss,1.0,False,True,True
b755397c-2a31-4642-8ec7-f5bfaa8c89db,1ef2542e-4b4d-481d-ad8f-dc4e9fde3982,Rahul Chandwani / Rahul Khanna,Rahul Chandwani / Rahul Khanna,5-8,5-8,1.0,Loss,2.0,True,True,True
cfc9092d-1105-4510-a717-d1d9d7659bd7,1ef2542e-4b4d-481d-ad8f-dc4e9fde3982,Rahul Chandwani / Rahul Khanna,Rahul Chandwani / Rahul Khanna,8-0,8-0,1.0,Win,1.0,True,True,True
0eaea3cc-08a6-48f1-9d3a-19a98bdeca74,1ef2542e-4b4d-481d-ad8f-dc4e9fde3982,Rahul Chandwani / Rahul Khanna,Rahul Chandwani / Rahul Khanna,8-7,8-7,1.0,Win,1.0,True,True,True
7911d391-0ff8-4ecc-9489-832f6cac8b81,1ef2542e-4b4d-481d-ad8f-dc4e9fde3982,Rahul Chandwani / Rahul Khanna,Mehul Bansal / Vaibhav Sahni,9-3,3-9,2.0,Win,2.0,False,True,True
af716ab2-fce5-4bdc-bf62-2f8c5c686ced,1ef2542e-4b4d-481d-ad8f-dc4e9fde3982,Rahul Chandwani / Rahul Khanna,Tejas Shevde / Nishad Shevde,2-9,9-2,2.0,Loss,1.0,False,True,True
3962c093-d977-44ab-afe0-17345507f8e5,1f24a3aa-b8df-4886-bedf-6f62693316b9,Erika Lobo / Anisha Aibara,Sahitra Ghurye / Ashwita Hosbettu,8-4,4-8,2.0,Win,2.0,False,True,True
e31f7636-99d0-44f9-acf2-2c5c8793f9cf,1f24a3aa-b8df-4886-bedf-6f62693316b9,Erika Lobo / Anisha Aibara,Aashna Sanghvi / Ashni Kothari,8-4,4-8,2.0,Win,2.0,False,True,True
f8843aa6-9b39-4e76-ae47-ff1629d0e2b8,1f24a3aa-b8df-4886-bedf-6f62693316b9,Erika Lobo / Anisha Aibara,Sanya Khan / Sonia Rathee,"0-6, 0-6","6-0, 6-0",2.0,Loss,1.0,False,True,True
02f87ebf-fcf5-41b9-a321-daad1e769f18,1f8700c4-6a62-4646-95cd-9b2d456baf65,Ayaan Mishra / Viraj Dewan,Nikhil Kalro / Abhinav Grover,8-1,1-8,2.0,Win,2.0,False,True,True
ad547565-1990-477f-919c-bc4437f1fcc1,1f8700c4-6a62-4646-95cd-9b2d456baf65,Ayaan Mishra / Viraj Dewan,Ayaan Mishra / Viraj Dewan,4-8,4-8,1.0,Loss,2.0,True,True,True
3cf2b617-81ef-4a6a-8072-26feca265196,1f8700c4-6a62-4646-95cd-9b2d456baf65,Ayaan Mishra / Viraj Dewan,Akhil Bansal / Nikhil Bansal,0-9,9-0,2.0,Loss,1.0,False,True,True
481151fa-59c3-4824-9aa7-23bab7683f25,1fe46b92-d550-4c02-81f6-489cb553411b,Amaya Kothari / Parth Bhatia,Amaya Kothari / Parth Bhatia,8-4,8-4,1.0,Win,1.0,True,True,True
311a314a-912c-4f11-b2b8-1d104fc57962,1fe46b92-d550-4c02-81f6-489cb553411b,Suhail Kapur / Parth Bhatia,Suhail Kapur / Parth Bhatia,5-8,5-8,1.0,Loss,2.0,True,True,True
33f2aa08-01bc-4f86-9db2-4ee5b28d1e69,1fe46b92-d550-4c02-81f6-489cb553411b,Suhail Kapur / Parth Bhatia,Suhail Kapur / Parth Bhatia,4-8,4-8,1.0,Loss,2.0,True,True,True
d78a8142-a587-4ecb-860f-d28fdb11ef60,1fe46b92-d550-4c02-81f6-489cb553411b,Suhail Kapur / Parth Bhatia,Tanveer Singh / Gandharv Bajaj,4-8,8-4,2.0,Loss,1.0,False,True,True
790f9127-9b6d-44e1-b4f1-33c9a9a7de53,1fe46b92-d550-4c02-81f6-489cb553411b,Amaya Kothari / Parth Bhatia,Tulsi Mehta / Samar Malhotra,1-8,8-1,2.0,Loss,1.0,False,True,True
b420a80b-b005-4704-8b1f-48402e677d40,1fe46b92-d550-4c02-81f6-489cb553411b,Amaya Kothari / Parth Bhatia,Sonashe Bhatnagar / Siddharth Satheesan,6-8,8-6,2.0,Loss,1.0,False,True,True
5cb8c9d5-4109-4a82-9a2d-bb615764008a,2063b58b-76ed-4ada-9d3d-31709f9a26db,Sareeka John / Shubha Abhilash,Neeti Nayak / Urmi Kothari,8-2,2-8,2.0,Win,2.0,False,True,True
f1f1b62c-83a5-4e7c-9faf-d351a20466c0,2063b58b-76ed-4ada-9d3d-31709f9a26db,Sareeka John / Shubha Abhilash,Sareeka John / Shubha Abhilash,1-8,1-8,1.0,Loss,2.0,True,True,True
b953b67f-570f-4f9d-978e-18521f0044c0,2063b58b-76ed-4ada-9d3d-31709f9a26db,Sareeka John / Shubha Abhilash,Rebecca Puthumana / Deepthi J S,"4-6, 4-6","6-4, 6-4",2.0,Loss,1.0,False,True,True
5cb8c9d5-4109-4a82-9a2d-bb615764008a,209435a7-517e-45e7-808c-3040c999398d,Neeti Nayak / Urmi Kothari,Neeti Nayak / Urmi Kothari,2-8,2-8,1.0,Loss,2.0,True,True,True
440d6fb3-4d19-493d-b576-05ac6ddfb9c0,209435a7-517e-45e7-808c-3040c999398d,Neeti Nayak / Urmi Kothari,Neeti Nayak / Urmi Kothari,6-8,6-8,1.0,Loss,2.0,True,True,True
28d43da7-156c-4429-82cc-17339629ca71,213df946-7be9-4fcb-98c8-e0d6ba33789d,Ziaan Talab / Madhu Samtani,Rahul Motwani / Ishaan Choubal,4-8,8-4,2.0,Loss,1.0,False,True,True
2d0e8143-5d63-41a8-b52d-58face782dae,213df946-7be9-4fcb-98c8-e0d6ba33789d,Ziaan Talab / Madhu Samtani,Advait Bahl / Bhagya Popat,8-4,4-8,2.0,Win,2.0,False,True,True
c56c1b31-a99c-41ba-888e-1cd12be4b4bb,213df946-7be9-4fcb-98c8-e0d6ba33789d,Ziaan Talab / Madhu Samtani,Arjun Jashani / Tanay Mehta,5-8,8-5,2.0,Loss,1.0,False,True,True
6a4b3da6-612a-4319-90f5-bbfbf619f323,214fa58d-dcf2-4b0b-888f-f2a2341ae45b,Kyra Pereira / Amaya Kothari,Kyra Pereira / Amaya Kothari,2-8,2-8,1.0,Loss,2.0,True,True,True
fc284433-4413-4c91-8a64-9da568fa3c86,222a0e4a-457f-42ef-bedc-cea1892b3280,Sahil Sharma / Umesh Padwal,Sahil Sharma / Umesh Padwal,1-8,1-8,1.0,Loss,2.0,True,True,True
8b35ac60-4af9-480a-862d-1b31e058bdc4,222a0e4a-457f-42ef-bedc-cea1892b3280,Sahil Sharma / Umesh Padwal,Sahil Sharma / Umesh Padwal,1-8,1-8,1.0,Loss,2.0,True,True,True
f03a591f-6612-4742-8e76-4444329378ec,222a0e4a-457f-42ef-bedc-cea1892b3280,Sahil Sharma / Umesh Padwal,Sahil Sharma / Umesh Padwal,1-8,1-8,1.0,Loss,2.0,True,True,True
04df15cd-6adc-4fa3-936f-b86e61306e26,22f71241-5bf4-4dc7-ba33-683a2ea0f75b,Shaan Shah / Sandip Sabharwal,Shaan Shah / Sandip Sabharwal,8-1,8-1,1.0,Win,1.0,True,True,True
839f2df5-8b6f-4146-b77b-4c2ef14864ed,22f71241-5bf4-4dc7-ba33-683a2ea0f75b,Shaan Shah / Sandip Sabharwal,Shaan Shah / Sandip Sabharwal,8-6,8-6,1.0,Win,1.0,True,True,True
8dd71663-d7d8-4e6b-b8ab-cb11057c4675,22f71241-5bf4-4dc7-ba33-683a2ea0f75b,Shaan Shah / Sandip Sabharwal,Shaan Shah / Sandip Sabharwal,4-9,4-9,1.0,Loss,2.0,True,True,True
b5aebce7-6175-4021-a390-1a68cc02c686,234a0e61-fd70-4505-9c3d-1473898cf1a8,Kanchan Sharma / Mikhail Mehra,Kanchan Sharma / Mikhail Mehra,5-8,5-8,1.0,Loss,2.0,True,True,True
47c4fce8-b158-43e7-be57-967f85c3ed6c,234a0e61-fd70-4505-9c3d-1473898cf1a8,Kanchan Sharma / Mikhail Mehra,Kanchan Sharma / Mikhail Mehra,4-8,4-8,1.0,Loss,2.0,True,True,True
22396d1b-d6e9-4505-bbdb-4fd301a691be,234a0e61-fd70-4505-9c3d-1473898cf1a8,Kanchan Sharma / Mikhail Mehra,Rhea Jiandani / Mayank Daga,5-8,8-5,2.0,Loss,1.0,False,True,True
742f185f-f8b3-43bd-bc28-ccff9c5dd663,25302fe3-7403-440f-bd2a-3d5be3a3f0a1,Chirag Gaikwad / Harman Singh Tur,Ronak Daftary / Anirudh Jain,8-4,4-8,2.0,Win,2.0,False,True,True
620eb58e-d91d-4a90-b5e2-8f8bb682963d,25302fe3-7403-440f-bd2a-3d5be3a3f0a1,Chirag Gaikwad / Harman Singh Tur,Chirag Gaikwad / Harman Singh Tur,8-1,8-1,1.0,Win,1.0,True,True,True
f0021e79-8ebd-4edb-93f8-494bcef70a57,25302fe3-7403-440f-bd2a-3d5be3a3f0a1,Chirag Gaikwad / Harman Singh Tur,Chirag Gaikwad / Harman Singh Tur,4-8,4-8,1.0,Loss,2.0,True,True,True
337588f8-7f5a-49fb-822d-45b32379d4da,25302fe3-7403-440f-bd2a-3d5be3a3f0a1,Chirag Gaikwad / Harman Singh Tur,Chirag Gaikwad / Harman Singh Tur,9-0,9-0,1.0,Win,1.0,True,True,True
f8be09e9-8b4b-48f2-a71d-10da5d125131,25302fe3-7403-440f-bd2a-3d5be3a3f0a1,Chirag Gaikwad / Harman Singh Tur,Siddhant Gupta / Naville Prakash,"7-6, 7-6","6-7(1-7), 6-7(5-7)",2.0,Win,2.0,False,True,True
9ba05bf2-805b-4002-a8b5-693821aa9173,25302fe3-7403-440f-bd2a-3d5be3a3f0a1,Chirag Gaikwad / Harman Singh Tur,Abhishek Yadev / Priyank Makwana,"6-2, 6-4","2-6, 4-6",2.0,Win,2.0,False,True,True
c2dc1105-a267-423e-a981-719c1cb7f2af,25361116-4f57-4024-b424-a8246e491c54,Shashank Mittal / Tanay Gabhawala,Shashank Mittal / Tanay Gabhawala,8-3,8-3,1.0,Win,1.0,True,True,True
ed4b0ce5-d9eb-488d-bcc6-5cbf6f5bfda4,25361116-4f57-4024-b424-a8246e491c54,Shashank Mittal / Tanay Gabhawala,Rahul Motwani / Aryan Goveas,1-8,8-1,2.0,Loss,1.0,False,True,True
7fa86192-fcc1-46ed-a222-65787bf24e09,25361116-4f57-4024-b424-a8246e491c54,Shashank Mittal / Tanay Gabhawala,Adit Patel / Abhishek Gupta,4-8,8-4,2.0,Loss,1.0,False,True,True
51f1b368-1389-46c9-aa3b-f9f6ff4d218b,261c3899-f32d-4861-a046-8b36ccf6123a,Tishya Sagar / Suhani Sabharwal,Shraddha Damani / Tulsi Mehta,3-8,8-3,2.0,Loss,1.0,False,True,True
b1cc436d-5382-4c14-93cd-80c4187ec8a3,261c3899-f32d-4861-a046-8b36ccf6123a,Tishya Sagar / Suhani Sabharwal,Tishya Sagar / Suhani Sabharwal,5-8,5-8,1.0,Loss,2.0,True,True,True
32e2f1fd-a1a6-4932-a63d-8cae457719ed,26582647-4a0f-456e-86d7-98b5087f3875,George Pottamkulam / Amit Krishnan,George Pottamkulam / Amit Krishnan,8-2,8-2,1.0,Win,1.0,True,True,True
b2a52d91-deff-4c8e-b442-b5793d94b3f0,26582647-4a0f-456e-86d7-98b5087f3875,George Pottamkulam / Amit Krishnan,George Pottamkulam / Amit Krishnan,8-5,8-5,1.0,Win,1.0,True,True,True
f0e009e9-0394-4884-9536-31ab4b0da1ae,26582647-4a0f-456e-86d7-98b5087f3875,George Pottamkulam / Amit Krishnan,George Pottamkulam / Amit Krishnan,9-6,9-6,1.0,Win,1.0,True,True,True
e071e752-9fc5-47b3-a983-87773dc673f8,26582647-4a0f-456e-86d7-98b5087f3875,George Pottamkulam / Amit Krishnan,George Pottamkulam / Amit Krishnan,9-5,9-5,1.0,Win,1.0,True,True,True
9c48437f-96c8-4026-bfb3-6f1c79289e66,26582647-4a0f-456e-86d7-98b5087f3875,George Pottamkulam / Amit Krishnan,George Pottamkulam / Amit Krishnan,,,1.0,Win,1.0,True,True,True
85aaea17-98d6-408e-af3c-8d4787b1e702,26582647-4a0f-456e-86d7-98b5087f3875,George Pottamkulam / Amit Krishnan,Raaghav Sharma Bagga / Yuvraj mehta,"5-7, 1-6","7-5, 6-1",2.0,Loss,1.0,False,True,True
4fb53d8c-9ab2-4d84-a608-fcf0cd1d8571,26603ce9-30f9-424b-91b6-14f9364429b6,Sharad Kanadje / Sidharth Gupta,Arjun Chalotra / Jatin Dhingra,8-5,5-8,2.0,Win,2.0,False,True,True
30652006-4056-458a-bc9b-2e6b2f38339c,26603ce9-30f9-424b-91b6-14f9364429b6,Sharad Kanadje / Sidharth Gupta,Pratham Jain / Hritesh Agarwal,2-8,8-2,2.0,Loss,1.0,False,True,True
55ff623c-f761-4929-bbcd-6f30d9a53b81,26603ce9-30f9-424b-91b6-14f9364429b6,Sharad Kanadje / Sidharth Gupta,Tammineedi Jayanth / Vineeth Mutyala,4-8,8-4,2.0,Loss,1.0,False,True,True
fc284433-4413-4c91-8a64-9da568fa3c86,26ba9e18-b56b-4e13-b403-bd9cce25671d,Sahil Sharma / Umesh Padwal,Sahil Sharma / Umesh Padwal,1-8,1-8,1.0,Loss,2.0,True,True,True
8b35ac60-4af9-480a-862d-1b31e058bdc4,26ba9e18-b56b-4e13-b403-bd9cce25671d,Sahil Sharma / Umesh Padwal,Sahil Sharma / Umesh Padwal,1-8,1-8,1.0,Loss,2.0,True,True,True
f03a591f-6612-4742-8e76-4444329378ec,26ba9e18-b56b-4e13-b403-bd9cce25671d,Sahil Sharma / Umesh Padwal,Sahil Sharma / Umesh Padwal,1-8,1-8,1.0,Loss,2.0,True,True,True
e096b85b-74ae-49fa-b1a1-c6e62de405dc,27971b18-d7dd-4eff-8ce5-6ecc8ead85b0,Vera desai / Tanushri Biyani,Vera desai / Tanushri Biyani,8-5,8-5,1.0,Win,1.0,True,True,True
e6593a0f-4b44-4602-a50e-83b0bcd9c179,27971b18-d7dd-4eff-8ce5-6ecc8ead85b0,Vera desai / Tanushri Biyani,Vera desai / Tanushri Biyani,8-1,8-1,1.0,Win,1.0,True,True,True
10b1588c-08ed-4df3-b37f-66e43d24f1fc,27971b18-d7dd-4eff-8ce5-6ecc8ead85b0,Vera desai / Tanushri Biyani,Vera desai / Tanushri Biyani,"3-6, 2-6","3-6, 2-6",1.0,Loss,2.0,True,True,True
a5352c91-8068-42c9-822b-acb4e699195b,27f580ae-22a7-4519-a7e9-f48e69c6eed0,Arjun Batra / Jashan Singh Arora,Arjun Batra / Jashan Singh Arora,8-1,8-1,1.0,Win,1.0,True,True,True
7bf8d2f0-af3b-425b-a013-b82dace10520,27f580ae-22a7-4519-a7e9-f48e69c6eed0,Arjun Batra / Jashan Singh Arora,Bhavik Talreja / Rohan Maniar,6-8,8-6,2.0,Loss,1.0,False,True,True
0c067bfd-c5bf-4b2b-8d9e-71c52f13dab8,27f580ae-22a7-4519-a7e9-f48e69c6eed0,Arjun Batra / Jashan Singh Arora,Shaan Shah / Kushe Bahl,6-8,8-6,2.0,Loss,1.0,False,True,True
1401801d-5bbd-4a8a-9f4c-d90624375b92,2890603e-2ceb-476a-ac9d-a06c6c37dd8b,Afdhel Abdul Wahab / Salman Shaji,Kaiz Jaffer / Varun Dattani,4-8,8-4,2.0,Loss,1.0,False,True,True
5541b276-8af1-45de-9ca9-f342a871aaa6,2890603e-2ceb-476a-ac9d-a06c6c37dd8b,Afdhel Abdul Wahab / Salman Shaji,Afdhel Abdul Wahab / Salman Shaji,4-8,4-8,1.0,Loss,2.0,True,True,True
d3fe187c-0d7a-476a-9902-bd356ef60fa5,2891f3ff-442b-4b5b-b58c-cd458df7ea72,Kaushik Gummuluru / Sai Ram Goud,Akhil Bansal / Nikhil Bansal,6-8,8-6,2.0,Loss,1.0,False,True,True
13982dc0-e4fa-436e-b55c-f408332624c4,2891f3ff-442b-4b5b-b58c-cd458df7ea72,Kaushik Gummuluru / Sai Ram Goud,Kaushik Gummuluru / Sai Ram Goud,6-8,6-8,1.0,Loss,2.0,True,True,True
a0cb1272-bda5-48e9-bb41-147f547bdf21,297053cf-9f92-4115-a09d-1a55c66b6433,Yashvardhan Sarda / Yash Maliwal,Nandish Shah / Farhan Patrawala,7-8,8-7,2.0,Loss,1.0,False,True,True
8b6dcfa9-56c3-4dd3-9316-a7e32e515cb8,297053cf-9f92-4115-a09d-1a55c66b6433,Yashvardhan Sarda / Yash Maliwal,Habib Latif / Salman Damani,7-8,8-7,2.0,Loss,1.0,False,True,True
c2dc1105-a267-423e-a981-719c1cb7f2af,2973535a-1a87-4eb9-85af-f8d5c2f523c2,Aryaman Jajodia / Ankit Agarwal,Shashank Mittal / Tanay Gabhawala,3-8,8-3,2.0,Loss,1.0,False,True,True
a9af1cfe-b257-4c08-a6a4-d3d0f14ee75a,2973535a-1a87-4eb9-85af-f8d5c2f523c2,Aryaman Jajodia / Ankit Agarwal,Adit Patel / Abhishek Gupta,7-8,8-7,2.0,Loss,1.0,False,True,True
d653aa4a-ecc7-4f6c-95da-ee9657d4109e,2973535a-1a87-4eb9-85af-f8d5c2f523c2,Aryaman Jajodia / Ankit Agarwal,Rahul Motwani / Aryan Goveas,1-8,8-1,2.0,Loss,1.0,False,True,True
c30b70ec-7972-4541-803f-fa3ae0c7475c,29e75609-025c-485b-a40a-969d2ce6e6bc,Jasmer Kapany / Paramveer Bajwa,Jasmer Kapany / Paramveer Bajwa,8-4,8-4,1.0,Win,1.0,True,True,True
fb360a00-46f6-4597-8c54-893506527979,29e75609-025c-485b-a40a-969d2ce6e6bc,Jasmer Kapany / Paramveer Bajwa,Varshil Trambadiya / Antariksh Mohandas,9-2,2-9,2.0,Win,2.0,False,True,True
25bc76f0-f261-4b44-8cc4-72215d17e881,29e75609-025c-485b-a40a-969d2ce6e6bc,Jasmer Kapany / Paramveer Bajwa,Aditya Jagtap / Krishiv Patel,"6-7, 1-6","7-6(7-5), 6-1",2.0,Loss,1.0,False,True,True
15ef7bff-541b-4ae6-b583-4914704bd786,2bb102f2-5c3a-48b1-ae95-ce7f8d38b17f,Mithun Prabhu / Akshith Thomas,Mithun Prabhu / Akshith Thomas,8-5,8-5,1.0,Win,1.0,True,True,True
02602bea-68f9-4752-a0da-d729a79ed5ad,2bb102f2-5c3a-48b1-ae95-ce7f8d38b17f,Mithun Prabhu / Akshith Thomas,Mithun Prabhu / Akshith Thomas,2-8,2-8,1.0,Loss,2.0,True,True,True
2addffdf-5d74-4410-9c15-b6d1172cdcaa,2bb102f2-5c3a-48b1-ae95-ce7f8d38b17f,Mithun Prabhu / Akshith Thomas,Kaiz Jaffer / Varun Dattani,5-9,9-5,2.0,Loss,1.0,False,True,True
e2cb90e4-5852-4dc4-84cd-9a699a193604,2bde84bf-0871-496d-836c-05d90139b08d,Rohan Dhoot / Karan Daftary,Siddharth Sanghai / Annanya Agarwal,4-8,8-4,2.0,Loss,1.0,False,True,True
5a3a3b83-f67a-495a-bab8-f018fdd6fa30,2bde84bf-0871-496d-836c-05d90139b08d,Rohan Dhoot / Karan Daftary,Rohan Dhoot / Karan Daftary,8-5,8-5,1.0,Win,1.0,True,True,True
4e762133-64f7-4cce-ab88-89fa44f8e125,2be56e26-cc2a-4ecb-a502-ebb83a8212e3,Sia Chawla / Armaan Mann,Sia Chawla / Armaan Mann,4-8,4-8,1.0,Loss,2.0,True,True,True
ac56fbd7-2fb9-4c1e-836c-d48b127f77ef,2be56e26-cc2a-4ecb-a502-ebb83a8212e3,Sia Chawla / Armaan Mann,Shireen Mahajan / Sukhmani Grewal,2-9,9-2,2.0,Loss,1.0,False,True,True
924fbe38-6ab7-41eb-abad-53d35e48f06f,2c982f04-1a03-4d77-9359-5b44f4e5aed2,Vijay Chhabria / Sidraj Shah,Vijay Chhabria / Sidraj Shah,"4-6, 1-6","4-6, 1-6",1.0,Loss,2.0,True,True,True
2c1ee55d-2e7e-42e2-84e7-88ba0c2c8231,2c982f04-1a03-4d77-9359-5b44f4e5aed2,Vijay Chhabria / Rupen Jhaveri,Vijay Chhabria / Rupen Jhaveri,8-5,8-5,1.0,Win,1.0,True,True,True
615dd833-6f0e-4af4-9c93-f1f8a261749d,2c982f04-1a03-4d77-9359-5b44f4e5aed2,Vijay Chhabria / Rupen Jhaveri,Vijay Chhabria / Rupen Jhaveri,8-0,8-0,1.0,Win,1.0,True,True,True
2187aa27-a0b8-47b4-96b6-b7bfda6acfed,2c982f04-1a03-4d77-9359-5b44f4e5aed2,Vijay Chhabria / Rupen Jhaveri,Vijay Chhabria / Rupen Jhaveri,8-1,8-1,1.0,Win,1.0,True,True,True
3de0a482-c380-4b3c-b640-ba433f6051a1,2c982f04-1a03-4d77-9359-5b44f4e5aed2,Vijay Chhabria / Rupen Jhaveri,Vijay Chhabria / Rupen Jhaveri,"6-0, 6-1","6-0, 6-1",1.0,Win,1.0,True,True,True
41e3a5e6-955f-434a-aed2-0a11c72770fe,2c982f04-1a03-4d77-9359-5b44f4e5aed2,Vijay Chhabria / Rupen Jhaveri,Vijay Chhabria / Rupen Jhaveri,"6-2, 6-1","6-2, 6-1",1.0,Win,1.0,True,True,True
c7edbd2f-c4a5-4c2a-95c6-b2ecfc53c079,2ca1e3d6-f039-4d35-8a77-2dc758f3f972,Sahil Dhingra / Maurya Nagpal,Sahil Dhingra / Maurya Nagpal,8-7,8-7,1.0,Win,1.0,True,True,True
97ba3dcc-c68a-493d-b433-7a3f07ffddfb,2ca1e3d6-f039-4d35-8a77-2dc758f3f972,Sahil Dhingra / Maurya Nagpal,Sahil Dhingra / Maurya Nagpal,0-8,0-8,1.0,Loss,2.0,True,True,True
fd7483c2-c4b1-4cc4-ae7b-b2f4d436c94d,2ca1e3d6-f039-4d35-8a77-2dc758f3f972,Sahil Dhingra / Maurya Nagpal,Gautam Kaushal / Aman Goyal,5-8,8-5,2.0,Loss,1.0,False,True,True
344bd740-26bb-48fe-bd75-851df4f95462,2cf42324-1463-4d64-b9e2-1a6b89ead090,Tammineedi Jayanth / Vineeth Mutyala,Arjun Chalotra / Jatin Dhingra,8-3,3-8,2.0,Win,2.0,False,True,True
55ff623c-f761-4929-bbcd-6f30d9a53b81,2cf42324-1463-4d64-b9e2-1a6b89ead090,Tammineedi Jayanth / Vineeth Mutyala,Tammineedi Jayanth / Vineeth Mutyala,8-4,8-4,1.0,Win,1.0,True,True,True
aa3e59d6-bc58-4f54-a7cf-cf6454e989b7,2cf42324-1463-4d64-b9e2-1a6b89ead090,Tammineedi Jayanth / Vineeth Mutyala,Tammineedi Jayanth / Vineeth Mutyala,9-5,9-5,1.0,Win,1.0,True,True,True
29d731ef-362a-4e9c-94bb-ef1af289196e,2cf42324-1463-4d64-b9e2-1a6b89ead090,Tammineedi Jayanth / Vineeth Mutyala,Tammineedi Jayanth / Vineeth Mutyala,9-3,9-3,1.0,Win,1.0,True,True,True
5e145ccb-1942-4e0b-a55a-6af86716c1d1,2cf42324-1463-4d64-b9e2-1a6b89ead090,Tammineedi Jayanth / Vineeth Mutyala,Tammineedi Jayanth / Vineeth Mutyala,"6-4, 7-6","6-4, 7-6(7-2)",1.0,Win,1.0,True,True,True
72aaa95a-7430-4340-afd9-b130eb060e79,2cf42324-1463-4d64-b9e2-1a6b89ead090,Tammineedi Jayanth / Vineeth Mutyala,Tammineedi Jayanth / Vineeth Mutyala,"5-7, 7-5, 10-7","5-7, 7-5, 10-7",1.0,Win,1.0,True,True,True
56df6914-2828-444d-9ed7-c82cee9ebb76,2d665cd5-8589-4301-81c6-25e0ba95fe1a,Naesar Jewoor / Siddharth Dabrai,Naesar Jewoor / Siddharth Dabrai,4-8,4-8,1.0,Loss,2.0,True,True,True
a84fe58e-7e4b-46b3-979f-6da63d791323,2d665cd5-8589-4301-81c6-25e0ba95fe1a,Naesar Jewoor / Siddharth Dabrai,Naesar Jewoor / Siddharth Dabrai,8-6,8-6,1.0,Win,1.0,True,True,True
d68d7f08-5edc-4b68-b5f2-ff9c3c17d0c1,2d665cd5-8589-4301-81c6-25e0ba95fe1a,Naesar Jewoor / Siddharth Dabrai,Aditya Jagtap / Krishiv Patel,1-8,8-1,2.0,Loss,1.0,False,True,True
520800e4-1827-49f6-aebb-5d8bd0a7ccba,2ecd3163-09e3-40b5-bd3b-d817112479b0,Vaibhavi Deshmukh / Namita Bal,Vaibhavi Deshmukh / Namita Bal,8-2,8-2,1.0,Win,1.0,True,True,True
ddd70da3-68ca-4555-a48c-4f3e8f2fe749,2ecd3163-09e3-40b5-bd3b-d817112479b0,Vaibhavi Deshmukh / Namita Bal,Vaibhavi Deshmukh / Namita Bal,8-3,8-3,1.0,Win,1.0,True,True,True
a4f283e9-74a3-4ca5-801e-f5f9f608896d,2ecd3163-09e3-40b5-bd3b-d817112479b0,Vaibhavi Deshmukh / Namita Bal,Vaibhavi Deshmukh / Namita Bal,8-2,8-2,1.0,Win,1.0,True,True,True
f808762b-a19e-4bc5-8d8b-fd0824c31d18,2ecd3163-09e3-40b5-bd3b-d817112479b0,Namita Bal / Aditya Jagtap,Namita Bal / Aditya Jagtap,9-1,9-1,1.0,Win,1.0,True,True,True
f9d168cf-619d-4ea6-a787-587c9b750da9,2ecd3163-09e3-40b5-bd3b-d817112479b0,Vaibhavi Deshmukh / Namita Bal,Vaibhavi Deshmukh / Namita Bal,"4-6, 6-3, 6-7","4-6, 6-3, 6-7(1-7)",1.0,Loss,2.0,True,True,True
e8cb5055-d641-4b13-a5bd-6fc4a42a018e,2ecd3163-09e3-40b5-bd3b-d817112479b0,Namita Bal / Aditya Jagtap,Tulsi Mehta / Samar Malhotra,2-6,6-2,2.0,Loss,1.0,False,True,True
5a6e8135-1120-484f-9a94-fe47f9ff2af7,2fb6f01b-24d6-44e9-95d3-7eca645d317e,Suvir Singh / Teyjas Chaudhary,Suvir Singh / Teyjas Chaudhary,5-8,5-8,1.0,Loss,2.0,True,True,True
70c06734-8d83-4448-affa-40230fe2e303,2fb6f01b-24d6-44e9-95d3-7eca645d317e,Suvir Singh / Teyjas Chaudhary,Suvir Singh / Teyjas Chaudhary,8-5,8-5,1.0,Win,1.0,True,True,True
d67ecd0d-5e2b-4463-86e2-dca1ea40b632,2fb6f01b-24d6-44e9-95d3-7eca645d317e,Suvir Singh / Teyjas Chaudhary,Suvir Singh / Teyjas Chaudhary,8-4,8-4,1.0,Win,1.0,True,True,True
d988aeca-2e22-4d18-9741-7dd7fc2b394b,2fb6f01b-24d6-44e9-95d3-7eca645d317e,Suvir Singh / Teyjas Chaudhary,Gautam Kaushal / Aman Goyal,9-4,4-9,2.0,Win,2.0,False,True,True
19571ad1-a6e0-4e8c-845d-9d316b346519,2fb6f01b-24d6-44e9-95d3-7eca645d317e,Suvir Singh / Teyjas Chaudhary,Suvir Singh / Teyjas Chaudhary,3-9,3-9,1.0,Loss,2.0,True,True,True
5a6e8135-1120-484f-9a94-fe47f9ff2af7,2fc76920-fbc0-4f8b-b8cc-cc92661a5f3e,Abhi Panchu / Mukund Muthanna,Suvir Singh / Teyjas Chaudhary,8-5,5-8,2.0,Win,2.0,False,True,True
6dfe2560-c197-4734-b1e3-19cf36b5f2c7,2fc76920-fbc0-4f8b-b8cc-cc92661a5f3e,Abhi Panchu / Mukund Muthanna,Lokesh Chhabra / Vaibhav Malik,8-5,5-8,2.0,Win,2.0,False,True,True
7e5d0998-c7f4-494b-ab9a-3f10bc3c88dc,2fc76920-fbc0-4f8b-b8cc-cc92661a5f3e,Abhi Panchu / Mukund Muthanna,Rajat Jain / Pratik Makkar,8-3,3-8,2.0,Win,2.0,False,True,True
bb6aea0d-a48b-49cb-b2cd-5dd38b7dfc6c,2fc76920-fbc0-4f8b-b8cc-cc92661a5f3e,Abhi Panchu / Mukund Muthanna,Abhi Panchu / Mukund Muthanna,9-4,9-4,1.0,Win,1.0,True,True,True
19571ad1-a6e0-4e8c-845d-9d316b346519,2fc76920-fbc0-4f8b-b8cc-cc92661a5f3e,Abhi Panchu / Mukund Muthanna,Suvir Singh / Teyjas Chaudhary,9-3,3-9,2.0,Win,2.0,False,True,True
e4f30ae8-b7db-4100-a100-a37ce259f47c,2fc76920-fbc0-4f8b-b8cc-cc92661a5f3e,Abhi Panchu / Mukund Muthanna,Arnav Sanjeev / Sahil Kaushal,"7-5, 6-1","5-7, 1-6",2.0,Win,2.0,False,True,True
280fd1a3-0a64-430a-96e4-82ea8239e260,30155bc6-d483-414d-8d5e-17eef06c9f9e,Pranav Erinjery / Aldrith Fernandez,Mukund Muthanna / Mukund Muthanna Partner,,,2.0,Win,2.0,False,True,True
6ce69905-354c-4ccd-84f5-56c0a8047de4,30155bc6-d483-414d-8d5e-17eef06c9f9e,Pranav Erinjery / Aldrith Fernandez,Pranav Erinjery / Aldrith Fernandez,8-1,8-1,1.0,Win,1.0,True,True,True
888b3286-4d38-42e6-a6ec-a50c9c076ff7,30155bc6-d483-414d-8d5e-17eef06c9f9e,Pranav Erinjery / Aldrith Fernandez,Pranav Erinjery / Aldrith Fernandez,9-0,9-0,1.0,Win,1.0,True,True,True
8e547df4-6004-44c1-a0f1-8b2610bef116,30155bc6-d483-414d-8d5e-17eef06c9f9e,Pranav Erinjery / Aldrith Fernandez,Pranav Erinjery / Aldrith Fernandez,9-7,9-7,1.0,Win,1.0,True,True,True
9c48437f-96c8-4026-bfb3-6f1c79289e66,30155bc6-d483-414d-8d5e-17eef06c9f9e,Pranav Erinjery / Aldrith Fernandez,George Pottamkulam / Amit Krishnan,,,2.0,Loss,1.0,False,True,True
7e7dfc0e-4dcc-4881-8863-5b1478af6f81,30ab2db4-b8de-4717-9c08-286cea50609e,Aakash Lalith / Famaz Shanavas,Jasmer Kapany / Paramveer Bajwa,3-8,8-3,2.0,Loss,1.0,False,True,True
5ae7c355-5678-4e3a-a1b6-3b83dba54478,30ab2db4-b8de-4717-9c08-286cea50609e,Aakash Lalith / Famaz Shanavas,Saish Shelar / Mihir Akolkar,1-8,8-1,2.0,Loss,1.0,False,True,True
8fee54f0-cb79-4e44-b290-76234ee52b73,30ab2db4-b8de-4717-9c08-286cea50609e,Aakash Lalith / Famaz Shanavas,Pranay Merchant / Piyush Bansal,7-8,8-7,2.0,Loss,1.0,False,True,True
a98f84ae-51c7-4d1d-9e17-54713b9205d3,31049438-40d6-4def-9003-dd2997c61ba1,Gagan Singh / Jonas Spinoy,Premal Javeri / Harshvardhan Sharma,0-8,8-0,2.0,Loss,1.0,False,True,True
c3320242-f26f-4712-8728-82f14bc3da9e,31049438-40d6-4def-9003-dd2997c61ba1,Gagan Singh / Jonas Spinoy,Gagan Singh / Jonas Spinoy,7-8,7-8,1.0,Loss,2.0,True,True,True
59cca22c-3e0e-48d6-af23-2e6820d09ad7,31049438-40d6-4def-9003-dd2997c61ba1,Gagan Singh / Jonas Spinoy,Aditya Maheshwari / Akshay Jalan,1-8,8-1,2.0,Loss,1.0,False,True,True
d915b459-9f70-4d09-b822-508e43eb6311,31049438-40d6-4def-9003-dd2997c61ba1,Gagan Singh / Jonas Spinoy,Gagan Singh / Jonas Spinoy,1-8,1-8,1.0,Loss,2.0,True,True,True
c2dc1105-a267-423e-a981-719c1cb7f2af,310f748b-4718-461d-aa46-f7537fcfa9e5,Shashank Mittal / Tanay Gabhawala,Shashank Mittal / Tanay Gabhawala,8-3,8-3,1.0,Win,1.0,True,True,True
ed4b0ce5-d9eb-488d-bcc6-5cbf6f5bfda4,310f748b-4718-461d-aa46-f7537fcfa9e5,Shashank Mittal / Tanay Gabhawala,Rahul Motwani / Aryan Goveas,1-8,8-1,2.0,Loss,1.0,False,True,True
7fa86192-fcc1-46ed-a222-65787bf24e09,310f748b-4718-461d-aa46-f7537fcfa9e5,Shashank Mittal / Tanay Gabhawala,Adit Patel / Abhishek Gupta,4-8,8-4,2.0,Loss,1.0,False,True,True
aeb8d31c-a284-49fe-8a58-84c758c845e8,32a0b562-9232-4c9d-baa5-622161e0b903,Glenn Renny / Renny Chacko,Raghul Arvind / Subramanian Shivshankaran,8-1,1-8,2.0,Win,2.0,False,True,True
99234a0e-d119-48ca-b8ce-baef8ac9e992,32a0b562-9232-4c9d-baa5-622161e0b903,Glenn Renny / Renny Chacko,Vishal Thomas / Terence Thomas,1-8,8-1,2.0,Loss,1.0,False,True,True
839f2df5-8b6f-4146-b77b-4c2ef14864ed,32a0b562-9232-4c9d-baa5-622161e0b903,Glenn Renny / Renny Chacko,Shaan Shah / Sandip Sabharwal,6-8,8-6,2.0,Loss,1.0,False,True,True
6836bcb0-1981-484e-a454-737d8e1eb2ee,3354c5a3-1dbf-47e7-a264-7a573cd0b8e5,Advait Bahl / Kabir Anand,Saish Shelar / Mihir Akolkar,2-8,8-2,2.0,Loss,1.0,False,True,True
e8e338a3-ab95-401c-8aa8-c8d5c476c053,3354c5a3-1dbf-47e7-a264-7a573cd0b8e5,Advait Bahl / Kabir Anand,Samar Malhotra / Aryan Goveas,2-8,8-2,2.0,Loss,1.0,False,True,True
fdb3e5aa-eef2-4829-b804-ad695034fdf5,3354c5a3-1dbf-47e7-a264-7a573cd0b8e5,Advait Bahl / Kabir Anand,Advait Bahl / Kabir Anand,7-8,7-8,1.0,Loss,2.0,True,True,True
f2dc0bce-d751-4d49-80f8-3e0e2d85cf26,33ba8a38-6ea6-4a24-a6c2-539cda4a6089,Priyesh Desai / Ryan Tham,Pratik Doshi / Harsh Parekh,6-8,8-6,2.0,Loss,1.0,False,True,True
2c84a691-0c5c-4b3c-ad57-7a88a7449a77,33ba8a38-6ea6-4a24-a6c2-539cda4a6089,Priyesh Desai / Ryan Tham,Atul Gupta / Ankit Doshi,2-8,8-2,2.0,Loss,1.0,False,True,True
4fb53d8c-9ab2-4d84-a608-fcf0cd1d8571,33c37317-e796-4dae-9697-19aa9df046bd,Arjun Chalotra / Jatin Dhingra,Arjun Chalotra / Jatin Dhingra,5-8,5-8,1.0,Loss,2.0,True,True,True
344bd740-26bb-48fe-bd75-851df4f95462,33c37317-e796-4dae-9697-19aa9df046bd,Arjun Chalotra / Jatin Dhingra,Arjun Chalotra / Jatin Dhingra,3-8,3-8,1.0,Loss,2.0,True,True,True
f9731eff-f696-4bd1-a454-0aace0df1c7e,33c37317-e796-4dae-9697-19aa9df046bd,Arjun Chalotra / Jatin Dhingra,Pratham Jain / Hritesh Agarwal,1-8,8-1,2.0,Loss,1.0,False,True,True
28d43da7-156c-4429-82cc-17339629ca71,33da4499-d5cc-4c4c-9002-f405f2051d1b,Rahul Motwani / Ishaan Choubal,Rahul Motwani / Ishaan Choubal,8-4,8-4,1.0,Win,1.0,True,True,True
0dac1cd3-58d7-486b-8b08-a6ad5db34afe,33da4499-d5cc-4c4c-9002-f405f2051d1b,Rahul Motwani / Ishaan Choubal,Rahul Motwani / Ishaan Choubal,8-6,8-6,1.0,Win,1.0,True,True,True
d6ec3e20-23c0-4d1a-a718-e7875e260b24,33da4499-d5cc-4c4c-9002-f405f2051d1b,Rahul Motwani / Ishaan Choubal,Rahul Motwani / Ishaan Choubal,8-2,8-2,1.0,Win,1.0,True,True,True
65d6d075-f892-4b47-b01b-54582f53f795,33da4499-d5cc-4c4c-9002-f405f2051d1b,Rahul Motwani / Ishaan Choubal,Rahul Motwani / Ishaan Choubal,9-3,9-3,1.0,Win,1.0,True,True,True
d877e631-33ef-4a50-bb5c-c01be47e1484,33da4499-d5cc-4c4c-9002-f405f2051d1b,Rahul Motwani / Ishaan Choubal,Aryan Hemdev / Samar Malhotra,"4-6, 5-7","6-4, 7-5",2.0,Loss,1.0,False,True,True
17c5ad30-6d2e-4667-aa7f-b7ad341d6c42,33e396ff-a084-4b28-b360-ff47e5b98714,Yashvardhan Sarda / Suyash Vishnoi,Yashvardhan Sarda / Suyash Vishnoi,4-8,4-8,1.0,Loss,2.0,True,True,True
4c8546dd-c950-4fae-a79a-df9f01fb2f63,33e396ff-a084-4b28-b360-ff47e5b98714,Yashvardhan Sarda / Suyash Vishnoi,Mehul Bansal / Vaibhav Sahni,4-8,8-4,2.0,Loss,1.0,False,True,True
1b46e45a-a836-408a-aa1d-8e76abac735e,33e396ff-a084-4b28-b360-ff47e5b98714,Yashvardhan Sarda / Suyash Vishnoi,Tejas Shevde / Nishad Shevde,5-9,9-5,2.0,Loss,1.0,False,True,True
3fa447bb-dcc7-4d3f-af61-c79588f46361,3480aff3-e63a-4c82-bc4d-d37555b3f964,Prem Mirchandani / Bipin Grewal,Prem Mirchandani / Bipin Grewal,6-8,6-8,1.0,Loss,2.0,True,True,True
8b35ac60-4af9-480a-862d-1b31e058bdc4,3480aff3-e63a-4c82-bc4d-d37555b3f964,Prem Mirchandani / Bipin Grewal,Sahil Sharma / Umesh Padwal,8-1,1-8,2.0,Win,2.0,False,True,True
322bc724-5ff4-41be-9829-44c36fa287ab,3480aff3-e63a-4c82-bc4d-d37555b3f964,Prem Mirchandani / Bipin Grewal,Shaan Javeri / Arjun Malhotra,7-8,8-7,2.0,Loss,1.0,False,True,True
b6294123-9662-414d-8695-a657ae6acb81,34db59dd-7f59-4b2a-8403-070df3a50fd9,Muhammed Saleem V / Arun Ratnakaran,John Paul / Falib Jaleel,7-8,8-7,2.0,Loss,1.0,False,True,True
7f7470be-59ba-4fb9-b76f-bd5bb2c52c36,34db59dd-7f59-4b2a-8403-070df3a50fd9,Muhammed Saleem V / Arun Ratnakaran,Sanal K M / Nigel Paul,8-3,3-8,2.0,Win,2.0,False,True,True
888b3286-4d38-42e6-a6ec-a50c9c076ff7,34db59dd-7f59-4b2a-8403-070df3a50fd9,Muhammed Saleem V / Arun Ratnakaran,Pranav Erinjery / Aldrith Fernandez,0-9,9-0,2.0,Loss,1.0,False,True,True
344bd740-26bb-48fe-bd75-851df4f95462,36726a92-ec56-44b3-9a19-4dc479afc322,Tammineedi Jayanth / Vineeth Mutyala,Arjun Chalotra / Jatin Dhingra,8-3,3-8,2.0,Win,2.0,False,True,True
55ff623c-f761-4929-bbcd-6f30d9a53b81,36726a92-ec56-44b3-9a19-4dc479afc322,Tammineedi Jayanth / Vineeth Mutyala,Tammineedi Jayanth / Vineeth Mutyala,8-4,8-4,1.0,Win,1.0,True,True,True
aa3e59d6-bc58-4f54-a7cf-cf6454e989b7,36726a92-ec56-44b3-9a19-4dc479afc322,Tammineedi Jayanth / Vineeth Mutyala,Tammineedi Jayanth / Vineeth Mutyala,9-5,9-5,1.0,Win,1.0,True,True,True
29d731ef-362a-4e9c-94bb-ef1af289196e,36726a92-ec56-44b3-9a19-4dc479afc322,Tammineedi Jayanth / Vineeth Mutyala,Tammineedi Jayanth / Vineeth Mutyala,9-3,9-3,1.0,Win,1.0,True,True,True
5e145ccb-1942-4e0b-a55a-6af86716c1d1,36726a92-ec56-44b3-9a19-4dc479afc322,Tammineedi Jayanth / Vineeth Mutyala,Tammineedi Jayanth / Vineeth Mutyala,"6-4, 7-6","6-4, 7-6(7-2)",1.0,Win,1.0,True,True,True
72aaa95a-7430-4340-afd9-b130eb060e79,36726a92-ec56-44b3-9a19-4dc479afc322,Tammineedi Jayanth / Vineeth Mutyala,Tammineedi Jayanth / Vineeth Mutyala,"5-7, 7-5, 10-7","5-7, 7-5, 10-7",1.0,Win,1.0,True,True,True
22f85a7b-2e42-4deb-a2b6-25ccc1a8d0e6,3767fb18-b855-41eb-88d4-701e4cb81126,Udhay Mahajan / Mayank Oberoi,Shaan Shah / Kushe Bahl,8-2,2-8,2.0,Win,2.0,False,True,True
84c5b5b0-306a-4212-871a-365c1df1a5c1,3767fb18-b855-41eb-88d4-701e4cb81126,Udhay Mahajan / Mayank Oberoi,Divy Kothari / Priynash Kothari,8-3,3-8,2.0,Win,2.0,False,True,True
8a11eaf3-df4f-45e6-abcb-563f66dd48da,3767fb18-b855-41eb-88d4-701e4cb81126,Udhay Mahajan / Mayank Oberoi,Aarman Kler / Angad Puar,8-7,7-8,2.0,Win,2.0,False,True,True
d2b9d0e8-64b3-4da3-a540-b05d00b6923c,3767fb18-b855-41eb-88d4-701e4cb81126,Udhay Mahajan / Mayank Oberoi,Udhay Mahajan / Mayank Oberoi,9-0,9-0,1.0,Win,1.0,True,True,True
c296588d-6347-4bb1-918c-a8ba7fa65f96,3767fb18-b855-41eb-88d4-701e4cb81126,Udhay Mahajan / Mayank Oberoi,Udhay Mahajan / Mayank Oberoi,5-9,5-9,1.0,Loss,2.0,True,True,True
7401bd43-1300-49b6-a846-d1548ed7ab61,38994d00-4888-4d00-a61c-1a89cd8f69a5,Praneet Chawla / Sidharth Ugrankar,Vijay Chhabria / Sidraj Shah,1-8,8-1,2.0,Loss,1.0,False,True,True
ad502ae1-3666-479b-ae46-7681fbbf7db8,38994d00-4888-4d00-a61c-1a89cd8f69a5,Praneet Chawla / Sidharth Ugrankar,Navroze Marshall / Subal Anand,3-8,8-3,2.0,Loss,1.0,False,True,True
d77456ac-b6c2-4207-876b-24c616c5ef37,38c72183-eb38-4e6f-a490-fe738e55a30a,Arjun Jashani / Tanay Mehta,Advait Bahl / Bhagya Popat,8-1,1-8,2.0,Win,2.0,False,True,True
0dac1cd3-58d7-486b-8b08-a6ad5db34afe,38c72183-eb38-4e6f-a490-fe738e55a30a,Arjun Jashani / Tanay Mehta,Rahul Motwani / Ishaan Choubal,6-8,8-6,2.0,Loss,1.0,False,True,True
c56c1b31-a99c-41ba-888e-1cd12be4b4bb,38c72183-eb38-4e6f-a490-fe738e55a30a,Arjun Jashani / Tanay Mehta,Arjun Jashani / Tanay Mehta,8-5,8-5,1.0,Win,1.0,True,True,True
31bff183-822e-4835-a19b-6500b9c61184,38c72183-eb38-4e6f-a490-fe738e55a30a,Arjun Jashani / Tanay Mehta,Aryan Hemdev / Samar Malhotra,5-9,9-5,2.0,Loss,1.0,False,True,True
b833fe8a-b2a1-4a6c-bd96-2ca57c7e6219,3a4284ac-76b1-42ec-b6e3-a5c4bb489432,Royce Raju Beena / James Joseph,Siddhant Gupta / Aman Makan,6-8,8-6,2.0,Loss,1.0,False,True,True
7fd50a99-b851-4425-baa7-111e3f4c112d,3a4284ac-76b1-42ec-b6e3-a5c4bb489432,Royce Raju Beena / James Joseph,Royce Raju Beena / James Joseph,8-6,8-6,1.0,Win,1.0,True,True,True
36afdf01-332e-4b31-acb7-193c0f9954ae,3a4284ac-76b1-42ec-b6e3-a5c4bb489432,Royce Raju Beena / James Joseph,Royce Raju Beena / James Joseph,7-8,7-8,1.0,Loss,2.0,True,True,True
03e3d1fe-fea2-4898-a94f-770efe9d8f00,3a4284ac-76b1-42ec-b6e3-a5c4bb489432,Royce Raju Beena / James Joseph,Muhammed Ajmal / Aravind Kannan,2-9,9-2,2.0,Loss,1.0,False,True,True
e69eb33e-8e3a-4032-b77b-6a61941ad09c,3b3fe796-88b7-4a76-a7e3-e67f0a4a5b7a,Pratik Doshi / Harsh Parekh,Pratik Doshi / Harsh Parekh,8-7,8-7,1.0,Win,1.0,True,True,True
f2dc0bce-d751-4d49-80f8-3e0e2d85cf26,3b3fe796-88b7-4a76-a7e3-e67f0a4a5b7a,Pratik Doshi / Harsh Parekh,Pratik Doshi / Harsh Parekh,8-6,8-6,1.0,Win,1.0,True,True,True
b86b1a48-66a6-4e3e-85a2-6ded8775adc5,3b3fe796-88b7-4a76-a7e3-e67f0a4a5b7a,Pratik Doshi / Harsh Parekh,Vijay Chhabria / Sidraj Shah,"0-6, 4-6","6-0, 6-4",2.0,Loss,1.0,False,True,True
bb46c168-6626-446c-af22-65884f347b73,3c822f5d-2200-464d-bc72-f04612b2ee19,Azhar Seyad / Anoop KR,Mukund Muthanna / Mukund Muthanna Partner,,,2.0,Win,2.0,False,True,True
6ce69905-354c-4ccd-84f5-56c0a8047de4,3c822f5d-2200-464d-bc72-f04612b2ee19,Azhar Seyad / Anoop KR,Pranav Erinjery / Aldrith Fernandez,1-8,8-1,2.0,Loss,1.0,False,True,True
2c1ab141-7979-4275-ad06-201854da2605,3c822f5d-2200-464d-bc72-f04612b2ee19,Azhar Seyad / Anoop KR,John Paul / Falib Jaleel,5-9,9-5,2.0,Loss,1.0,False,True,True
74ccd074-ec97-4cec-9874-42508a9d870b,3c8b6bfa-05d8-417f-bd24-a3edf965c004,Rahil Saboo / Rehan Malik,Swaraj D / Kaivalya Kalamse,1-8,8-1,2.0,Loss,1.0,False,True,True
d2fb5c0e-33ce-4df1-ab80-43e885603c75,3c8b6bfa-05d8-417f-bd24-a3edf965c004,Rahil Saboo / Rehan Malik,Advait Bahl / Bhagya Popat,8-7,7-8,2.0,Win,2.0,False,True,True
da940779-d6ac-40ca-aac0-b26f38ff8b42,3c8b6bfa-05d8-417f-bd24-a3edf965c004,Rahil Saboo / Rehan Malik,Chaitanya Shah / Aditya Jagtap,3-8,8-3,2.0,Loss,1.0,False,True,True
353b85e8-c69c-4b37-90cb-7cf4cdfbc244,3cfbe0a0-f37c-4129-b3a5-157f4bf5b859,Karan Mehrotra / James Darbar,Sandip Sabharwal / Saurabh Vijewargia,5-8,8-5,2.0,Loss,1.0,False,True,True
615dd833-6f0e-4af4-9c93-f1f8a261749d,3cfbe0a0-f37c-4129-b3a5-157f4bf5b859,Karan Mehrotra / James Darbar,Vijay Chhabria / Rupen Jhaveri,0-8,8-0,2.0,Loss,1.0,False,True,True
08bbaa2c-1ca5-49ee-b723-6da4838c65d3,3cfbe0a0-f37c-4129-b3a5-157f4bf5b859,Karan Mehrotra / James Darbar,Karan Mehrotra / James Darbar,1-8,1-8,1.0,Loss,2.0,True,True,True
03cf6a96-2f99-40d6-a062-a69b65972c4e,3e4cd9d1-4aaf-4f21-b6ff-75e43cbac6e4,Pratham Jain / Hritesh Agarwal,Pratham Jain / Hritesh Agarwal,6-8,6-8,1.0,Loss,2.0,True,True,True
30652006-4056-458a-bc9b-2e6b2f38339c,3e4cd9d1-4aaf-4f21-b6ff-75e43cbac6e4,Pratham Jain / Hritesh Agarwal,Pratham Jain / Hritesh Agarwal,8-2,8-2,1.0,Win,1.0,True,True,True
f9731eff-f696-4bd1-a454-0aace0df1c7e,3e4cd9d1-4aaf-4f21-b6ff-75e43cbac6e4,Pratham Jain / Hritesh Agarwal,Pratham Jain / Hritesh Agarwal,8-1,8-1,1.0,Win,1.0,True,True,True
b7b2aba6-9ae5-4584-8b84-a500502c2679,3e4cd9d1-4aaf-4f21-b6ff-75e43cbac6e4,Pratham Jain / Hritesh Agarwal,Tanveer Singh / Gandharv Bajaj,9-5,5-9,2.0,Win,2.0,False,True,True
dac45625-c3b1-4972-bae3-60f8443bc319,3e4cd9d1-4aaf-4f21-b6ff-75e43cbac6e4,Pratham Jain / Hritesh Agarwal,R S Abhishek / Siddharth Satheesan,9-7,7-9,2.0,Win,2.0,False,True,True
5e145ccb-1942-4e0b-a55a-6af86716c1d1,3e4cd9d1-4aaf-4f21-b6ff-75e43cbac6e4,Pratham Jain / Hritesh Agarwal,Tammineedi Jayanth / Vineeth Mutyala,"4-6, 6-7","6-4, 7-6(7-2)",2.0,Loss,1.0,False,True,True
32e2f1fd-a1a6-4932-a63d-8cae457719ed,3ebc54e6-ec4a-42bc-bfcb-67c21e71616a,Bijon Kanabar / Pranay Shetty,George Pottamkulam / Amit Krishnan,2-8,8-2,2.0,Loss,1.0,False,True,True
768f0678-f72f-4419-b398-45282170de3e,3ebc54e6-ec4a-42bc-bfcb-67c21e71616a,Bijon Kanabar / Pranay Shetty,Bijon Kanabar / Pranay Shetty,7-8,7-8,1.0,Loss,2.0,True,True,True
a1068c5f-a738-4e64-a520-c9fe65c26ab9,3ede0ffc-93a8-4fc8-b30b-11c2c07a8598,Mishal Mehta / Khushish Jain,Samkit Shah / Rahul Chandwani,2-8,8-2,2.0,Loss,1.0,False,True,True
887df84a-c482-4827-a9dd-8d8c059d0455,3ede0ffc-93a8-4fc8-b30b-11c2c07a8598,Mishal Mehta / Khushish Jain,Junaid Sopariwala / Tabrez Sopariwala,2-8,8-2,2.0,Loss,1.0,False,True,True
0bbb5549-9861-4161-8d22-afc109a902a2,3f2fcf21-952f-4b68-9b43-539d6b1ade27,Akshay Jalan / Navin Shewakramani,Akshay Jalan / Navin Shewakramani,8-5,8-5,1.0,Win,1.0,True,True,True
0b29eb33-933c-4d34-9e0b-73657958fbcd,3f2fcf21-952f-4b68-9b43-539d6b1ade27,Akshay Jalan / Navin Shewakramani,Akshay Jalan / Navin Shewakramani,8-2,8-2,1.0,Win,1.0,True,True,True
af3d35ea-c094-420a-9e2e-a47b4d7d80a0,3f2fcf21-952f-4b68-9b43-539d6b1ade27,Akshay Jalan / Navin Shewakramani,Akshay Jalan / Navin Shewakramani,"6-4, 6-7, 4-6","6-4, 6-7(5-7), 4-6",1.0,Loss,2.0,True,True,True
9d3bb892-88a7-4473-bf5c-0c15847d9313,3f741097-060e-44be-8402-0bb7f42b5b7e,Vijay Aakash Nemakal / Shashank Tiwari,Gautam Kaushal / Aman Goyal,4-8,8-4,2.0,Loss,1.0,False,True,True
97ba3dcc-c68a-493d-b433-7a3f07ffddfb,3f741097-060e-44be-8402-0bb7f42b5b7e,Vijay Aakash Nemakal / Shashank Tiwari,Sahil Dhingra / Maurya Nagpal,8-0,0-8,2.0,Win,2.0,False,True,True
cbc51c60-d05b-41de-b054-b3e10710bcb1,3f741097-060e-44be-8402-0bb7f42b5b7e,Vijay Aakash Nemakal / Shashank Tiwari,Vijay Aakash Nemakal / Shashank Tiwari,8-3,8-3,1.0,Win,1.0,True,True,True
bb6aea0d-a48b-49cb-b2cd-5dd38b7dfc6c,3f741097-060e-44be-8402-0bb7f42b5b7e,Vijay Aakash Nemakal / Shashank Tiwari,Abhi Panchu / Mukund Muthanna,4-9,9-4,2.0,Loss,1.0,False,True,True
abbe0a20-2e6c-4dad-a383-e91315342dd7,3fec5bf1-2cb9-4cd6-a965-e0bb6f7079d8,Rajiv Dutt / Mahesh Shinde,Rajiv Dutt / Mahesh Shinde,8-6,8-6,1.0,Win,1.0,True,True,True
894fa6e5-93e6-4d4e-86a4-d34b9b61e257,3fec5bf1-2cb9-4cd6-a965-e0bb6f7079d8,Rajiv Dutt / Mahesh Shinde,Arun Chery Jacob / Abhilash Joshi,8-5,5-8,2.0,Win,2.0,False,True,True
34985dbb-dd09-402c-9bd4-ca8ac1e6bd7e,3fec5bf1-2cb9-4cd6-a965-e0bb6f7079d8,Rajiv Dutt / Mahesh Shinde,Syed Imran Yusoof / Kunal Premnarayan,,,2.0,Loss,1.0,False,True,True
ed465153-ab2e-4909-8f1f-c70dfbbfd4cf,3fec5bf1-2cb9-4cd6-a965-e0bb6f7079d8,Rajiv Dutt / Mahesh Shinde,Syed Imran Yusoof / Kunal Premnarayan,"1-6, 3-6","6-1, 6-3",2.0,Loss,1.0,False,True,True
2204f2d8-942c-484e-b7f0-65fecab6957a,402747a2-1ebf-400b-8f55-50dcfee08030,Aldrith Fernandez / Dhruva Madhavan,Pratik Bhatia / Kaustubh Thakur,3-8,8-3,2.0,Loss,1.0,False,True,True
280fd1a3-0a64-430a-96e4-82ea8239e260,402747a2-1ebf-400b-8f55-50dcfee08030,Pranav Erinjery / Aldrith Fernandez,Mukund Muthanna / Mukund Muthanna Partner,,,2.0,Win,2.0,False,True,True
6ce69905-354c-4ccd-84f5-56c0a8047de4,402747a2-1ebf-400b-8f55-50dcfee08030,Pranav Erinjery / Aldrith Fernandez,Pranav Erinjery / Aldrith Fernandez,8-1,8-1,1.0,Win,1.0,True,True,True
888b3286-4d38-42e6-a6ec-a50c9c076ff7,402747a2-1ebf-400b-8f55-50dcfee08030,Pranav Erinjery / Aldrith Fernandez,Pranav Erinjery / Aldrith Fernandez,9-0,9-0,1.0,Win,1.0,True,True,True
8e547df4-6004-44c1-a0f1-8b2610bef116,402747a2-1ebf-400b-8f55-50dcfee08030,Pranav Erinjery / Aldrith Fernandez,Pranav Erinjery / Aldrith Fernandez,9-7,9-7,1.0,Win,1.0,True,True,True
9c48437f-96c8-4026-bfb3-6f1c79289e66,402747a2-1ebf-400b-8f55-50dcfee08030,Pranav Erinjery / Aldrith Fernandez,George Pottamkulam / Amit Krishnan,,,2.0,Loss,1.0,False,True,True
d7131bb9-325e-4ed2-9c3a-a4a7d6f28d24,423c210f-fe3b-42eb-8542-5969c9fa6eec,Anthony Grace Fernandes / Adarsh S,Arjun Raju / Ganesh Raj,6-8,8-6,2.0,Loss,1.0,False,True,True
da312eda-67b5-4df0-94b1-228ec49f5dbc,423c210f-fe3b-42eb-8542-5969c9fa6eec,Anthony Grace Fernandes / Adarsh S,Gopal Mohan / Nikhil George,8-3,3-8,2.0,Win,2.0,False,True,True
f0e009e9-0394-4884-9536-31ab4b0da1ae,423c210f-fe3b-42eb-8542-5969c9fa6eec,Anthony Grace Fernandes / Adarsh S,George Pottamkulam / Amit Krishnan,6-9,9-6,2.0,Loss,1.0,False,True,True
ce281b7a-9667-41c8-9405-c6cc68d6f114,4326c4fd-cc21-41e2-a50c-dea545efbf2f,Arvind Sriram / Ananth Menon,Junaiz Odakkal / Aadil Abdul Azeez,8-6,6-8,2.0,Win,2.0,False,True,True
8e7f1b96-de89-4d15-a748-a14442dcc770,4326c4fd-cc21-41e2-a50c-dea545efbf2f,Arvind Sriram / Ananth Menon,Arvind Sriram / Ananth Menon,8-2,8-2,1.0,Win,1.0,True,True,True
c6e88370-f459-4002-8b54-cfc8cef68352,4326c4fd-cc21-41e2-a50c-dea545efbf2f,Arvind Sriram / Ananth Menon,Arvind Sriram / Ananth Menon,8-3,8-3,1.0,Win,1.0,True,True,True
3c072869-7aae-4ffb-b978-daa51d12f024,4326c4fd-cc21-41e2-a50c-dea545efbf2f,Arvind Sriram / Ananth Menon,Arvind Sriram / Ananth Menon,9-1,9-1,1.0,Win,1.0,True,True,True
e9651de7-cd19-4d31-810c-66e1b3f43b2f,4326c4fd-cc21-41e2-a50c-dea545efbf2f,Arvind Sriram / Ananth Menon,Junaiz Odakkal / Aadil Abdul Azeez,9-4,4-9,2.0,Win,2.0,False,True,True
87daa593-717b-43fe-a33b-b156d1212c06,4326c4fd-cc21-41e2-a50c-dea545efbf2f,Arvind Sriram / Ananth Menon,Siddhant Gupta / Aman Makan,"2-6, 1-6","6-2, 6-1",2.0,Loss,1.0,False,True,True
e5aa0083-9b14-4933-a27c-999a33134484,433ad480-92da-44d3-b432-953719fa8ea3,Taran Mundkar / Samar Malhotra,Taran Mundkar / Samar Malhotra,6-8,6-8,1.0,Loss,2.0,True,True,True
d1b0ab9b-ff8e-4c2f-9653-5db688ba0903,433ad480-92da-44d3-b432-953719fa8ea3,Taran Mundkar / Samar Malhotra,Taran Mundkar / Samar Malhotra,8-5,8-5,1.0,Win,1.0,True,True,True
ae0980c7-64e7-423a-bbfa-198343369b0f,433ad480-92da-44d3-b432-953719fa8ea3,Taran Mundkar / Samar Malhotra,Taran Mundkar / Samar Malhotra,8-5,8-5,1.0,Win,1.0,True,True,True
44abe18a-107e-4713-8d8c-b46bd1da9949,433ad480-92da-44d3-b432-953719fa8ea3,Taran Mundkar / Samar Malhotra,Adit Patel / Abhishek Gupta,9-6,6-9,2.0,Win,2.0,False,True,True
ff025360-1780-4fb5-a40e-7652fa86f6b8,433ad480-92da-44d3-b432-953719fa8ea3,Taran Mundkar / Samar Malhotra,Taran Mundkar / Samar Malhotra,"6-4, 6-4","6-4, 6-4",1.0,Win,1.0,True,True,True
fa1fc63c-3df0-4a36-98cc-29c4c27bccfd,433ad480-92da-44d3-b432-953719fa8ea3,Taran Mundkar / Samar Malhotra,Parikshit Somani / Paramveer Singh Bajwa,"2-6, 6-1, 4-6","6-2, 1-6, 6-4",2.0,Loss,1.0,False,True,True
4e762133-64f7-4cce-ab88-89fa44f8e125,44b79474-da87-43ad-a4b8-204252d87b30,Padma Veda Manikonda / Sameeksha Annem,Sia Chawla / Armaan Mann,8-4,4-8,2.0,Win,2.0,False,True,True
f925257e-0247-4516-a027-1455dbb370a6,44b79474-da87-43ad-a4b8-204252d87b30,Padma Veda Manikonda / Sameeksha Annem,Padma Veda Manikonda / Sameeksha Annem,9-6,9-6,1.0,Win,1.0,True,True,True
ecef1827-acee-44ab-9da2-7d8b3599c14f,44b79474-da87-43ad-a4b8-204252d87b30,Padma Veda Manikonda / Sameeksha Annem,Shireen Mahajan / Sukhmani Grewal,"6-0, 6-3","0-6, 3-6",2.0,Win,2.0,False,True,True
707023f9-626f-40d4-8eda-736dd09b2736,44dc8a9e-9f0a-4165-b2ce-c4932e2f9eac,Vikaas Chhabria / Vedanth P Patel,Vikaas Chhabria / Vedanth P Patel,6-8,6-8,1.0,Loss,2.0,True,True,True
9eaec017-cb19-4cae-833d-df112e51bba0,44dc8a9e-9f0a-4165-b2ce-c4932e2f9eac,Vikaas Chhabria / Vedanth P Patel,Siddhant Gupta / Aman Makan,0-8,8-0,2.0,Loss,1.0,False,True,True
36afdf01-332e-4b31-acb7-193c0f9954ae,44dc8a9e-9f0a-4165-b2ce-c4932e2f9eac,Vikaas Chhabria / Vedanth P Patel,Royce Raju Beena / James Joseph,8-7,7-8,2.0,Win,2.0,False,True,True
4fb53d8c-9ab2-4d84-a608-fcf0cd1d8571,460350b9-79b8-43e3-9b0a-6856d9056bda,Arjun Chalotra / Jatin Dhingra,Arjun Chalotra / Jatin Dhingra,5-8,5-8,1.0,Loss,2.0,True,True,True
344bd740-26bb-48fe-bd75-851df4f95462,460350b9-79b8-43e3-9b0a-6856d9056bda,Arjun Chalotra / Jatin Dhingra,Arjun Chalotra / Jatin Dhingra,3-8,3-8,1.0,Loss,2.0,True,True,True
f9731eff-f696-4bd1-a454-0aace0df1c7e,460350b9-79b8-43e3-9b0a-6856d9056bda,Arjun Chalotra / Jatin Dhingra,Pratham Jain / Hritesh Agarwal,1-8,8-1,2.0,Loss,1.0,False,True,True
fae9b9c7-389a-4665-be80-41cc6653bb13,46d8e856-a32f-4060-bf62-6b24fb9e6a8d,Samar Malhotra / Aryan Goveas,Samar Malhotra / Aryan Goveas,8-0,8-0,1.0,Win,1.0,True,True,True
e8e338a3-ab95-401c-8aa8-c8d5c476c053,46d8e856-a32f-4060-bf62-6b24fb9e6a8d,Samar Malhotra / Aryan Goveas,Samar Malhotra / Aryan Goveas,8-2,8-2,1.0,Win,1.0,True,True,True
ef27919c-2820-4044-a083-2a04a52ad48c,46d8e856-a32f-4060-bf62-6b24fb9e6a8d,Samar Malhotra / Aryan Goveas,Samar Malhotra / Aryan Goveas,8-2,8-2,1.0,Win,1.0,True,True,True
6dafb7fc-1e8a-420f-8894-33c6879cd0ce,46d8e856-a32f-4060-bf62-6b24fb9e6a8d,Samar Malhotra / Aryan Goveas,Samar Malhotra / Aryan Goveas,9-0,9-0,1.0,Win,1.0,True,True,True
2d8cbdbf-5ade-4e36-83af-909f44dfa581,46d8e856-a32f-4060-bf62-6b24fb9e6a8d,Samar Malhotra / Aryan Goveas,Samar Malhotra / Aryan Goveas,"6-4, 6-3","6-4, 6-3",1.0,Win,1.0,True,True,True
1a2d6c10-9644-4f62-922d-8721a74b8fcc,46d8e856-a32f-4060-bf62-6b24fb9e6a8d,Samar Malhotra / Aryan Goveas,Aditya Jagtap / Krishiv Patel,"6-1, 6-4","1-6, 4-6",2.0,Win,2.0,False,True,True
f3580957-0ee2-4958-8949-2b1a217a5e27,46f5ebb2-2b23-4e22-9c71-46c842dd2653,Arun Chery Jacob / Abhilash Joshi,Arun Chery Jacob / Abhilash Joshi,2-8,2-8,1.0,Loss,2.0,True,True,True
894fa6e5-93e6-4d4e-86a4-d34b9b61e257,46f5ebb2-2b23-4e22-9c71-46c842dd2653,Arun Chery Jacob / Abhilash Joshi,Arun Chery Jacob / Abhilash Joshi,5-8,5-8,1.0,Loss,2.0,True,True,True
6cb85dab-0ff4-449d-a241-89b8999588ad,46f5ebb2-2b23-4e22-9c71-46c842dd2653,Arun Chery Jacob / Abhilash Joshi,Arun Chery Jacob / Abhilash Joshi,8-4,8-4,1.0,Win,1.0,True,True,True
3ca860b8-c09e-4375-8b44-2659949f3da6,477f11d3-787d-4419-b0f5-23b7f94a4a51,Vanshika Kaji / Priyanka Kapadia,Sanya Khan / Sonia Rathee,2-8,8-2,2.0,Loss,1.0,False,True,True
ffa2a444-c60d-4978-a937-4c37f0857430,477f11d3-787d-4419-b0f5-23b7f94a4a51,Vanshika Kaji / Priyanka Kapadia,Vanshika Kaji / Priyanka Kapadia,2-8,2-8,1.0,Loss,2.0,True,True,True
c3e05fd7-0253-4167-86c1-caf87ae0e1cc,481f14a2-6a1c-4826-a67c-e8c50be8bc51,Roshni Dadachanji / Shahnaz Dubash,Roshni Dadachanji / Shahnaz Dubash,8-3,8-3,1.0,Win,1.0,True,True,True
65347441-d253-4712-a50c-41e936e8df4e,481f14a2-6a1c-4826-a67c-e8c50be8bc51,Roshni Dadachanji / Shahnaz Dubash,Roshni Dadachanji / Shahnaz Dubash,8-1,8-1,1.0,Win,1.0,True,True,True
10b1588c-08ed-4df3-b37f-66e43d24f1fc,481f14a2-6a1c-4826-a67c-e8c50be8bc51,Roshni Dadachanji / Shahnaz Dubash,Vera desai / Tanushri Biyani,"6-3, 6-2","3-6, 2-6",2.0,Win,2.0,False,True,True
bb31b30c-aad7-488f-adcd-8ff41ab394c3,481f14a2-6a1c-4826-a67c-e8c50be8bc51,Roshni Dadachanji / Shahnaz Dubash,Sanya Khan / Sonia Rathee,"2-6, 1-6","6-2, 6-1",2.0,Loss,1.0,False,True,True
656cb675-5f02-48d3-89d1-061ca3267657,48382568-087c-4c34-ab92-46d2680916f1,Sanal K M / Nigel Paul,John Paul / Falib Jaleel,4-8,8-4,2.0,Loss,1.0,False,True,True
7f7470be-59ba-4fb9-b76f-bd5bb2c52c36,48382568-087c-4c34-ab92-46d2680916f1,Sanal K M / Nigel Paul,Sanal K M / Nigel Paul,3-8,3-8,1.0,Loss,2.0,True,True,True
a5352c91-8068-42c9-822b-acb4e699195b,48e4e396-7184-498c-a7be-2edc05971b23,Arjun Batra / Jashan Singh Arora,Arjun Batra / Jashan Singh Arora,8-1,8-1,1.0,Win,1.0,True,True,True
7bf8d2f0-af3b-425b-a013-b82dace10520,48e4e396-7184-498c-a7be-2edc05971b23,Arjun Batra / Jashan Singh Arora,Bhavik Talreja / Rohan Maniar,6-8,8-6,2.0,Loss,1.0,False,True,True
0c067bfd-c5bf-4b2b-8d9e-71c52f13dab8,48e4e396-7184-498c-a7be-2edc05971b23,Arjun Batra / Jashan Singh Arora,Shaan Shah / Kushe Bahl,6-8,8-6,2.0,Loss,1.0,False,True,True
fe082a67-50ea-42d5-b22b-cc0470bcf762,496acea5-21ec-4eba-8eac-68cc9821538c,Muhammed Ajmal / Aravind Kannan,Rajveer Patel / Arnav Tanna,8-4,4-8,2.0,Win,2.0,False,True,True
d4b43a95-3bc9-4068-9d0d-14704e48cdf9,496acea5-21ec-4eba-8eac-68cc9821538c,Muhammed Ajmal / Aravind Kannan,Muhammed Ajmal / Aravind Kannan,8-0,8-0,1.0,Win,1.0,True,True,True
100aa0c0-037b-400a-aa27-fc201862d829,496acea5-21ec-4eba-8eac-68cc9821538c,Muhammed Ajmal / Aravind Kannan,Muhammed Ajmal / Aravind Kannan,8-2,8-2,1.0,Win,1.0,True,True,True
03e3d1fe-fea2-4898-a94f-770efe9d8f00,496acea5-21ec-4eba-8eac-68cc9821538c,Muhammed Ajmal / Aravind Kannan,Muhammed Ajmal / Aravind Kannan,9-2,9-2,1.0,Win,1.0,True,True,True
65e45209-0e5a-43e3-9fb6-c442bec81708,496acea5-21ec-4eba-8eac-68cc9821538c,Muhammed Ajmal / Aravind Kannan,Muhammed Ajmal / Aravind Kannan,5-9,5-9,1.0,Loss,2.0,True,True,True
4b418f10-59cf-442e-b2ca-856b33d83cba,49e0b5fb-e92e-467e-b277-532aa91ecd88,Rudresh Shetye / Venctexa Burye,Arnav Sanjeev / Sahil Kaushal,1-8,8-1,2.0,Loss,1.0,False,True,True
3ab9f696-daff-4f10-b023-04c8140cd69f,49e0b5fb-e92e-467e-b277-532aa91ecd88,Rudresh Shetye / Venctexa Burye,Shelton Mathew / Vishnu Shetty,1-8,8-1,2.0,Loss,1.0,False,True,True
750576ef-3eae-4823-91b6-cba2b45a1078,49e0b5fb-e92e-467e-b277-532aa91ecd88,Rudresh Shetye / Venctexa Burye,Joshua Lobo / Joshua Lobo Partner,8-1,1-8,2.0,Win,2.0,False,True,True
0bbb5549-9861-4161-8d22-afc109a902a2,4a3ed922-b521-4c51-9346-83d47b493813,Ankit Zaveri / Viral Somaiya,Akshay Jalan / Navin Shewakramani,5-8,8-5,2.0,Loss,1.0,False,True,True
93367412-16b1-446c-ad2f-3e4a0fa151c2,4a3ed922-b521-4c51-9346-83d47b493813,Ankit Zaveri / Viral Somaiya,Ankit Zaveri / Viral Somaiya,8-0,8-0,1.0,Win,1.0,True,True,True
5c2a8bf3-b051-470e-a893-b443f7e5a93d,4a6e40bd-2cd4-4535-95f1-ba51a03f719d,Tejas Shevde / Nishad Shevde,Tejas Shevde / Nishad Shevde,8-2,8-2,1.0,Win,1.0,True,True,True
2129de25-2b68-4bda-b4b4-ff52efbca0ee,4a6e40bd-2cd4-4535-95f1-ba51a03f719d,Tejas Shevde / Nishad Shevde,Tejas Shevde / Nishad Shevde,8-5,8-5,1.0,Win,1.0,True,True,True
1b46e45a-a836-408a-aa1d-8e76abac735e,4a6e40bd-2cd4-4535-95f1-ba51a03f719d,Tejas Shevde / Nishad Shevde,Tejas Shevde / Nishad Shevde,9-5,9-5,1.0,Win,1.0,True,True,True
af716ab2-fce5-4bdc-bf62-2f8c5c686ced,4a6e40bd-2cd4-4535-95f1-ba51a03f719d,Tejas Shevde / Nishad Shevde,Tejas Shevde / Nishad Shevde,9-2,9-2,1.0,Win,1.0,True,True,True
170fb77e-07e5-4678-a2db-5eaa5634560e,4a6e40bd-2cd4-4535-95f1-ba51a03f719d,Tejas Shevde / Nishad Shevde,Tejas Shevde / Nishad Shevde,"6-1, 1-6, 10-6","6-1, 1-6, 10-6",1.0,Win,1.0,True,True,True
72aaa95a-7430-4340-afd9-b130eb060e79,4a6e40bd-2cd4-4535-95f1-ba51a03f719d,Tejas Shevde / Nishad Shevde,Tammineedi Jayanth / Vineeth Mutyala,"7-5, 5-7, 7-10","5-7, 7-5, 10-7",2.0,Loss,1.0,False,True,True
0ce933b4-45a7-4579-ac15-f72d346136db,4abc41a6-8e24-4eaa-a669-eadf2b1b7365,Gautam Kaushal / Aman Goyal,Gautam Kaushal / Aman Goyal,8-0,8-0,1.0,Win,1.0,True,True,True
fd7483c2-c4b1-4cc4-ae7b-b2f4d436c94d,4abc41a6-8e24-4eaa-a669-eadf2b1b7365,Gautam Kaushal / Aman Goyal,Gautam Kaushal / Aman Goyal,8-5,8-5,1.0,Win,1.0,True,True,True
d988aeca-2e22-4d18-9741-7dd7fc2b394b,4abc41a6-8e24-4eaa-a669-eadf2b1b7365,Gautam Kaushal / Aman Goyal,Gautam Kaushal / Aman Goyal,4-9,4-9,1.0,Loss,2.0,True,True,True
e9e00272-de4a-4285-817f-9f1219455e26,4c979aa0-e703-43c6-b4e0-1fb8e52cd678,Pranay Merchant / Piyush Bansal,Saish Shelar / Mihir Akolkar,2-8,8-2,2.0,Loss,1.0,False,True,True
80f4de2a-aab9-45f2-a8c6-a26c37367454,4c979aa0-e703-43c6-b4e0-1fb8e52cd678,Pranay Merchant / Piyush Bansal,Jasmer Kapany / Paramveer Bajwa,6-8,8-6,2.0,Loss,1.0,False,True,True
8fee54f0-cb79-4e44-b290-76234ee52b73,4c979aa0-e703-43c6-b4e0-1fb8e52cd678,Pranay Merchant / Piyush Bansal,Pranay Merchant / Piyush Bansal,8-7,8-7,1.0,Win,1.0,True,True,True
1401801d-5bbd-4a8a-9f4c-d90624375b92,4c97d826-5756-4858-b292-b21827ad555e,Afdhel Abdul Wahab / Salman Shaji,Kaiz Jaffer / Varun Dattani,4-8,8-4,2.0,Loss,1.0,False,True,True
5541b276-8af1-45de-9ca9-f342a871aaa6,4c97d826-5756-4858-b292-b21827ad555e,Afdhel Abdul Wahab / Salman Shaji,Afdhel Abdul Wahab / Salman Shaji,4-8,4-8,1.0,Loss,2.0,True,True,True
3bfc94ec-cbee-4620-b8de-ebed2729f9e5,4ea58301-befa-4fac-8bca-101214a186c8,Niti Mehta / Alisha Aggarwal,Niti Mehta / Alisha Aggarwal,8-2,8-2,1.0,Win,1.0,True,True,True
98bdde72-766a-4194-9fc6-ad074747233a,4ea58301-befa-4fac-8bca-101214a186c8,Niti Mehta / Alisha Aggarwal,Niti Mehta / Alisha Aggarwal,8-0,8-0,1.0,Win,1.0,True,True,True
2db86115-7621-4fa8-bbb9-ec7bddc68a32,4ea58301-befa-4fac-8bca-101214a186c8,Niti Mehta / Alisha Aggarwal,Niti Mehta / Alisha Aggarwal,8-0,8-0,1.0,Win,1.0,True,True,True
fa44e95c-37f6-4d29-a4e0-30b3488d196c,4ea58301-befa-4fac-8bca-101214a186c8,Niti Mehta / Alisha Aggarwal,Niti Mehta / Alisha Aggarwal,"6-0, 6-4","6-0, 6-4",1.0,Win,1.0,True,True,True
8665635f-e1e9-4951-a911-5222e1f8b351,4f7ba08a-4a68-434d-9eeb-bec99296fe6f,Rahul Sachdeva / Jason Pereira,Burhan Contractor / Advaith Anoop,1-8,8-1,2.0,Loss,1.0,False,True,True
620eb58e-d91d-4a90-b5e2-8f8bb682963d,4f7ba08a-4a68-434d-9eeb-bec99296fe6f,Rahul Sachdeva / Jason Pereira,Chirag Gaikwad / Harman Singh Tur,1-8,8-1,2.0,Loss,1.0,False,True,True
2f275c7b-6a18-47f3-b8f9-e38c675e37d7,4f7ba08a-4a68-434d-9eeb-bec99296fe6f,Rahul Sachdeva / Jason Pereira,Ronak Daftary / Anirudh Jain,1-8,8-1,2.0,Loss,1.0,False,True,True
fbeeb918-0986-4dce-80f8-e53ea737c1ca,4fd7e826-a45c-45c1-974d-781f0cfc0621,Shelton Mathew / Vishnu Shetty,Shelton Mathew / Vishnu Shetty,,,1.0,Win,1.0,True,True,True
3ab9f696-daff-4f10-b023-04c8140cd69f,4fd7e826-a45c-45c1-974d-781f0cfc0621,Shelton Mathew / Vishnu Shetty,Shelton Mathew / Vishnu Shetty,8-1,8-1,1.0,Win,1.0,True,True,True
1c9acab4-6a7a-49b4-b352-ca1abbbed6aa,4fd7e826-a45c-45c1-974d-781f0cfc0621,Shelton Mathew / Vishnu Shetty,Arnav Sanjeev / Sahil Kaushal,2-8,8-2,2.0,Loss,1.0,False,True,True
d2b9d0e8-64b3-4da3-a540-b05d00b6923c,4fd7e826-a45c-45c1-974d-781f0cfc0621,Shelton Mathew / Vishnu Shetty,Udhay Mahajan / Mayank Oberoi,0-9,9-0,2.0,Loss,1.0,False,True,True
b833fe8a-b2a1-4a6c-bd96-2ca57c7e6219,501de0a7-5fb6-460c-9209-2cb9e1c6ab7d,Siddhant Gupta / Aman Makan,Siddhant Gupta / Aman Makan,8-6,8-6,1.0,Win,1.0,True,True,True
9eaec017-cb19-4cae-833d-df112e51bba0,501de0a7-5fb6-460c-9209-2cb9e1c6ab7d,Siddhant Gupta / Aman Makan,Siddhant Gupta / Aman Makan,8-0,8-0,1.0,Win,1.0,True,True,True
72717ee2-f726-4d2a-abb2-8dc3495917c4,501de0a7-5fb6-460c-9209-2cb9e1c6ab7d,Siddhant Gupta / Aman Makan,Siddhant Gupta / Aman Makan,8-0,8-0,1.0,Win,1.0,True,True,True
da42261d-6e28-4606-99d6-d8a47a483028,501de0a7-5fb6-460c-9209-2cb9e1c6ab7d,Siddhant Gupta / Aman Makan,Siddhant Gupta / Aman Makan,9-3,9-3,1.0,Win,1.0,True,True,True
65e45209-0e5a-43e3-9fb6-c442bec81708,501de0a7-5fb6-460c-9209-2cb9e1c6ab7d,Siddhant Gupta / Aman Makan,Muhammed Ajmal / Aravind Kannan,9-5,5-9,2.0,Win,2.0,False,True,True
87daa593-717b-43fe-a33b-b156d1212c06,501de0a7-5fb6-460c-9209-2cb9e1c6ab7d,Siddhant Gupta / Aman Makan,Siddhant Gupta / Aman Makan,"6-2, 6-1","6-2, 6-1",1.0,Win,1.0,True,True,True
c7edbd2f-c4a5-4c2a-95c6-b2ecfc53c079,50389e26-ef8f-483a-a55a-97f02076536c,Sahil Dhingra / Maurya Nagpal,Sahil Dhingra / Maurya Nagpal,8-7,8-7,1.0,Win,1.0,True,True,True
97ba3dcc-c68a-493d-b433-7a3f07ffddfb,50389e26-ef8f-483a-a55a-97f02076536c,Sahil Dhingra / Maurya Nagpal,Sahil Dhingra / Maurya Nagpal,0-8,0-8,1.0,Loss,2.0,True,True,True
fd7483c2-c4b1-4cc4-ae7b-b2f4d436c94d,50389e26-ef8f-483a-a55a-97f02076536c,Sahil Dhingra / Maurya Nagpal,Gautam Kaushal / Aman Goyal,5-8,8-5,2.0,Loss,1.0,False,True,True
5cb8c9d5-4109-4a82-9a2d-bb615764008a,516fd38b-6201-44a3-8106-4f7f7425fe74,Neeti Nayak / Urmi Kothari,Neeti Nayak / Urmi Kothari,2-8,2-8,1.0,Loss,2.0,True,True,True
440d6fb3-4d19-493d-b576-05ac6ddfb9c0,516fd38b-6201-44a3-8106-4f7f7425fe74,Neeti Nayak / Urmi Kothari,Neeti Nayak / Urmi Kothari,6-8,6-8,1.0,Loss,2.0,True,True,True
16f039f2-99dc-4a87-9f5a-16a15cc3850f,523ad7a9-7183-4c35-ab10-58045485d4bb,Pratik Bhatia / Kaustubh Thakur,Anshul Gosavi / Ronak Talati,8-1,1-8,2.0,Win,2.0,False,True,True
2204f2d8-942c-484e-b7f0-65fecab6957a,523ad7a9-7183-4c35-ab10-58045485d4bb,Pratik Bhatia / Kaustubh Thakur,Pratik Bhatia / Kaustubh Thakur,8-3,8-3,1.0,Win,1.0,True,True,True
0b0f0ff8-9304-459a-998d-5c0ce28e2227,523ad7a9-7183-4c35-ab10-58045485d4bb,Pratik Bhatia / Kaustubh Thakur,Vansh Bhagtani / Yash Nagdev,9-8,8-9,2.0,Win,2.0,False,True,True
5e3b1bb4-d557-47c5-93eb-4f454d414336,523ad7a9-7183-4c35-ab10-58045485d4bb,Pratik Bhatia / Kaustubh Thakur,Siddharth Kadam / Ishan Jindal,"6-3, 6-4","3-6, 4-6",2.0,Win,2.0,False,True,True
f68b8040-7822-4f7c-9477-c20c0588a55b,523ad7a9-7183-4c35-ab10-58045485d4bb,Pratik Bhatia / Kaustubh Thakur,Pratik Bhatia / Kaustubh Thakur,"0-6, 3-6","0-6, 3-6",1.0,Loss,2.0,True,True,True
ad55fa45-bd82-41fa-902e-071b3b821657,531b4b75-e3cf-439f-a0fb-5e83867deff8,Aryan Hemdev / Samar Malhotra,Aryan Hemdev / Samar Malhotra,8-0,8-0,1.0,Win,1.0,True,True,True
9e2d4aad-4632-4ac8-87eb-16ef4a6a06a4,531b4b75-e3cf-439f-a0fb-5e83867deff8,Aryan Hemdev / Samar Malhotra,Aryan Hemdev / Samar Malhotra,8-7,8-7,1.0,Win,1.0,True,True,True
9c459e44-b2ba-4b3b-b57b-b1d4ce8ab7c5,531b4b75-e3cf-439f-a0fb-5e83867deff8,Aryan Hemdev / Samar Malhotra,Aryan Hemdev / Samar Malhotra,8-5,8-5,1.0,Win,1.0,True,True,True
31bff183-822e-4835-a19b-6500b9c61184,531b4b75-e3cf-439f-a0fb-5e83867deff8,Aryan Hemdev / Samar Malhotra,Aryan Hemdev / Samar Malhotra,9-5,9-5,1.0,Win,1.0,True,True,True
d877e631-33ef-4a50-bb5c-c01be47e1484,531b4b75-e3cf-439f-a0fb-5e83867deff8,Aryan Hemdev / Samar Malhotra,Aryan Hemdev / Samar Malhotra,"6-4, 7-5","6-4, 7-5",1.0,Win,1.0,True,True,True
f5ba6f18-0b2c-41fa-bc27-af94a37b5767,531b4b75-e3cf-439f-a0fb-5e83867deff8,Aryan Hemdev / Samar Malhotra,Aditya Jagtap / Krishiv Patel,"6-3, 5-7, 1-6","3-6, 7-5, 6-1",2.0,Loss,1.0,False,True,True
dbf72f6c-06c3-4dcf-903f-a5ee6edc1a68,552316ca-e9d1-4efc-a4a6-c8cfec01f68d,Navroze Marshall / Subal Anand,Vijay Chhabria / Sidraj Shah,5-8,8-5,2.0,Loss,1.0,False,True,True
ad502ae1-3666-479b-ae46-7681fbbf7db8,552316ca-e9d1-4efc-a4a6-c8cfec01f68d,Navroze Marshall / Subal Anand,Navroze Marshall / Subal Anand,8-3,8-3,1.0,Win,1.0,True,True,True
64304167-b11b-4d01-a5ec-77a50b0443c1,553e7592-683c-4750-be8f-57098fc7d7bd,Anmol Malhotra / Yugantar Malhotra,Rhea Mathews / Joel Duarte,8-0,0-8,2.0,Win,2.0,False,True,True
39eb1f5f-d217-49a6-8600-469f9433a67b,553e7592-683c-4750-be8f-57098fc7d7bd,Tammana Kalra / Anmol Malhotra,Tammana Kalra / Anmol Malhotra,4-8,4-8,1.0,Loss,2.0,True,True,True
ce9d269c-94d1-4289-8f67-048b314e262b,553e7592-683c-4750-be8f-57098fc7d7bd,Tammana Kalra / Anmol Malhotra,Tammana Kalra / Anmol Malhotra,3-8,3-8,1.0,Loss,2.0,True,True,True
62273f9a-eb12-419b-a3e8-15432b3519a9,553e7592-683c-4750-be8f-57098fc7d7bd,Tammana Kalra / Anmol Malhotra,Mansi Malhotra / Rubani Sidhu,8-7,7-8,2.0,Win,2.0,False,True,True
31b24d18-4f8b-40f0-bed3-bd1e20eb7035,553e7592-683c-4750-be8f-57098fc7d7bd,Anmol Malhotra / Yugantar Malhotra,Namita Bal / Aditya Jagtap,0-8,8-0,2.0,Loss,1.0,False,True,True
1ce84c70-9176-4515-af2d-606ae86b0148,553e7592-683c-4750-be8f-57098fc7d7bd,Anmol Malhotra / Yugantar Malhotra,Tulsi Mehta / Samar Malhotra,2-9,9-2,2.0,Loss,1.0,False,True,True
f2dc0bce-d751-4d49-80f8-3e0e2d85cf26,557faef2-dc4d-4dc3-bee0-5516fc58358f,Priyesh Desai / Ryan Tham,Pratik Doshi / Harsh Parekh,6-8,8-6,2.0,Loss,1.0,False,True,True
2c84a691-0c5c-4b3c-ad57-7a88a7449a77,557faef2-dc4d-4dc3-bee0-5516fc58358f,Priyesh Desai / Ryan Tham,Atul Gupta / Ankit Doshi,2-8,8-2,2.0,Loss,1.0,False,True,True
353b85e8-c69c-4b37-90cb-7cf4cdfbc244,5602dbe5-4321-43e1-8b1c-e558a9fed127,Sandip Sabharwal / Saurabh Vijewargia,Sandip Sabharwal / Saurabh Vijewargia,8-5,8-5,1.0,Win,1.0,True,True,True
d7903731-3e77-4474-8c8c-2585961c5dfb,5602dbe5-4321-43e1-8b1c-e558a9fed127,Sandip Sabharwal / Saurabh Vijewargia,Sandip Sabharwal / Saurabh Vijewargia,2-8,2-8,1.0,Loss,2.0,True,True,True
2187aa27-a0b8-47b4-96b6-b7bfda6acfed,5602dbe5-4321-43e1-8b1c-e558a9fed127,Sandip Sabharwal / Saurabh Vijewargia,Vijay Chhabria / Rupen Jhaveri,1-8,8-1,2.0,Loss,1.0,False,True,True
2dccb055-2f9f-47fd-be73-f6ee2be6591d,56d2d7ff-1ad3-488b-9496-772430716c16,Bhavik Talreja / Rohan Maniar,Bhavik Talreja / Rohan Maniar,8-7,8-7,1.0,Win,1.0,True,True,True
7bf8d2f0-af3b-425b-a013-b82dace10520,56d2d7ff-1ad3-488b-9496-772430716c16,Bhavik Talreja / Rohan Maniar,Bhavik Talreja / Rohan Maniar,8-6,8-6,1.0,Win,1.0,True,True,True
f2639af2-86a7-40be-8273-584a812de6bc,56d2d7ff-1ad3-488b-9496-772430716c16,Bhavik Talreja / Rohan Maniar,Bhavik Talreja / Rohan Maniar,8-0,8-0,1.0,Win,1.0,True,True,True
58dcf08c-5b45-4b6a-a92d-029fb3c43e95,56d2d7ff-1ad3-488b-9496-772430716c16,Bhavik Talreja / Rohan Maniar,Shaan Javeri / Arjun Malhotra,9-5,5-9,2.0,Win,2.0,False,True,True
0b3a26c9-0524-46de-a2c1-06861a10f03d,56d2d7ff-1ad3-488b-9496-772430716c16,Bhavik Talreja / Rohan Maniar,Abhishek Yadev / Priyank Makwana,"2-6, 0-6","6-2, 6-0",2.0,Loss,1.0,False,True,True
fc284433-4413-4c91-8a64-9da568fa3c86,57930f5b-8782-4de1-b779-d757f0540e52,Shaan Javeri / Arjun Malhotra,Sahil Sharma / Umesh Padwal,8-1,1-8,2.0,Win,2.0,False,True,True
bb1c1ff3-019c-41f5-abe3-2fddb157090e,57930f5b-8782-4de1-b779-d757f0540e52,Shaan Javeri / Arjun Malhotra,Shaan Javeri / Arjun Malhotra,1-8,1-8,1.0,Loss,2.0,True,True,True
322bc724-5ff4-41be-9829-44c36fa287ab,57930f5b-8782-4de1-b779-d757f0540e52,Shaan Javeri / Arjun Malhotra,Shaan Javeri / Arjun Malhotra,8-7,8-7,1.0,Win,1.0,True,True,True
58dcf08c-5b45-4b6a-a92d-029fb3c43e95,57930f5b-8782-4de1-b779-d757f0540e52,Shaan Javeri / Arjun Malhotra,Shaan Javeri / Arjun Malhotra,5-9,5-9,1.0,Loss,2.0,True,True,True
b2a52d91-deff-4c8e-b442-b5793d94b3f0,57a2141d-40d8-46f5-80e4-11670644aaca,Sachin Thomas / Parthiv Anilkumar,George Pottamkulam / Amit Krishnan,5-8,8-5,2.0,Loss,1.0,False,True,True
768f0678-f72f-4419-b398-45282170de3e,57a2141d-40d8-46f5-80e4-11670644aaca,Sachin Thomas / Parthiv Anilkumar,Bijon Kanabar / Pranay Shetty,8-7,7-8,2.0,Win,2.0,False,True,True
44d82976-d394-4251-b84c-fb77b879d987,57a2141d-40d8-46f5-80e4-11670644aaca,Sachin Thomas / Parthiv Anilkumar,Arjun Raju / Ganesh Raj,5-9,9-5,2.0,Loss,1.0,False,True,True
d6ec3e20-23c0-4d1a-a718-e7875e260b24,5854e023-8f2c-4811-82ed-0e54efaf63ec,Rahul Motwani / Ishaan Choubal,Rahul Motwani / Ishaan Choubal,8-2,8-2,1.0,Win,1.0,True,True,True
65d6d075-f892-4b47-b01b-54582f53f795,5854e023-8f2c-4811-82ed-0e54efaf63ec,Rahul Motwani / Ishaan Choubal,Rahul Motwani / Ishaan Choubal,9-3,9-3,1.0,Win,1.0,True,True,True
d877e631-33ef-4a50-bb5c-c01be47e1484,5854e023-8f2c-4811-82ed-0e54efaf63ec,Rahul Motwani / Ishaan Choubal,Aryan Hemdev / Samar Malhotra,"4-6, 5-7","6-4, 7-5",2.0,Loss,1.0,False,True,True
5351a31b-a369-4cee-a079-af028e83d787,5864aa85-bcf0-49c8-b62e-15c7d244e576,Tanay Mehta / Jehan Mehta,Mihir Akolkar / Saish Shelkar,8-3,3-8,2.0,Win,2.0,False,True,True
d39726c0-f0ae-480c-a453-8de3b8cc55ae,5864aa85-bcf0-49c8-b62e-15c7d244e576,Tanay Mehta / Jehan Mehta,Manav Sreekumar / Omar Sumar,8-6,6-8,2.0,Win,2.0,False,True,True
21531498-a30e-4829-8692-652b9a4bb49f,5864aa85-bcf0-49c8-b62e-15c7d244e576,Tanay Mehta / Jehan Mehta,Aryan Hemdev / Porus Shroff,3-8,8-3,2.0,Loss,1.0,False,True,True
285971da-8e91-4f9c-8415-28fb85c611ef,5864aa85-bcf0-49c8-b62e-15c7d244e576,Tanay Mehta / Jehan Mehta,Chaitanya Shah / Aditya Jagtap,3-9,9-3,2.0,Loss,1.0,False,True,True
fe183e6f-53b5-46ce-bfa3-cff7e4fe7f15,58e20dcc-ea00-430a-b0bb-ca3e7f99ec7d,Habib Latif / Salman Damani,Nandish Shah / Farhan Patrawala,0-8,8-0,2.0,Loss,1.0,False,True,True
8b6dcfa9-56c3-4dd3-9316-a7e32e515cb8,58e20dcc-ea00-430a-b0bb-ca3e7f99ec7d,Habib Latif / Salman Damani,Habib Latif / Salman Damani,8-7,8-7,1.0,Win,1.0,True,True,True
1b747b02-55a5-4572-b3ad-f7ef5dae98e2,591d607a-18da-4552-a761-0a66271a2718,Shireen Mahajan / Sukhmani Grewal,Shireen Mahajan / Sukhmani Grewal,8-3,8-3,1.0,Win,1.0,True,True,True
946ee148-054e-4f74-a58a-1626ba3218aa,591d607a-18da-4552-a761-0a66271a2718,Shireen Mahajan / Sukhmani Grewal,Ritika Choudhary / Nupur Gupta,8-3,3-8,2.0,Win,2.0,False,True,True
ac56fbd7-2fb9-4c1e-836c-d48b127f77ef,591d607a-18da-4552-a761-0a66271a2718,Shireen Mahajan / Sukhmani Grewal,Shireen Mahajan / Sukhmani Grewal,9-2,9-2,1.0,Win,1.0,True,True,True
ecef1827-acee-44ab-9da2-7d8b3599c14f,591d607a-18da-4552-a761-0a66271a2718,Shireen Mahajan / Sukhmani Grewal,Shireen Mahajan / Sukhmani Grewal,"0-6, 3-6","0-6, 3-6",1.0,Loss,2.0,True,True,True
46f5dbe8-469f-410a-b690-471befb2cb36,5938a1b7-dfbe-4c9a-8eb1-4debd778d000,Ishan Maitreya / Anuj Vaghani,Ahmed Merchant / Abdul Rehman,8-0,0-8,2.0,Win,2.0,False,True,True
3b0e4c13-c133-41ac-9ae8-c2f9b1436b72,5938a1b7-dfbe-4c9a-8eb1-4debd778d000,Ishan Maitreya / Anuj Vaghani,Nandish Shah / Farhan Patrawala,3-9,9-3,2.0,Loss,1.0,False,True,True
cfad9065-e732-4e0a-8e37-02317b378de5,5938a1b7-dfbe-4c9a-8eb1-4debd778d000,Ishan Maitreya / Anuj Vaghani,Ishan Maitreya / Anuj Vaghani,8-6,8-6,1.0,Win,1.0,True,True,True
3cbf936c-df75-4d85-8701-3f39fa15c76c,5938a1b7-dfbe-4c9a-8eb1-4debd778d000,Ishan Maitreya / Anuj Vaghani,Ishan Maitreya / Anuj Vaghani,8-3,8-3,1.0,Win,1.0,True,True,True
1320c2f9-d0a4-4412-8894-28a7ec4c67a0,5938a1b7-dfbe-4c9a-8eb1-4debd778d000,Ishan Maitreya / Anuj Vaghani,Raghav Bansal / Karan Bansal,8-2,2-8,2.0,Win,2.0,False,True,True
55771c84-b310-4a48-88cb-c76eb6c352e1,5938a1b7-dfbe-4c9a-8eb1-4debd778d000,Ishan Maitreya / Anuj Vaghani,Ishan Maitreya / Anuj Vaghani,8-9,8-9,1.0,Loss,2.0,True,True,True
afa5a3b0-cfa6-4fc4-aa63-c3bb73222ef4,5b3d8985-ba2b-4840-96cb-df23c6bd1347,Aditya Jagtap / Krishiv Patel,Aditya Jagtap / Krishiv Patel,8-4,8-4,1.0,Win,1.0,True,True,True
d3825740-4837-47de-8680-2a1c300e35da,5b3d8985-ba2b-4840-96cb-df23c6bd1347,Aditya Jagtap / Krishiv Patel,Aditya Jagtap / Krishiv Patel,8-4,8-4,1.0,Win,1.0,True,True,True
d68d7f08-5edc-4b68-b5f2-ff9c3c17d0c1,5b3d8985-ba2b-4840-96cb-df23c6bd1347,Aditya Jagtap / Krishiv Patel,Aditya Jagtap / Krishiv Patel,8-1,8-1,1.0,Win,1.0,True,True,True
da789459-5359-4362-8f95-5401c118bd17,5b3d8985-ba2b-4840-96cb-df23c6bd1347,Aditya Jagtap / Krishiv Patel,Aditya Jagtap / Krishiv Patel,9-1,9-1,1.0,Win,1.0,True,True,True
3299e9e4-93f1-44c7-bc08-760b8d5152f2,5b3d8985-ba2b-4840-96cb-df23c6bd1347,Aditya Jagtap / Krishiv Patel,Aditya Jagtap / Krishiv Patel,"6-3, 6-2","6-3, 6-2",1.0,Win,1.0,True,True,True
1a2d6c10-9644-4f62-922d-8721a74b8fcc,5b3d8985-ba2b-4840-96cb-df23c6bd1347,Aditya Jagtap / Krishiv Patel,Aditya Jagtap / Krishiv Patel,"1-6, 4-6","1-6, 4-6",1.0,Loss,2.0,True,True,True
a9f98e2b-6049-4bda-9e40-6dc483a57e94,5b4e9c11-4974-4fcc-bd97-31bf8e12050d,Eshant Uppal / Sheriar Mazda,Tanveer Singh / Gandharv Bajaj,1-8,8-1,2.0,Loss,1.0,False,True,True
33f2aa08-01bc-4f86-9db2-4ee5b28d1e69,5b4e9c11-4974-4fcc-bd97-31bf8e12050d,Eshant Uppal / Sheriar Mazda,Suhail Kapur / Parth Bhatia,8-4,4-8,2.0,Win,2.0,False,True,True
dbe39b7f-95c4-4779-9068-e4f6c7aecdb7,5b4e9c11-4974-4fcc-bd97-31bf8e12050d,Eshant Uppal / Sheriar Mazda,Prateek Gambhir / Yugantar Malhotra,8-4,4-8,2.0,Win,2.0,False,True,True
6539ee95-bca8-4746-9a52-7ada24c658c2,5b4e9c11-4974-4fcc-bd97-31bf8e12050d,Eshant Uppal / Sheriar Mazda,Eshant Uppal / Sheriar Mazda,9-5,9-5,1.0,Win,1.0,True,True,True
29d731ef-362a-4e9c-94bb-ef1af289196e,5b4e9c11-4974-4fcc-bd97-31bf8e12050d,Eshant Uppal / Sheriar Mazda,Tammineedi Jayanth / Vineeth Mutyala,3-9,9-3,2.0,Loss,1.0,False,True,True
1401801d-5bbd-4a8a-9f4c-d90624375b92,5b6730d4-a1a1-4cd3-97ec-3423545be5cd,Kaiz Jaffer / Varun Dattani,Kaiz Jaffer / Varun Dattani,8-4,8-4,1.0,Win,1.0,True,True,True
31fe4ab9-5cc5-43c3-b16e-9d20d33e0189,5b6730d4-a1a1-4cd3-97ec-3423545be5cd,Kaiz Jaffer / Varun Dattani,Kaiz Jaffer / Varun Dattani,8-1,8-1,1.0,Win,1.0,True,True,True
2addffdf-5d74-4410-9c15-b6d1172cdcaa,5b6730d4-a1a1-4cd3-97ec-3423545be5cd,Kaiz Jaffer / Varun Dattani,Kaiz Jaffer / Varun Dattani,9-5,9-5,1.0,Win,1.0,True,True,True
1f6af0cd-da17-4f06-a093-2fe76f607814,5b6730d4-a1a1-4cd3-97ec-3423545be5cd,Kaiz Jaffer / Varun Dattani,Kaiz Jaffer / Varun Dattani,2-9,2-9,1.0,Loss,2.0,True,True,True
440d6fb3-4d19-493d-b576-05ac6ddfb9c0,5b68e925-0f23-4eb8-9dc9-c3f13a8a8813,Rebecca Puthumana / Deepthi J S,Neeti Nayak / Urmi Kothari,8-6,6-8,2.0,Win,2.0,False,True,True
f1f1b62c-83a5-4e7c-9faf-d351a20466c0,5b68e925-0f23-4eb8-9dc9-c3f13a8a8813,Rebecca Puthumana / Deepthi J S,Sareeka John / Shubha Abhilash,8-1,1-8,2.0,Win,2.0,False,True,True
b953b67f-570f-4f9d-978e-18521f0044c0,5b68e925-0f23-4eb8-9dc9-c3f13a8a8813,Rebecca Puthumana / Deepthi J S,Rebecca Puthumana / Deepthi J S,"6-4, 6-4","6-4, 6-4",1.0,Win,1.0,True,True,True
481151fa-59c3-4824-9aa7-23bab7683f25,5be919fd-b59b-45a5-b31e-8d1f8f20188b,Ashwati Ramesh / Karan Mehrotra,Amaya Kothari / Parth Bhatia,4-8,8-4,2.0,Loss,1.0,False,True,True
2a4e077c-805c-48eb-8cc2-501e6fef52d2,5be919fd-b59b-45a5-b31e-8d1f8f20188b,Ashwati Ramesh / Karan Mehrotra,Tulsi Mehta / Samar Malhotra,0-8,8-0,2.0,Loss,1.0,False,True,True
f574dec2-a8cc-43d9-a7fc-3487dbb6df1e,5be919fd-b59b-45a5-b31e-8d1f8f20188b,Ashwati Ramesh / Karan Mehrotra,Sonashe Bhatnagar / Siddharth Satheesan,1-8,8-1,2.0,Loss,1.0,False,True,True
39dc5c91-0e03-452c-b287-aab5d44db646,5d868212-b694-4b7c-9e87-8bbcdff3a37e,Vishal Thomas / Terence Thomas,Shaan Shah / Sandip Sabharwal,2-8,8-2,2.0,Loss,1.0,False,True,True
99234a0e-d119-48ca-b8ce-baef8ac9e992,5d868212-b694-4b7c-9e87-8bbcdff3a37e,Vishal Thomas / Terence Thomas,Vishal Thomas / Terence Thomas,8-1,8-1,1.0,Win,1.0,True,True,True
46bb7719-eca4-43d3-8f5a-37b123df3eba,5d868212-b694-4b7c-9e87-8bbcdff3a37e,Vishal Thomas / Terence Thomas,Vishal Thomas / Terence Thomas,8-1,8-1,1.0,Win,1.0,True,True,True
3c072869-7aae-4ffb-b978-daa51d12f024,5d868212-b694-4b7c-9e87-8bbcdff3a37e,Vishal Thomas / Terence Thomas,Arvind Sriram / Ananth Menon,1-9,9-1,2.0,Loss,1.0,False,True,True
c7edbd2f-c4a5-4c2a-95c6-b2ecfc53c079,5dd2f0f1-9e37-4f1b-9ed6-726f108ea1ea,Rayaprolu Sagar / Gopi Reddy,Sahil Dhingra / Maurya Nagpal,7-8,8-7,2.0,Loss,1.0,False,True,True
0ce933b4-45a7-4579-ac15-f72d346136db,5dd2f0f1-9e37-4f1b-9ed6-726f108ea1ea,Rayaprolu Sagar / Gopi Reddy,Gautam Kaushal / Aman Goyal,0-8,8-0,2.0,Loss,1.0,False,True,True
cbc51c60-d05b-41de-b054-b3e10710bcb1,5dd2f0f1-9e37-4f1b-9ed6-726f108ea1ea,Rayaprolu Sagar / Gopi Reddy,Vijay Aakash Nemakal / Shashank Tiwari,3-8,8-3,2.0,Loss,1.0,False,True,True
ad55fa45-bd82-41fa-902e-071b3b821657,5df49a33-22cb-4ac4-b03a-a075acfb5390,Ashish Khemlani / Arjun Gupta,Aryan Hemdev / Samar Malhotra,0-8,8-0,2.0,Loss,1.0,False,True,True
227b049a-4ea1-485d-9cbc-8d701e5027cb,5df49a33-22cb-4ac4-b03a-a075acfb5390,Ashish Khemlani / Arjun Gupta,Swaraj Deshmukh / Kaivalya Kalamse,1-8,8-1,2.0,Loss,1.0,False,True,True
76189941-f243-4a65-bbec-27c65975cf79,5df49a33-22cb-4ac4-b03a-a075acfb5390,Ashish Khemlani / Arjun Gupta,Krishna Teja Ankam / Gundlapalle Yaswanth Reddy,2-8,8-2,2.0,Loss,1.0,False,True,True
023505dd-5ab8-4e65-aba0-0592dafb0edc,5e02eee8-3dff-4b01-a9b2-62b430787c78,Lokesh Chhabra / Vaibhav Malik,Lokesh Chhabra / Vaibhav Malik,8-3,8-3,1.0,Win,1.0,True,True,True
6dfe2560-c197-4734-b1e3-19cf36b5f2c7,5e02eee8-3dff-4b01-a9b2-62b430787c78,Lokesh Chhabra / Vaibhav Malik,Lokesh Chhabra / Vaibhav Malik,5-8,5-8,1.0,Loss,2.0,True,True,True
d67ecd0d-5e2b-4463-86e2-dca1ea40b632,5e02eee8-3dff-4b01-a9b2-62b430787c78,Lokesh Chhabra / Vaibhav Malik,Suvir Singh / Teyjas Chaudhary,4-8,8-4,2.0,Loss,1.0,False,True,True
656cb675-5f02-48d3-89d1-061ca3267657,5e22ce04-3d81-4d0a-ae6b-7fba4bcea448,John Paul / Falib Jaleel,John Paul / Falib Jaleel,8-4,8-4,1.0,Win,1.0,True,True,True
b6294123-9662-414d-8695-a657ae6acb81,5e22ce04-3d81-4d0a-ae6b-7fba4bcea448,John Paul / Falib Jaleel,John Paul / Falib Jaleel,8-7,8-7,1.0,Win,1.0,True,True,True
2c1ab141-7979-4275-ad06-201854da2605,5e22ce04-3d81-4d0a-ae6b-7fba4bcea448,John Paul / Falib Jaleel,John Paul / Falib Jaleel,9-5,9-5,1.0,Win,1.0,True,True,True
8e547df4-6004-44c1-a0f1-8b2610bef116,5e22ce04-3d81-4d0a-ae6b-7fba4bcea448,John Paul / Falib Jaleel,Pranav Erinjery / Aldrith Fernandez,7-9,9-7,2.0,Loss,1.0,False,True,True
e6593a0f-4b44-4602-a50e-83b0bcd9c179,5e45411e-b0ef-4bea-b23f-c9a559a727dc,Anandita Parekh / Trishina Kirpalani,Vera desai / Tanushri Biyani,1-8,8-1,2.0,Loss,1.0,False,True,True
c58191c9-4ccc-4eaa-9d22-98d48e4460fa,5e45411e-b0ef-4bea-b23f-c9a559a727dc,Anandita Parekh / Trishina Kirpalani,Leesha Shah / Diu Somani,5-8,8-5,2.0,Loss,1.0,False,True,True
65347441-d253-4712-a50c-41e936e8df4e,5ecfdc1f-7bc4-4015-8d74-cd6d823ba635,Ishna Byramjee / Aditi Dugar,Roshni Dadachanji / Shahnaz Dubash,1-8,8-1,2.0,Loss,1.0,False,True,True
369ae7fe-8062-4032-b136-8b5425050c64,5ecfdc1f-7bc4-4015-8d74-cd6d823ba635,Ishna Byramjee / Aditi Dugar,Pooja Kharat / Diya Chopra,1-8,8-1,2.0,Loss,1.0,False,True,True
42b78c2a-26fc-43dd-819e-7768138e6a17,5efe3810-7452-45ba-9911-ef58eb490a3f,Chaitanya Shah / Aditya Jagtap,Chaitanya Shah / Aditya Jagtap,8-0,8-0,1.0,Win,1.0,True,True,True
44aab662-0045-4736-86f9-268d9e58ebac,5efe3810-7452-45ba-9911-ef58eb490a3f,Chaitanya Shah / Aditya Jagtap,Chaitanya Shah / Aditya Jagtap,8-3,8-3,1.0,Win,1.0,True,True,True
da940779-d6ac-40ca-aac0-b26f38ff8b42,5efe3810-7452-45ba-9911-ef58eb490a3f,Chaitanya Shah / Aditya Jagtap,Chaitanya Shah / Aditya Jagtap,8-3,8-3,1.0,Win,1.0,True,True,True
285971da-8e91-4f9c-8415-28fb85c611ef,5efe3810-7452-45ba-9911-ef58eb490a3f,Chaitanya Shah / Aditya Jagtap,Chaitanya Shah / Aditya Jagtap,9-3,9-3,1.0,Win,1.0,True,True,True
ed8e0387-173c-4e5b-8f98-af151fa97562,5efe3810-7452-45ba-9911-ef58eb490a3f,Chaitanya Shah / Aditya Jagtap,Chaitanya Shah / Aditya Jagtap,"6-7, 6-2, 6-7","6-7(5-7), 6-2, 6-7(10-12)",1.0,Loss,2.0,True,True,True
16f039f2-99dc-4a87-9f5a-16a15cc3850f,5fb018f5-d23c-474c-9d85-c7acd4b03f0f,Anshul Gosavi / Ronak Talati,Anshul Gosavi / Ronak Talati,1-8,1-8,1.0,Loss,2.0,True,True,True
c61e7e51-74f2-4cd7-b2ff-ca098491f1f8,5fb018f5-d23c-474c-9d85-c7acd4b03f0f,Anshul Gosavi / Ronak Talati,Anshul Gosavi / Ronak Talati,1-8,1-8,1.0,Loss,2.0,True,True,True
656cb675-5f02-48d3-89d1-061ca3267657,5ff0e80a-e07e-4469-a2a2-01d6a9c3f00b,John Paul / Falib Jaleel,John Paul / Falib Jaleel,8-4,8-4,1.0,Win,1.0,True,True,True
b6294123-9662-414d-8695-a657ae6acb81,5ff0e80a-e07e-4469-a2a2-01d6a9c3f00b,John Paul / Falib Jaleel,John Paul / Falib Jaleel,8-7,8-7,1.0,Win,1.0,True,True,True
2c1ab141-7979-4275-ad06-201854da2605,5ff0e80a-e07e-4469-a2a2-01d6a9c3f00b,John Paul / Falib Jaleel,John Paul / Falib Jaleel,9-5,9-5,1.0,Win,1.0,True,True,True
8e547df4-6004-44c1-a0f1-8b2610bef116,5ff0e80a-e07e-4469-a2a2-01d6a9c3f00b,John Paul / Falib Jaleel,Pranav Erinjery / Aldrith Fernandez,7-9,9-7,2.0,Loss,1.0,False,True,True
a8b4a721-7ff6-40b9-a525-4a0ef34d4862,6023f7fb-b00d-4093-ab62-cc6d12726cce,Virel Agarwal / Yugant Gupta,Siddharth Kadam / Ishan Jindal,3-8,8-3,2.0,Loss,1.0,False,True,True
7736a7b1-f073-4d05-a8f5-995acea2b91a,6023f7fb-b00d-4093-ab62-cc6d12726cce,Virel Agarwal / Yugant Gupta,Rahul Parkash / Ishaan Choksi,5-8,8-5,2.0,Loss,1.0,False,True,True
a98f84ae-51c7-4d1d-9e17-54713b9205d3,60389725-28d6-400f-82ff-ab2e9382e011,Premal Javeri / Harshvardhan Sharma,Premal Javeri / Harshvardhan Sharma,8-0,8-0,1.0,Win,1.0,True,True,True
c9389643-dac4-4ae9-8dbb-5e89ec688736,60389725-28d6-400f-82ff-ab2e9382e011,Premal Javeri / Harshvardhan Sharma,Raj Prajapati / Ashwin Saksena,8-0,0-8,2.0,Win,2.0,False,True,True
95ff666f-ce1b-40f6-88d4-29553a62bf12,60389725-28d6-400f-82ff-ab2e9382e011,Premal Javeri / Harshvardhan Sharma,Aditya Maheshwari / Akshay Jalan,1-8,8-1,2.0,Loss,1.0,False,True,True
0b4d90d9-4ced-49bb-baad-195df103ee22,60389725-28d6-400f-82ff-ab2e9382e011,Premal Javeri / Harshvardhan Sharma,Prabhas Sharma / Shashin Shah,8-1,1-8,2.0,Win,2.0,False,True,True
3de0a482-c380-4b3c-b640-ba433f6051a1,60389725-28d6-400f-82ff-ab2e9382e011,Premal Javeri / Harshvardhan Sharma,Vijay Chhabria / Rupen Jhaveri,"0-6, 1-6","6-0, 6-1",2.0,Loss,1.0,False,True,True
56df6914-2828-444d-9ed7-c82cee9ebb76,604edc4e-0143-476a-aec6-c89b715f6949,Naesar Jewoor / Siddharth Dabrai,Naesar Jewoor / Siddharth Dabrai,4-8,4-8,1.0,Loss,2.0,True,True,True
a84fe58e-7e4b-46b3-979f-6da63d791323,604edc4e-0143-476a-aec6-c89b715f6949,Naesar Jewoor / Siddharth Dabrai,Naesar Jewoor / Siddharth Dabrai,8-6,8-6,1.0,Win,1.0,True,True,True
d68d7f08-5edc-4b68-b5f2-ff9c3c17d0c1,604edc4e-0143-476a-aec6-c89b715f6949,Naesar Jewoor / Siddharth Dabrai,Aditya Jagtap / Krishiv Patel,1-8,8-1,2.0,Loss,1.0,False,True,True
b88c3c6e-dd47-4a18-80bd-cb4507f88641,61d2b099-ebaa-47de-8a92-2a080317a0a7,Siddharth Kadam / Ishan Jindal,Siddharth Kadam / Ishan Jindal,8-6,8-6,1.0,Win,1.0,True,True,True
a8b4a721-7ff6-40b9-a525-4a0ef34d4862,61d2b099-ebaa-47de-8a92-2a080317a0a7,Siddharth Kadam / Ishan Jindal,Siddharth Kadam / Ishan Jindal,8-3,8-3,1.0,Win,1.0,True,True,True
59e6f032-1ac8-4ef7-8d4d-de658e4c23f7,61d2b099-ebaa-47de-8a92-2a080317a0a7,Siddharth Kadam / Ishan Jindal,Neville Wadia / Kabir Anand,9-3,3-9,2.0,Win,2.0,False,True,True
5e3b1bb4-d557-47c5-93eb-4f454d414336,61d2b099-ebaa-47de-8a92-2a080317a0a7,Siddharth Kadam / Ishan Jindal,Siddharth Kadam / Ishan Jindal,"3-6, 4-6","3-6, 4-6",1.0,Loss,2.0,True,True,True
a5352c91-8068-42c9-822b-acb4e699195b,628c5ffa-e7aa-4c81-99eb-542a07475659,Kriish Sakhuja / Jai Sakhuja,Arjun Batra / Jashan Singh Arora,1-8,8-1,2.0,Loss,1.0,False,True,True
763ce122-e1fb-4195-a994-705c181d19c8,628c5ffa-e7aa-4c81-99eb-542a07475659,Kriish Sakhuja / Jai Sakhuja,Shaan Shah / Kushe Bahl,1-8,8-1,2.0,Loss,1.0,False,True,True
f2639af2-86a7-40be-8273-584a812de6bc,628c5ffa-e7aa-4c81-99eb-542a07475659,Kriish Sakhuja / Jai Sakhuja,Bhavik Talreja / Rohan Maniar,0-8,8-0,2.0,Loss,1.0,False,True,True
3dd059a8-f720-41be-8c50-443c04b2cfb1,63668ef8-aaa9-4524-9827-c84f3f2d757e,Abhishek Yadev / Priyank Makwana,Rahil Patel / Rajveer Patel,8-2,2-8,2.0,Win,2.0,False,True,True
bab4ca70-885d-4b25-b83e-eef8c510f7e1,63668ef8-aaa9-4524-9827-c84f3f2d757e,Abhishek Yadev / Priyank Makwana,Abhishek Yadev / Priyank Makwana,5-8,5-8,1.0,Loss,2.0,True,True,True
e9697426-935e-4b70-b244-4d37774fc75c,63668ef8-aaa9-4524-9827-c84f3f2d757e,Abhishek Yadev / Priyank Makwana,Abhishek Yadev / Priyank Makwana,8-1,8-1,1.0,Win,1.0,True,True,True
3f1cf144-11ae-44d3-bdd4-89aa1d163ebf,63668ef8-aaa9-4524-9827-c84f3f2d757e,Abhishek Yadev / Priyank Makwana,Burhan Contractor / Advaith Anoop,9-7,7-9,2.0,Win,2.0,False,True,True
0b3a26c9-0524-46de-a2c1-06861a10f03d,63668ef8-aaa9-4524-9827-c84f3f2d757e,Abhishek Yadev / Priyank Makwana,Abhishek Yadev / Priyank Makwana,"6-2, 6-0","6-2, 6-0",1.0,Win,1.0,True,True,True
9ba05bf2-805b-4002-a8b5-693821aa9173,63668ef8-aaa9-4524-9827-c84f3f2d757e,Abhishek Yadev / Priyank Makwana,Abhishek Yadev / Priyank Makwana,"2-6, 4-6","2-6, 4-6",1.0,Loss,2.0,True,True,True
481151fa-59c3-4824-9aa7-23bab7683f25,65b6eb21-de8a-4528-8567-d6834dcfb20b,Ashwati Ramesh / Karan Mehrotra,Amaya Kothari / Parth Bhatia,4-8,8-4,2.0,Loss,1.0,False,True,True
2a4e077c-805c-48eb-8cc2-501e6fef52d2,65b6eb21-de8a-4528-8567-d6834dcfb20b,Ashwati Ramesh / Karan Mehrotra,Tulsi Mehta / Samar Malhotra,0-8,8-0,2.0,Loss,1.0,False,True,True
f574dec2-a8cc-43d9-a7fc-3487dbb6df1e,65b6eb21-de8a-4528-8567-d6834dcfb20b,Ashwati Ramesh / Karan Mehrotra,Sonashe Bhatnagar / Siddharth Satheesan,1-8,8-1,2.0,Loss,1.0,False,True,True
353b85e8-c69c-4b37-90cb-7cf4cdfbc244,65b6eb21-de8a-4528-8567-d6834dcfb20b,Karan Mehrotra / James Darbar,Sandip Sabharwal / Saurabh Vijewargia,5-8,8-5,2.0,Loss,1.0,False,True,True
615dd833-6f0e-4af4-9c93-f1f8a261749d,65b6eb21-de8a-4528-8567-d6834dcfb20b,Karan Mehrotra / James Darbar,Vijay Chhabria / Rupen Jhaveri,0-8,8-0,2.0,Loss,1.0,False,True,True
08bbaa2c-1ca5-49ee-b723-6da4838c65d3,65b6eb21-de8a-4528-8567-d6834dcfb20b,Karan Mehrotra / James Darbar,Karan Mehrotra / James Darbar,1-8,1-8,1.0,Loss,2.0,True,True,True
27547e1f-ce07-4fbf-9754-17ebc4e9fc4e,65e48ebf-0f26-4abe-b2c3-6629ab689249,Rahil Gala / Tanmay Anand,Siddharth Sanghai / Annanya Agarwal,2-8,8-2,2.0,Loss,1.0,False,True,True
5a3a3b83-f67a-495a-bab8-f018fdd6fa30,65e48ebf-0f26-4abe-b2c3-6629ab689249,Rahil Gala / Tanmay Anand,Rohan Dhoot / Karan Daftary,5-8,8-5,2.0,Loss,1.0,False,True,True
9d3bb892-88a7-4473-bf5c-0c15847d9313,6677f696-648f-478e-b018-13a839d6a34e,Vijay Aakash Nemakal / Shashank Tiwari,Gautam Kaushal / Aman Goyal,4-8,8-4,2.0,Loss,1.0,False,True,True
97ba3dcc-c68a-493d-b433-7a3f07ffddfb,6677f696-648f-478e-b018-13a839d6a34e,Vijay Aakash Nemakal / Shashank Tiwari,Sahil Dhingra / Maurya Nagpal,8-0,0-8,2.0,Win,2.0,False,True,True
cbc51c60-d05b-41de-b054-b3e10710bcb1,6677f696-648f-478e-b018-13a839d6a34e,Vijay Aakash Nemakal / Shashank Tiwari,Vijay Aakash Nemakal / Shashank Tiwari,8-3,8-3,1.0,Win,1.0,True,True,True
bb6aea0d-a48b-49cb-b2cd-5dd38b7dfc6c,6677f696-648f-478e-b018-13a839d6a34e,Vijay Aakash Nemakal / Shashank Tiwari,Abhi Panchu / Mukund Muthanna,4-9,9-4,2.0,Loss,1.0,False,True,True
cb86b6d0-ede0-4d54-a488-e414b30e074a,66f6024c-cf6b-4775-a2ef-3f7f1b0405b3,Mohammed Farhan / Azim Yasir,Akhil Bansal / Nikhil Bansal,7-8,8-7,2.0,Loss,1.0,False,True,True
13982dc0-e4fa-436e-b55c-f408332624c4,66f6024c-cf6b-4775-a2ef-3f7f1b0405b3,Mohammed Farhan / Azim Yasir,Kaushik Gummuluru / Sai Ram Goud,8-6,6-8,2.0,Win,2.0,False,True,True
b0cb2b62-0e12-409d-9ab0-1ae12eb514d0,66f6024c-cf6b-4775-a2ef-3f7f1b0405b3,Mohammed Farhan / Azim Yasir,Mohamed Anzar / Dirsha Kalliyath,4-9,9-4,2.0,Loss,1.0,False,True,True
19fcc9ef-da12-491b-b610-cbe2de6e915c,67831462-6847-49e1-bb2d-fea92e021af6,Frederick Williams / Venkatesh Anilkumar,Frederick Williams / Venkatesh Anilkumar,8-0,8-0,1.0,Win,1.0,True,True,True
cb4a5452-e751-46b7-96f9-2716145c34f5,67831462-6847-49e1-bb2d-fea92e021af6,Frederick Williams / Venkatesh Anilkumar,Rajveer Patel / Arnav Tanna,0-8,8-0,2.0,Loss,1.0,False,True,True
100aa0c0-037b-400a-aa27-fc201862d829,67831462-6847-49e1-bb2d-fea92e021af6,Frederick Williams / Venkatesh Anilkumar,Muhammed Ajmal / Aravind Kannan,2-8,8-2,2.0,Loss,1.0,False,True,True
15ef7bff-541b-4ae6-b583-4914704bd786,68516614-5b90-40ce-b11e-09ad9353da5a,Mithun Prabhu / Akshith Thomas,Mithun Prabhu / Akshith Thomas,8-5,8-5,1.0,Win,1.0,True,True,True
02602bea-68f9-4752-a0da-d729a79ed5ad,68516614-5b90-40ce-b11e-09ad9353da5a,Mithun Prabhu / Akshith Thomas,Mithun Prabhu / Akshith Thomas,2-8,2-8,1.0,Loss,2.0,True,True,True
2addffdf-5d74-4410-9c15-b6d1172cdcaa,68516614-5b90-40ce-b11e-09ad9353da5a,Mithun Prabhu / Akshith Thomas,Kaiz Jaffer / Varun Dattani,5-9,9-5,2.0,Loss,1.0,False,True,True
e69eb33e-8e3a-4032-b77b-6a61941ad09c,6878b0c2-2144-404e-ad97-45159eca8fc8,Atul Gupta / Ankit Doshi,Pratik Doshi / Harsh Parekh,7-8,8-7,2.0,Loss,1.0,False,True,True
2c84a691-0c5c-4b3c-ad57-7a88a7449a77,6878b0c2-2144-404e-ad97-45159eca8fc8,Atul Gupta / Ankit Doshi,Atul Gupta / Ankit Doshi,8-2,8-2,1.0,Win,1.0,True,True,True
763ce122-e1fb-4195-a994-705c181d19c8,6892cafd-242b-468e-a1aa-cd2523e083a6,Shaan Shah / Kushe Bahl,Shaan Shah / Kushe Bahl,8-1,8-1,1.0,Win,1.0,True,True,True
0c067bfd-c5bf-4b2b-8d9e-71c52f13dab8,6892cafd-242b-468e-a1aa-cd2523e083a6,Shaan Shah / Kushe Bahl,Shaan Shah / Kushe Bahl,8-6,8-6,1.0,Win,1.0,True,True,True
2cd5c61a-a7f9-4158-b4d3-62df619a360f,6892cafd-242b-468e-a1aa-cd2523e083a6,Shaan Shah / Kushe Bahl,Siddhant Gupta / Naville Prakash,0-9,9-0,2.0,Loss,1.0,False,True,True
22f85a7b-2e42-4deb-a2b6-25ccc1a8d0e6,6892cafd-242b-468e-a1aa-cd2523e083a6,Shaan Shah / Kushe Bahl,Shaan Shah / Kushe Bahl,2-8,2-8,1.0,Loss,2.0,True,True,True
8602e476-85db-47c3-962e-b393d1a8e328,6892cafd-242b-468e-a1aa-cd2523e083a6,Shaan Shah / Kushe Bahl,Shaan Shah / Kushe Bahl,6-8,6-8,1.0,Loss,2.0,True,True,True
1b9cb0fa-206d-4384-b6d6-9d85e2252487,6892cafd-242b-468e-a1aa-cd2523e083a6,Shaan Shah / Kushe Bahl,Shaan Shah / Kushe Bahl,8-1,8-1,1.0,Win,1.0,True,True,True
d7131bb9-325e-4ed2-9c3a-a4a7d6f28d24,689f12ba-b99c-4d69-b6f4-80c07ed7ce92,Anthony Grace Fernandes / Adarsh S,Arjun Raju / Ganesh Raj,6-8,8-6,2.0,Loss,1.0,False,True,True
da312eda-67b5-4df0-94b1-228ec49f5dbc,689f12ba-b99c-4d69-b6f4-80c07ed7ce92,Anthony Grace Fernandes / Adarsh S,Gopal Mohan / Nikhil George,8-3,3-8,2.0,Win,2.0,False,True,True
f0e009e9-0394-4884-9536-31ab4b0da1ae,689f12ba-b99c-4d69-b6f4-80c07ed7ce92,Anthony Grace Fernandes / Adarsh S,George Pottamkulam / Amit Krishnan,6-9,9-6,2.0,Loss,1.0,False,True,True
8691b18b-20bb-4d9d-8638-93e6eb5c1fd8,68c7916e-0da4-4940-a068-eda6255290cc,Basudev Rai / Abhay Biswakarma,Chacko Cherian / Joseph Korah,1-8,8-1,2.0,Loss,1.0,False,True,True
8e7f1b96-de89-4d15-a748-a14442dcc770,68c7916e-0da4-4940-a068-eda6255290cc,Basudev Rai / Abhay Biswakarma,Arvind Sriram / Ananth Menon,2-8,8-2,2.0,Loss,1.0,False,True,True
43478f53-1e57-42c3-ad9f-c36526bea0f9,68c7916e-0da4-4940-a068-eda6255290cc,Basudev Rai / Abhay Biswakarma,Junaiz Odakkal / Aadil Abdul Azeez,0-8,8-0,2.0,Loss,1.0,False,True,True
fd952ca0-cc3a-4431-97ac-b839910ea92a,6920ba87-de99-461a-9af7-74a07b08c305,Famas Shanavas / Naeem Shahul,Swaraj Deshmukh / Kaivalya Kalamse,2-8,8-2,2.0,Loss,1.0,False,True,True
881a2820-3902-4ef5-b05a-9c2ebee3c4a3,6920ba87-de99-461a-9af7-74a07b08c305,Famas Shanavas / Naeem Shahul,Adit Patel / Kavin Vendan,2-8,8-2,2.0,Loss,1.0,False,True,True
b4228995-c60b-45ab-aad7-9fea718fd52c,6920ba87-de99-461a-9af7-74a07b08c305,Famas Shanavas / Naeem Shahul,Syed Imran Yusoof / Kunal Premnarayan,1-8,8-1,2.0,Loss,1.0,False,True,True
3f2ee009-7394-4f99-ab0e-158c79abbe04,6a3070aa-afd1-4319-9aa8-8376abb53ec0,Raghav Bansal / Karan Bansal,Raghav Bansal / Karan Bansal,7-8,7-8,1.0,Loss,2.0,True,True,True
d83536ad-73e2-40d1-9895-d20602b7b3b6,6a3070aa-afd1-4319-9aa8-8376abb53ec0,Raghav Bansal / Karan Bansal,Raghav Bansal / Karan Bansal,8-7,8-7,1.0,Win,1.0,True,True,True
1320c2f9-d0a4-4412-8894-28a7ec4c67a0,6a3070aa-afd1-4319-9aa8-8376abb53ec0,Raghav Bansal / Karan Bansal,Raghav Bansal / Karan Bansal,2-8,2-8,1.0,Loss,2.0,True,True,True
c30b70ec-7972-4541-803f-fa3ae0c7475c,6b49f7ef-e989-4036-816e-f0267d3c3ef0,Saish Shelar / Mihir Akolkar,Jasmer Kapany / Paramveer Bajwa,4-8,8-4,2.0,Loss,1.0,False,True,True
c9a9044a-141c-4ba4-be58-2f7158951ada,6b49f7ef-e989-4036-816e-f0267d3c3ef0,Saish Shelar / Mihir Akolkar,Aditya Jagtap / Krishiv Patel,2-9,9-2,2.0,Loss,1.0,False,True,True
6836bcb0-1981-484e-a454-737d8e1eb2ee,6b49f7ef-e989-4036-816e-f0267d3c3ef0,Saish Shelar / Mihir Akolkar,Saish Shelar / Mihir Akolkar,8-2,8-2,1.0,Win,1.0,True,True,True
62ceca22-1bf3-426b-a71c-059df89fe896,6b49f7ef-e989-4036-816e-f0267d3c3ef0,Saish Shelar / Mihir Akolkar,Saish Shelar / Mihir Akolkar,8-6,8-6,1.0,Win,1.0,True,True,True
ef27919c-2820-4044-a083-2a04a52ad48c,6b49f7ef-e989-4036-816e-f0267d3c3ef0,Saish Shelar / Mihir Akolkar,Samar Malhotra / Aryan Goveas,2-8,8-2,2.0,Loss,1.0,False,True,True
30936912-272f-46a2-8756-3da8c56140d8,6b49f7ef-e989-4036-816e-f0267d3c3ef0,Saish Shelar / Mihir Akolkar,Saish Shelar / Mihir Akolkar,7-9,7-9,1.0,Loss,2.0,True,True,True
7e0362bc-2aab-4591-856a-294db771143e,6bfd1277-761c-46c8-9e40-cbce3df40c13,Arnav Tanna / Qahhar Padamsee,Arnav Tanna / Qahhar Padamsee,7-8,7-8,1.0,Loss,2.0,True,True,True
1c94b7fc-d8fb-4192-924a-7a889150984d,6bfd1277-761c-46c8-9e40-cbce3df40c13,Arnav Tanna / Qahhar Padamsee,Arnav Tanna / Qahhar Padamsee,4-8,4-8,1.0,Loss,2.0,True,True,True
fe082a67-50ea-42d5-b22b-cc0470bcf762,6bfd1277-761c-46c8-9e40-cbce3df40c13,Rajveer Patel / Arnav Tanna,Rajveer Patel / Arnav Tanna,4-8,4-8,1.0,Loss,2.0,True,True,True
cb4a5452-e751-46b7-96f9-2716145c34f5,6bfd1277-761c-46c8-9e40-cbce3df40c13,Rajveer Patel / Arnav Tanna,Rajveer Patel / Arnav Tanna,8-0,8-0,1.0,Win,1.0,True,True,True
d48db828-cc15-4b88-ac7f-f9bb8febd7d4,6bfd1277-761c-46c8-9e40-cbce3df40c13,Rajveer Patel / Arnav Tanna,Rajveer Patel / Arnav Tanna,8-0,8-0,1.0,Win,1.0,True,True,True
da42261d-6e28-4606-99d6-d8a47a483028,6bfd1277-761c-46c8-9e40-cbce3df40c13,Rajveer Patel / Arnav Tanna,Siddhant Gupta / Aman Makan,3-9,9-3,2.0,Loss,1.0,False,True,True
9d3bb892-88a7-4473-bf5c-0c15847d9313,6c67db09-ad9a-46d3-a0a3-5c4e7687587d,Gautam Kaushal / Aman Goyal,Gautam Kaushal / Aman Goyal,8-4,8-4,1.0,Win,1.0,True,True,True
0ce933b4-45a7-4579-ac15-f72d346136db,6c67db09-ad9a-46d3-a0a3-5c4e7687587d,Gautam Kaushal / Aman Goyal,Gautam Kaushal / Aman Goyal,8-0,8-0,1.0,Win,1.0,True,True,True
fd7483c2-c4b1-4cc4-ae7b-b2f4d436c94d,6c67db09-ad9a-46d3-a0a3-5c4e7687587d,Gautam Kaushal / Aman Goyal,Gautam Kaushal / Aman Goyal,8-5,8-5,1.0,Win,1.0,True,True,True
d988aeca-2e22-4d18-9741-7dd7fc2b394b,6c67db09-ad9a-46d3-a0a3-5c4e7687587d,Gautam Kaushal / Aman Goyal,Gautam Kaushal / Aman Goyal,4-9,4-9,1.0,Loss,2.0,True,True,True
30a3cbad-478c-4935-9d0f-f8e30b5fe9cc,6cdc4da7-096f-4c21-a48e-4183e606d2ef,Samkit Shah / Rahul Chandwani,Samkit Shah / Rahul Chandwani,8-4,8-4,1.0,Win,1.0,True,True,True
a1068c5f-a738-4e64-a520-c9fe65c26ab9,6cdc4da7-096f-4c21-a48e-4183e606d2ef,Samkit Shah / Rahul Chandwani,Samkit Shah / Rahul Chandwani,8-2,8-2,1.0,Win,1.0,True,True,True
394d3fb0-836b-4dc6-8c81-2e198bbffd37,6cdc4da7-096f-4c21-a48e-4183e606d2ef,Samkit Shah / Rahul Chandwani,Samkit Shah / Rahul Chandwani,9-5,9-5,1.0,Win,1.0,True,True,True
7e05827c-f89f-4451-97b4-8e36b0dc6b1e,6cdc4da7-096f-4c21-a48e-4183e606d2ef,Samkit Shah / Rahul Chandwani,Nandish Shah / Farhan Patrawala,"4-6, 1-6","6-4, 6-1",2.0,Loss,1.0,False,True,True
a8b4a721-7ff6-40b9-a525-4a0ef34d4862,6ce84d69-d4a3-4a09-91c3-ac921016a281,Virel Agarwal / Yugant Gupta,Siddharth Kadam / Ishan Jindal,3-8,8-3,2.0,Loss,1.0,False,True,True
7736a7b1-f073-4d05-a8f5-995acea2b91a,6ce84d69-d4a3-4a09-91c3-ac921016a281,Virel Agarwal / Yugant Gupta,Rahul Parkash / Ishaan Choksi,5-8,8-5,2.0,Loss,1.0,False,True,True
21531498-a30e-4829-8692-652b9a4bb49f,6dc1ecef-b2d9-4579-a1d0-c69e2553a65c,Tanay Mehta / Jehan Mehta,Aryan Hemdev / Porus Shroff,3-8,8-3,2.0,Loss,1.0,False,True,True
285971da-8e91-4f9c-8415-28fb85c611ef,6dc1ecef-b2d9-4579-a1d0-c69e2553a65c,Tanay Mehta / Jehan Mehta,Chaitanya Shah / Aditya Jagtap,3-9,9-3,2.0,Loss,1.0,False,True,True
d77456ac-b6c2-4207-876b-24c616c5ef37,6dc1ecef-b2d9-4579-a1d0-c69e2553a65c,Arjun Jashani / Tanay Mehta,Advait Bahl / Bhagya Popat,8-1,1-8,2.0,Win,2.0,False,True,True
0dac1cd3-58d7-486b-8b08-a6ad5db34afe,6dc1ecef-b2d9-4579-a1d0-c69e2553a65c,Arjun Jashani / Tanay Mehta,Rahul Motwani / Ishaan Choubal,6-8,8-6,2.0,Loss,1.0,False,True,True
c56c1b31-a99c-41ba-888e-1cd12be4b4bb,6dc1ecef-b2d9-4579-a1d0-c69e2553a65c,Arjun Jashani / Tanay Mehta,Arjun Jashani / Tanay Mehta,8-5,8-5,1.0,Win,1.0,True,True,True
31bff183-822e-4835-a19b-6500b9c61184,6dc1ecef-b2d9-4579-a1d0-c69e2553a65c,Arjun Jashani / Tanay Mehta,Aryan Hemdev / Samar Malhotra,5-9,9-5,2.0,Loss,1.0,False,True,True
4e762133-64f7-4cce-ab88-89fa44f8e125,6e62c2a4-bd95-41f8-bd17-901a78994ae1,Sia Chawla / Armaan Mann,Sia Chawla / Armaan Mann,4-8,4-8,1.0,Loss,2.0,True,True,True
ac56fbd7-2fb9-4c1e-836c-d48b127f77ef,6e62c2a4-bd95-41f8-bd17-901a78994ae1,Sia Chawla / Armaan Mann,Shireen Mahajan / Sukhmani Grewal,2-9,9-2,2.0,Loss,1.0,False,True,True
e69eb33e-8e3a-4032-b77b-6a61941ad09c,6ec925af-f358-475a-9fd4-37dfcbb1795d,Pratik Doshi / Harsh Parekh,Pratik Doshi / Harsh Parekh,8-7,8-7,1.0,Win,1.0,True,True,True
f2dc0bce-d751-4d49-80f8-3e0e2d85cf26,6ec925af-f358-475a-9fd4-37dfcbb1795d,Pratik Doshi / Harsh Parekh,Pratik Doshi / Harsh Parekh,8-6,8-6,1.0,Win,1.0,True,True,True
b86b1a48-66a6-4e3e-85a2-6ded8775adc5,6ec925af-f358-475a-9fd4-37dfcbb1795d,Pratik Doshi / Harsh Parekh,Vijay Chhabria / Sidraj Shah,"0-6, 4-6","6-0, 6-4",2.0,Loss,1.0,False,True,True
8a563a93-6f78-409b-a144-c311fd927e7a,7078cecf-5699-43ef-aefe-dd1c239e92ba,Suhani Sabharwal / Bhagya Popat,Rhea Jiandani / Mayank Daga,8-3,3-8,2.0,Win,2.0,False,True,True
00c2a7d5-329c-4d61-bd28-d1a701e6ea4c,7078cecf-5699-43ef-aefe-dd1c239e92ba,Suhani Sabharwal / Bhagya Popat,Suhani Sabharwal / Bhagya Popat,8-4,8-4,1.0,Win,1.0,True,True,True
d77456ac-b6c2-4207-876b-24c616c5ef37,7078cecf-5699-43ef-aefe-dd1c239e92ba,Advait Bahl / Bhagya Popat,Advait Bahl / Bhagya Popat,1-8,1-8,1.0,Loss,2.0,True,True,True
2d0e8143-5d63-41a8-b52d-58face782dae,7078cecf-5699-43ef-aefe-dd1c239e92ba,Advait Bahl / Bhagya Popat,Advait Bahl / Bhagya Popat,4-8,4-8,1.0,Loss,2.0,True,True,True
d6ec3e20-23c0-4d1a-a718-e7875e260b24,7078cecf-5699-43ef-aefe-dd1c239e92ba,Advait Bahl / Bhagya Popat,Rahul Motwani / Ishaan Choubal,2-8,8-2,2.0,Loss,1.0,False,True,True
f808762b-a19e-4bc5-8d8b-fd0824c31d18,7078cecf-5699-43ef-aefe-dd1c239e92ba,Suhani Sabharwal / Bhagya Popat,Namita Bal / Aditya Jagtap,1-9,9-1,2.0,Loss,1.0,False,True,True
39eb1f5f-d217-49a6-8600-469f9433a67b,70792b71-1549-46eb-bb7d-9b5f2a787281,Tammana Kalra / Anmol Malhotra,Tammana Kalra / Anmol Malhotra,4-8,4-8,1.0,Loss,2.0,True,True,True
ce9d269c-94d1-4289-8f67-048b314e262b,70792b71-1549-46eb-bb7d-9b5f2a787281,Tammana Kalra / Anmol Malhotra,Tammana Kalra / Anmol Malhotra,3-8,3-8,1.0,Loss,2.0,True,True,True
62273f9a-eb12-419b-a3e8-15432b3519a9,70792b71-1549-46eb-bb7d-9b5f2a787281,Tammana Kalra / Anmol Malhotra,Mansi Malhotra / Rubani Sidhu,8-7,7-8,2.0,Win,2.0,False,True,True
3bfc94ec-cbee-4620-b8de-ebed2729f9e5,7141790d-4b03-4a8c-b605-9a3273191dcd,Raksha Bhaskar / Gayatri Nair,Niti Mehta / Alisha Aggarwal,2-8,8-2,2.0,Loss,1.0,False,True,True
dfcb11e7-7275-42e0-bba1-f719ca39cb4d,7141790d-4b03-4a8c-b605-9a3273191dcd,Raksha Bhaskar / Gayatri Nair,Raksha Bhaskar / Gayatri Nair,,,1.0,Win,1.0,True,True,True
9e28f510-b71a-4e59-9281-89c55e6954b4,7141790d-4b03-4a8c-b605-9a3273191dcd,Raksha Bhaskar / Gayatri Nair,Raksha Bhaskar / Gayatri Nair,8-0,8-0,1.0,Win,1.0,True,True,True
fa44e95c-37f6-4d29-a4e0-30b3488d196c,7141790d-4b03-4a8c-b605-9a3273191dcd,Raksha Bhaskar / Gayatri Nair,Niti Mehta / Alisha Aggarwal,"0-6, 4-6","6-0, 6-4",2.0,Loss,1.0,False,True,True
fe183e6f-53b5-46ce-bfa3-cff7e4fe7f15,716df803-2711-44e0-99a3-c5d59dfde298,Habib Latif / Salman Damani,Nandish Shah / Farhan Patrawala,0-8,8-0,2.0,Loss,1.0,False,True,True
8b6dcfa9-56c3-4dd3-9316-a7e32e515cb8,716df803-2711-44e0-99a3-c5d59dfde298,Habib Latif / Salman Damani,Habib Latif / Salman Damani,8-7,8-7,1.0,Win,1.0,True,True,True
124e740f-52cb-4729-913f-57c9639504ed,739a853c-ae03-4719-ba64-a326c87ccd84,Sahitra Ghurye / Ashwita Hosbettu,Sahitra Ghurye / Ashwita Hosbettu,8-5,8-5,1.0,Win,1.0,True,True,True
3962c093-d977-44ab-afe0-17345507f8e5,739a853c-ae03-4719-ba64-a326c87ccd84,Sahitra Ghurye / Ashwita Hosbettu,Sahitra Ghurye / Ashwita Hosbettu,4-8,4-8,1.0,Loss,2.0,True,True,True
d93ac3f6-2602-46e2-bd76-c9a34866b375,74a7e384-3f53-44ee-80d0-059e3fa60e1c,Arjun Raju / Abhinav Grover,Sagar Patodia / Ronak Bhojani,8-0,0-8,2.0,Win,2.0,False,True,True
259f6412-478a-4092-b523-0259e613afff,74a7e384-3f53-44ee-80d0-059e3fa60e1c,Arjun Raju / Abhinav Grover,Arjun Raju / Abhinav Grover,7-9,7-9,1.0,Loss,2.0,True,True,True
07e45cb7-2688-44e8-801a-da2e0b30f2ee,74a7e384-3f53-44ee-80d0-059e3fa60e1c,Arjun Raju / Ganesh Raj,Arjun Raju / Ganesh Raj,8-1,8-1,1.0,Win,1.0,True,True,True
d7131bb9-325e-4ed2-9c3a-a4a7d6f28d24,74a7e384-3f53-44ee-80d0-059e3fa60e1c,Arjun Raju / Ganesh Raj,Arjun Raju / Ganesh Raj,8-6,8-6,1.0,Win,1.0,True,True,True
44d82976-d394-4251-b84c-fb77b879d987,74a7e384-3f53-44ee-80d0-059e3fa60e1c,Arjun Raju / Ganesh Raj,Arjun Raju / Ganesh Raj,9-5,9-5,1.0,Win,1.0,True,True,True
e071e752-9fc5-47b3-a983-87773dc673f8,74a7e384-3f53-44ee-80d0-059e3fa60e1c,Arjun Raju / Ganesh Raj,George Pottamkulam / Amit Krishnan,5-9,9-5,2.0,Loss,1.0,False,True,True
74ccd074-ec97-4cec-9874-42508a9d870b,75773700-bff1-4aaf-93a5-59442aac5c0d,Rahil Saboo / Rehan Malik,Swaraj D / Kaivalya Kalamse,1-8,8-1,2.0,Loss,1.0,False,True,True
d2fb5c0e-33ce-4df1-ab80-43e885603c75,75773700-bff1-4aaf-93a5-59442aac5c0d,Rahil Saboo / Rehan Malik,Advait Bahl / Bhagya Popat,8-7,7-8,2.0,Win,2.0,False,True,True
da940779-d6ac-40ca-aac0-b26f38ff8b42,75773700-bff1-4aaf-93a5-59442aac5c0d,Rahil Saboo / Rehan Malik,Chaitanya Shah / Aditya Jagtap,3-8,8-3,2.0,Loss,1.0,False,True,True
3ca860b8-c09e-4375-8b44-2659949f3da6,76c439ce-ed6a-4d86-b384-38a843b6a4ee,Sanya Khan / Sonia Rathee,Sanya Khan / Sonia Rathee,8-2,8-2,1.0,Win,1.0,True,True,True
2bdb9416-b055-4eab-8850-09fcb562eb10,76c439ce-ed6a-4d86-b384-38a843b6a4ee,Sanya Khan / Sonia Rathee,Sanya Khan / Sonia Rathee,8-5,8-5,1.0,Win,1.0,True,True,True
f8843aa6-9b39-4e76-ae47-ff1629d0e2b8,76c439ce-ed6a-4d86-b384-38a843b6a4ee,Sanya Khan / Sonia Rathee,Sanya Khan / Sonia Rathee,"6-0, 6-0","6-0, 6-0",1.0,Win,1.0,True,True,True
bb31b30c-aad7-488f-adcd-8ff41ab394c3,76c439ce-ed6a-4d86-b384-38a843b6a4ee,Sanya Khan / Sonia Rathee,Sanya Khan / Sonia Rathee,"6-2, 6-1","6-2, 6-1",1.0,Win,1.0,True,True,True
28d43da7-156c-4429-82cc-17339629ca71,7818fd9a-1675-4d45-acd5-dfc6eff38028,Ziaan Talab / Madhu Samtani,Rahul Motwani / Ishaan Choubal,4-8,8-4,2.0,Loss,1.0,False,True,True
2d0e8143-5d63-41a8-b52d-58face782dae,7818fd9a-1675-4d45-acd5-dfc6eff38028,Ziaan Talab / Madhu Samtani,Advait Bahl / Bhagya Popat,8-4,4-8,2.0,Win,2.0,False,True,True
c56c1b31-a99c-41ba-888e-1cd12be4b4bb,7818fd9a-1675-4d45-acd5-dfc6eff38028,Ziaan Talab / Madhu Samtani,Arjun Jashani / Tanay Mehta,5-8,8-5,2.0,Loss,1.0,False,True,True
fb360a00-46f6-4597-8c54-893506527979,783fd411-3a52-446e-90cc-2fcef2baaa51,Varshil Trambadiya / Antariksh Mohandas,Varshil Trambadiya / Antariksh Mohandas,2-9,2-9,1.0,Loss,2.0,True,True,True
56df6914-2828-444d-9ed7-c82cee9ebb76,783fd411-3a52-446e-90cc-2fcef2baaa51,Varshil Trambadiya / Antariksh Mohandas,Naesar Jewoor / Siddharth Dabrai,8-4,4-8,2.0,Win,2.0,False,True,True
d3825740-4837-47de-8680-2a1c300e35da,783fd411-3a52-446e-90cc-2fcef2baaa51,Varshil Trambadiya / Antariksh Mohandas,Aditya Jagtap / Krishiv Patel,4-8,8-4,2.0,Loss,1.0,False,True,True
e0106e13-7adf-45a1-aece-c3e757a62287,783fd411-3a52-446e-90cc-2fcef2baaa51,Varshil Trambadiya / Antariksh Mohandas,Varshil Trambadiya / Antariksh Mohandas,8-6,8-6,1.0,Win,1.0,True,True,True
f0abf730-1ec1-4a0c-9005-c63fa90bd30a,783fd411-3a52-446e-90cc-2fcef2baaa51,Varshil Trambadiya / Antariksh Mohandas,Adit Patel / Kavin Vendan,9-5,5-9,2.0,Win,2.0,False,True,True
2d8cbdbf-5ade-4e36-83af-909f44dfa581,783fd411-3a52-446e-90cc-2fcef2baaa51,Varshil Trambadiya / Antariksh Mohandas,Samar Malhotra / Aryan Goveas,"4-6, 3-6","6-4, 6-3",2.0,Loss,1.0,False,True,True
3f2ee009-7394-4f99-ab0e-158c79abbe04,787505dd-9f13-4ef2-a4ae-eb81af687abf,Manan Gupta / Akshit Chaudhary,Raghav Bansal / Karan Bansal,8-7,7-8,2.0,Win,2.0,False,True,True
3cbf936c-df75-4d85-8701-3f39fa15c76c,787505dd-9f13-4ef2-a4ae-eb81af687abf,Manan Gupta / Akshit Chaudhary,Ishan Maitreya / Anuj Vaghani,3-8,8-3,2.0,Loss,1.0,False,True,True
a2d9fd31-bf5a-48c3-b8d3-5a5c3e2170f0,787505dd-9f13-4ef2-a4ae-eb81af687abf,Manan Gupta / Akshit Chaudhary,Punit Chawla / Sandeep Chawla,8-3,3-8,2.0,Win,2.0,False,True,True
6539ee95-bca8-4746-9a52-7ada24c658c2,787505dd-9f13-4ef2-a4ae-eb81af687abf,Manan Gupta / Akshit Chaudhary,Eshant Uppal / Sheriar Mazda,5-9,9-5,2.0,Loss,1.0,False,True,True
c3e05fd7-0253-4167-86c1-caf87ae0e1cc,78d5d429-c5f3-45a9-896b-b7f9346bbc83,Pooja Kharat / Diya Chopra,Roshni Dadachanji / Shahnaz Dubash,3-8,8-3,2.0,Loss,1.0,False,True,True
369ae7fe-8062-4032-b136-8b5425050c64,78d5d429-c5f3-45a9-896b-b7f9346bbc83,Pooja Kharat / Diya Chopra,Pooja Kharat / Diya Chopra,8-1,8-1,1.0,Win,1.0,True,True,True
39eb1f5f-d217-49a6-8600-469f9433a67b,78d5d429-c5f3-45a9-896b-b7f9346bbc83,Pooja Kharat / Shabri Agarwal,Tammana Kalra / Anmol Malhotra,8-4,4-8,2.0,Win,2.0,False,True,True
0c28fe55-77aa-493f-9927-458dd5c0b139,78d5d429-c5f3-45a9-896b-b7f9346bbc83,Pooja Kharat / Shabri Agarwal,Mansi Malhotra / Rubani Sidhu,3-8,8-3,2.0,Loss,1.0,False,True,True
1ca64bf6-afd9-4913-98c6-03dfccac1dcf,78d5d429-c5f3-45a9-896b-b7f9346bbc83,Pooja Kharat / Shabri Agarwal,Pooja Kharat / Shabri Agarwal,4-8,4-8,1.0,Loss,2.0,True,True,True
311a314a-912c-4f11-b2b8-1d104fc57962,78ea93d2-90f5-4312-a0d6-737a0e704130,Suhail Kapur / Parth Bhatia,Suhail Kapur / Parth Bhatia,5-8,5-8,1.0,Loss,2.0,True,True,True
33f2aa08-01bc-4f86-9db2-4ee5b28d1e69,78ea93d2-90f5-4312-a0d6-737a0e704130,Suhail Kapur / Parth Bhatia,Suhail Kapur / Parth Bhatia,4-8,4-8,1.0,Loss,2.0,True,True,True
d78a8142-a587-4ecb-860f-d28fdb11ef60,78ea93d2-90f5-4312-a0d6-737a0e704130,Suhail Kapur / Parth Bhatia,Tanveer Singh / Gandharv Bajaj,4-8,8-4,2.0,Loss,1.0,False,True,True
db80f37c-293f-4942-9259-f686be89bae5,79665684-6161-45de-af8d-bff8b2fb798a,Sheehan Furtado / Arik Badami,Rishabh Kalokhe / Kriday Sethi,6-8,8-6,2.0,Loss,1.0,False,True,True
5c2a8bf3-b051-470e-a893-b443f7e5a93d,79665684-6161-45de-af8d-bff8b2fb798a,Sheehan Furtado / Arik Badami,Tejas Shevde / Nishad Shevde,2-8,8-2,2.0,Loss,1.0,False,True,True
7a3d1d5f-5e2b-41d9-aece-6e1310543043,79665684-6161-45de-af8d-bff8b2fb798a,Sheehan Furtado / Arik Badami,Sheehan Furtado / Arik Badami,6-8,6-8,1.0,Loss,2.0,True,True,True
520800e4-1827-49f6-aebb-5d8bd0a7ccba,7a0a5946-601b-4919-858d-8e3667bd4f77,Sonashe Bhatnagar / Treta Bhattacharya,Vaibhavi Deshmukh / Namita Bal,2-8,8-2,2.0,Loss,1.0,False,True,True
d533b386-b463-40b5-92fb-1e7e5969d719,7a0a5946-601b-4919-858d-8e3667bd4f77,Sonashe Bhatnagar / Treta Bhattacharya,Estelle Mehta / Anisha Mirchandani,8-5,5-8,2.0,Win,2.0,False,True,True
6a4b3da6-612a-4319-90f5-bbfbf619f323,7a0a5946-601b-4919-858d-8e3667bd4f77,Sonashe Bhatnagar / Treta Bhattacharya,Kyra Pereira / Amaya Kothari,8-2,2-8,2.0,Win,2.0,False,True,True
9bd87ebc-72a9-41ec-ba25-6464f2e966d3,7a0a5946-601b-4919-858d-8e3667bd4f77,Sonashe Bhatnagar / Treta Bhattacharya,Steisha Buddhala / Amy Bundhel,"2-6, 2-6","6-2, 6-2",2.0,Loss,1.0,False,True,True
e096b85b-74ae-49fa-b1a1-c6e62de405dc,7a23263c-f0d4-4b39-a8ea-16d1a195f91e,Leesha Shah / Diu Somani,Vera desai / Tanushri Biyani,5-8,8-5,2.0,Loss,1.0,False,True,True
c58191c9-4ccc-4eaa-9d22-98d48e4460fa,7a23263c-f0d4-4b39-a8ea-16d1a195f91e,Leesha Shah / Diu Somani,Leesha Shah / Diu Somani,8-5,8-5,1.0,Win,1.0,True,True,True
fe183e6f-53b5-46ce-bfa3-cff7e4fe7f15,7a806e55-76b1-406f-b870-2ed511dccdc9,Nandish Shah / Farhan Patrawala,Nandish Shah / Farhan Patrawala,8-0,8-0,1.0,Win,1.0,True,True,True
a0cb1272-bda5-48e9-bb41-147f547bdf21,7a806e55-76b1-406f-b870-2ed511dccdc9,Nandish Shah / Farhan Patrawala,Nandish Shah / Farhan Patrawala,8-7,8-7,1.0,Win,1.0,True,True,True
3b0e4c13-c133-41ac-9ae8-c2f9b1436b72,7a806e55-76b1-406f-b870-2ed511dccdc9,Nandish Shah / Farhan Patrawala,Nandish Shah / Farhan Patrawala,9-3,9-3,1.0,Win,1.0,True,True,True
7e05827c-f89f-4451-97b4-8e36b0dc6b1e,7a806e55-76b1-406f-b870-2ed511dccdc9,Nandish Shah / Farhan Patrawala,Nandish Shah / Farhan Patrawala,"6-4, 6-1","6-4, 6-1",1.0,Win,1.0,True,True,True
f68b8040-7822-4f7c-9477-c20c0588a55b,7a806e55-76b1-406f-b870-2ed511dccdc9,Nandish Shah / Farhan Patrawala,Pratik Bhatia / Kaustubh Thakur,"6-0, 6-3","0-6, 3-6",2.0,Win,2.0,False,True,True
023505dd-5ab8-4e65-aba0-0592dafb0edc,7ab2bcb6-be63-4241-a6d3-b1cf30b170f4,Rajat Jain / Pratik Makkar,Lokesh Chhabra / Vaibhav Malik,3-8,8-3,2.0,Loss,1.0,False,True,True
70c06734-8d83-4448-affa-40230fe2e303,7ab2bcb6-be63-4241-a6d3-b1cf30b170f4,Rajat Jain / Pratik Makkar,Suvir Singh / Teyjas Chaudhary,5-8,8-5,2.0,Loss,1.0,False,True,True
7e5d0998-c7f4-494b-ab9a-3f10bc3c88dc,7ab2bcb6-be63-4241-a6d3-b1cf30b170f4,Rajat Jain / Pratik Makkar,Rajat Jain / Pratik Makkar,3-8,3-8,1.0,Loss,2.0,True,True,True
e6d526fc-4eb5-4f30-8536-b24482c6fd9b,7ae56644-dbba-41d5-a04d-ed0a503595f6,Mikhail Mehra / Akshay Rai,Tejas Shevde / Nishad Shevde,7-8,8-7,2.0,Loss,1.0,False,True,True
7dd225a1-76ce-4dcb-b102-551b8cd04203,7ae56644-dbba-41d5-a04d-ed0a503595f6,Mikhail Mehra / Akshay Rai,Rishabh Kalokhe / Kriday Sethi,8-4,4-8,2.0,Win,2.0,False,True,True
7a3d1d5f-5e2b-41d9-aece-6e1310543043,7ae56644-dbba-41d5-a04d-ed0a503595f6,Mikhail Mehra / Akshay Rai,Sheehan Furtado / Arik Badami,8-6,6-8,2.0,Win,2.0,False,True,True
cbb39a90-11a5-4431-af3b-1433dd4d70b7,7ae56644-dbba-41d5-a04d-ed0a503595f6,Mikhail Mehra / Akshay Rai,Mayank Daga / Shikhar Kumar,8-9,9-8,2.0,Loss,1.0,False,True,True
fe183e6f-53b5-46ce-bfa3-cff7e4fe7f15,7af61236-508f-4495-a2ee-a840e590d19a,Nandish Shah / Farhan Patrawala,Nandish Shah / Farhan Patrawala,8-0,8-0,1.0,Win,1.0,True,True,True
a0cb1272-bda5-48e9-bb41-147f547bdf21,7af61236-508f-4495-a2ee-a840e590d19a,Nandish Shah / Farhan Patrawala,Nandish Shah / Farhan Patrawala,8-7,8-7,1.0,Win,1.0,True,True,True
3b0e4c13-c133-41ac-9ae8-c2f9b1436b72,7af61236-508f-4495-a2ee-a840e590d19a,Nandish Shah / Farhan Patrawala,Nandish Shah / Farhan Patrawala,9-3,9-3,1.0,Win,1.0,True,True,True
7e05827c-f89f-4451-97b4-8e36b0dc6b1e,7af61236-508f-4495-a2ee-a840e590d19a,Nandish Shah / Farhan Patrawala,Nandish Shah / Farhan Patrawala,"6-4, 6-1","6-4, 6-1",1.0,Win,1.0,True,True,True
f68b8040-7822-4f7c-9477-c20c0588a55b,7af61236-508f-4495-a2ee-a840e590d19a,Nandish Shah / Farhan Patrawala,Pratik Bhatia / Kaustubh Thakur,"6-0, 6-3","0-6, 3-6",2.0,Win,2.0,False,True,True
3dd059a8-f720-41be-8c50-443c04b2cfb1,7b2f6fd9-392c-477e-8c2e-ee3878c1f0e8,Rahil Patel / Rajveer Patel,Rahil Patel / Rajveer Patel,2-8,2-8,1.0,Loss,2.0,True,True,True
716eb0b5-61ba-4b6e-b730-38f20f0f1679,7b2f6fd9-392c-477e-8c2e-ee3878c1f0e8,Rahil Patel / Rajveer Patel,Rahil Patel / Rajveer Patel,8-6,8-6,1.0,Win,1.0,True,True,True
bf319351-d4f0-46b7-a0d3-acb3961e78c4,7b2f6fd9-392c-477e-8c2e-ee3878c1f0e8,Rahil Patel / Rajveer Patel,Rahil Patel / Rajveer Patel,1-8,1-8,1.0,Loss,2.0,True,True,True
742f185f-f8b3-43bd-bc28-ccff9c5dd663,7c42f3a3-ec0a-44a1-8fa3-3cd5b58569c0,Chirag Gaikwad / Harman Singh Tur,Ronak Daftary / Anirudh Jain,8-4,4-8,2.0,Win,2.0,False,True,True
620eb58e-d91d-4a90-b5e2-8f8bb682963d,7c42f3a3-ec0a-44a1-8fa3-3cd5b58569c0,Chirag Gaikwad / Harman Singh Tur,Chirag Gaikwad / Harman Singh Tur,8-1,8-1,1.0,Win,1.0,True,True,True
f0021e79-8ebd-4edb-93f8-494bcef70a57,7c42f3a3-ec0a-44a1-8fa3-3cd5b58569c0,Chirag Gaikwad / Harman Singh Tur,Chirag Gaikwad / Harman Singh Tur,4-8,4-8,1.0,Loss,2.0,True,True,True
337588f8-7f5a-49fb-822d-45b32379d4da,7c42f3a3-ec0a-44a1-8fa3-3cd5b58569c0,Chirag Gaikwad / Harman Singh Tur,Chirag Gaikwad / Harman Singh Tur,9-0,9-0,1.0,Win,1.0,True,True,True
f8be09e9-8b4b-48f2-a71d-10da5d125131,7c42f3a3-ec0a-44a1-8fa3-3cd5b58569c0,Chirag Gaikwad / Harman Singh Tur,Siddhant Gupta / Naville Prakash,"7-6, 7-6","6-7(1-7), 6-7(5-7)",2.0,Win,2.0,False,True,True
9ba05bf2-805b-4002-a8b5-693821aa9173,7c42f3a3-ec0a-44a1-8fa3-3cd5b58569c0,Chirag Gaikwad / Harman Singh Tur,Abhishek Yadev / Priyank Makwana,"6-2, 6-4","2-6, 4-6",2.0,Win,2.0,False,True,True
b8bdcbc0-af73-4e96-9922-3ca9f8bb1870,7cc8e1d3-0f7c-475e-aa64-eb5739c7d6f9,Hamir Desai / Arun Hemdev,Syed Imran Yusoof / Kunal Premnarayen,0-8,8-0,2.0,Loss,1.0,False,True,True
eebe308f-da47-497a-a88b-e0b05b560710,7cc8e1d3-0f7c-475e-aa64-eb5739c7d6f9,Hamir Desai / Arun Hemdev,Aditya Maheshwari / Anand kothari,0-8,8-0,2.0,Loss,1.0,False,True,True
c98c0998-e99a-4227-a6c3-99c12d82120b,7d346033-c0e1-4672-8fd9-7d3361dc8f12,Rhea Mathews / Dinika Thomas,Rhea Mathews / Dinika Thomas,8-3,8-3,1.0,Win,1.0,True,True,True
1b747b02-55a5-4572-b3ad-f7ef5dae98e2,7d346033-c0e1-4672-8fd9-7d3361dc8f12,Rhea Mathews / Dinika Thomas,Shireen Mahajan / Sukhmani Grewal,3-8,8-3,2.0,Loss,1.0,False,True,True
f925257e-0247-4516-a027-1455dbb370a6,7d346033-c0e1-4672-8fd9-7d3361dc8f12,Rhea Mathews / Dinika Thomas,Padma Veda Manikonda / Sameeksha Annem,6-9,9-6,2.0,Loss,1.0,False,True,True
b66f2731-a78d-4362-8caf-59be4e4d2cdb,7ddc1ace-4a2d-41ea-89a5-f37a29752e63,Janita Bhandari / Tara Alisha Berry,Anam Sumar / Rasha Sumar,3-8,8-3,2.0,Loss,1.0,False,True,True
c11d0483-84c9-4915-8a6e-6fe5feef2b5b,7ddc1ace-4a2d-41ea-89a5-f37a29752e63,Janita Bhandari / Tara Alisha Berry,Janita Bhandari / Tara Alisha Berry,3-8,3-8,1.0,Loss,2.0,True,True,True
06250efe-35a5-47af-9ada-c76020ebf27e,7ddc1ace-4a2d-41ea-89a5-f37a29752e63,Janita Bhandari / Tara Alisha Berry,Janita Bhandari / Tara Alisha Berry,8-3,8-3,1.0,Win,1.0,True,True,True
ab6cbdf1-988e-49ee-9b6b-a3086b0d304a,7de59a0c-475a-4088-b378-3bfdf5a88ad6,Ankush Puri / Sehaj Sehgal,Nikhil Bansal / Jansher Waraich,,,2.0,,,False,True,True
0c483da7-a166-4309-8698-f96c0acd0130,7de59a0c-475a-4088-b378-3bfdf5a88ad6,Ankush Puri / Sehaj Sehgal,Ankush Puri / Sehaj Sehgal,,,1.0,,,True,True,True
f3e7cbcc-fd83-4ff8-89ac-6715245f244d,7de59a0c-475a-4088-b378-3bfdf5a88ad6,Ankush Puri / Sehaj Sehgal,Ankush Puri / Sehaj Sehgal,,,1.0,,,True,True,True
3f2ee009-7394-4f99-ab0e-158c79abbe04,7f46ff27-3043-4e9f-bdc5-c97c8b590e83,Raghav Bansal / Karan Bansal,Raghav Bansal / Karan Bansal,7-8,7-8,1.0,Loss,2.0,True,True,True
d83536ad-73e2-40d1-9895-d20602b7b3b6,7f46ff27-3043-4e9f-bdc5-c97c8b590e83,Raghav Bansal / Karan Bansal,Raghav Bansal / Karan Bansal,8-7,8-7,1.0,Win,1.0,True,True,True
1320c2f9-d0a4-4412-8894-28a7ec4c67a0,7f46ff27-3043-4e9f-bdc5-c97c8b590e83,Raghav Bansal / Karan Bansal,Raghav Bansal / Karan Bansal,2-8,2-8,1.0,Loss,2.0,True,True,True
bb5d09bd-73f0-49bc-b11e-5d4b51f11ba0,7f57a645-a475-4ec7-9b29-0b7812a9931d,Syed Imran Yusoof / Kunal Premnarayan,Swaraj Deshmukh / Kaivalya Kalamse,6-8,8-6,2.0,Loss,1.0,False,True,True
aec0d41f-15dc-4d8d-9679-aae89ba81453,7f57a645-a475-4ec7-9b29-0b7812a9931d,Syed Imran Yusoof / Kunal Premnarayan,Sandeep Louis / Vivek Venugopal,8-1,1-8,2.0,Win,2.0,False,True,True
b4228995-c60b-45ab-aad7-9fea718fd52c,7f57a645-a475-4ec7-9b29-0b7812a9931d,Syed Imran Yusoof / Kunal Premnarayan,Syed Imran Yusoof / Kunal Premnarayan,8-1,8-1,1.0,Win,1.0,True,True,True
34985dbb-dd09-402c-9bd4-ca8ac1e6bd7e,7f57a645-a475-4ec7-9b29-0b7812a9931d,Syed Imran Yusoof / Kunal Premnarayan,Syed Imran Yusoof / Kunal Premnarayan,,,1.0,Win,1.0,True,True,True
6dafb7fc-1e8a-420f-8894-33c6879cd0ce,7f57a645-a475-4ec7-9b29-0b7812a9931d,Syed Imran Yusoof / Kunal Premnarayan,Samar Malhotra / Aryan Goveas,0-9,9-0,2.0,Loss,1.0,False,True,True
ed465153-ab2e-4909-8f1f-c70dfbbfd4cf,7f57a645-a475-4ec7-9b29-0b7812a9931d,Syed Imran Yusoof / Kunal Premnarayan,Syed Imran Yusoof / Kunal Premnarayan,"6-1, 6-3","6-1, 6-3",1.0,Win,1.0,True,True,True
b88c3c6e-dd47-4a18-80bd-cb4507f88641,7f9b1fbf-d6db-428b-9117-7a8b136e2a63,Rahul Parkash / Ishaan Choksi,Siddharth Kadam / Ishan Jindal,6-8,8-6,2.0,Loss,1.0,False,True,True
7736a7b1-f073-4d05-a8f5-995acea2b91a,7f9b1fbf-d6db-428b-9117-7a8b136e2a63,Rahul Parkash / Ishaan Choksi,Rahul Parkash / Ishaan Choksi,8-5,8-5,1.0,Win,1.0,True,True,True
650b6eaf-7ed5-4210-87a4-92b05e477083,808e72ea-16d9-41ac-88af-cdc80de35aa4,Radhika Vasudeva / Aashna Mehra,Steisha Buddhala / Amy Bundhel,6-8,8-6,2.0,Loss,1.0,False,True,True
2b77c1ce-c2e4-487c-a079-61227a691ddc,808e72ea-16d9-41ac-88af-cdc80de35aa4,Radhika Vasudeva / Aashna Mehra,Tulsi Mehta / Shraddha Damani,7-8,8-7,2.0,Loss,1.0,False,True,True
5628a034-5e39-451b-9fa2-779238ac0d53,808e72ea-16d9-41ac-88af-cdc80de35aa4,Radhika Vasudeva / Aashna Mehra,Shivani Manjanna / Prarthana Prathap,2-8,8-2,2.0,Loss,1.0,False,True,True
8602e476-85db-47c3-962e-b393d1a8e328,821bda69-7b49-49ce-96f9-425f549eab3f,Aarman Kler / Angad Puar,Shaan Shah / Kushe Bahl,8-6,6-8,2.0,Win,2.0,False,True,True
8a11eaf3-df4f-45e6-abcb-563f66dd48da,821bda69-7b49-49ce-96f9-425f549eab3f,Aarman Kler / Angad Puar,Aarman Kler / Angad Puar,7-8,7-8,1.0,Loss,2.0,True,True,True
c7f7ab0a-3914-475f-ac77-6b8c1e2c7f84,821bda69-7b49-49ce-96f9-425f549eab3f,Aarman Kler / Angad Puar,Arnav Sanjeev / Sahil Kaushal,8-9,9-8,2.0,Loss,1.0,False,True,True
fc70ffe7-a636-4f18-b434-7f88ef1e390e,82a22690-4c94-47e8-99c1-8e1c89f71916,Manvi Chaudhary / Kimberly Fernandez,Gehna Datwani / Sanaya Sabharwal,8-2,2-8,2.0,Win,2.0,False,True,True
abed3b08-19c0-45f8-a620-b7652db44c0d,82a22690-4c94-47e8-99c1-8e1c89f71916,Manvi Chaudhary / Kimberly Fernandez,Manvi Chaudhary / Kimberly Fernandez,8-6,8-6,1.0,Win,1.0,True,True,True
1223d022-4a06-47a7-9a0c-bddb8eb3b9b0,82a22690-4c94-47e8-99c1-8e1c89f71916,Manvi Chaudhary / Kimberly Fernandez,Manvi Chaudhary / Kimberly Fernandez,8-5,8-5,1.0,Win,1.0,True,True,True
27c97394-60ce-406a-a8e4-e00b76b49ac8,82a22690-4c94-47e8-99c1-8e1c89f71916,Manvi Chaudhary / Kimberly Fernandez,Manvi Chaudhary / Kimberly Fernandez,"6-4, 6-3","6-4, 6-3",1.0,Win,1.0,True,True,True
dd421e1d-491c-4813-8691-10662aa5d36a,82a22690-4c94-47e8-99c1-8e1c89f71916,Manvi Chaudhary / Kimberly Fernandez,Gehna Datwani / Sanaya Sabharwal,"3-6, 5-7","6-3, 7-5",2.0,Loss,1.0,False,True,True
3fa447bb-dcc7-4d3f-af61-c79588f46361,82aba01f-d352-48ba-a4dc-7f5974a5ffde,Siddhant Gupta / Naville Prakash,Prem Mirchandani / Bipin Grewal,8-6,6-8,2.0,Win,2.0,False,True,True
bb1c1ff3-019c-41f5-abe3-2fddb157090e,82aba01f-d352-48ba-a4dc-7f5974a5ffde,Siddhant Gupta / Naville Prakash,Shaan Javeri / Arjun Malhotra,8-1,1-8,2.0,Win,2.0,False,True,True
f03a591f-6612-4742-8e76-4444329378ec,82aba01f-d352-48ba-a4dc-7f5974a5ffde,Siddhant Gupta / Naville Prakash,Sahil Sharma / Umesh Padwal,8-1,1-8,2.0,Win,2.0,False,True,True
2cd5c61a-a7f9-4158-b4d3-62df619a360f,82aba01f-d352-48ba-a4dc-7f5974a5ffde,Siddhant Gupta / Naville Prakash,Siddhant Gupta / Naville Prakash,9-0,9-0,1.0,Win,1.0,True,True,True
f8be09e9-8b4b-48f2-a71d-10da5d125131,82aba01f-d352-48ba-a4dc-7f5974a5ffde,Siddhant Gupta / Naville Prakash,Siddhant Gupta / Naville Prakash,"6-7, 6-7","6-7(1-7), 6-7(5-7)",1.0,Loss,2.0,True,True,True
d5acc7f4-507f-4015-96bb-abf35857dae3,84bbf8bb-72b8-4471-bb81-4899711ae519,Neha Mehta / Nikhila Palat,Shraddha Damani / Tulsi Mehta,4-8,8-4,2.0,Loss,1.0,False,True,True
b1cc436d-5382-4c14-93cd-80c4187ec8a3,84bbf8bb-72b8-4471-bb81-4899711ae519,Neha Mehta / Nikhila Palat,Tishya Sagar / Suhani Sabharwal,8-5,5-8,2.0,Win,2.0,False,True,True
9ad09a70-a50b-4a87-96b0-bb6ca1f1f6f2,84bbf8bb-72b8-4471-bb81-4899711ae519,Neha Mehta / Nikhila Palat,Estelle Mehta / Anisha Mirchandani,"6-7, 5-7","7-6(7-5), 7-5",2.0,Loss,1.0,False,True,True
27547e1f-ce07-4fbf-9754-17ebc4e9fc4e,8515d030-3139-4b21-95ed-d7f4cbe438ae,Rahil Gala / Tanmay Anand,Siddharth Sanghai / Annanya Agarwal,2-8,8-2,2.0,Loss,1.0,False,True,True
5a3a3b83-f67a-495a-bab8-f018fdd6fa30,8515d030-3139-4b21-95ed-d7f4cbe438ae,Rahil Gala / Tanmay Anand,Rohan Dhoot / Karan Daftary,5-8,8-5,2.0,Loss,1.0,False,True,True
15ef7bff-541b-4ae6-b583-4914704bd786,871ebc0d-cdac-4056-99c1-8181ed74b338,Sonu Vaidyan / Sadic Ashraf,Mithun Prabhu / Akshith Thomas,5-8,8-5,2.0,Loss,1.0,False,True,True
fcdd2916-4e98-4a27-a45c-4e9cae42142a,871ebc0d-cdac-4056-99c1-8181ed74b338,Sonu Vaidyan / Sadic Ashraf,Sonu Vaidyan / Sadic Ashraf,1-8,1-8,1.0,Loss,2.0,True,True,True
fb360a00-46f6-4597-8c54-893506527979,8730ad11-d9e2-4028-bd65-065e792eee00,Varshil Trambadiya / Antariksh Mohandas,Varshil Trambadiya / Antariksh Mohandas,2-9,2-9,1.0,Loss,2.0,True,True,True
56df6914-2828-444d-9ed7-c82cee9ebb76,8730ad11-d9e2-4028-bd65-065e792eee00,Varshil Trambadiya / Antariksh Mohandas,Naesar Jewoor / Siddharth Dabrai,8-4,4-8,2.0,Win,2.0,False,True,True
d3825740-4837-47de-8680-2a1c300e35da,8730ad11-d9e2-4028-bd65-065e792eee00,Varshil Trambadiya / Antariksh Mohandas,Aditya Jagtap / Krishiv Patel,4-8,8-4,2.0,Loss,1.0,False,True,True
e0106e13-7adf-45a1-aece-c3e757a62287,8730ad11-d9e2-4028-bd65-065e792eee00,Varshil Trambadiya / Antariksh Mohandas,Varshil Trambadiya / Antariksh Mohandas,8-6,8-6,1.0,Win,1.0,True,True,True
f0abf730-1ec1-4a0c-9005-c63fa90bd30a,8730ad11-d9e2-4028-bd65-065e792eee00,Varshil Trambadiya / Antariksh Mohandas,Adit Patel / Kavin Vendan,9-5,5-9,2.0,Win,2.0,False,True,True
2d8cbdbf-5ade-4e36-83af-909f44dfa581,8730ad11-d9e2-4028-bd65-065e792eee00,Varshil Trambadiya / Antariksh Mohandas,Samar Malhotra / Aryan Goveas,"4-6, 3-6","6-4, 6-3",2.0,Loss,1.0,False,True,True
bda9fa26-bb02-40cb-a84d-75aff8122619,8850ef35-01ed-405d-acb6-6bd23a45b747,Mehul Bansal / Vaibhav Sahni,Mehul Bansal / Vaibhav Sahni,8-5,8-5,1.0,Win,1.0,True,True,True
4c8546dd-c950-4fae-a79a-df9f01fb2f63,8850ef35-01ed-405d-acb6-6bd23a45b747,Mehul Bansal / Vaibhav Sahni,Mehul Bansal / Vaibhav Sahni,8-4,8-4,1.0,Win,1.0,True,True,True
7911d391-0ff8-4ecc-9489-832f6cac8b81,8850ef35-01ed-405d-acb6-6bd23a45b747,Mehul Bansal / Vaibhav Sahni,Mehul Bansal / Vaibhav Sahni,3-9,3-9,1.0,Loss,2.0,True,True,True
a5352c91-8068-42c9-822b-acb4e699195b,88577d45-624b-4cdb-9557-13653e446860,Kriish Sakhuja / Jai Sakhuja,Arjun Batra / Jashan Singh Arora,1-8,8-1,2.0,Loss,1.0,False,True,True
763ce122-e1fb-4195-a994-705c181d19c8,88577d45-624b-4cdb-9557-13653e446860,Kriish Sakhuja / Jai Sakhuja,Shaan Shah / Kushe Bahl,1-8,8-1,2.0,Loss,1.0,False,True,True
f2639af2-86a7-40be-8273-584a812de6bc,88577d45-624b-4cdb-9557-13653e446860,Kriish Sakhuja / Jai Sakhuja,Bhavik Talreja / Rohan Maniar,0-8,8-0,2.0,Loss,1.0,False,True,True
7529be38-3c30-4c0e-b3f2-4e47e1b68a3c,888d1ad6-14e8-4deb-92d1-40d24f2cb4f1,Aakarsh Gulati / Yash Shah,Varshil Trambadiya / Antariksh Mohandas,2-8,8-2,2.0,Loss,1.0,False,True,True
bb2d42de-e64d-417b-952e-920b31994222,888d1ad6-14e8-4deb-92d1-40d24f2cb4f1,Aakarsh Gulati / Yash Shah,Parikshit Somani / Paramveer Singh Bajwa,0-8,8-0,2.0,Loss,1.0,False,True,True
ae0980c7-64e7-423a-bbfa-198343369b0f,888d1ad6-14e8-4deb-92d1-40d24f2cb4f1,Aakarsh Gulati / Yash Shah,Taran Mundkar / Samar Malhotra,5-8,8-5,2.0,Loss,1.0,False,True,True
28f4312c-10ea-4d70-805d-6b5fe710c7c9,8896ebce-7533-4862-a50a-1b22d9ee07fd,Shivani Manjanna / Prarthana Prathap,Tulsi Mehta / Shraddha Damani,7-8,8-7,2.0,Loss,1.0,False,True,True
2c2d26e4-aa2b-44a1-8b8b-a7a2f8343d19,8896ebce-7533-4862-a50a-1b22d9ee07fd,Shivani Manjanna / Prarthana Prathap,Steisha Buddhala / Amy Bundhel,1-8,8-1,2.0,Loss,1.0,False,True,True
5628a034-5e39-451b-9fa2-779238ac0d53,8896ebce-7533-4862-a50a-1b22d9ee07fd,Shivani Manjanna / Prarthana Prathap,Shivani Manjanna / Prarthana Prathap,8-2,8-2,1.0,Win,1.0,True,True,True
c7edbd2f-c4a5-4c2a-95c6-b2ecfc53c079,88c95f46-866c-4554-9859-95dbb6693a81,Rayaprolu Sagar / Gopi Reddy,Sahil Dhingra / Maurya Nagpal,7-8,8-7,2.0,Loss,1.0,False,True,True
0ce933b4-45a7-4579-ac15-f72d346136db,88c95f46-866c-4554-9859-95dbb6693a81,Rayaprolu Sagar / Gopi Reddy,Gautam Kaushal / Aman Goyal,0-8,8-0,2.0,Loss,1.0,False,True,True
cbc51c60-d05b-41de-b054-b3e10710bcb1,88c95f46-866c-4554-9859-95dbb6693a81,Rayaprolu Sagar / Gopi Reddy,Vijay Aakash Nemakal / Shashank Tiwari,3-8,8-3,2.0,Loss,1.0,False,True,True
27998dca-6eff-44eb-b6eb-4cd250444f72,89799665-84e8-4c12-bb0d-dd8b4dc58ca2,Mansi Malhotra / Rubani Sidhu,Mansi Malhotra / Rubani Sidhu,8-3,8-3,1.0,Win,1.0,True,True,True
0c28fe55-77aa-493f-9927-458dd5c0b139,89799665-84e8-4c12-bb0d-dd8b4dc58ca2,Mansi Malhotra / Rubani Sidhu,Mansi Malhotra / Rubani Sidhu,8-3,8-3,1.0,Win,1.0,True,True,True
62273f9a-eb12-419b-a3e8-15432b3519a9,89799665-84e8-4c12-bb0d-dd8b4dc58ca2,Mansi Malhotra / Rubani Sidhu,Mansi Malhotra / Rubani Sidhu,7-8,7-8,1.0,Loss,2.0,True,True,True
d11c09f0-8eea-46c7-8232-864205e62696,89799665-84e8-4c12-bb0d-dd8b4dc58ca2,Mansi Malhotra / Rubani Sidhu,Mansi Malhotra / Rubani Sidhu,"6-1, 6-2","6-1, 6-2",1.0,Win,1.0,True,True,True
3aed20fe-7bf8-48f3-8714-3cc87b1798e7,8999c06a-bd38-4d01-bfa6-016c506be79d,Ryan Carroll / Ryan Carroll Partner,Ryan Carroll / Ryan Carroll Partner,4-8,4-8,1.0,Loss,2.0,True,True,True
6ac13b36-4e0d-48d5-a899-7d8f30bcd755,8999c06a-bd38-4d01-bfa6-016c506be79d,Ryan Carroll / Ryan Carroll Partner,Rhea Mathews / Joel Duarte,2-8,8-2,2.0,Loss,1.0,False,True,True
78d30b0a-023a-48df-ad9c-2fd01df295da,8999c06a-bd38-4d01-bfa6-016c506be79d,Ryan Carroll / Ryan Carroll Partner,Namita Bal / Aditya Jagtap,0-8,8-0,2.0,Loss,1.0,False,True,True
31fe4ab9-5cc5-43c3-b16e-9d20d33e0189,8a61e384-5702-4e17-b42e-f75ce4a27013,Revano Wilson / Varghese Paul,Kaiz Jaffer / Varun Dattani,1-8,8-1,2.0,Loss,1.0,False,True,True
5541b276-8af1-45de-9ca9-f342a871aaa6,8a61e384-5702-4e17-b42e-f75ce4a27013,Revano Wilson / Varghese Paul,Afdhel Abdul Wahab / Salman Shaji,8-4,4-8,2.0,Win,2.0,False,True,True
b530136d-9889-4042-845b-a06f95359c31,8a61e384-5702-4e17-b42e-f75ce4a27013,Revano Wilson / Varghese Paul,Raaghav Sharma Bagga / Yuvraj mehta,2-9,9-2,2.0,Loss,1.0,False,True,True
8691b18b-20bb-4d9d-8638-93e6eb5c1fd8,8af8e92c-8ebb-49ed-80bd-694b441357f8,Chacko Cherian / Joseph Korah,Chacko Cherian / Joseph Korah,8-1,8-1,1.0,Win,1.0,True,True,True
024c08f8-f9ee-48ed-9283-4e7f74dda84a,8af8e92c-8ebb-49ed-80bd-694b441357f8,Chacko Cherian / Joseph Korah,Junaiz Odakkal / Aadil Abdul Azeez,4-8,8-4,2.0,Loss,1.0,False,True,True
c6e88370-f459-4002-8b54-cfc8cef68352,8af8e92c-8ebb-49ed-80bd-694b441357f8,Chacko Cherian / Joseph Korah,Arvind Sriram / Ananth Menon,3-8,8-3,2.0,Loss,1.0,False,True,True
02f87ebf-fcf5-41b9-a321-daad1e769f18,8b01652a-7f96-41a5-9402-e3404a390669,Nikhil Kalro / Abhinav Grover,Nikhil Kalro / Abhinav Grover,1-8,1-8,1.0,Loss,2.0,True,True,True
dd67f9b8-7e63-4536-94e6-f2b42d5b93b1,8b01652a-7f96-41a5-9402-e3404a390669,Nikhil Kalro / Abhinav Grover,Nikhil Kalro / Abhinav Grover,1-8,1-8,1.0,Loss,2.0,True,True,True
3f2ee009-7394-4f99-ab0e-158c79abbe04,8b5f340d-6e89-4c2e-b8e5-d2a300ca3f85,Manan Gupta / Akshit Chaudhary,Raghav Bansal / Karan Bansal,8-7,7-8,2.0,Win,2.0,False,True,True
3cbf936c-df75-4d85-8701-3f39fa15c76c,8b5f340d-6e89-4c2e-b8e5-d2a300ca3f85,Manan Gupta / Akshit Chaudhary,Ishan Maitreya / Anuj Vaghani,3-8,8-3,2.0,Loss,1.0,False,True,True
a2d9fd31-bf5a-48c3-b8d3-5a5c3e2170f0,8b5f340d-6e89-4c2e-b8e5-d2a300ca3f85,Manan Gupta / Akshit Chaudhary,Punit Chawla / Sandeep Chawla,8-3,3-8,2.0,Win,2.0,False,True,True
6539ee95-bca8-4746-9a52-7ada24c658c2,8b5f340d-6e89-4c2e-b8e5-d2a300ca3f85,Manan Gupta / Akshit Chaudhary,Eshant Uppal / Sheriar Mazda,5-9,9-5,2.0,Loss,1.0,False,True,True
db80f37c-293f-4942-9259-f686be89bae5,8bb372e9-13f6-40be-9f1d-add1395ec813,Rishabh Kalokhe / Kriday Sethi,Rishabh Kalokhe / Kriday Sethi,8-6,8-6,1.0,Win,1.0,True,True,True
7dd225a1-76ce-4dcb-b102-551b8cd04203,8bb372e9-13f6-40be-9f1d-add1395ec813,Rishabh Kalokhe / Kriday Sethi,Rishabh Kalokhe / Kriday Sethi,4-8,4-8,1.0,Loss,2.0,True,True,True
2129de25-2b68-4bda-b4b4-ff52efbca0ee,8bb372e9-13f6-40be-9f1d-add1395ec813,Rishabh Kalokhe / Kriday Sethi,Tejas Shevde / Nishad Shevde,5-8,8-5,2.0,Loss,1.0,False,True,True
aa3e59d6-bc58-4f54-a7cf-cf6454e989b7,8bb372e9-13f6-40be-9f1d-add1395ec813,Rishabh Kalokhe / Kriday Sethi,Tammineedi Jayanth / Vineeth Mutyala,5-9,9-5,2.0,Loss,1.0,False,True,True
656cb675-5f02-48d3-89d1-061ca3267657,8bc488d5-c371-499a-b700-0d7a3b96367c,Sanal K M / Nigel Paul,John Paul / Falib Jaleel,4-8,8-4,2.0,Loss,1.0,False,True,True
7f7470be-59ba-4fb9-b76f-bd5bb2c52c36,8bc488d5-c371-499a-b700-0d7a3b96367c,Sanal K M / Nigel Paul,Sanal K M / Nigel Paul,3-8,3-8,1.0,Loss,2.0,True,True,True
023505dd-5ab8-4e65-aba0-0592dafb0edc,8c14292c-7d3f-4075-9728-5ecdab778aef,Lokesh Chhabra / Vaibhav Malik,Lokesh Chhabra / Vaibhav Malik,8-3,8-3,1.0,Win,1.0,True,True,True
6dfe2560-c197-4734-b1e3-19cf36b5f2c7,8c14292c-7d3f-4075-9728-5ecdab778aef,Lokesh Chhabra / Vaibhav Malik,Lokesh Chhabra / Vaibhav Malik,5-8,5-8,1.0,Loss,2.0,True,True,True
d67ecd0d-5e2b-4463-86e2-dca1ea40b632,8c14292c-7d3f-4075-9728-5ecdab778aef,Lokesh Chhabra / Vaibhav Malik,Suvir Singh / Teyjas Chaudhary,4-8,8-4,2.0,Loss,1.0,False,True,True
8602e476-85db-47c3-962e-b393d1a8e328,8c72bdc2-6eff-4537-ba3a-ad4eaadd542d,Shaan Shah / Kushe Bahl,Shaan Shah / Kushe Bahl,6-8,6-8,1.0,Loss,2.0,True,True,True
1b9cb0fa-206d-4384-b6d6-9d85e2252487,8c72bdc2-6eff-4537-ba3a-ad4eaadd542d,Shaan Shah / Kushe Bahl,Shaan Shah / Kushe Bahl,8-1,8-1,1.0,Win,1.0,True,True,True
39dc5c91-0e03-452c-b287-aab5d44db646,8c72bdc2-6eff-4537-ba3a-ad4eaadd542d,Shaan Shah / Sandip Sabharwal,Shaan Shah / Sandip Sabharwal,8-2,8-2,1.0,Win,1.0,True,True,True
04df15cd-6adc-4fa3-936f-b86e61306e26,8c72bdc2-6eff-4537-ba3a-ad4eaadd542d,Shaan Shah / Sandip Sabharwal,Shaan Shah / Sandip Sabharwal,8-1,8-1,1.0,Win,1.0,True,True,True
839f2df5-8b6f-4146-b77b-4c2ef14864ed,8c72bdc2-6eff-4537-ba3a-ad4eaadd542d,Shaan Shah / Sandip Sabharwal,Shaan Shah / Sandip Sabharwal,8-6,8-6,1.0,Win,1.0,True,True,True
8dd71663-d7d8-4e6b-b8ab-cb11057c4675,8c72bdc2-6eff-4537-ba3a-ad4eaadd542d,Shaan Shah / Sandip Sabharwal,Shaan Shah / Sandip Sabharwal,4-9,4-9,1.0,Loss,2.0,True,True,True
716eb0b5-61ba-4b6e-b730-38f20f0f1679,8d79c420-b857-43a4-848f-c52aa91153e7,Rahil Patel / Rajveer Patel,Rahil Patel / Rajveer Patel,8-6,8-6,1.0,Win,1.0,True,True,True
bf319351-d4f0-46b7-a0d3-acb3961e78c4,8d79c420-b857-43a4-848f-c52aa91153e7,Rahil Patel / Rajveer Patel,Rahil Patel / Rajveer Patel,1-8,1-8,1.0,Loss,2.0,True,True,True
fe082a67-50ea-42d5-b22b-cc0470bcf762,8d79c420-b857-43a4-848f-c52aa91153e7,Rajveer Patel / Arnav Tanna,Rajveer Patel / Arnav Tanna,4-8,4-8,1.0,Loss,2.0,True,True,True
cb4a5452-e751-46b7-96f9-2716145c34f5,8d79c420-b857-43a4-848f-c52aa91153e7,Rajveer Patel / Arnav Tanna,Rajveer Patel / Arnav Tanna,8-0,8-0,1.0,Win,1.0,True,True,True
d48db828-cc15-4b88-ac7f-f9bb8febd7d4,8d79c420-b857-43a4-848f-c52aa91153e7,Rajveer Patel / Arnav Tanna,Rajveer Patel / Arnav Tanna,8-0,8-0,1.0,Win,1.0,True,True,True
da42261d-6e28-4606-99d6-d8a47a483028,8d79c420-b857-43a4-848f-c52aa91153e7,Rajveer Patel / Arnav Tanna,Siddhant Gupta / Aman Makan,3-9,9-3,2.0,Loss,1.0,False,True,True
e545e100-5426-4b35-9e42-c7bcf3e0952c,8e2d5864-afb0-4dac-88da-4ff402bee428,Aditya Maheshwari / Anand kothari,Syed Imran Yusoof / Kunal Premnarayen,8-4,4-8,2.0,Win,2.0,False,True,True
eebe308f-da47-497a-a88b-e0b05b560710,8e2d5864-afb0-4dac-88da-4ff402bee428,Aditya Maheshwari / Anand kothari,Aditya Maheshwari / Anand kothari,8-0,8-0,1.0,Win,1.0,True,True,True
af3d35ea-c094-420a-9e2e-a47b4d7d80a0,8e2d5864-afb0-4dac-88da-4ff402bee428,Aditya Maheshwari / Anand kothari,Akshay Jalan / Navin Shewakramani,"4-6, 7-6, 6-4","6-4, 6-7(5-7), 4-6",2.0,Win,2.0,False,True,True
924fbe38-6ab7-41eb-abad-53d35e48f06f,8e2d5864-afb0-4dac-88da-4ff402bee428,Aditya Maheshwari / Anand kothari,Vijay Chhabria / Sidraj Shah,"6-4, 6-1","4-6, 1-6",2.0,Win,2.0,False,True,True
19fcc9ef-da12-491b-b610-cbe2de6e915c,8eacc1db-d346-4bac-94af-8e32b002d049,Sanjay Davis Tony / Savio Zibi,Frederick Williams / Venkatesh Anilkumar,0-8,8-0,2.0,Loss,1.0,False,True,True
d4b43a95-3bc9-4068-9d0d-14704e48cdf9,8eacc1db-d346-4bac-94af-8e32b002d049,Sanjay Davis Tony / Savio Zibi,Muhammed Ajmal / Aravind Kannan,0-8,8-0,2.0,Loss,1.0,False,True,True
d48db828-cc15-4b88-ac7f-f9bb8febd7d4,8eacc1db-d346-4bac-94af-8e32b002d049,Sanjay Davis Tony / Savio Zibi,Rajveer Patel / Arnav Tanna,0-8,8-0,2.0,Loss,1.0,False,True,True
485491bb-b924-4c9f-84f3-abcd5d9e7f33,8ebec8b6-ee3d-445c-ba14-05bc8879c4d3,Rishabh Rajani / Manav Shah,Neville Wadia / Kabir Anand,3-8,8-3,2.0,Loss,1.0,False,True,True
bf24492d-dd01-4f4f-90f6-ad6f5340b957,8ebec8b6-ee3d-445c-ba14-05bc8879c4d3,Rishabh Rajani / Manav Shah,Jimit Sanghani / Rohit S,8-2,2-8,2.0,Win,2.0,False,True,True
dab0cf52-730f-4a9f-9478-fc59b57cd431,8f0e0463-82c3-4822-8b7e-58ec37cde83e,Prateek Gambhir / Yugantar Malhotra,Tanveer Singh / Gandharv Bajaj,5-8,8-5,2.0,Loss,1.0,False,True,True
dbe39b7f-95c4-4779-9068-e4f6c7aecdb7,8f0e0463-82c3-4822-8b7e-58ec37cde83e,Prateek Gambhir / Yugantar Malhotra,Prateek Gambhir / Yugantar Malhotra,4-8,4-8,1.0,Loss,2.0,True,True,True
31b24d18-4f8b-40f0-bed3-bd1e20eb7035,8f0e0463-82c3-4822-8b7e-58ec37cde83e,Anmol Malhotra / Yugantar Malhotra,Namita Bal / Aditya Jagtap,0-8,8-0,2.0,Loss,1.0,False,True,True
259f6412-478a-4092-b523-0259e613afff,8f0e0463-82c3-4822-8b7e-58ec37cde83e,Prateek Gambhir / Yugantar Malhotra,Arjun Raju / Abhinav Grover,9-7,7-9,2.0,Win,2.0,False,True,True
e879779d-50ab-4e02-ac2c-0339e4379b93,8f0e0463-82c3-4822-8b7e-58ec37cde83e,Prateek Gambhir / Yugantar Malhotra,Mayank Daga / Shikhar Kumar,5-9,9-5,2.0,Loss,1.0,False,True,True
1ce84c70-9176-4515-af2d-606ae86b0148,8f0e0463-82c3-4822-8b7e-58ec37cde83e,Anmol Malhotra / Yugantar Malhotra,Tulsi Mehta / Samar Malhotra,2-9,9-2,2.0,Loss,1.0,False,True,True
bb46c168-6626-446c-af22-65884f347b73,8fc2da14-7503-4602-82ca-a8a418e43d9a,Azhar Seyad / Anoop KR,Mukund Muthanna / Mukund Muthanna Partner,,,2.0,Win,2.0,False,True,True
6ce69905-354c-4ccd-84f5-56c0a8047de4,8fc2da14-7503-4602-82ca-a8a418e43d9a,Azhar Seyad / Anoop KR,Pranav Erinjery / Aldrith Fernandez,1-8,8-1,2.0,Loss,1.0,False,True,True
2c1ab141-7979-4275-ad06-201854da2605,8fc2da14-7503-4602-82ca-a8a418e43d9a,Azhar Seyad / Anoop KR,John Paul / Falib Jaleel,5-9,9-5,2.0,Loss,1.0,False,True,True
4efd1c25-c502-471c-97d0-6388485dc590,906ad64f-35a3-46f3-ae7f-daab378c1e5c,Devi Nayar / Aswti Mannali,Devi Nayar / Aswti Mannali,,,1.0,Win,1.0,True,True,True
98bdde72-766a-4194-9fc6-ad074747233a,906ad64f-35a3-46f3-ae7f-daab378c1e5c,Devi Nayar / Aswti Mannali,Niti Mehta / Alisha Aggarwal,0-8,8-0,2.0,Loss,1.0,False,True,True
9e28f510-b71a-4e59-9281-89c55e6954b4,906ad64f-35a3-46f3-ae7f-daab378c1e5c,Devi Nayar / Aswti Mannali,Raksha Bhaskar / Gayatri Nair,0-8,8-0,2.0,Loss,1.0,False,True,True
485491bb-b924-4c9f-84f3-abcd5d9e7f33,911948ff-358b-481e-aba0-d93156ba6b31,Rishabh Rajani / Manav Shah,Neville Wadia / Kabir Anand,3-8,8-3,2.0,Loss,1.0,False,True,True
bf24492d-dd01-4f4f-90f6-ad6f5340b957,911948ff-358b-481e-aba0-d93156ba6b31,Rishabh Rajani / Manav Shah,Jimit Sanghani / Rohit S,8-2,2-8,2.0,Win,2.0,False,True,True
ed22db3a-7120-4f96-a35b-bb1de7888956,9140618c-3629-4b96-9a53-39084fc8aa5e,Adit Patel / Abhishek Gupta,Rahul Motwani / Aryan Goveas,8-6,6-8,2.0,Win,2.0,False,True,True
a9af1cfe-b257-4c08-a6a4-d3d0f14ee75a,9140618c-3629-4b96-9a53-39084fc8aa5e,Adit Patel / Abhishek Gupta,Adit Patel / Abhishek Gupta,8-7,8-7,1.0,Win,1.0,True,True,True
7fa86192-fcc1-46ed-a222-65787bf24e09,9140618c-3629-4b96-9a53-39084fc8aa5e,Adit Patel / Abhishek Gupta,Adit Patel / Abhishek Gupta,8-4,8-4,1.0,Win,1.0,True,True,True
44abe18a-107e-4713-8d8c-b46bd1da9949,9140618c-3629-4b96-9a53-39084fc8aa5e,Adit Patel / Abhishek Gupta,Adit Patel / Abhishek Gupta,6-9,6-9,1.0,Loss,2.0,True,True,True
02602bea-68f9-4752-a0da-d729a79ed5ad,91d8198e-2679-4c96-9b3e-4da14d39b69e,Raaghav Sharma Bagga / Yuvraj mehta,Mithun Prabhu / Akshith Thomas,8-2,2-8,2.0,Win,2.0,False,True,True
fcdd2916-4e98-4a27-a45c-4e9cae42142a,91d8198e-2679-4c96-9b3e-4da14d39b69e,Raaghav Sharma Bagga / Yuvraj mehta,Sonu Vaidyan / Sadic Ashraf,8-1,1-8,2.0,Win,2.0,False,True,True
b530136d-9889-4042-845b-a06f95359c31,91d8198e-2679-4c96-9b3e-4da14d39b69e,Raaghav Sharma Bagga / Yuvraj mehta,Raaghav Sharma Bagga / Yuvraj mehta,9-2,9-2,1.0,Win,1.0,True,True,True
1f6af0cd-da17-4f06-a093-2fe76f607814,91d8198e-2679-4c96-9b3e-4da14d39b69e,Raaghav Sharma Bagga / Yuvraj mehta,Kaiz Jaffer / Varun Dattani,9-2,2-9,2.0,Win,2.0,False,True,True
63cd9cba-191a-4c5e-ab00-0b022e5fb187,91d8198e-2679-4c96-9b3e-4da14d39b69e,Raaghav Sharma Bagga / Yuvraj mehta,Raaghav Sharma Bagga / Yuvraj mehta,"3-6, 6-1, 10-5","3-6, 6-1, 10-5",1.0,Win,1.0,True,True,True
85aaea17-98d6-408e-af3c-8d4787b1e702,91d8198e-2679-4c96-9b3e-4da14d39b69e,Raaghav Sharma Bagga / Yuvraj mehta,Raaghav Sharma Bagga / Yuvraj mehta,"7-5, 6-1","7-5, 6-1",1.0,Win,1.0,True,True,True
f7cadaf6-ba89-4418-aea4-d9dd92e7c127,91fe8369-14e1-4871-b264-ff9edce13af8,Raghul Arvind / Tushar Jain,Yashvardhan Sarda / Suyash Vishnoi,3-8,8-3,2.0,Loss,1.0,False,True,True
bda9fa26-bb02-40cb-a84d-75aff8122619,91fe8369-14e1-4871-b264-ff9edce13af8,Raghul Arvind / Tushar Jain,Mehul Bansal / Vaibhav Sahni,5-8,8-5,2.0,Loss,1.0,False,True,True
8965bf59-4412-474c-b76e-07eb745e1840,91fe8369-14e1-4871-b264-ff9edce13af8,Raghul Arvind / Tushar Jain,Raghul Arvind / Tushar Jain,4-8,4-8,1.0,Loss,2.0,True,True,True
aeb8d31c-a284-49fe-8a58-84c758c845e8,91fe8369-14e1-4871-b264-ff9edce13af8,Raghul Arvind / Subramanian Shivshankaran,Raghul Arvind / Subramanian Shivshankaran,1-8,1-8,1.0,Loss,2.0,True,True,True
04df15cd-6adc-4fa3-936f-b86e61306e26,91fe8369-14e1-4871-b264-ff9edce13af8,Raghul Arvind / Subramanian Shivshankaran,Shaan Shah / Sandip Sabharwal,1-8,8-1,2.0,Loss,1.0,False,True,True
46bb7719-eca4-43d3-8f5a-37b123df3eba,91fe8369-14e1-4871-b264-ff9edce13af8,Raghul Arvind / Subramanian Shivshankaran,Vishal Thomas / Terence Thomas,1-8,8-1,2.0,Loss,1.0,False,True,True
ade6d3dc-838c-4708-98a1-637aab8022c1,92c80f2d-5dc8-4614-b205-953fbef21e55,Rashank Kuckreja / Pratikraj Singh,Aahan Jhaveri / Devansh Somani,8-4,4-8,2.0,Win,2.0,False,True,True
bab4ca70-885d-4b25-b83e-eef8c510f7e1,92c80f2d-5dc8-4614-b205-953fbef21e55,Rashank Kuckreja / Pratikraj Singh,Abhishek Yadev / Priyank Makwana,8-5,5-8,2.0,Win,2.0,False,True,True
bf319351-d4f0-46b7-a0d3-acb3961e78c4,92c80f2d-5dc8-4614-b205-953fbef21e55,Rashank Kuckreja / Pratikraj Singh,Rahil Patel / Rajveer Patel,8-1,1-8,2.0,Win,2.0,False,True,True
337588f8-7f5a-49fb-822d-45b32379d4da,92c80f2d-5dc8-4614-b205-953fbef21e55,Rashank Kuckreja / Pratikraj Singh,Chirag Gaikwad / Harman Singh Tur,0-9,9-0,2.0,Loss,1.0,False,True,True
4b418f10-59cf-442e-b2ca-856b33d83cba,938c8f3a-d36f-47ea-b7bf-7fcd7aabacdd,Arnav Sanjeev / Sahil Kaushal,Arnav Sanjeev / Sahil Kaushal,8-1,8-1,1.0,Win,1.0,True,True,True
245e0caa-0caa-4e08-a19b-77b08ade6eb8,938c8f3a-d36f-47ea-b7bf-7fcd7aabacdd,Arnav Sanjeev / Sahil Kaushal,Arnav Sanjeev / Sahil Kaushal,8-1,8-1,1.0,Win,1.0,True,True,True
1c9acab4-6a7a-49b4-b352-ca1abbbed6aa,938c8f3a-d36f-47ea-b7bf-7fcd7aabacdd,Arnav Sanjeev / Sahil Kaushal,Arnav Sanjeev / Sahil Kaushal,8-2,8-2,1.0,Win,1.0,True,True,True
c7f7ab0a-3914-475f-ac77-6b8c1e2c7f84,938c8f3a-d36f-47ea-b7bf-7fcd7aabacdd,Arnav Sanjeev / Sahil Kaushal,Arnav Sanjeev / Sahil Kaushal,9-8,9-8,1.0,Win,1.0,True,True,True
c296588d-6347-4bb1-918c-a8ba7fa65f96,938c8f3a-d36f-47ea-b7bf-7fcd7aabacdd,Arnav Sanjeev / Sahil Kaushal,Udhay Mahajan / Mayank Oberoi,9-5,5-9,2.0,Win,2.0,False,True,True
e4f30ae8-b7db-4100-a100-a37ce259f47c,938c8f3a-d36f-47ea-b7bf-7fcd7aabacdd,Arnav Sanjeev / Sahil Kaushal,Arnav Sanjeev / Sahil Kaushal,"5-7, 1-6","5-7, 1-6",1.0,Loss,2.0,True,True,True
3dd059a8-f720-41be-8c50-443c04b2cfb1,94c4c35e-7619-4848-99bc-6a986912e931,Abhishek Yadev / Priyank Makwana,Rahil Patel / Rajveer Patel,8-2,2-8,2.0,Win,2.0,False,True,True
bab4ca70-885d-4b25-b83e-eef8c510f7e1,94c4c35e-7619-4848-99bc-6a986912e931,Abhishek Yadev / Priyank Makwana,Abhishek Yadev / Priyank Makwana,5-8,5-8,1.0,Loss,2.0,True,True,True
e9697426-935e-4b70-b244-4d37774fc75c,94c4c35e-7619-4848-99bc-6a986912e931,Abhishek Yadev / Priyank Makwana,Abhishek Yadev / Priyank Makwana,8-1,8-1,1.0,Win,1.0,True,True,True
3f1cf144-11ae-44d3-bdd4-89aa1d163ebf,94c4c35e-7619-4848-99bc-6a986912e931,Abhishek Yadev / Priyank Makwana,Burhan Contractor / Advaith Anoop,9-7,7-9,2.0,Win,2.0,False,True,True
0b3a26c9-0524-46de-a2c1-06861a10f03d,94c4c35e-7619-4848-99bc-6a986912e931,Abhishek Yadev / Priyank Makwana,Abhishek Yadev / Priyank Makwana,"6-2, 6-0","6-2, 6-0",1.0,Win,1.0,True,True,True
9ba05bf2-805b-4002-a8b5-693821aa9173,94c4c35e-7619-4848-99bc-6a986912e931,Abhishek Yadev / Priyank Makwana,Abhishek Yadev / Priyank Makwana,"2-6, 4-6","2-6, 4-6",1.0,Loss,2.0,True,True,True
bee905cc-e47d-4c29-b6d9-d925c36c8855,953b53cb-dcf0-4d4b-a3c3-9bd95488b0d4,R S Abhishek / Siddharth Satheesan,R S Abhishek / Siddharth Satheesan,8-1,8-1,1.0,Win,1.0,True,True,True
071f1a8f-3954-462b-a65a-5533463922c6,953b53cb-dcf0-4d4b-a3c3-9bd95488b0d4,R S Abhishek / Siddharth Satheesan,R S Abhishek / Siddharth Satheesan,2-8,2-8,1.0,Loss,2.0,True,True,True
0eaea3cc-08a6-48f1-9d3a-19a98bdeca74,953b53cb-dcf0-4d4b-a3c3-9bd95488b0d4,R S Abhishek / Siddharth Satheesan,Rahul Chandwani / Rahul Khanna,7-8,8-7,2.0,Loss,1.0,False,True,True
55771c84-b310-4a48-88cb-c76eb6c352e1,953b53cb-dcf0-4d4b-a3c3-9bd95488b0d4,R S Abhishek / Siddharth Satheesan,Ishan Maitreya / Anuj Vaghani,9-8,8-9,2.0,Win,2.0,False,True,True
dac45625-c3b1-4972-bae3-60f8443bc319,953b53cb-dcf0-4d4b-a3c3-9bd95488b0d4,R S Abhishek / Siddharth Satheesan,R S Abhishek / Siddharth Satheesan,7-9,7-9,1.0,Loss,2.0,True,True,True
fc70ffe7-a636-4f18-b434-7f88ef1e390e,97f6ab71-c2c1-47e8-a0b0-6b2a1eeef2c8,Manvi Chaudhary / Kimberly Fernandez,Gehna Datwani / Sanaya Sabharwal,8-2,2-8,2.0,Win,2.0,False,True,True
abed3b08-19c0-45f8-a620-b7652db44c0d,97f6ab71-c2c1-47e8-a0b0-6b2a1eeef2c8,Manvi Chaudhary / Kimberly Fernandez,Manvi Chaudhary / Kimberly Fernandez,8-6,8-6,1.0,Win,1.0,True,True,True
1223d022-4a06-47a7-9a0c-bddb8eb3b9b0,97f6ab71-c2c1-47e8-a0b0-6b2a1eeef2c8,Manvi Chaudhary / Kimberly Fernandez,Manvi Chaudhary / Kimberly Fernandez,8-5,8-5,1.0,Win,1.0,True,True,True
27c97394-60ce-406a-a8e4-e00b76b49ac8,97f6ab71-c2c1-47e8-a0b0-6b2a1eeef2c8,Manvi Chaudhary / Kimberly Fernandez,Manvi Chaudhary / Kimberly Fernandez,"6-4, 6-3","6-4, 6-3",1.0,Win,1.0,True,True,True
dd421e1d-491c-4813-8691-10662aa5d36a,97f6ab71-c2c1-47e8-a0b0-6b2a1eeef2c8,Manvi Chaudhary / Kimberly Fernandez,Gehna Datwani / Sanaya Sabharwal,"3-6, 5-7","6-3, 7-5",2.0,Loss,1.0,False,True,True
b66f2731-a78d-4362-8caf-59be4e4d2cdb,9802f076-2946-4c70-b7af-2160f581c889,Janita Bhandari / Tara Alisha Berry,Anam Sumar / Rasha Sumar,3-8,8-3,2.0,Loss,1.0,False,True,True
c11d0483-84c9-4915-8a6e-6fe5feef2b5b,9802f076-2946-4c70-b7af-2160f581c889,Janita Bhandari / Tara Alisha Berry,Janita Bhandari / Tara Alisha Berry,3-8,3-8,1.0,Loss,2.0,True,True,True
06250efe-35a5-47af-9ada-c76020ebf27e,9802f076-2946-4c70-b7af-2160f581c889,Janita Bhandari / Tara Alisha Berry,Janita Bhandari / Tara Alisha Berry,8-3,8-3,1.0,Win,1.0,True,True,True
7e0362bc-2aab-4591-856a-294db771143e,9809aae4-939b-4443-9dd8-bfe1d06ca943,Arnav Tanna / Qahhar Padamsee,Arnav Tanna / Qahhar Padamsee,7-8,7-8,1.0,Loss,2.0,True,True,True
1c94b7fc-d8fb-4192-924a-7a889150984d,9809aae4-939b-4443-9dd8-bfe1d06ca943,Arnav Tanna / Qahhar Padamsee,Arnav Tanna / Qahhar Padamsee,4-8,4-8,1.0,Loss,2.0,True,True,True
d67ecd0d-5e2b-4463-86e2-dca1ea40b632,98307ab5-02a0-409d-b320-7c77b38a3c53,Suvir Singh / Teyjas Chaudhary,Suvir Singh / Teyjas Chaudhary,8-4,8-4,1.0,Win,1.0,True,True,True
d988aeca-2e22-4d18-9741-7dd7fc2b394b,98307ab5-02a0-409d-b320-7c77b38a3c53,Suvir Singh / Teyjas Chaudhary,Gautam Kaushal / Aman Goyal,9-4,4-9,2.0,Win,2.0,False,True,True
19571ad1-a6e0-4e8c-845d-9d316b346519,98307ab5-02a0-409d-b320-7c77b38a3c53,Suvir Singh / Teyjas Chaudhary,Suvir Singh / Teyjas Chaudhary,3-9,3-9,1.0,Loss,2.0,True,True,True
5cb8c9d5-4109-4a82-9a2d-bb615764008a,985b2093-d841-4049-8765-cc0340751f8c,Sareeka John / Shubha Abhilash,Neeti Nayak / Urmi Kothari,8-2,2-8,2.0,Win,2.0,False,True,True
f1f1b62c-83a5-4e7c-9faf-d351a20466c0,985b2093-d841-4049-8765-cc0340751f8c,Sareeka John / Shubha Abhilash,Sareeka John / Shubha Abhilash,1-8,1-8,1.0,Loss,2.0,True,True,True
b953b67f-570f-4f9d-978e-18521f0044c0,985b2093-d841-4049-8765-cc0340751f8c,Sareeka John / Shubha Abhilash,Rebecca Puthumana / Deepthi J S,"4-6, 4-6","6-4, 6-4",2.0,Loss,1.0,False,True,True
7529be38-3c30-4c0e-b3f2-4e47e1b68a3c,98d6496b-f094-4f7b-abfa-811d3f4a34b6,Aakarsh Gulati / Yash Shah,Varshil Trambadiya / Antariksh Mohandas,2-8,8-2,2.0,Loss,1.0,False,True,True
bb2d42de-e64d-417b-952e-920b31994222,98d6496b-f094-4f7b-abfa-811d3f4a34b6,Aakarsh Gulati / Yash Shah,Parikshit Somani / Paramveer Singh Bajwa,0-8,8-0,2.0,Loss,1.0,False,True,True
ae0980c7-64e7-423a-bbfa-198343369b0f,98d6496b-f094-4f7b-abfa-811d3f4a34b6,Aakarsh Gulati / Yash Shah,Taran Mundkar / Samar Malhotra,5-8,8-5,2.0,Loss,1.0,False,True,True
5c2a8bf3-b051-470e-a893-b443f7e5a93d,99aa5ae0-7537-4b6b-b6c3-e13ea17a8127,Tejas Shevde / Nishad Shevde,Tejas Shevde / Nishad Shevde,8-2,8-2,1.0,Win,1.0,True,True,True
2129de25-2b68-4bda-b4b4-ff52efbca0ee,99aa5ae0-7537-4b6b-b6c3-e13ea17a8127,Tejas Shevde / Nishad Shevde,Tejas Shevde / Nishad Shevde,8-5,8-5,1.0,Win,1.0,True,True,True
1b46e45a-a836-408a-aa1d-8e76abac735e,99aa5ae0-7537-4b6b-b6c3-e13ea17a8127,Tejas Shevde / Nishad Shevde,Tejas Shevde / Nishad Shevde,9-5,9-5,1.0,Win,1.0,True,True,True
af716ab2-fce5-4bdc-bf62-2f8c5c686ced,99aa5ae0-7537-4b6b-b6c3-e13ea17a8127,Tejas Shevde / Nishad Shevde,Tejas Shevde / Nishad Shevde,9-2,9-2,1.0,Win,1.0,True,True,True
170fb77e-07e5-4678-a2db-5eaa5634560e,99aa5ae0-7537-4b6b-b6c3-e13ea17a8127,Tejas Shevde / Nishad Shevde,Tejas Shevde / Nishad Shevde,"6-1, 1-6, 10-6","6-1, 1-6, 10-6",1.0,Win,1.0,True,True,True
72aaa95a-7430-4340-afd9-b130eb060e79,99aa5ae0-7537-4b6b-b6c3-e13ea17a8127,Tejas Shevde / Nishad Shevde,Tammineedi Jayanth / Vineeth Mutyala,"7-5, 5-7, 7-10","5-7, 7-5, 10-7",2.0,Loss,1.0,False,True,True
07e45cb7-2688-44e8-801a-da2e0b30f2ee,9a0ca379-deee-41c9-ad19-ab63a46719c4,Arjun Raju / Ganesh Raj,Arjun Raju / Ganesh Raj,8-1,8-1,1.0,Win,1.0,True,True,True
d7131bb9-325e-4ed2-9c3a-a4a7d6f28d24,9a0ca379-deee-41c9-ad19-ab63a46719c4,Arjun Raju / Ganesh Raj,Arjun Raju / Ganesh Raj,8-6,8-6,1.0,Win,1.0,True,True,True
44d82976-d394-4251-b84c-fb77b879d987,9a0ca379-deee-41c9-ad19-ab63a46719c4,Arjun Raju / Ganesh Raj,Arjun Raju / Ganesh Raj,9-5,9-5,1.0,Win,1.0,True,True,True
e071e752-9fc5-47b3-a983-87773dc673f8,9a0ca379-deee-41c9-ad19-ab63a46719c4,Arjun Raju / Ganesh Raj,George Pottamkulam / Amit Krishnan,5-9,9-5,2.0,Loss,1.0,False,True,True
dbf72f6c-06c3-4dcf-903f-a5ee6edc1a68,9b9ab185-d5f9-4822-9f86-98dcee737260,Navroze Marshall / Subal Anand,Vijay Chhabria / Sidraj Shah,5-8,8-5,2.0,Loss,1.0,False,True,True
ad502ae1-3666-479b-ae46-7681fbbf7db8,9b9ab185-d5f9-4822-9f86-98dcee737260,Navroze Marshall / Subal Anand,Navroze Marshall / Subal Anand,8-3,8-3,1.0,Win,1.0,True,True,True
685a90e4-1abc-4493-9cc0-32a7d54ec64e,9c5bc958-4151-4973-89f7-09068809dfb1,Prabhas Sharma / Shashin Shah,Prabhas Sharma / Shashin Shah,8-0,8-0,1.0,Win,1.0,True,True,True
0b4d90d9-4ced-49bb-baad-195df103ee22,9c5bc958-4151-4973-89f7-09068809dfb1,Prabhas Sharma / Shashin Shah,Prabhas Sharma / Shashin Shah,1-8,1-8,1.0,Loss,2.0,True,True,True
86d79884-6d2e-45ab-aa86-928135db61ab,9c5bc958-4151-4973-89f7-09068809dfb1,Prabhas Sharma / Shashin Shah,Prabhas Sharma / Shashin Shah,2-8,2-8,1.0,Loss,2.0,True,True,True
d915b459-9f70-4d09-b822-508e43eb6311,9c5bc958-4151-4973-89f7-09068809dfb1,Prabhas Sharma / Shashin Shah,Gagan Singh / Jonas Spinoy,8-1,1-8,2.0,Win,2.0,False,True,True
da789459-5359-4362-8f95-5401c118bd17,9db40aca-2be2-4bdd-b807-02ad8bb8bf77,Aditya Jagtap / Krishiv Patel,Aditya Jagtap / Krishiv Patel,9-1,9-1,1.0,Win,1.0,True,True,True
3299e9e4-93f1-44c7-bc08-760b8d5152f2,9db40aca-2be2-4bdd-b807-02ad8bb8bf77,Aditya Jagtap / Krishiv Patel,Aditya Jagtap / Krishiv Patel,"6-3, 6-2","6-3, 6-2",1.0,Win,1.0,True,True,True
1a2d6c10-9644-4f62-922d-8721a74b8fcc,9db40aca-2be2-4bdd-b807-02ad8bb8bf77,Aditya Jagtap / Krishiv Patel,Aditya Jagtap / Krishiv Patel,"1-6, 4-6","1-6, 4-6",1.0,Loss,2.0,True,True,True
bee905cc-e47d-4c29-b6d9-d925c36c8855,9dd10c8d-d850-4642-9043-7431470cebc9,Sagar Patodia / Ronak Bhojani,R S Abhishek / Siddharth Satheesan,1-8,8-1,2.0,Loss,1.0,False,True,True
cfc9092d-1105-4510-a717-d1d9d7659bd7,9dd10c8d-d850-4642-9043-7431470cebc9,Sagar Patodia / Ronak Bhojani,Rahul Chandwani / Rahul Khanna,0-8,8-0,2.0,Loss,1.0,False,True,True
d93ac3f6-2602-46e2-bd76-c9a34866b375,9dd10c8d-d850-4642-9043-7431470cebc9,Sagar Patodia / Ronak Bhojani,Sagar Patodia / Ronak Bhojani,0-8,0-8,1.0,Loss,2.0,True,True,True
311a314a-912c-4f11-b2b8-1d104fc57962,9dfae00e-eb77-4ee8-9f32-fb38a9a5cb3a,Prateek Gambhir / Yugantar Malhotra,Suhail Kapur / Parth Bhatia,8-5,5-8,2.0,Win,2.0,False,True,True
dab0cf52-730f-4a9f-9478-fc59b57cd431,9dfae00e-eb77-4ee8-9f32-fb38a9a5cb3a,Prateek Gambhir / Yugantar Malhotra,Tanveer Singh / Gandharv Bajaj,5-8,8-5,2.0,Loss,1.0,False,True,True
dbe39b7f-95c4-4779-9068-e4f6c7aecdb7,9dfae00e-eb77-4ee8-9f32-fb38a9a5cb3a,Prateek Gambhir / Yugantar Malhotra,Prateek Gambhir / Yugantar Malhotra,4-8,4-8,1.0,Loss,2.0,True,True,True
259f6412-478a-4092-b523-0259e613afff,9dfae00e-eb77-4ee8-9f32-fb38a9a5cb3a,Prateek Gambhir / Yugantar Malhotra,Arjun Raju / Abhinav Grover,9-7,7-9,2.0,Win,2.0,False,True,True
e879779d-50ab-4e02-ac2c-0339e4379b93,9dfae00e-eb77-4ee8-9f32-fb38a9a5cb3a,Prateek Gambhir / Yugantar Malhotra,Mayank Daga / Shikhar Kumar,5-9,9-5,2.0,Loss,1.0,False,True,True
0e432ae9-5a13-47fe-b532-c9e0b66e2f86,9e152937-edcc-4e21-b44d-ae8474746725,Nikita Hingorani / Dheeya Somaiya,Gayathri Sanjeev / Sunaina Vasudev,8-1,1-8,2.0,Win,2.0,False,True,True
c11d0483-84c9-4915-8a6e-6fe5feef2b5b,9e152937-edcc-4e21-b44d-ae8474746725,Nikita Hingorani / Dheeya Somaiya,Janita Bhandari / Tara Alisha Berry,8-3,3-8,2.0,Win,2.0,False,True,True
7c17ae7a-a234-4ff5-b12c-2f0b6d8b2fa8,9e152937-edcc-4e21-b44d-ae8474746725,Nikita Hingorani / Dheeya Somaiya,Anam Sumar / Rasha Sumar,8-5,5-8,2.0,Win,2.0,False,True,True
9d82e9f2-86bb-49ce-971b-8aecc1e5af25,9e152937-edcc-4e21-b44d-ae8474746725,Nikita Hingorani / Dheeya Somaiya,Nikita Hingorani / Dheeya Somaiya,"6-2, 2-6, 7-10","6-2, 2-6, 7-10",1.0,Loss,2.0,True,True,True
efcba6b9-d4dc-41fa-be2c-706d9c1bd18f,9ea9d377-325c-4e5e-8973-2502b62cf1fa,Divy Kothari / Priynash Kothari,Divy Kothari / Priynash Kothari,5-8,5-8,1.0,Loss,2.0,True,True,True
84c5b5b0-306a-4212-871a-365c1df1a5c1,9ea9d377-325c-4e5e-8973-2502b62cf1fa,Divy Kothari / Priynash Kothari,Divy Kothari / Priynash Kothari,3-8,3-8,1.0,Loss,2.0,True,True,True
1b9cb0fa-206d-4384-b6d6-9d85e2252487,9ea9d377-325c-4e5e-8973-2502b62cf1fa,Divy Kothari / Priynash Kothari,Shaan Shah / Kushe Bahl,1-8,8-1,2.0,Loss,1.0,False,True,True
d5acc7f4-507f-4015-96bb-abf35857dae3,9f517b47-d5b5-40bf-b85e-7f0f4f5d3a31,Neha Mehta / Nikhila Palat,Shraddha Damani / Tulsi Mehta,4-8,8-4,2.0,Loss,1.0,False,True,True
b1cc436d-5382-4c14-93cd-80c4187ec8a3,9f517b47-d5b5-40bf-b85e-7f0f4f5d3a31,Neha Mehta / Nikhila Palat,Tishya Sagar / Suhani Sabharwal,8-5,5-8,2.0,Win,2.0,False,True,True
9ad09a70-a50b-4a87-96b0-bb6ca1f1f6f2,9f517b47-d5b5-40bf-b85e-7f0f4f5d3a31,Neha Mehta / Nikhila Palat,Estelle Mehta / Anisha Mirchandani,"6-7, 5-7","7-6(7-5), 7-5",2.0,Loss,1.0,False,True,True
32e2f1fd-a1a6-4932-a63d-8cae457719ed,a0b09769-2ade-400c-ad97-c3f1d6ada866,George Pottamkulam / Amit Krishnan,George Pottamkulam / Amit Krishnan,8-2,8-2,1.0,Win,1.0,True,True,True
b2a52d91-deff-4c8e-b442-b5793d94b3f0,a0b09769-2ade-400c-ad97-c3f1d6ada866,George Pottamkulam / Amit Krishnan,George Pottamkulam / Amit Krishnan,8-5,8-5,1.0,Win,1.0,True,True,True
f0e009e9-0394-4884-9536-31ab4b0da1ae,a0b09769-2ade-400c-ad97-c3f1d6ada866,George Pottamkulam / Amit Krishnan,George Pottamkulam / Amit Krishnan,9-6,9-6,1.0,Win,1.0,True,True,True
e071e752-9fc5-47b3-a983-87773dc673f8,a0b09769-2ade-400c-ad97-c3f1d6ada866,George Pottamkulam / Amit Krishnan,George Pottamkulam / Amit Krishnan,9-5,9-5,1.0,Win,1.0,True,True,True
9c48437f-96c8-4026-bfb3-6f1c79289e66,a0b09769-2ade-400c-ad97-c3f1d6ada866,George Pottamkulam / Amit Krishnan,George Pottamkulam / Amit Krishnan,,,1.0,Win,1.0,True,True,True
85aaea17-98d6-408e-af3c-8d4787b1e702,a0b09769-2ade-400c-ad97-c3f1d6ada866,George Pottamkulam / Amit Krishnan,Raaghav Sharma Bagga / Yuvraj mehta,"5-7, 1-6","7-5, 6-1",2.0,Loss,1.0,False,True,True
28d43da7-156c-4429-82cc-17339629ca71,a13eb3e0-3914-4555-b6be-287c89850654,Ziaan Talab / Madhu Samtani,Rahul Motwani / Ishaan Choubal,4-8,8-4,,Loss,1.0,False,False,True
2d0e8143-5d63-41a8-b52d-58face782dae,a13eb3e0-3914-4555-b6be-287c89850654,Ziaan Talab / Madhu Samtani,Advait Bahl / Bhagya Popat,8-4,4-8,,Win,2.0,False,False,True
c56c1b31-a99c-41ba-888e-1cd12be4b4bb,a13eb3e0-3914-4555-b6be-287c89850654,Ziaan Talab / Madhu Samtani,Arjun Jashani / Tanay Mehta,5-8,8-5,,Loss,1.0,False,False,True
d0b6aadb-32a7-4342-92a5-c648e1c4f245,a22aeff4-2486-4ed2-8fed-e4063f29de9f,Kyra Pereira / Adhiraj Bhattacharya,Rhea Jiandani / Mayank Daga,8-2,2-8,2.0,Win,2.0,False,True,True
47c4fce8-b158-43e7-be57-967f85c3ed6c,a22aeff4-2486-4ed2-8fed-e4063f29de9f,Kyra Pereira / Adhiraj Bhattacharya,Kanchan Sharma / Mikhail Mehra,8-4,4-8,2.0,Win,2.0,False,True,True
00c2a7d5-329c-4d61-bd28-d1a701e6ea4c,a22aeff4-2486-4ed2-8fed-e4063f29de9f,Kyra Pereira / Adhiraj Bhattacharya,Suhani Sabharwal / Bhagya Popat,4-8,8-4,2.0,Loss,1.0,False,True,True
46f5dbe8-469f-410a-b690-471befb2cb36,a49f1be2-0fd0-4ea7-81e9-c04f42d129ed,Ishan Maitreya / Anuj Vaghani,Ahmed Merchant / Abdul Rehman,8-0,0-8,2.0,Win,2.0,False,True,True
3b0e4c13-c133-41ac-9ae8-c2f9b1436b72,a49f1be2-0fd0-4ea7-81e9-c04f42d129ed,Ishan Maitreya / Anuj Vaghani,Nandish Shah / Farhan Patrawala,3-9,9-3,2.0,Loss,1.0,False,True,True
cfad9065-e732-4e0a-8e37-02317b378de5,a49f1be2-0fd0-4ea7-81e9-c04f42d129ed,Ishan Maitreya / Anuj Vaghani,Ishan Maitreya / Anuj Vaghani,8-6,8-6,1.0,Win,1.0,True,True,True
3cbf936c-df75-4d85-8701-3f39fa15c76c,a49f1be2-0fd0-4ea7-81e9-c04f42d129ed,Ishan Maitreya / Anuj Vaghani,Ishan Maitreya / Anuj Vaghani,8-3,8-3,1.0,Win,1.0,True,True,True
1320c2f9-d0a4-4412-8894-28a7ec4c67a0,a49f1be2-0fd0-4ea7-81e9-c04f42d129ed,Ishan Maitreya / Anuj Vaghani,Raghav Bansal / Karan Bansal,8-2,2-8,2.0,Win,2.0,False,True,True
55771c84-b310-4a48-88cb-c76eb6c352e1,a49f1be2-0fd0-4ea7-81e9-c04f42d129ed,Ishan Maitreya / Anuj Vaghani,Ishan Maitreya / Anuj Vaghani,8-9,8-9,1.0,Loss,2.0,True,True,True
3cf2b617-81ef-4a6a-8072-26feca265196,a54ba179-7fc9-4533-9eaa-c2c09da3f061,Akhil Bansal / Nikhil Bansal,Akhil Bansal / Nikhil Bansal,9-0,9-0,1.0,Win,1.0,True,True,True
fa60cd66-96a4-4dbb-9c18-2ace5b6bbfba,a54ba179-7fc9-4533-9eaa-c2c09da3f061,Akhil Bansal / Nikhil Bansal,Akhil Bansal / Nikhil Bansal,9-6,9-6,1.0,Win,1.0,True,True,True
63cd9cba-191a-4c5e-ab00-0b022e5fb187,a54ba179-7fc9-4533-9eaa-c2c09da3f061,Akhil Bansal / Nikhil Bansal,Raaghav Sharma Bagga / Yuvraj mehta,"6-3, 1-6, 5-10","3-6, 6-1, 10-5",2.0,Loss,1.0,False,True,True
6dafb7fc-1e8a-420f-8894-33c6879cd0ce,a57ef4ab-a62e-4b71-a4d2-0f267dea2626,Samar Malhotra / Aryan Goveas,Samar Malhotra / Aryan Goveas,9-0,9-0,1.0,Win,1.0,True,True,True
2d8cbdbf-5ade-4e36-83af-909f44dfa581,a57ef4ab-a62e-4b71-a4d2-0f267dea2626,Samar Malhotra / Aryan Goveas,Samar Malhotra / Aryan Goveas,"6-4, 6-3","6-4, 6-3",1.0,Win,1.0,True,True,True
1a2d6c10-9644-4f62-922d-8721a74b8fcc,a57ef4ab-a62e-4b71-a4d2-0f267dea2626,Samar Malhotra / Aryan Goveas,Aditya Jagtap / Krishiv Patel,"6-1, 6-4","1-6, 4-6",2.0,Win,2.0,False,True,True
1b747b02-55a5-4572-b3ad-f7ef5dae98e2,a6242ca3-df1f-43fa-bde1-8577a761d180,Shireen Mahajan / Sukhmani Grewal,Shireen Mahajan / Sukhmani Grewal,8-3,8-3,1.0,Win,1.0,True,True,True
946ee148-054e-4f74-a58a-1626ba3218aa,a6242ca3-df1f-43fa-bde1-8577a761d180,Shireen Mahajan / Sukhmani Grewal,Ritika Choudhary / Nupur Gupta,8-3,3-8,2.0,Win,2.0,False,True,True
ac56fbd7-2fb9-4c1e-836c-d48b127f77ef,a6242ca3-df1f-43fa-bde1-8577a761d180,Shireen Mahajan / Sukhmani Grewal,Shireen Mahajan / Sukhmani Grewal,9-2,9-2,1.0,Win,1.0,True,True,True
ecef1827-acee-44ab-9da2-7d8b3599c14f,a6242ca3-df1f-43fa-bde1-8577a761d180,Shireen Mahajan / Sukhmani Grewal,Shireen Mahajan / Sukhmani Grewal,"0-6, 3-6","0-6, 3-6",1.0,Loss,2.0,True,True,True
e69eb33e-8e3a-4032-b77b-6a61941ad09c,a66e6971-acb3-41a9-afd1-95c516c348ea,Atul Gupta / Ankit Doshi,Pratik Doshi / Harsh Parekh,7-8,8-7,2.0,Loss,1.0,False,True,True
2c84a691-0c5c-4b3c-ad57-7a88a7449a77,a66e6971-acb3-41a9-afd1-95c516c348ea,Atul Gupta / Ankit Doshi,Atul Gupta / Ankit Doshi,8-2,8-2,1.0,Win,1.0,True,True,True
7e0362bc-2aab-4591-856a-294db771143e,a74d7503-db0f-4bca-a110-dd6096dd51a3,Ankit Bhalwankar / Rajesh Shing,Arnav Tanna / Qahhar Padamsee,8-7,7-8,2.0,Win,2.0,False,True,True
a4079a0d-e715-46c7-90bf-b2a5ced67308,a74d7503-db0f-4bca-a110-dd6096dd51a3,Ankit Bhalwankar / Rajesh Shing,Ankit Bhalwankar / Rajesh Shing,2-8,2-8,1.0,Loss,2.0,True,True,True
dd3b1951-91df-4dc3-afed-c00cff51bc0a,a791964a-f0c5-42b4-8325-828bd695b346,Mayank Daga / Shikhar Kumar,Mehul Bansal / Vaibhav Sahni,3-8,8-3,2.0,Loss,1.0,False,True,True
17c5ad30-6d2e-4667-aa7f-b7ad341d6c42,a791964a-f0c5-42b4-8325-828bd695b346,Mayank Daga / Shikhar Kumar,Yashvardhan Sarda / Suyash Vishnoi,8-4,4-8,2.0,Win,2.0,False,True,True
8965bf59-4412-474c-b76e-07eb745e1840,a791964a-f0c5-42b4-8325-828bd695b346,Mayank Daga / Shikhar Kumar,Raghul Arvind / Tushar Jain,8-4,4-8,2.0,Win,2.0,False,True,True
cbb39a90-11a5-4431-af3b-1433dd4d70b7,a791964a-f0c5-42b4-8325-828bd695b346,Mayank Daga / Shikhar Kumar,Mayank Daga / Shikhar Kumar,9-8,9-8,1.0,Win,1.0,True,True,True
e879779d-50ab-4e02-ac2c-0339e4379b93,a791964a-f0c5-42b4-8325-828bd695b346,Mayank Daga / Shikhar Kumar,Mayank Daga / Shikhar Kumar,9-5,9-5,1.0,Win,1.0,True,True,True
170fb77e-07e5-4678-a2db-5eaa5634560e,a791964a-f0c5-42b4-8325-828bd695b346,Mayank Daga / Shikhar Kumar,Tejas Shevde / Nishad Shevde,"1-6, 6-1, 6-10","6-1, 1-6, 10-6",2.0,Loss,1.0,False,True,True
fbeeb918-0986-4dce-80f8-e53ea737c1ca,a821843c-1fe8-46ab-a563-39a2ac3b982e,Shelton Mathew / Vishnu Shetty,Shelton Mathew / Vishnu Shetty,,,1.0,Win,1.0,True,True,True
3ab9f696-daff-4f10-b023-04c8140cd69f,a821843c-1fe8-46ab-a563-39a2ac3b982e,Shelton Mathew / Vishnu Shetty,Shelton Mathew / Vishnu Shetty,8-1,8-1,1.0,Win,1.0,True,True,True
1c9acab4-6a7a-49b4-b352-ca1abbbed6aa,a821843c-1fe8-46ab-a563-39a2ac3b982e,Shelton Mathew / Vishnu Shetty,Arnav Sanjeev / Sahil Kaushal,2-8,8-2,2.0,Loss,1.0,False,True,True
d2b9d0e8-64b3-4da3-a540-b05d00b6923c,a821843c-1fe8-46ab-a563-39a2ac3b982e,Shelton Mathew / Vishnu Shetty,Udhay Mahajan / Mayank Oberoi,0-9,9-0,2.0,Loss,1.0,False,True,True
ec406bc0-c591-43c5-86db-f5dba7d68e11,a84c245a-00fe-4ed3-b3a4-75028b634941,Pooja Bhammer / Ishita Dharnidharka,Pooja Bhammer / Ishita Dharnidharka,7-8,7-8,1.0,Loss,2.0,True,True,True
27493bd5-a163-47e3-b3c3-bed27f3a623c,a84c245a-00fe-4ed3-b3a4-75028b634941,Pooja Bhammer / Ishita Dharnidharka,Gehna Datwani / Sanaya Sabharwal,2-8,8-2,2.0,Loss,1.0,False,True,True
1223d022-4a06-47a7-9a0c-bddb8eb3b9b0,a84c245a-00fe-4ed3-b3a4-75028b634941,Pooja Bhammer / Ishita Dharnidharka,Manvi Chaudhary / Kimberly Fernandez,5-8,8-5,2.0,Loss,1.0,False,True,True
4b418f10-59cf-442e-b2ca-856b33d83cba,a855af93-c390-4b32-9887-e39a874377df,Arnav Sanjeev / Sahil Kaushal,Arnav Sanjeev / Sahil Kaushal,8-1,8-1,1.0,Win,1.0,True,True,True
245e0caa-0caa-4e08-a19b-77b08ade6eb8,a855af93-c390-4b32-9887-e39a874377df,Arnav Sanjeev / Sahil Kaushal,Arnav Sanjeev / Sahil Kaushal,8-1,8-1,1.0,Win,1.0,True,True,True
1c9acab4-6a7a-49b4-b352-ca1abbbed6aa,a855af93-c390-4b32-9887-e39a874377df,Arnav Sanjeev / Sahil Kaushal,Arnav Sanjeev / Sahil Kaushal,8-2,8-2,1.0,Win,1.0,True,True,True
c7f7ab0a-3914-475f-ac77-6b8c1e2c7f84,a855af93-c390-4b32-9887-e39a874377df,Arnav Sanjeev / Sahil Kaushal,Arnav Sanjeev / Sahil Kaushal,9-8,9-8,1.0,Win,1.0,True,True,True
c296588d-6347-4bb1-918c-a8ba7fa65f96,a855af93-c390-4b32-9887-e39a874377df,Arnav Sanjeev / Sahil Kaushal,Udhay Mahajan / Mayank Oberoi,9-5,5-9,2.0,Win,2.0,False,True,True
e4f30ae8-b7db-4100-a100-a37ce259f47c,a855af93-c390-4b32-9887-e39a874377df,Arnav Sanjeev / Sahil Kaushal,Arnav Sanjeev / Sahil Kaushal,"5-7, 1-6","5-7, 1-6",1.0,Loss,2.0,True,True,True
62b8fab9-fd99-4133-831e-503c22a36888,a8716cfd-5d35-417a-bf7f-cc12277c615b,Sonashe Bhatnagar / Dhwani Kumar,Estelle Mehta / Anisha Mirchandani,3-8,8-3,2.0,Loss,1.0,False,True,True
1f6997a5-4271-404b-ad04-58cc5b3d5267,a8716cfd-5d35-417a-bf7f-cc12277c615b,Sonashe Bhatnagar / Dhwani Kumar,Kimaya Mehta / Pia Kothari,4-8,8-4,2.0,Loss,1.0,False,True,True
6eba4cbb-edc5-4695-aa10-5242efd44d7f,a8725d43-8928-4958-ace6-183c3a63c538,Steisha Buddhala / Amy Bundhel,Steisha Buddhala / Amy Bundhel,"6-3, 5-7, 6-4","6-3, 5-7, 6-4",1.0,Win,1.0,True,True,True
0e432ae9-5a13-47fe-b532-c9e0b66e2f86,a89dd697-d603-4ea7-a6b6-610d8328aabe,Gayathri Sanjeev / Sunaina Vasudev,Gayathri Sanjeev / Sunaina Vasudev,1-8,1-8,1.0,Loss,2.0,True,True,True
d828bc6b-341b-4d92-84c4-b56c530855fc,a89dd697-d603-4ea7-a6b6-610d8328aabe,Gayathri Sanjeev / Sunaina Vasudev,Anam Sumar / Rasha Sumar,1-8,8-1,2.0,Loss,1.0,False,True,True
06250efe-35a5-47af-9ada-c76020ebf27e,a89dd697-d603-4ea7-a6b6-610d8328aabe,Gayathri Sanjeev / Sunaina Vasudev,Janita Bhandari / Tara Alisha Berry,3-8,8-3,2.0,Loss,1.0,False,True,True
62b8fab9-fd99-4133-831e-503c22a36888,a8f6711d-8415-49af-afc4-f8f9a3913a3e,Estelle Mehta / Anisha Mirchandani,Estelle Mehta / Anisha Mirchandani,8-3,8-3,1.0,Win,1.0,True,True,True
9ad09a70-a50b-4a87-96b0-bb6ca1f1f6f2,a8f6711d-8415-49af-afc4-f8f9a3913a3e,Estelle Mehta / Anisha Mirchandani,Estelle Mehta / Anisha Mirchandani,"7-6, 7-5","7-6(7-5), 7-5",1.0,Win,1.0,True,True,True
adbb6c00-a8ba-4375-9587-69d1cca2a654,a8f6711d-8415-49af-afc4-f8f9a3913a3e,Estelle Mehta / Anisha Mirchandani,Shraddha Damani / Tulsi Mehta,"4-6, 2-6","6-4, 6-2",2.0,Loss,1.0,False,True,True
fbc00756-0157-4df4-9c71-89dfcd69351d,a8f6711d-8415-49af-afc4-f8f9a3913a3e,Estelle Mehta / Anisha Mirchandani,Estelle Mehta / Anisha Mirchandani,8-1,8-1,1.0,Win,1.0,True,True,True
d533b386-b463-40b5-92fb-1e7e5969d719,a8f6711d-8415-49af-afc4-f8f9a3913a3e,Estelle Mehta / Anisha Mirchandani,Estelle Mehta / Anisha Mirchandani,5-8,5-8,1.0,Loss,2.0,True,True,True
a4f283e9-74a3-4ca5-801e-f5f9f608896d,a8f6711d-8415-49af-afc4-f8f9a3913a3e,Estelle Mehta / Anisha Mirchandani,Vaibhavi Deshmukh / Namita Bal,2-8,8-2,2.0,Loss,1.0,False,True,True
7401bd43-1300-49b6-a846-d1548ed7ab61,aa07326e-0383-4295-8cde-4e336a0dd7f7,Praneet Chawla / Sidharth Ugrankar,Vijay Chhabria / Sidraj Shah,1-8,8-1,2.0,Loss,1.0,False,True,True
ad502ae1-3666-479b-ae46-7681fbbf7db8,aa07326e-0383-4295-8cde-4e336a0dd7f7,Praneet Chawla / Sidharth Ugrankar,Navroze Marshall / Subal Anand,3-8,8-3,2.0,Loss,1.0,False,True,True
2bdb9416-b055-4eab-8850-09fcb562eb10,aa66801a-85de-41fe-b8d3-c5deb7346bbe,Gabriella Demetriades / Amaya Kothari,Sanya Khan / Sonia Rathee,5-8,8-5,2.0,Loss,1.0,False,True,True
ffa2a444-c60d-4978-a937-4c37f0857430,aa66801a-85de-41fe-b8d3-c5deb7346bbe,Gabriella Demetriades / Amaya Kothari,Vanshika Kaji / Priyanka Kapadia,8-2,2-8,2.0,Win,2.0,False,True,True
3cf2b617-81ef-4a6a-8072-26feca265196,ab58ef43-8f50-4f4e-a45b-1087ae59ee35,Akhil Bansal / Nikhil Bansal,Akhil Bansal / Nikhil Bansal,9-0,9-0,1.0,Win,1.0,True,True,True
fa60cd66-96a4-4dbb-9c18-2ace5b6bbfba,ab58ef43-8f50-4f4e-a45b-1087ae59ee35,Akhil Bansal / Nikhil Bansal,Akhil Bansal / Nikhil Bansal,9-6,9-6,1.0,Win,1.0,True,True,True
63cd9cba-191a-4c5e-ab00-0b022e5fb187,ab58ef43-8f50-4f4e-a45b-1087ae59ee35,Akhil Bansal / Nikhil Bansal,Raaghav Sharma Bagga / Yuvraj mehta,"6-3, 1-6, 5-10","3-6, 6-1, 10-5",2.0,Loss,1.0,False,True,True
80bc7e35-f267-4d2b-8f2a-0c0439abe7b3,ab6b85a1-dd20-44e5-893f-e488cc31bb88,Ahmed Merchant / Abdul Rehman,Karan Tandon / Anjan Vachhani,5-8,8-5,2.0,Loss,1.0,False,True,True
46f5dbe8-469f-410a-b690-471befb2cb36,ab6b85a1-dd20-44e5-893f-e488cc31bb88,Ahmed Merchant / Abdul Rehman,Ahmed Merchant / Abdul Rehman,0-8,0-8,1.0,Loss,2.0,True,True,True
efcba6b9-d4dc-41fa-be2c-706d9c1bd18f,ac9d1c3d-1aac-4acc-8ad0-1325faa75e44,Divy Kothari / Priynash Kothari,Divy Kothari / Priynash Kothari,5-8,5-8,1.0,Loss,2.0,True,True,True
84c5b5b0-306a-4212-871a-365c1df1a5c1,ac9d1c3d-1aac-4acc-8ad0-1325faa75e44,Divy Kothari / Priynash Kothari,Divy Kothari / Priynash Kothari,3-8,3-8,1.0,Loss,2.0,True,True,True
1b9cb0fa-206d-4384-b6d6-9d85e2252487,ac9d1c3d-1aac-4acc-8ad0-1325faa75e44,Divy Kothari / Priynash Kothari,Shaan Shah / Kushe Bahl,1-8,8-1,2.0,Loss,1.0,False,True,True
7dd225a1-76ce-4dcb-b102-551b8cd04203,acfa1b86-681a-4b86-91f3-09eba5e486f5,Mikhail Mehra / Akshay Rai,Rishabh Kalokhe / Kriday Sethi,8-4,4-8,2.0,Win,2.0,False,True,True
7a3d1d5f-5e2b-41d9-aece-6e1310543043,acfa1b86-681a-4b86-91f3-09eba5e486f5,Mikhail Mehra / Akshay Rai,Sheehan Furtado / Arik Badami,8-6,6-8,2.0,Win,2.0,False,True,True
b5aebce7-6175-4021-a390-1a68cc02c686,acfa1b86-681a-4b86-91f3-09eba5e486f5,Kanchan Sharma / Mikhail Mehra,Kanchan Sharma / Mikhail Mehra,5-8,5-8,1.0,Loss,2.0,True,True,True
47c4fce8-b158-43e7-be57-967f85c3ed6c,acfa1b86-681a-4b86-91f3-09eba5e486f5,Kanchan Sharma / Mikhail Mehra,Kanchan Sharma / Mikhail Mehra,4-8,4-8,1.0,Loss,2.0,True,True,True
22396d1b-d6e9-4505-bbdb-4fd301a691be,acfa1b86-681a-4b86-91f3-09eba5e486f5,Kanchan Sharma / Mikhail Mehra,Rhea Jiandani / Mayank Daga,5-8,8-5,2.0,Loss,1.0,False,True,True
cbb39a90-11a5-4431-af3b-1433dd4d70b7,acfa1b86-681a-4b86-91f3-09eba5e486f5,Mikhail Mehra / Akshay Rai,Mayank Daga / Shikhar Kumar,8-9,9-8,2.0,Loss,1.0,False,True,True
ec406bc0-c591-43c5-86db-f5dba7d68e11,ad10e469-9f1c-4814-a624-01e88f087c2e,Pooja Bhammer / Ishita Dharnidharka,Pooja Bhammer / Ishita Dharnidharka,7-8,7-8,1.0,Loss,2.0,True,True,True
27493bd5-a163-47e3-b3c3-bed27f3a623c,ad10e469-9f1c-4814-a624-01e88f087c2e,Pooja Bhammer / Ishita Dharnidharka,Gehna Datwani / Sanaya Sabharwal,2-8,8-2,2.0,Loss,1.0,False,True,True
1223d022-4a06-47a7-9a0c-bddb8eb3b9b0,ad10e469-9f1c-4814-a624-01e88f087c2e,Pooja Bhammer / Ishita Dharnidharka,Manvi Chaudhary / Kimberly Fernandez,5-8,8-5,2.0,Loss,1.0,False,True,True
80bc7e35-f267-4d2b-8f2a-0c0439abe7b3,ad7a226c-306a-42ae-ad22-7cdd8beb4077,Ahmed Merchant / Abdul Rehman,Karan Tandon / Anjan Vachhani,5-8,8-5,2.0,Loss,1.0,False,True,True
46f5dbe8-469f-410a-b690-471befb2cb36,ad7a226c-306a-42ae-ad22-7cdd8beb4077,Ahmed Merchant / Abdul Rehman,Ahmed Merchant / Abdul Rehman,0-8,0-8,1.0,Loss,2.0,True,True,True
4efd1c25-c502-471c-97d0-6388485dc590,ada1590f-1a1e-4731-8de2-57450fdc001d,Devi Nayar / Aswti Mannali,Devi Nayar / Aswti Mannali,,,1.0,Win,1.0,True,True,True
98bdde72-766a-4194-9fc6-ad074747233a,ada1590f-1a1e-4731-8de2-57450fdc001d,Devi Nayar / Aswti Mannali,Niti Mehta / Alisha Aggarwal,0-8,8-0,2.0,Loss,1.0,False,True,True
9e28f510-b71a-4e59-9281-89c55e6954b4,ada1590f-1a1e-4731-8de2-57450fdc001d,Devi Nayar / Aswti Mannali,Raksha Bhaskar / Gayatri Nair,0-8,8-0,2.0,Loss,1.0,False,True,True
1f6af0cd-da17-4f06-a093-2fe76f607814,ae03412d-d2a1-4b89-a934-a895d52f8a9d,Raaghav Sharma Bagga / Yuvraj mehta,Kaiz Jaffer / Varun Dattani,9-2,2-9,2.0,Win,2.0,False,True,True
63cd9cba-191a-4c5e-ab00-0b022e5fb187,ae03412d-d2a1-4b89-a934-a895d52f8a9d,Raaghav Sharma Bagga / Yuvraj mehta,Raaghav Sharma Bagga / Yuvraj mehta,"3-6, 6-1, 10-5","3-6, 6-1, 10-5",1.0,Win,1.0,True,True,True
85aaea17-98d6-408e-af3c-8d4787b1e702,ae03412d-d2a1-4b89-a934-a895d52f8a9d,Raaghav Sharma Bagga / Yuvraj mehta,Raaghav Sharma Bagga / Yuvraj mehta,"7-5, 6-1","7-5, 6-1",1.0,Win,1.0,True,True,True
3aed20fe-7bf8-48f3-8714-3cc87b1798e7,ae8b1a91-6f43-4946-a637-1ff416a7042a,Ryan Carroll / Ryan Carroll Partner,Ryan Carroll / Ryan Carroll Partner,4-8,4-8,1.0,Loss,2.0,True,True,True
6ac13b36-4e0d-48d5-a899-7d8f30bcd755,ae8b1a91-6f43-4946-a637-1ff416a7042a,Ryan Carroll / Ryan Carroll Partner,Rhea Mathews / Joel Duarte,2-8,8-2,2.0,Loss,1.0,False,True,True
78d30b0a-023a-48df-ad9c-2fd01df295da,ae8b1a91-6f43-4946-a637-1ff416a7042a,Ryan Carroll / Ryan Carroll Partner,Namita Bal / Aditya Jagtap,0-8,8-0,2.0,Loss,1.0,False,True,True
ec406bc0-c591-43c5-86db-f5dba7d68e11,ae91f022-a8d7-4512-9c62-7ad7beb36a5c,Veda Bhambhani / Vedika Chamria,Pooja Bhammer / Ishita Dharnidharka,8-7,7-8,2.0,Win,2.0,False,True,True
abed3b08-19c0-45f8-a620-b7652db44c0d,ae91f022-a8d7-4512-9c62-7ad7beb36a5c,Veda Bhambhani / Vedika Chamria,Manvi Chaudhary / Kimberly Fernandez,6-8,8-6,2.0,Loss,1.0,False,True,True
972711ab-07af-48b2-b015-b11d6af742b4,ae91f022-a8d7-4512-9c62-7ad7beb36a5c,Veda Bhambhani / Vedika Chamria,Gehna Datwani / Sanaya Sabharwal,3-8,8-3,2.0,Loss,1.0,False,True,True
aeb8d31c-a284-49fe-8a58-84c758c845e8,aef676e5-8cb2-47d3-a13f-4d68a9085e96,Raghul Arvind / Subramanian Shivshankaran,Raghul Arvind / Subramanian Shivshankaran,1-8,1-8,1.0,Loss,2.0,True,True,True
04df15cd-6adc-4fa3-936f-b86e61306e26,aef676e5-8cb2-47d3-a13f-4d68a9085e96,Raghul Arvind / Subramanian Shivshankaran,Shaan Shah / Sandip Sabharwal,1-8,8-1,2.0,Loss,1.0,False,True,True
46bb7719-eca4-43d3-8f5a-37b123df3eba,aef676e5-8cb2-47d3-a13f-4d68a9085e96,Raghul Arvind / Subramanian Shivshankaran,Vishal Thomas / Terence Thomas,1-8,8-1,2.0,Loss,1.0,False,True,True
b833fe8a-b2a1-4a6c-bd96-2ca57c7e6219,b0670242-4895-4197-85fa-31c10b0953e7,Royce Raju Beena / James Joseph,Siddhant Gupta / Aman Makan,6-8,8-6,2.0,Loss,1.0,False,True,True
7fd50a99-b851-4425-baa7-111e3f4c112d,b0670242-4895-4197-85fa-31c10b0953e7,Royce Raju Beena / James Joseph,Royce Raju Beena / James Joseph,8-6,8-6,1.0,Win,1.0,True,True,True
36afdf01-332e-4b31-acb7-193c0f9954ae,b0670242-4895-4197-85fa-31c10b0953e7,Royce Raju Beena / James Joseph,Royce Raju Beena / James Joseph,7-8,7-8,1.0,Loss,2.0,True,True,True
03e3d1fe-fea2-4898-a94f-770efe9d8f00,b0670242-4895-4197-85fa-31c10b0953e7,Royce Raju Beena / James Joseph,Muhammed Ajmal / Aravind Kannan,2-9,9-2,2.0,Loss,1.0,False,True,True
f80a7c18-5b62-4194-a70c-01ccae2bc161,b0ab65aa-1c74-4f18-943e-2e151c440ef4,Manav Sreekumar / Omar Sumar,Aryan Hemdev / Porus Shroff,3-8,8-3,2.0,Loss,1.0,False,True,True
d39726c0-f0ae-480c-a453-8de3b8cc55ae,b0ab65aa-1c74-4f18-943e-2e151c440ef4,Manav Sreekumar / Omar Sumar,Manav Sreekumar / Omar Sumar,6-8,6-8,1.0,Loss,2.0,True,True,True
1f97db07-67f9-4200-9399-271f5d1449d4,b0ab65aa-1c74-4f18-943e-2e151c440ef4,Manav Sreekumar / Omar Sumar,Manav Sreekumar / Omar Sumar,5-8,5-8,1.0,Loss,2.0,True,True,True
f7cadaf6-ba89-4418-aea4-d9dd92e7c127,b178e479-c490-48b3-85f0-5c8443c1bad4,Raghul Arvind / Tushar Jain,Yashvardhan Sarda / Suyash Vishnoi,3-8,8-3,2.0,Loss,1.0,False,True,True
bda9fa26-bb02-40cb-a84d-75aff8122619,b178e479-c490-48b3-85f0-5c8443c1bad4,Raghul Arvind / Tushar Jain,Mehul Bansal / Vaibhav Sahni,5-8,8-5,2.0,Loss,1.0,False,True,True
8965bf59-4412-474c-b76e-07eb745e1840,b178e479-c490-48b3-85f0-5c8443c1bad4,Raghul Arvind / Tushar Jain,Raghul Arvind / Tushar Jain,4-8,4-8,1.0,Loss,2.0,True,True,True
7e5d0998-c7f4-494b-ab9a-3f10bc3c88dc,b1863a39-a660-43dd-8e1c-830d77223fe7,Abhi Panchu / Mukund Muthanna,Rajat Jain / Pratik Makkar,8-3,3-8,2.0,Win,2.0,False,True,True
bb6aea0d-a48b-49cb-b2cd-5dd38b7dfc6c,b1863a39-a660-43dd-8e1c-830d77223fe7,Abhi Panchu / Mukund Muthanna,Abhi Panchu / Mukund Muthanna,9-4,9-4,1.0,Win,1.0,True,True,True
19571ad1-a6e0-4e8c-845d-9d316b346519,b1863a39-a660-43dd-8e1c-830d77223fe7,Abhi Panchu / Mukund Muthanna,Suvir Singh / Teyjas Chaudhary,9-3,3-9,2.0,Win,2.0,False,True,True
e4f30ae8-b7db-4100-a100-a37ce259f47c,b1863a39-a660-43dd-8e1c-830d77223fe7,Abhi Panchu / Mukund Muthanna,Arnav Sanjeev / Sahil Kaushal,"7-5, 6-1","5-7, 1-6",2.0,Win,2.0,False,True,True
280fd1a3-0a64-430a-96e4-82ea8239e260,b1863a39-a660-43dd-8e1c-830d77223fe7,Mukund Muthanna / Mukund Muthanna Partner,Mukund Muthanna / Mukund Muthanna Partner,,,1.0,Loss,2.0,True,True,True
bb46c168-6626-446c-af22-65884f347b73,b1863a39-a660-43dd-8e1c-830d77223fe7,Mukund Muthanna / Mukund Muthanna Partner,Mukund Muthanna / Mukund Muthanna Partner,,,1.0,Loss,2.0,True,True,True
ce281b7a-9667-41c8-9405-c6cc68d6f114,b1c844a3-4542-40b3-8abc-7bd5de93f10b,Junaiz Odakkal / Aadil Abdul Azeez,Junaiz Odakkal / Aadil Abdul Azeez,6-8,6-8,1.0,Loss,2.0,True,True,True
024c08f8-f9ee-48ed-9283-4e7f74dda84a,b1c844a3-4542-40b3-8abc-7bd5de93f10b,Junaiz Odakkal / Aadil Abdul Azeez,Junaiz Odakkal / Aadil Abdul Azeez,8-4,8-4,1.0,Win,1.0,True,True,True
43478f53-1e57-42c3-ad9f-c36526bea0f9,b1c844a3-4542-40b3-8abc-7bd5de93f10b,Junaiz Odakkal / Aadil Abdul Azeez,Junaiz Odakkal / Aadil Abdul Azeez,8-0,8-0,1.0,Win,1.0,True,True,True
8dd71663-d7d8-4e6b-b8ab-cb11057c4675,b1c844a3-4542-40b3-8abc-7bd5de93f10b,Junaiz Odakkal / Aadil Abdul Azeez,Shaan Shah / Sandip Sabharwal,9-4,4-9,2.0,Win,2.0,False,True,True
e9651de7-cd19-4d31-810c-66e1b3f43b2f,b1c844a3-4542-40b3-8abc-7bd5de93f10b,Junaiz Odakkal / Aadil Abdul Azeez,Junaiz Odakkal / Aadil Abdul Azeez,4-9,4-9,1.0,Loss,2.0,True,True,True
3962c093-d977-44ab-afe0-17345507f8e5,b25938a4-d80d-442e-a68b-01ed3b1c27b9,Erika Lobo / Anisha Aibara,Sahitra Ghurye / Ashwita Hosbettu,8-4,4-8,2.0,Win,2.0,False,True,True
e31f7636-99d0-44f9-acf2-2c5c8793f9cf,b25938a4-d80d-442e-a68b-01ed3b1c27b9,Erika Lobo / Anisha Aibara,Aashna Sanghvi / Ashni Kothari,8-4,4-8,2.0,Win,2.0,False,True,True
f8843aa6-9b39-4e76-ae47-ff1629d0e2b8,b25938a4-d80d-442e-a68b-01ed3b1c27b9,Erika Lobo / Anisha Aibara,Sanya Khan / Sonia Rathee,"0-6, 0-6","6-0, 6-0",2.0,Loss,1.0,False,True,True
8691b18b-20bb-4d9d-8638-93e6eb5c1fd8,b283a295-a9ab-473f-a8f5-ef3c3f5ab0b8,Chacko Cherian / Joseph Korah,Chacko Cherian / Joseph Korah,8-1,8-1,1.0,Win,1.0,True,True,True
024c08f8-f9ee-48ed-9283-4e7f74dda84a,b283a295-a9ab-473f-a8f5-ef3c3f5ab0b8,Chacko Cherian / Joseph Korah,Junaiz Odakkal / Aadil Abdul Azeez,4-8,8-4,2.0,Loss,1.0,False,True,True
c6e88370-f459-4002-8b54-cfc8cef68352,b283a295-a9ab-473f-a8f5-ef3c3f5ab0b8,Chacko Cherian / Joseph Korah,Arvind Sriram / Ananth Menon,3-8,8-3,2.0,Loss,1.0,False,True,True
e2cb90e4-5852-4dc4-84cd-9a699a193604,b45f586c-585b-494e-a806-5f9abfe242fb,Siddharth Sanghai / Annanya Agarwal,Siddharth Sanghai / Annanya Agarwal,8-4,8-4,1.0,Win,1.0,True,True,True
27547e1f-ce07-4fbf-9754-17ebc4e9fc4e,b45f586c-585b-494e-a806-5f9abfe242fb,Siddharth Sanghai / Annanya Agarwal,Siddharth Sanghai / Annanya Agarwal,8-2,8-2,1.0,Win,1.0,True,True,True
394d3fb0-836b-4dc6-8c81-2e198bbffd37,b45f586c-585b-494e-a806-5f9abfe242fb,Siddharth Sanghai / Annanya Agarwal,Samkit Shah / Rahul Chandwani,5-9,9-5,2.0,Loss,1.0,False,True,True
bb5d09bd-73f0-49bc-b11e-5d4b51f11ba0,b4c1f987-ed1c-41b2-bed1-839e3b47d5ff,Syed Imran Yusoof / Kunal Premnarayan,Swaraj Deshmukh / Kaivalya Kalamse,6-8,8-6,2.0,Loss,1.0,False,True,True
aec0d41f-15dc-4d8d-9679-aae89ba81453,b4c1f987-ed1c-41b2-bed1-839e3b47d5ff,Syed Imran Yusoof / Kunal Premnarayan,Sandeep Louis / Vivek Venugopal,8-1,1-8,2.0,Win,2.0,False,True,True
b4228995-c60b-45ab-aad7-9fea718fd52c,b4c1f987-ed1c-41b2-bed1-839e3b47d5ff,Syed Imran Yusoof / Kunal Premnarayan,Syed Imran Yusoof / Kunal Premnarayan,8-1,8-1,1.0,Win,1.0,True,True,True
34985dbb-dd09-402c-9bd4-ca8ac1e6bd7e,b4c1f987-ed1c-41b2-bed1-839e3b47d5ff,Syed Imran Yusoof / Kunal Premnarayan,Syed Imran Yusoof / Kunal Premnarayan,,,1.0,Win,1.0,True,True,True
6dafb7fc-1e8a-420f-8894-33c6879cd0ce,b4c1f987-ed1c-41b2-bed1-839e3b47d5ff,Syed Imran Yusoof / Kunal Premnarayan,Samar Malhotra / Aryan Goveas,0-9,9-0,2.0,Loss,1.0,False,True,True
ed465153-ab2e-4909-8f1f-c70dfbbfd4cf,b4c1f987-ed1c-41b2-bed1-839e3b47d5ff,Syed Imran Yusoof / Kunal Premnarayan,Syed Imran Yusoof / Kunal Premnarayan,"6-1, 6-3","6-1, 6-3",1.0,Win,1.0,True,True,True
707023f9-626f-40d4-8eda-736dd09b2736,b4cd5e27-cdcf-4200-82e0-7281922b0411,Jinto Varghese / Steve Jacob Franco,Vikaas Chhabria / Vedanth P Patel,8-6,6-8,2.0,Win,2.0,False,True,True
7fd50a99-b851-4425-baa7-111e3f4c112d,b4cd5e27-cdcf-4200-82e0-7281922b0411,Jinto Varghese / Steve Jacob Franco,Royce Raju Beena / James Joseph,6-8,8-6,2.0,Loss,1.0,False,True,True
72717ee2-f726-4d2a-abb2-8dc3495917c4,b4cd5e27-cdcf-4200-82e0-7281922b0411,Jinto Varghese / Steve Jacob Franco,Siddhant Gupta / Aman Makan,0-8,8-0,2.0,Loss,1.0,False,True,True
440d6fb3-4d19-493d-b576-05ac6ddfb9c0,b50974c2-24ef-4080-bd3d-e76b22b7e05e,Rebecca Puthumana / Deepthi J S,Neeti Nayak / Urmi Kothari,8-6,6-8,2.0,Win,2.0,False,True,True
f1f1b62c-83a5-4e7c-9faf-d351a20466c0,b50974c2-24ef-4080-bd3d-e76b22b7e05e,Rebecca Puthumana / Deepthi J S,Sareeka John / Shubha Abhilash,8-1,1-8,2.0,Win,2.0,False,True,True
b953b67f-570f-4f9d-978e-18521f0044c0,b50974c2-24ef-4080-bd3d-e76b22b7e05e,Rebecca Puthumana / Deepthi J S,Rebecca Puthumana / Deepthi J S,"6-4, 6-4","6-4, 6-4",1.0,Win,1.0,True,True,True
2dccb055-2f9f-47fd-be73-f6ee2be6591d,b5542378-9f9f-457b-a71a-d59aef310080,Bhavik Talreja / Rohan Maniar,Bhavik Talreja / Rohan Maniar,8-7,8-7,1.0,Win,1.0,True,True,True
7bf8d2f0-af3b-425b-a013-b82dace10520,b5542378-9f9f-457b-a71a-d59aef310080,Bhavik Talreja / Rohan Maniar,Bhavik Talreja / Rohan Maniar,8-6,8-6,1.0,Win,1.0,True,True,True
f2639af2-86a7-40be-8273-584a812de6bc,b5542378-9f9f-457b-a71a-d59aef310080,Bhavik Talreja / Rohan Maniar,Bhavik Talreja / Rohan Maniar,8-0,8-0,1.0,Win,1.0,True,True,True
58dcf08c-5b45-4b6a-a92d-029fb3c43e95,b5542378-9f9f-457b-a71a-d59aef310080,Bhavik Talreja / Rohan Maniar,Shaan Javeri / Arjun Malhotra,9-5,5-9,2.0,Win,2.0,False,True,True
0b3a26c9-0524-46de-a2c1-06861a10f03d,b5542378-9f9f-457b-a71a-d59aef310080,Bhavik Talreja / Rohan Maniar,Abhishek Yadev / Priyank Makwana,"2-6, 0-6","6-2, 6-0",2.0,Loss,1.0,False,True,True
dbf72f6c-06c3-4dcf-903f-a5ee6edc1a68,b63ed71b-e58d-4b28-a67e-2d0c64ed5f62,Vijay Chhabria / Sidraj Shah,Vijay Chhabria / Sidraj Shah,8-5,8-5,1.0,Win,1.0,True,True,True
7401bd43-1300-49b6-a846-d1548ed7ab61,b63ed71b-e58d-4b28-a67e-2d0c64ed5f62,Vijay Chhabria / Sidraj Shah,Vijay Chhabria / Sidraj Shah,8-1,8-1,1.0,Win,1.0,True,True,True
b86b1a48-66a6-4e3e-85a2-6ded8775adc5,b63ed71b-e58d-4b28-a67e-2d0c64ed5f62,Vijay Chhabria / Sidraj Shah,Vijay Chhabria / Sidraj Shah,"6-0, 6-4","6-0, 6-4",1.0,Win,1.0,True,True,True
924fbe38-6ab7-41eb-abad-53d35e48f06f,b63ed71b-e58d-4b28-a67e-2d0c64ed5f62,Vijay Chhabria / Sidraj Shah,Vijay Chhabria / Sidraj Shah,"4-6, 1-6","4-6, 1-6",1.0,Loss,2.0,True,True,True
fbeeb918-0986-4dce-80f8-e53ea737c1ca,b6fcd7bf-693d-40ad-adbc-a23632357bf9,Joshua Lobo / Joshua Lobo Partner,Shelton Mathew / Vishnu Shetty,,,2.0,Loss,1.0,False,True,True
245e0caa-0caa-4e08-a19b-77b08ade6eb8,b6fcd7bf-693d-40ad-adbc-a23632357bf9,Joshua Lobo / Joshua Lobo Partner,Arnav Sanjeev / Sahil Kaushal,1-8,8-1,2.0,Loss,1.0,False,True,True
750576ef-3eae-4823-91b6-cba2b45a1078,b6fcd7bf-693d-40ad-adbc-a23632357bf9,Joshua Lobo / Joshua Lobo Partner,Joshua Lobo / Joshua Lobo Partner,1-8,1-8,1.0,Loss,2.0,True,True,True
31fe4ab9-5cc5-43c3-b16e-9d20d33e0189,b7281057-4ccf-42d7-bd24-71acc1edaac2,Revano Wilson / Varghese Paul,Kaiz Jaffer / Varun Dattani,1-8,8-1,2.0,Loss,1.0,False,True,True
5541b276-8af1-45de-9ca9-f342a871aaa6,b7281057-4ccf-42d7-bd24-71acc1edaac2,Revano Wilson / Varghese Paul,Afdhel Abdul Wahab / Salman Shaji,8-4,4-8,2.0,Win,2.0,False,True,True
b530136d-9889-4042-845b-a06f95359c31,b7281057-4ccf-42d7-bd24-71acc1edaac2,Revano Wilson / Varghese Paul,Raaghav Sharma Bagga / Yuvraj mehta,2-9,9-2,2.0,Loss,1.0,False,True,True
1c94b7fc-d8fb-4192-924a-7a889150984d,b8eb1e10-ea5c-4422-835e-d6b7bf8f381f,Vansh Bhagtani / Yash Nagdev,Arnav Tanna / Qahhar Padamsee,8-4,4-8,2.0,Win,2.0,False,True,True
a4079a0d-e715-46c7-90bf-b2a5ced67308,b8eb1e10-ea5c-4422-835e-d6b7bf8f381f,Vansh Bhagtani / Yash Nagdev,Ankit Bhalwankar / Rajesh Shing,8-2,2-8,2.0,Win,2.0,False,True,True
0b0f0ff8-9304-459a-998d-5c0ce28e2227,b8eb1e10-ea5c-4422-835e-d6b7bf8f381f,Vansh Bhagtani / Yash Nagdev,Vansh Bhagtani / Yash Nagdev,8-9,8-9,1.0,Loss,2.0,True,True,True
95dbc84c-1efb-4627-b9a9-f25a7c0c9449,b90b8354-8c54-43e4-9ff4-e064e26f5d51,Ashish Khemlani / Siddharth Nandal,Adit Patel / Abhishek Gupta,,,2.0,,,False,True,True
f4d2fe6b-dd15-45e5-bfe3-ed6b1b7f9ed2,b90b8354-8c54-43e4-9ff4-e064e26f5d51,Ashish Khemlani / Siddharth Nandal,Samar Malhotra / Paramveer Singh Bajwa,,,2.0,,,False,True,True
6cb99a31-6041-4234-94b4-bc8af55d6c19,b90b8354-8c54-43e4-9ff4-e064e26f5d51,Ashish Khemlani / Siddharth Nandal,Ashish Khemlani / Siddharth Nandal,,,1.0,,,True,True,True
27998dca-6eff-44eb-b6eb-4cd250444f72,b94c4804-ee1d-427a-a293-f0ab8400515c,Suhani Sabharwal / Karina Phipps,Mansi Malhotra / Rubani Sidhu,3-8,8-3,2.0,Loss,1.0,False,True,True
ce9d269c-94d1-4289-8f67-048b314e262b,b94c4804-ee1d-427a-a293-f0ab8400515c,Suhani Sabharwal / Karina Phipps,Tammana Kalra / Anmol Malhotra,8-3,3-8,2.0,Win,2.0,False,True,True
1ca64bf6-afd9-4913-98c6-03dfccac1dcf,b94c4804-ee1d-427a-a293-f0ab8400515c,Suhani Sabharwal / Karina Phipps,Pooja Kharat / Shabri Agarwal,8-4,4-8,2.0,Win,2.0,False,True,True
d11c09f0-8eea-46c7-8232-864205e62696,b94c4804-ee1d-427a-a293-f0ab8400515c,Suhani Sabharwal / Karina Phipps,Mansi Malhotra / Rubani Sidhu,"1-6, 2-6","6-1, 6-2",2.0,Loss,1.0,False,True,True
c0d8bf42-9bed-4018-ac2a-f3d48efbc591,ba0bebb9-bb83-4bfc-9c39-a96387beae44,Sonashe Bhatnagar / Siddharth Satheesan,Tulsi Mehta / Samar Malhotra,2-8,8-2,2.0,Loss,1.0,False,True,True
f574dec2-a8cc-43d9-a7fc-3487dbb6df1e,ba0bebb9-bb83-4bfc-9c39-a96387beae44,Sonashe Bhatnagar / Siddharth Satheesan,Sonashe Bhatnagar / Siddharth Satheesan,8-1,8-1,1.0,Win,1.0,True,True,True
520800e4-1827-49f6-aebb-5d8bd0a7ccba,ba0bebb9-bb83-4bfc-9c39-a96387beae44,Sonashe Bhatnagar / Treta Bhattacharya,Vaibhavi Deshmukh / Namita Bal,2-8,8-2,2.0,Loss,1.0,False,True,True
d533b386-b463-40b5-92fb-1e7e5969d719,ba0bebb9-bb83-4bfc-9c39-a96387beae44,Sonashe Bhatnagar / Treta Bhattacharya,Estelle Mehta / Anisha Mirchandani,8-5,5-8,2.0,Win,2.0,False,True,True
6a4b3da6-612a-4319-90f5-bbfbf619f323,ba0bebb9-bb83-4bfc-9c39-a96387beae44,Sonashe Bhatnagar / Treta Bhattacharya,Kyra Pereira / Amaya Kothari,8-2,2-8,2.0,Win,2.0,False,True,True
9bd87ebc-72a9-41ec-ba25-6464f2e966d3,ba0bebb9-bb83-4bfc-9c39-a96387beae44,Sonashe Bhatnagar / Treta Bhattacharya,Steisha Buddhala / Amy Bundhel,"2-6, 2-6","6-2, 6-2",2.0,Loss,1.0,False,True,True
707023f9-626f-40d4-8eda-736dd09b2736,ba51f861-6210-44a0-8210-b9192afbb259,Jinto Varghese / Steve Jacob Franco,Vikaas Chhabria / Vedanth P Patel,8-6,6-8,2.0,Win,2.0,False,True,True
7fd50a99-b851-4425-baa7-111e3f4c112d,ba51f861-6210-44a0-8210-b9192afbb259,Jinto Varghese / Steve Jacob Franco,Royce Raju Beena / James Joseph,6-8,8-6,2.0,Loss,1.0,False,True,True
72717ee2-f726-4d2a-abb2-8dc3495917c4,ba51f861-6210-44a0-8210-b9192afbb259,Jinto Varghese / Steve Jacob Franco,Siddhant Gupta / Aman Makan,0-8,8-0,2.0,Loss,1.0,False,True,True
8691b18b-20bb-4d9d-8638-93e6eb5c1fd8,bb5b11da-7bc4-4fed-bcbd-3fa6da36fe28,Basudev Rai / Abhay Biswakarma,Chacko Cherian / Joseph Korah,1-8,8-1,2.0,Loss,1.0,False,True,True
8e7f1b96-de89-4d15-a748-a14442dcc770,bb5b11da-7bc4-4fed-bcbd-3fa6da36fe28,Basudev Rai / Abhay Biswakarma,Arvind Sriram / Ananth Menon,2-8,8-2,2.0,Loss,1.0,False,True,True
43478f53-1e57-42c3-ad9f-c36526bea0f9,bb5b11da-7bc4-4fed-bcbd-3fa6da36fe28,Basudev Rai / Abhay Biswakarma,Junaiz Odakkal / Aadil Abdul Azeez,0-8,8-0,2.0,Loss,1.0,False,True,True
fc70ffe7-a636-4f18-b434-7f88ef1e390e,bc94050e-cb46-4042-90af-59816fe42f5b,Gehna Datwani / Sanaya Sabharwal,Gehna Datwani / Sanaya Sabharwal,2-8,2-8,1.0,Loss,2.0,True,True,True
27493bd5-a163-47e3-b3c3-bed27f3a623c,bc94050e-cb46-4042-90af-59816fe42f5b,Gehna Datwani / Sanaya Sabharwal,Gehna Datwani / Sanaya Sabharwal,8-2,8-2,1.0,Win,1.0,True,True,True
972711ab-07af-48b2-b015-b11d6af742b4,bc94050e-cb46-4042-90af-59816fe42f5b,Gehna Datwani / Sanaya Sabharwal,Gehna Datwani / Sanaya Sabharwal,8-3,8-3,1.0,Win,1.0,True,True,True
9d82e9f2-86bb-49ce-971b-8aecc1e5af25,bc94050e-cb46-4042-90af-59816fe42f5b,Gehna Datwani / Sanaya Sabharwal,Nikita Hingorani / Dheeya Somaiya,"2-6, 6-2, 10-7","6-2, 2-6, 7-10",2.0,Win,2.0,False,True,True
dd421e1d-491c-4813-8691-10662aa5d36a,bc94050e-cb46-4042-90af-59816fe42f5b,Gehna Datwani / Sanaya Sabharwal,Gehna Datwani / Sanaya Sabharwal,"6-3, 7-5","6-3, 7-5",1.0,Win,1.0,True,True,True
ce281b7a-9667-41c8-9405-c6cc68d6f114,bee8d4fd-f40c-486b-942b-5a4fdfc3306f,Arvind Sriram / Ananth Menon,Junaiz Odakkal / Aadil Abdul Azeez,8-6,6-8,2.0,Win,2.0,False,True,True
8e7f1b96-de89-4d15-a748-a14442dcc770,bee8d4fd-f40c-486b-942b-5a4fdfc3306f,Arvind Sriram / Ananth Menon,Arvind Sriram / Ananth Menon,8-2,8-2,1.0,Win,1.0,True,True,True
c6e88370-f459-4002-8b54-cfc8cef68352,bee8d4fd-f40c-486b-942b-5a4fdfc3306f,Arvind Sriram / Ananth Menon,Arvind Sriram / Ananth Menon,8-3,8-3,1.0,Win,1.0,True,True,True
3c072869-7aae-4ffb-b978-daa51d12f024,bee8d4fd-f40c-486b-942b-5a4fdfc3306f,Arvind Sriram / Ananth Menon,Arvind Sriram / Ananth Menon,9-1,9-1,1.0,Win,1.0,True,True,True
e9651de7-cd19-4d31-810c-66e1b3f43b2f,bee8d4fd-f40c-486b-942b-5a4fdfc3306f,Arvind Sriram / Ananth Menon,Junaiz Odakkal / Aadil Abdul Azeez,9-4,4-9,2.0,Win,2.0,False,True,True
87daa593-717b-43fe-a33b-b156d1212c06,bee8d4fd-f40c-486b-942b-5a4fdfc3306f,Arvind Sriram / Ananth Menon,Siddhant Gupta / Aman Makan,"2-6, 1-6","6-2, 6-1",2.0,Loss,1.0,False,True,True
ade6d3dc-838c-4708-98a1-637aab8022c1,bf1b649e-2d63-4872-979d-273bc66eb576,Rashank Kuckreja / Pratikraj Singh,Aahan Jhaveri / Devansh Somani,8-4,4-8,2.0,Win,2.0,False,True,True
bab4ca70-885d-4b25-b83e-eef8c510f7e1,bf1b649e-2d63-4872-979d-273bc66eb576,Rashank Kuckreja / Pratikraj Singh,Abhishek Yadev / Priyank Makwana,8-5,5-8,2.0,Win,2.0,False,True,True
bf319351-d4f0-46b7-a0d3-acb3961e78c4,bf1b649e-2d63-4872-979d-273bc66eb576,Rashank Kuckreja / Pratikraj Singh,Rahil Patel / Rajveer Patel,8-1,1-8,2.0,Win,2.0,False,True,True
337588f8-7f5a-49fb-822d-45b32379d4da,bf1b649e-2d63-4872-979d-273bc66eb576,Rashank Kuckreja / Pratikraj Singh,Chirag Gaikwad / Harman Singh Tur,0-9,9-0,2.0,Loss,1.0,False,True,True
e5aa0083-9b14-4933-a27c-999a33134484,bf973053-492f-4dca-a909-7310fa8693f9,Parikshit Somani / Paramveer Singh Bajwa,Taran Mundkar / Samar Malhotra,8-6,6-8,2.0,Win,2.0,False,True,True
bb2d42de-e64d-417b-952e-920b31994222,bf973053-492f-4dca-a909-7310fa8693f9,Parikshit Somani / Paramveer Singh Bajwa,Parikshit Somani / Paramveer Singh Bajwa,8-0,8-0,1.0,Win,1.0,True,True,True
f13e89c4-ae00-4d7f-9c99-d3f4eefe964f,bf973053-492f-4dca-a909-7310fa8693f9,Parikshit Somani / Paramveer Singh Bajwa,Parikshit Somani / Paramveer Singh Bajwa,8-3,8-3,1.0,Win,1.0,True,True,True
c6ae8149-1550-47c8-a901-feba51a9eddd,bf973053-492f-4dca-a909-7310fa8693f9,Parikshit Somani / Paramveer Singh Bajwa,Rahul Motwani / Aryan Goveas,9-7,7-9,2.0,Win,2.0,False,True,True
ed8e0387-173c-4e5b-8f98-af151fa97562,bf973053-492f-4dca-a909-7310fa8693f9,Parikshit Somani / Paramveer Singh Bajwa,Chaitanya Shah / Aditya Jagtap,"7-6, 2-6, 7-6","6-7(5-7), 6-2, 6-7(10-12)",2.0,Win,2.0,False,True,True
fa1fc63c-3df0-4a36-98cc-29c4c27bccfd,bf973053-492f-4dca-a909-7310fa8693f9,Parikshit Somani / Paramveer Singh Bajwa,Parikshit Somani / Paramveer Singh Bajwa,"6-2, 1-6, 6-4","6-2, 1-6, 6-4",1.0,Win,1.0,True,True,True
280fd1a3-0a64-430a-96e4-82ea8239e260,c005054e-b3f8-434d-a338-10ba4fd1b0fb,Mukund Muthanna / Mukund Muthanna Partner,Mukund Muthanna / Mukund Muthanna Partner,,,1.0,Loss,2.0,True,True,True
bb46c168-6626-446c-af22-65884f347b73,c005054e-b3f8-434d-a338-10ba4fd1b0fb,Mukund Muthanna / Mukund Muthanna Partner,Mukund Muthanna / Mukund Muthanna Partner,,,1.0,Loss,2.0,True,True,True
6eba4cbb-edc5-4695-aa10-5242efd44d7f,c02126c6-4418-4f24-8895-867c3e3c89c2,Steisha Buddhala / Amy Bundhel,Steisha Buddhala / Amy Bundhel,"6-3, 5-7, 6-4","6-3, 5-7, 6-4",1.0,Win,1.0,True,True,True
c61e7e51-74f2-4cd7-b2ff-ca098491f1f8,c0f4df56-a4e6-4c62-a9da-90e308737ffc,Aldrith Fernandez / Dhruva Madhavan,Anshul Gosavi / Ronak Talati,8-1,1-8,2.0,Win,2.0,False,True,True
2204f2d8-942c-484e-b7f0-65fecab6957a,c0f4df56-a4e6-4c62-a9da-90e308737ffc,Aldrith Fernandez / Dhruva Madhavan,Pratik Bhatia / Kaustubh Thakur,3-8,8-3,2.0,Loss,1.0,False,True,True
a9f98e2b-6049-4bda-9e40-6dc483a57e94,c1023ad9-075c-47e5-b684-c5bdb4bbf31a,Tanveer Singh / Gandharv Bajaj,Tanveer Singh / Gandharv Bajaj,8-1,8-1,1.0,Win,1.0,True,True,True
dab0cf52-730f-4a9f-9478-fc59b57cd431,c1023ad9-075c-47e5-b684-c5bdb4bbf31a,Tanveer Singh / Gandharv Bajaj,Tanveer Singh / Gandharv Bajaj,8-5,8-5,1.0,Win,1.0,True,True,True
d78a8142-a587-4ecb-860f-d28fdb11ef60,c1023ad9-075c-47e5-b684-c5bdb4bbf31a,Tanveer Singh / Gandharv Bajaj,Tanveer Singh / Gandharv Bajaj,8-4,8-4,1.0,Win,1.0,True,True,True
b7b2aba6-9ae5-4584-8b84-a500502c2679,c1023ad9-075c-47e5-b684-c5bdb4bbf31a,Tanveer Singh / Gandharv Bajaj,Tanveer Singh / Gandharv Bajaj,5-9,5-9,1.0,Loss,2.0,True,True,True
afa5a3b0-cfa6-4fc4-aa63-c3bb73222ef4,c1049612-6cb9-4c49-bd48-2ffcd3389d45,Akash Wagh / Vinayak Kumar,Aditya Jagtap / Krishiv Patel,4-8,8-4,2.0,Loss,1.0,False,True,True
a84fe58e-7e4b-46b3-979f-6da63d791323,c1049612-6cb9-4c49-bd48-2ffcd3389d45,Akash Wagh / Vinayak Kumar,Naesar Jewoor / Siddharth Dabrai,6-8,8-6,2.0,Loss,1.0,False,True,True
e0106e13-7adf-45a1-aece-c3e757a62287,c1049612-6cb9-4c49-bd48-2ffcd3389d45,Akash Wagh / Vinayak Kumar,Varshil Trambadiya / Antariksh Mohandas,6-8,8-6,2.0,Loss,1.0,False,True,True
ca1f6e45-f25e-432e-b7c6-0ae9f58d19e5,c15288d2-2aa6-4007-b2f0-9871ff97b432,Jimit Sanghani / Rohit S,Neville Wadia / Kabir Anand,0-8,8-0,2.0,Loss,1.0,False,True,True
bf24492d-dd01-4f4f-90f6-ad6f5340b957,c15288d2-2aa6-4007-b2f0-9871ff97b432,Jimit Sanghani / Rohit S,Jimit Sanghani / Rohit S,2-8,2-8,1.0,Loss,2.0,True,True,True
b88c3c6e-dd47-4a18-80bd-cb4507f88641,c175f136-838a-48d3-9f95-cb8f568a8355,Rahul Parkash / Ishaan Choksi,Siddharth Kadam / Ishan Jindal,6-8,8-6,2.0,Loss,1.0,False,True,True
7736a7b1-f073-4d05-a8f5-995acea2b91a,c175f136-838a-48d3-9f95-cb8f568a8355,Rahul Parkash / Ishaan Choksi,Rahul Parkash / Ishaan Choksi,8-5,8-5,1.0,Win,1.0,True,True,True
d3fe187c-0d7a-476a-9902-bd356ef60fa5,c1bb2e34-e142-4eb8-b132-d84e8c734bb7,Kaushik Gummuluru / Sai Ram Goud,Akhil Bansal / Nikhil Bansal,6-8,8-6,2.0,Loss,1.0,False,True,True
13982dc0-e4fa-436e-b55c-f408332624c4,c1bb2e34-e142-4eb8-b132-d84e8c734bb7,Kaushik Gummuluru / Sai Ram Goud,Kaushik Gummuluru / Sai Ram Goud,6-8,6-8,1.0,Loss,2.0,True,True,True
0eaea3cc-08a6-48f1-9d3a-19a98bdeca74,c1fac66c-3ce8-43d8-8c0c-85d463264584,R S Abhishek / Siddharth Satheesan,Rahul Chandwani / Rahul Khanna,7-8,8-7,2.0,Loss,1.0,False,True,True
b420a80b-b005-4704-8b1f-48402e677d40,c1fac66c-3ce8-43d8-8c0c-85d463264584,Sonashe Bhatnagar / Siddharth Satheesan,Sonashe Bhatnagar / Siddharth Satheesan,8-6,8-6,1.0,Win,1.0,True,True,True
c0d8bf42-9bed-4018-ac2a-f3d48efbc591,c1fac66c-3ce8-43d8-8c0c-85d463264584,Sonashe Bhatnagar / Siddharth Satheesan,Tulsi Mehta / Samar Malhotra,2-8,8-2,2.0,Loss,1.0,False,True,True
f574dec2-a8cc-43d9-a7fc-3487dbb6df1e,c1fac66c-3ce8-43d8-8c0c-85d463264584,Sonashe Bhatnagar / Siddharth Satheesan,Sonashe Bhatnagar / Siddharth Satheesan,8-1,8-1,1.0,Win,1.0,True,True,True
55771c84-b310-4a48-88cb-c76eb6c352e1,c1fac66c-3ce8-43d8-8c0c-85d463264584,R S Abhishek / Siddharth Satheesan,Ishan Maitreya / Anuj Vaghani,9-8,8-9,2.0,Win,2.0,False,True,True
dac45625-c3b1-4972-bae3-60f8443bc319,c1fac66c-3ce8-43d8-8c0c-85d463264584,R S Abhishek / Siddharth Satheesan,R S Abhishek / Siddharth Satheesan,7-9,7-9,1.0,Loss,2.0,True,True,True
02f87ebf-fcf5-41b9-a321-daad1e769f18,c2ae75e9-a8ea-43e9-89b0-df5d44f5fa61,Ayaan Mishra / Viraj Dewan,Nikhil Kalro / Abhinav Grover,8-1,1-8,2.0,Win,2.0,False,True,True
ad547565-1990-477f-919c-bc4437f1fcc1,c2ae75e9-a8ea-43e9-89b0-df5d44f5fa61,Ayaan Mishra / Viraj Dewan,Ayaan Mishra / Viraj Dewan,4-8,4-8,1.0,Loss,2.0,True,True,True
3cf2b617-81ef-4a6a-8072-26feca265196,c2ae75e9-a8ea-43e9-89b0-df5d44f5fa61,Ayaan Mishra / Viraj Dewan,Akhil Bansal / Nikhil Bansal,0-9,9-0,2.0,Loss,1.0,False,True,True
80bc7e35-f267-4d2b-8f2a-0c0439abe7b3,c440118a-4188-4779-ac49-e31b9bd9398d,Karan Tandon / Anjan Vachhani,Karan Tandon / Anjan Vachhani,8-5,8-5,1.0,Win,1.0,True,True,True
897a1ba8-cea5-4781-badd-474c2243a7fc,c440118a-4188-4779-ac49-e31b9bd9398d,Karan Tandon / Anjan Vachhani,Karan Tandon / Anjan Vachhani,2-8,2-8,1.0,Loss,2.0,True,True,True
0b4d90d9-4ced-49bb-baad-195df103ee22,c4e5ac58-b4da-413a-b134-eba55f9a1c56,Prabhas Sharma / Shashin Shah,Prabhas Sharma / Shashin Shah,1-8,1-8,1.0,Loss,2.0,True,True,True
86d79884-6d2e-45ab-aa86-928135db61ab,c4e5ac58-b4da-413a-b134-eba55f9a1c56,Prabhas Sharma / Shashin Shah,Prabhas Sharma / Shashin Shah,2-8,2-8,1.0,Loss,2.0,True,True,True
d915b459-9f70-4d09-b822-508e43eb6311,c4e5ac58-b4da-413a-b134-eba55f9a1c56,Prabhas Sharma / Shashin Shah,Gagan Singh / Jonas Spinoy,8-1,1-8,2.0,Win,2.0,False,True,True
30a3cbad-478c-4935-9d0f-f8e30b5fe9cc,c510921b-3d7b-42b1-8671-86a367a752e3,Junaid Sopariwala / Tabrez Sopariwala,Samkit Shah / Rahul Chandwani,4-8,8-4,2.0,Loss,1.0,False,True,True
887df84a-c482-4827-a9dd-8d8c059d0455,c510921b-3d7b-42b1-8671-86a367a752e3,Junaid Sopariwala / Tabrez Sopariwala,Junaid Sopariwala / Tabrez Sopariwala,8-2,8-2,1.0,Win,1.0,True,True,True
2c1ee55d-2e7e-42e2-84e7-88ba0c2c8231,c6ad7320-117c-4e7a-a4a6-e4c99fb34e23,Vijay Chhabria / Rupen Jhaveri,Vijay Chhabria / Rupen Jhaveri,8-5,8-5,1.0,Win,1.0,True,True,True
615dd833-6f0e-4af4-9c93-f1f8a261749d,c6ad7320-117c-4e7a-a4a6-e4c99fb34e23,Vijay Chhabria / Rupen Jhaveri,Vijay Chhabria / Rupen Jhaveri,8-0,8-0,1.0,Win,1.0,True,True,True
2187aa27-a0b8-47b4-96b6-b7bfda6acfed,c6ad7320-117c-4e7a-a4a6-e4c99fb34e23,Vijay Chhabria / Rupen Jhaveri,Vijay Chhabria / Rupen Jhaveri,8-1,8-1,1.0,Win,1.0,True,True,True
3de0a482-c380-4b3c-b640-ba433f6051a1,c6ad7320-117c-4e7a-a4a6-e4c99fb34e23,Vijay Chhabria / Rupen Jhaveri,Vijay Chhabria / Rupen Jhaveri,"6-0, 6-1","6-0, 6-1",1.0,Win,1.0,True,True,True
41e3a5e6-955f-434a-aed2-0a11c72770fe,c6ad7320-117c-4e7a-a4a6-e4c99fb34e23,Vijay Chhabria / Rupen Jhaveri,Vijay Chhabria / Rupen Jhaveri,"6-2, 6-1","6-2, 6-1",1.0,Win,1.0,True,True,True
0e432ae9-5a13-47fe-b532-c9e0b66e2f86,c70940a7-129d-4162-abf3-eec1f85f502c,Gayathri Sanjeev / Sunaina Vasudev,Gayathri Sanjeev / Sunaina Vasudev,1-8,1-8,1.0,Loss,2.0,True,True,True
d828bc6b-341b-4d92-84c4-b56c530855fc,c70940a7-129d-4162-abf3-eec1f85f502c,Gayathri Sanjeev / Sunaina Vasudev,Anam Sumar / Rasha Sumar,1-8,8-1,2.0,Loss,1.0,False,True,True
06250efe-35a5-47af-9ada-c76020ebf27e,c70940a7-129d-4162-abf3-eec1f85f502c,Gayathri Sanjeev / Sunaina Vasudev,Janita Bhandari / Tara Alisha Berry,3-8,8-3,2.0,Loss,1.0,False,True,True
c98c0998-e99a-4227-a6c3-99c12d82120b,c756f978-ba35-409f-86be-7892c3b38bea,Rhea Mathews / Dinika Thomas,Rhea Mathews / Dinika Thomas,8-3,8-3,1.0,Win,1.0,True,True,True
1b747b02-55a5-4572-b3ad-f7ef5dae98e2,c756f978-ba35-409f-86be-7892c3b38bea,Rhea Mathews / Dinika Thomas,Shireen Mahajan / Sukhmani Grewal,3-8,8-3,2.0,Loss,1.0,False,True,True
f925257e-0247-4516-a027-1455dbb370a6,c756f978-ba35-409f-86be-7892c3b38bea,Rhea Mathews / Dinika Thomas,Padma Veda Manikonda / Sameeksha Annem,6-9,9-6,2.0,Loss,1.0,False,True,True
ade6d3dc-838c-4708-98a1-637aab8022c1,c83a9f33-0d4f-4f6d-b21f-1cfc425dfe69,Aahan Jhaveri / Devansh Somani,Aahan Jhaveri / Devansh Somani,4-8,4-8,1.0,Loss,2.0,True,True,True
716eb0b5-61ba-4b6e-b730-38f20f0f1679,c83a9f33-0d4f-4f6d-b21f-1cfc425dfe69,Aahan Jhaveri / Devansh Somani,Rahil Patel / Rajveer Patel,6-8,8-6,2.0,Loss,1.0,False,True,True
e9697426-935e-4b70-b244-4d37774fc75c,c83a9f33-0d4f-4f6d-b21f-1cfc425dfe69,Aahan Jhaveri / Devansh Somani,Abhishek Yadev / Priyank Makwana,1-8,8-1,2.0,Loss,1.0,False,True,True
afa5a3b0-cfa6-4fc4-aa63-c3bb73222ef4,c8b84750-cba5-4022-8c4a-b6934fc472ff,Akash Wagh / Vinayak Kumar,Aditya Jagtap / Krishiv Patel,4-8,8-4,2.0,Loss,1.0,False,True,True
a84fe58e-7e4b-46b3-979f-6da63d791323,c8b84750-cba5-4022-8c4a-b6934fc472ff,Akash Wagh / Vinayak Kumar,Naesar Jewoor / Siddharth Dabrai,6-8,8-6,2.0,Loss,1.0,False,True,True
e0106e13-7adf-45a1-aece-c3e757a62287,c8b84750-cba5-4022-8c4a-b6934fc472ff,Akash Wagh / Vinayak Kumar,Varshil Trambadiya / Antariksh Mohandas,6-8,8-6,2.0,Loss,1.0,False,True,True
f7cadaf6-ba89-4418-aea4-d9dd92e7c127,cb8b4fb5-f72f-42c7-94c1-b7963e5c6e68,Yashvardhan Sarda / Suyash Vishnoi,Yashvardhan Sarda / Suyash Vishnoi,8-3,8-3,1.0,Win,1.0,True,True,True
17c5ad30-6d2e-4667-aa7f-b7ad341d6c42,cb8b4fb5-f72f-42c7-94c1-b7963e5c6e68,Yashvardhan Sarda / Suyash Vishnoi,Yashvardhan Sarda / Suyash Vishnoi,4-8,4-8,1.0,Loss,2.0,True,True,True
4c8546dd-c950-4fae-a79a-df9f01fb2f63,cb8b4fb5-f72f-42c7-94c1-b7963e5c6e68,Yashvardhan Sarda / Suyash Vishnoi,Mehul Bansal / Vaibhav Sahni,4-8,8-4,2.0,Loss,1.0,False,True,True
1b46e45a-a836-408a-aa1d-8e76abac735e,cb8b4fb5-f72f-42c7-94c1-b7963e5c6e68,Yashvardhan Sarda / Suyash Vishnoi,Tejas Shevde / Nishad Shevde,5-9,9-5,2.0,Loss,1.0,False,True,True
aeb8d31c-a284-49fe-8a58-84c758c845e8,cbb4f436-f8ad-44ca-b38e-fc9f7098ff97,Glenn Renny / Renny Chacko,Raghul Arvind / Subramanian Shivshankaran,8-1,1-8,2.0,Win,2.0,False,True,True
99234a0e-d119-48ca-b8ce-baef8ac9e992,cbb4f436-f8ad-44ca-b38e-fc9f7098ff97,Glenn Renny / Renny Chacko,Vishal Thomas / Terence Thomas,1-8,8-1,2.0,Loss,1.0,False,True,True
839f2df5-8b6f-4146-b77b-4c2ef14864ed,cbb4f436-f8ad-44ca-b38e-fc9f7098ff97,Glenn Renny / Renny Chacko,Shaan Shah / Sandip Sabharwal,6-8,8-6,2.0,Loss,1.0,False,True,True
27c9345c-d8c8-4e23-9b48-2563bc0f19f8,cbb558aa-ee6a-4b58-8184-8b54946a838f,Krishna Teja Ankam / Gundlapalle Yaswanth Reddy,Swaraj Deshmukh / Kaivalya Kalamse,4-8,8-4,2.0,Loss,1.0,False,True,True
9e2d4aad-4632-4ac8-87eb-16ef4a6a06a4,cbb558aa-ee6a-4b58-8184-8b54946a838f,Krishna Teja Ankam / Gundlapalle Yaswanth Reddy,Aryan Hemdev / Samar Malhotra,7-8,8-7,2.0,Loss,1.0,False,True,True
76189941-f243-4a65-bbec-27c65975cf79,cbb558aa-ee6a-4b58-8184-8b54946a838f,Krishna Teja Ankam / Gundlapalle Yaswanth Reddy,Krishna Teja Ankam / Gundlapalle Yaswanth Reddy,8-2,8-2,1.0,Win,1.0,True,True,True
fc70ffe7-a636-4f18-b434-7f88ef1e390e,cc0d0226-d2bc-4c4a-ab6f-9225b03becc6,Gehna Datwani / Sanaya Sabharwal,Gehna Datwani / Sanaya Sabharwal,2-8,2-8,1.0,Loss,2.0,True,True,True
27493bd5-a163-47e3-b3c3-bed27f3a623c,cc0d0226-d2bc-4c4a-ab6f-9225b03becc6,Gehna Datwani / Sanaya Sabharwal,Gehna Datwani / Sanaya Sabharwal,8-2,8-2,1.0,Win,1.0,True,True,True
972711ab-07af-48b2-b015-b11d6af742b4,cc0d0226-d2bc-4c4a-ab6f-9225b03becc6,Gehna Datwani / Sanaya Sabharwal,Gehna Datwani / Sanaya Sabharwal,8-3,8-3,1.0,Win,1.0,True,True,True
9d82e9f2-86bb-49ce-971b-8aecc1e5af25,cc0d0226-d2bc-4c4a-ab6f-9225b03becc6,Gehna Datwani / Sanaya Sabharwal,Nikita Hingorani / Dheeya Somaiya,"2-6, 6-2, 10-7","6-2, 2-6, 7-10",2.0,Win,2.0,False,True,True
dd421e1d-491c-4813-8691-10662aa5d36a,cc0d0226-d2bc-4c4a-ab6f-9225b03becc6,Gehna Datwani / Sanaya Sabharwal,Gehna Datwani / Sanaya Sabharwal,"6-3, 7-5","6-3, 7-5",1.0,Win,1.0,True,True,True
e2cb90e4-5852-4dc4-84cd-9a699a193604,cc2048b8-ce98-46c7-9918-b3dbdf5b0385,Siddharth Sanghai / Annanya Agarwal,Siddharth Sanghai / Annanya Agarwal,8-4,8-4,1.0,Win,1.0,True,True,True
27547e1f-ce07-4fbf-9754-17ebc4e9fc4e,cc2048b8-ce98-46c7-9918-b3dbdf5b0385,Siddharth Sanghai / Annanya Agarwal,Siddharth Sanghai / Annanya Agarwal,8-2,8-2,1.0,Win,1.0,True,True,True
394d3fb0-836b-4dc6-8c81-2e198bbffd37,cc2048b8-ce98-46c7-9918-b3dbdf5b0385,Siddharth Sanghai / Annanya Agarwal,Samkit Shah / Rahul Chandwani,5-9,9-5,2.0,Loss,1.0,False,True,True
28f4312c-10ea-4d70-805d-6b5fe710c7c9,ccedebb9-64af-42b4-bca1-e01d0b2c1ef5,Shivani Manjanna / Prarthana Prathap,Tulsi Mehta / Shraddha Damani,7-8,8-7,2.0,Loss,1.0,False,True,True
2c2d26e4-aa2b-44a1-8b8b-a7a2f8343d19,ccedebb9-64af-42b4-bca1-e01d0b2c1ef5,Shivani Manjanna / Prarthana Prathap,Steisha Buddhala / Amy Bundhel,1-8,8-1,2.0,Loss,1.0,False,True,True
5628a034-5e39-451b-9fa2-779238ac0d53,ccedebb9-64af-42b4-bca1-e01d0b2c1ef5,Shivani Manjanna / Prarthana Prathap,Shivani Manjanna / Prarthana Prathap,8-2,8-2,1.0,Win,1.0,True,True,True
881a2820-3902-4ef5-b05a-9c2ebee3c4a3,cdd858a3-1533-4a7b-bf8b-1b94f0f3b868,Adit Patel / Kavin Vendan,Adit Patel / Kavin Vendan,8-2,8-2,1.0,Win,1.0,True,True,True
4679b382-8cae-4ac8-99b8-427f869ad967,cdd858a3-1533-4a7b-bf8b-1b94f0f3b868,Adit Patel / Kavin Vendan,Swaraj Deshmukh / Kaivalya Kalamse,8-6,6-8,2.0,Win,2.0,False,True,True
f0abf730-1ec1-4a0c-9005-c63fa90bd30a,cdd858a3-1533-4a7b-bf8b-1b94f0f3b868,Adit Patel / Kavin Vendan,Adit Patel / Kavin Vendan,5-9,5-9,1.0,Loss,2.0,True,True,True
b6294123-9662-414d-8695-a657ae6acb81,ce5800f0-729e-44e9-a12d-a83a5b771244,Muhammed Saleem V / Arun Ratnakaran,John Paul / Falib Jaleel,7-8,8-7,2.0,Loss,1.0,False,True,True
7f7470be-59ba-4fb9-b76f-bd5bb2c52c36,ce5800f0-729e-44e9-a12d-a83a5b771244,Muhammed Saleem V / Arun Ratnakaran,Sanal K M / Nigel Paul,8-3,3-8,2.0,Win,2.0,False,True,True
888b3286-4d38-42e6-a6ec-a50c9c076ff7,ce5800f0-729e-44e9-a12d-a83a5b771244,Muhammed Saleem V / Arun Ratnakaran,Pranav Erinjery / Aldrith Fernandez,0-9,9-0,2.0,Loss,1.0,False,True,True
ca1f6e45-f25e-432e-b7c6-0ae9f58d19e5,ce749702-5f83-4cd5-b821-45aeaf7f9848,Neville Wadia / Kabir Anand,Neville Wadia / Kabir Anand,8-0,8-0,1.0,Win,1.0,True,True,True
485491bb-b924-4c9f-84f3-abcd5d9e7f33,ce749702-5f83-4cd5-b821-45aeaf7f9848,Neville Wadia / Kabir Anand,Neville Wadia / Kabir Anand,8-3,8-3,1.0,Win,1.0,True,True,True
59e6f032-1ac8-4ef7-8d4d-de658e4c23f7,ce749702-5f83-4cd5-b821-45aeaf7f9848,Neville Wadia / Kabir Anand,Neville Wadia / Kabir Anand,3-9,3-9,1.0,Loss,2.0,True,True,True
bda9fa26-bb02-40cb-a84d-75aff8122619,cebed5c0-9f8f-4458-aaa4-0ee2b6f25f10,Mehul Bansal / Vaibhav Sahni,Mehul Bansal / Vaibhav Sahni,8-5,8-5,1.0,Win,1.0,True,True,True
4c8546dd-c950-4fae-a79a-df9f01fb2f63,cebed5c0-9f8f-4458-aaa4-0ee2b6f25f10,Mehul Bansal / Vaibhav Sahni,Mehul Bansal / Vaibhav Sahni,8-4,8-4,1.0,Win,1.0,True,True,True
7911d391-0ff8-4ecc-9489-832f6cac8b81,cebed5c0-9f8f-4458-aaa4-0ee2b6f25f10,Mehul Bansal / Vaibhav Sahni,Mehul Bansal / Vaibhav Sahni,3-9,3-9,1.0,Loss,2.0,True,True,True
abbe0a20-2e6c-4dad-a383-e91315342dd7,cf4e6dfa-ee51-4ee3-8b1c-cd6173e3955f,Sandeep Louis / Vivek Venugopal,Rajiv Dutt / Mahesh Shinde,6-8,8-6,2.0,Loss,1.0,False,True,True
aec0d41f-15dc-4d8d-9679-aae89ba81453,cf4e6dfa-ee51-4ee3-8b1c-cd6173e3955f,Sandeep Louis / Vivek Venugopal,Sandeep Louis / Vivek Venugopal,1-8,1-8,1.0,Loss,2.0,True,True,True
6cb85dab-0ff4-449d-a241-89b8999588ad,cf4e6dfa-ee51-4ee3-8b1c-cd6173e3955f,Sandeep Louis / Vivek Venugopal,Arun Chery Jacob / Abhilash Joshi,4-8,8-4,2.0,Loss,1.0,False,True,True
3ca860b8-c09e-4375-8b44-2659949f3da6,cf8b7d94-b472-4c15-b10e-a112da1d3143,Sanya Khan / Sonia Rathee,Sanya Khan / Sonia Rathee,8-2,8-2,1.0,Win,1.0,True,True,True
2bdb9416-b055-4eab-8850-09fcb562eb10,cf8b7d94-b472-4c15-b10e-a112da1d3143,Sanya Khan / Sonia Rathee,Sanya Khan / Sonia Rathee,8-5,8-5,1.0,Win,1.0,True,True,True
f8843aa6-9b39-4e76-ae47-ff1629d0e2b8,cf8b7d94-b472-4c15-b10e-a112da1d3143,Sanya Khan / Sonia Rathee,Sanya Khan / Sonia Rathee,"6-0, 6-0","6-0, 6-0",1.0,Win,1.0,True,True,True
bb31b30c-aad7-488f-adcd-8ff41ab394c3,cf8b7d94-b472-4c15-b10e-a112da1d3143,Sanya Khan / Sonia Rathee,Sanya Khan / Sonia Rathee,"6-2, 6-1","6-2, 6-1",1.0,Win,1.0,True,True,True
b8bdcbc0-af73-4e96-9922-3ca9f8bb1870,cff6eb07-908a-4412-9f28-3ab5692a2977,Hamir Desai / Arun Hemdev,Syed Imran Yusoof / Kunal Premnarayen,0-8,8-0,2.0,Loss,1.0,False,True,True
eebe308f-da47-497a-a88b-e0b05b560710,cff6eb07-908a-4412-9f28-3ab5692a2977,Hamir Desai / Arun Hemdev,Aditya Maheshwari / Anand kothari,0-8,8-0,2.0,Loss,1.0,False,True,True
269f15b0-6e4a-431f-904a-50f70936517d,d08e2513-3bf5-441c-aace-831129099cc4,Adit Patel / Kavin Vendan,Adit Patel / Kavin Vendan,7-8,7-8,1.0,Loss,2.0,True,True,True
d81ae8bc-41ae-4634-83fc-619c77e3c65e,d08e2513-3bf5-441c-aace-831129099cc4,Adit Patel / Kavin Vendan,Aditya Jagtap / Krishiv Patel,0-8,8-0,2.0,Loss,1.0,False,True,True
42d526cf-abfc-45ea-a2d5-9b40721e31c1,d08e2513-3bf5-441c-aace-831129099cc4,Adit Patel / Kavin Vendan,Adit Patel / Kavin Vendan,8-5,8-5,1.0,Win,1.0,True,True,True
881a2820-3902-4ef5-b05a-9c2ebee3c4a3,d08e2513-3bf5-441c-aace-831129099cc4,Adit Patel / Kavin Vendan,Adit Patel / Kavin Vendan,8-2,8-2,1.0,Win,1.0,True,True,True
4679b382-8cae-4ac8-99b8-427f869ad967,d08e2513-3bf5-441c-aace-831129099cc4,Adit Patel / Kavin Vendan,Swaraj Deshmukh / Kaivalya Kalamse,8-6,6-8,2.0,Win,2.0,False,True,True
f0abf730-1ec1-4a0c-9005-c63fa90bd30a,d08e2513-3bf5-441c-aace-831129099cc4,Adit Patel / Kavin Vendan,Adit Patel / Kavin Vendan,5-9,5-9,1.0,Loss,2.0,True,True,True
39eb1f5f-d217-49a6-8600-469f9433a67b,d0b617f9-dfee-470a-9b18-020c2c90521e,Pooja Kharat / Shabri Agarwal,Tammana Kalra / Anmol Malhotra,8-4,4-8,2.0,Win,2.0,False,True,True
0c28fe55-77aa-493f-9927-458dd5c0b139,d0b617f9-dfee-470a-9b18-020c2c90521e,Pooja Kharat / Shabri Agarwal,Mansi Malhotra / Rubani Sidhu,3-8,8-3,2.0,Loss,1.0,False,True,True
1ca64bf6-afd9-4913-98c6-03dfccac1dcf,d0b617f9-dfee-470a-9b18-020c2c90521e,Pooja Kharat / Shabri Agarwal,Pooja Kharat / Shabri Agarwal,4-8,4-8,1.0,Loss,2.0,True,True,True
f80a7c18-5b62-4194-a70c-01ccae2bc161,d1274dd2-48b5-46b9-9049-6a6bcc38fd2e,Aryan Hemdev / Porus Shroff,Aryan Hemdev / Porus Shroff,8-3,8-3,1.0,Win,1.0,True,True,True
828509a6-8087-4f22-aec9-e14d1755fef3,d1274dd2-48b5-46b9-9049-6a6bcc38fd2e,Aryan Hemdev / Porus Shroff,Aryan Hemdev / Porus Shroff,8-1,8-1,1.0,Win,1.0,True,True,True
21531498-a30e-4829-8692-652b9a4bb49f,d1274dd2-48b5-46b9-9049-6a6bcc38fd2e,Aryan Hemdev / Porus Shroff,Aryan Hemdev / Porus Shroff,8-3,8-3,1.0,Win,1.0,True,True,True
eac2866a-f6d4-4013-82c2-4d2101bb37a4,d1274dd2-48b5-46b9-9049-6a6bcc38fd2e,Aryan Hemdev / Porus Shroff,Swaraj D / Kaivalya Kalamse,9-4,4-9,2.0,Win,2.0,False,True,True
ff025360-1780-4fb5-a40e-7652fa86f6b8,d1274dd2-48b5-46b9-9049-6a6bcc38fd2e,Aryan Hemdev / Porus Shroff,Taran Mundkar / Samar Malhotra,"4-6, 4-6","6-4, 6-4",2.0,Loss,1.0,False,True,True
2c1ee55d-2e7e-42e2-84e7-88ba0c2c8231,d195aee3-c907-47fb-a0fa-ee78cb4af2f8,Saurav Kankaria / Nikhil Khemka,Vijay Chhabria / Rupen Jhaveri,5-8,8-5,2.0,Loss,1.0,False,True,True
d7903731-3e77-4474-8c8c-2585961c5dfb,d195aee3-c907-47fb-a0fa-ee78cb4af2f8,Saurav Kankaria / Nikhil Khemka,Sandip Sabharwal / Saurabh Vijewargia,8-2,2-8,2.0,Win,2.0,False,True,True
08bbaa2c-1ca5-49ee-b723-6da4838c65d3,d195aee3-c907-47fb-a0fa-ee78cb4af2f8,Saurav Kankaria / Nikhil Khemka,Karan Mehrotra / James Darbar,8-1,1-8,2.0,Win,2.0,False,True,True
151ea7c7-0045-4d19-b1d9-810c5fbc4ba8,d195aee3-c907-47fb-a0fa-ee78cb4af2f8,Saurav Kankaria / Nikhil Khemka,Aditya Maheshwari / Akshay Jalan,"4-6, 4-6","6-4, 6-4",2.0,Loss,1.0,False,True,True
124e740f-52cb-4729-913f-57c9639504ed,d2d7929c-5515-4860-bcc3-871b25fdf56e,Aashna Sanghvi / Ashni Kothari,Sahitra Ghurye / Ashwita Hosbettu,5-8,8-5,2.0,Loss,1.0,False,True,True
e31f7636-99d0-44f9-acf2-2c5c8793f9cf,d2d7929c-5515-4860-bcc3-871b25fdf56e,Aashna Sanghvi / Ashni Kothari,Aashna Sanghvi / Ashni Kothari,4-8,4-8,1.0,Loss,2.0,True,True,True
c2dc1105-a267-423e-a981-719c1cb7f2af,d4d1cf44-7849-4baa-b956-c56e4613995b,Aryaman Jajodia / Ankit Agarwal,Shashank Mittal / Tanay Gabhawala,3-8,8-3,2.0,Loss,1.0,False,True,True
a9af1cfe-b257-4c08-a6a4-d3d0f14ee75a,d4d1cf44-7849-4baa-b956-c56e4613995b,Aryaman Jajodia / Ankit Agarwal,Adit Patel / Abhishek Gupta,7-8,8-7,2.0,Loss,1.0,False,True,True
d653aa4a-ecc7-4f6c-95da-ee9657d4109e,d4d1cf44-7849-4baa-b956-c56e4613995b,Aryaman Jajodia / Ankit Agarwal,Rahul Motwani / Aryan Goveas,1-8,8-1,2.0,Loss,1.0,False,True,True
4679b382-8cae-4ac8-99b8-427f869ad967,d53736bd-2d26-4977-9d4f-edb8ddc49ffb,Swaraj Deshmukh / Kaivalya Kalamse,Swaraj Deshmukh / Kaivalya Kalamse,6-8,6-8,1.0,Loss,2.0,True,True,True
30936912-272f-46a2-8756-3da8c56140d8,d53736bd-2d26-4977-9d4f-edb8ddc49ffb,Swaraj Deshmukh / Kaivalya Kalamse,Saish Shelar / Mihir Akolkar,9-7,7-9,2.0,Win,2.0,False,True,True
3299e9e4-93f1-44c7-bc08-760b8d5152f2,d53736bd-2d26-4977-9d4f-edb8ddc49ffb,Swaraj Deshmukh / Kaivalya Kalamse,Aditya Jagtap / Krishiv Patel,"3-6, 2-6","6-3, 6-2",2.0,Loss,1.0,False,True,True
bee905cc-e47d-4c29-b6d9-d925c36c8855,d53d58f6-276e-46d7-b68f-122f5cffc310,Sagar Patodia / Ronak Bhojani,R S Abhishek / Siddharth Satheesan,1-8,8-1,2.0,Loss,1.0,False,True,True
cfc9092d-1105-4510-a717-d1d9d7659bd7,d53d58f6-276e-46d7-b68f-122f5cffc310,Sagar Patodia / Ronak Bhojani,Rahul Chandwani / Rahul Khanna,0-8,8-0,2.0,Loss,1.0,False,True,True
d93ac3f6-2602-46e2-bd76-c9a34866b375,d53d58f6-276e-46d7-b68f-122f5cffc310,Sagar Patodia / Ronak Bhojani,Sagar Patodia / Ronak Bhojani,0-8,0-8,1.0,Loss,2.0,True,True,True
db80f37c-293f-4942-9259-f686be89bae5,d55bd4eb-f316-443e-bc77-b4223089bb9b,Rishabh Kalokhe / Kriday Sethi,Rishabh Kalokhe / Kriday Sethi,8-6,8-6,1.0,Win,1.0,True,True,True
7dd225a1-76ce-4dcb-b102-551b8cd04203,d55bd4eb-f316-443e-bc77-b4223089bb9b,Rishabh Kalokhe / Kriday Sethi,Rishabh Kalokhe / Kriday Sethi,4-8,4-8,1.0,Loss,2.0,True,True,True
2129de25-2b68-4bda-b4b4-ff52efbca0ee,d55bd4eb-f316-443e-bc77-b4223089bb9b,Rishabh Kalokhe / Kriday Sethi,Tejas Shevde / Nishad Shevde,5-8,8-5,2.0,Loss,1.0,False,True,True
aa3e59d6-bc58-4f54-a7cf-cf6454e989b7,d55bd4eb-f316-443e-bc77-b4223089bb9b,Rishabh Kalokhe / Kriday Sethi,Tammineedi Jayanth / Vineeth Mutyala,5-9,9-5,2.0,Loss,1.0,False,True,True
707023f9-626f-40d4-8eda-736dd09b2736,d5e77120-edf1-4cae-b40a-26c7256c3252,Vikaas Chhabria / Vedanth P Patel,Vikaas Chhabria / Vedanth P Patel,6-8,6-8,1.0,Loss,2.0,True,True,True
9eaec017-cb19-4cae-833d-df112e51bba0,d5e77120-edf1-4cae-b40a-26c7256c3252,Vikaas Chhabria / Vedanth P Patel,Siddhant Gupta / Aman Makan,0-8,8-0,2.0,Loss,1.0,False,True,True
36afdf01-332e-4b31-acb7-193c0f9954ae,d5e77120-edf1-4cae-b40a-26c7256c3252,Vikaas Chhabria / Vedanth P Patel,Royce Raju Beena / James Joseph,8-7,7-8,2.0,Win,2.0,False,True,True
fe082a67-50ea-42d5-b22b-cc0470bcf762,d647ebc2-b81c-41ed-a991-3bdac08e4f0b,Muhammed Ajmal / Aravind Kannan,Rajveer Patel / Arnav Tanna,8-4,4-8,2.0,Win,2.0,False,True,True
d4b43a95-3bc9-4068-9d0d-14704e48cdf9,d647ebc2-b81c-41ed-a991-3bdac08e4f0b,Muhammed Ajmal / Aravind Kannan,Muhammed Ajmal / Aravind Kannan,8-0,8-0,1.0,Win,1.0,True,True,True
100aa0c0-037b-400a-aa27-fc201862d829,d647ebc2-b81c-41ed-a991-3bdac08e4f0b,Muhammed Ajmal / Aravind Kannan,Muhammed Ajmal / Aravind Kannan,8-2,8-2,1.0,Win,1.0,True,True,True
03e3d1fe-fea2-4898-a94f-770efe9d8f00,d647ebc2-b81c-41ed-a991-3bdac08e4f0b,Muhammed Ajmal / Aravind Kannan,Muhammed Ajmal / Aravind Kannan,9-2,9-2,1.0,Win,1.0,True,True,True
65e45209-0e5a-43e3-9fb6-c442bec81708,d647ebc2-b81c-41ed-a991-3bdac08e4f0b,Muhammed Ajmal / Aravind Kannan,Muhammed Ajmal / Aravind Kannan,5-9,5-9,1.0,Loss,2.0,True,True,True
adbb6c00-a8ba-4375-9587-69d1cca2a654,d7b11e8a-e252-4721-9b62-227fb11e43c2,Shraddha Damani / Tulsi Mehta,Shraddha Damani / Tulsi Mehta,"6-4, 6-2","6-4, 6-2",1.0,Win,1.0,True,True,True
28f4312c-10ea-4d70-805d-6b5fe710c7c9,d7b11e8a-e252-4721-9b62-227fb11e43c2,Tulsi Mehta / Shraddha Damani,Tulsi Mehta / Shraddha Damani,8-7,8-7,1.0,Win,1.0,True,True,True
2b77c1ce-c2e4-487c-a079-61227a691ddc,d7b11e8a-e252-4721-9b62-227fb11e43c2,Tulsi Mehta / Shraddha Damani,Tulsi Mehta / Shraddha Damani,8-7,8-7,1.0,Win,1.0,True,True,True
6d276a24-c698-41fb-b910-4930ede83bc4,d7b11e8a-e252-4721-9b62-227fb11e43c2,Tulsi Mehta / Shraddha Damani,Steisha Buddhala / Amy Bundhel,6-8,8-6,2.0,Loss,1.0,False,True,True
f9d168cf-619d-4ea6-a787-587c9b750da9,d7b11e8a-e252-4721-9b62-227fb11e43c2,Tulsi Mehta / Shraddha Damani,Vaibhavi Deshmukh / Namita Bal,"6-4, 3-6, 7-6","4-6, 6-3, 6-7(1-7)",2.0,Win,2.0,False,True,True
6eba4cbb-edc5-4695-aa10-5242efd44d7f,d7b11e8a-e252-4721-9b62-227fb11e43c2,Tulsi Mehta / Shraddha Damani,Steisha Buddhala / Amy Bundhel,"3-6, 7-5, 4-6","6-3, 5-7, 6-4",2.0,Loss,1.0,False,True,True
8ebe75ff-cd80-453a-b10d-cf2bc1da37bb,daa131b4-ca8e-455c-adf2-477b1b9c85d6,Mohit Sharma / Dhruv Malhotra,Shray Mehta / Atin Gupta,6-8,8-6,2.0,Loss,1.0,False,True,True
d5c7fc94-4e40-429f-a258-544d63efc42d,daa131b4-ca8e-455c-adf2-477b1b9c85d6,Mohit Sharma / Dhruv Malhotra,Mohit Sharma / Dhruv Malhotra,2-8,2-8,1.0,Loss,2.0,True,True,True
88be0d50-d878-4b1f-a901-6419ac17ff32,daa131b4-ca8e-455c-adf2-477b1b9c85d6,Mohit Sharma / Dhruv Malhotra,Mohit Sharma / Dhruv Malhotra,8-5,8-5,1.0,Win,1.0,True,True,True
4efd1c25-c502-471c-97d0-6388485dc590,daca6104-e707-4880-85fe-ff16d3da0c57,Anna Biju / Meghna Biju,Devi Nayar / Aswti Mannali,,,2.0,Loss,1.0,False,True,True
dfcb11e7-7275-42e0-bba1-f719ca39cb4d,daca6104-e707-4880-85fe-ff16d3da0c57,Anna Biju / Meghna Biju,Raksha Bhaskar / Gayatri Nair,,,2.0,Loss,1.0,False,True,True
2db86115-7621-4fa8-bbb9-ec7bddc68a32,daca6104-e707-4880-85fe-ff16d3da0c57,Anna Biju / Meghna Biju,Niti Mehta / Alisha Aggarwal,0-8,8-0,2.0,Loss,1.0,False,True,True
e2cb90e4-5852-4dc4-84cd-9a699a193604,dacff7ad-842d-4f12-8adb-bf190bfb6eb2,Rohan Dhoot / Karan Daftary,Siddharth Sanghai / Annanya Agarwal,4-8,8-4,2.0,Loss,1.0,False,True,True
5a3a3b83-f67a-495a-bab8-f018fdd6fa30,dacff7ad-842d-4f12-8adb-bf190bfb6eb2,Rohan Dhoot / Karan Daftary,Rohan Dhoot / Karan Daftary,8-5,8-5,1.0,Win,1.0,True,True,True
03cf6a96-2f99-40d6-a062-a69b65972c4e,db4244f2-196a-41e4-bd02-f90ae3ea565b,Pratham Jain / Hritesh Agarwal,Pratham Jain / Hritesh Agarwal,6-8,6-8,1.0,Loss,2.0,True,True,True
30652006-4056-458a-bc9b-2e6b2f38339c,db4244f2-196a-41e4-bd02-f90ae3ea565b,Pratham Jain / Hritesh Agarwal,Pratham Jain / Hritesh Agarwal,8-2,8-2,1.0,Win,1.0,True,True,True
f9731eff-f696-4bd1-a454-0aace0df1c7e,db4244f2-196a-41e4-bd02-f90ae3ea565b,Pratham Jain / Hritesh Agarwal,Pratham Jain / Hritesh Agarwal,8-1,8-1,1.0,Win,1.0,True,True,True
b7b2aba6-9ae5-4584-8b84-a500502c2679,db4244f2-196a-41e4-bd02-f90ae3ea565b,Pratham Jain / Hritesh Agarwal,Tanveer Singh / Gandharv Bajaj,9-5,5-9,2.0,Win,2.0,False,True,True
dac45625-c3b1-4972-bae3-60f8443bc319,db4244f2-196a-41e4-bd02-f90ae3ea565b,Pratham Jain / Hritesh Agarwal,R S Abhishek / Siddharth Satheesan,9-7,7-9,2.0,Win,2.0,False,True,True
5e145ccb-1942-4e0b-a55a-6af86716c1d1,db4244f2-196a-41e4-bd02-f90ae3ea565b,Pratham Jain / Hritesh Agarwal,Tammineedi Jayanth / Vineeth Mutyala,"4-6, 6-7","6-4, 7-6(7-2)",2.0,Loss,1.0,False,True,True
cfad9065-e732-4e0a-8e37-02317b378de5,db525122-7288-4cef-a60c-57d5465c23d2,Punit Chawla / Sandeep Chawla,Ishan Maitreya / Anuj Vaghani,6-8,8-6,2.0,Loss,1.0,False,True,True
d83536ad-73e2-40d1-9895-d20602b7b3b6,db525122-7288-4cef-a60c-57d5465c23d2,Punit Chawla / Sandeep Chawla,Raghav Bansal / Karan Bansal,7-8,8-7,2.0,Loss,1.0,False,True,True
a2d9fd31-bf5a-48c3-b8d3-5a5c3e2170f0,db525122-7288-4cef-a60c-57d5465c23d2,Punit Chawla / Sandeep Chawla,Punit Chawla / Sandeep Chawla,3-8,3-8,1.0,Loss,2.0,True,True,True
a98f84ae-51c7-4d1d-9e17-54713b9205d3,db64450c-aa4a-4b28-beeb-a84f6a75867b,Premal Javeri / Harshvardhan Sharma,Premal Javeri / Harshvardhan Sharma,8-0,8-0,1.0,Win,1.0,True,True,True
c9389643-dac4-4ae9-8dbb-5e89ec688736,db64450c-aa4a-4b28-beeb-a84f6a75867b,Premal Javeri / Harshvardhan Sharma,Raj Prajapati / Ashwin Saksena,8-0,0-8,2.0,Win,2.0,False,True,True
95ff666f-ce1b-40f6-88d4-29553a62bf12,db64450c-aa4a-4b28-beeb-a84f6a75867b,Premal Javeri / Harshvardhan Sharma,Aditya Maheshwari / Akshay Jalan,1-8,8-1,2.0,Loss,1.0,False,True,True
0b4d90d9-4ced-49bb-baad-195df103ee22,db64450c-aa4a-4b28-beeb-a84f6a75867b,Premal Javeri / Harshvardhan Sharma,Prabhas Sharma / Shashin Shah,8-1,1-8,2.0,Win,2.0,False,True,True
3de0a482-c380-4b3c-b640-ba433f6051a1,db64450c-aa4a-4b28-beeb-a84f6a75867b,Premal Javeri / Harshvardhan Sharma,Vijay Chhabria / Rupen Jhaveri,"0-6, 1-6","6-0, 6-1",2.0,Loss,1.0,False,True,True
d573ae06-0b71-42de-8278-b58b136c8dd4,dbd6997d-2211-4a51-9d0e-0676e2966060,Kimaya Mehta / Pia Kothari,Estelle Mehta / Anisha Mirchandani,5-8,8-5,2.0,Loss,1.0,False,True,True
1f6997a5-4271-404b-ad04-58cc5b3d5267,dbd6997d-2211-4a51-9d0e-0676e2966060,Kimaya Mehta / Pia Kothari,Kimaya Mehta / Pia Kothari,8-4,8-4,1.0,Win,1.0,True,True,True
1964eb29-aafd-4181-a92b-5d06baaa35d7,dbd6997d-2211-4a51-9d0e-0676e2966060,Kimaya Mehta / Pia Kothari,Shraddha Damani / Tulsi Mehta,"3-6, 4-6","6-3, 6-4",2.0,Loss,1.0,False,True,True
c3e05fd7-0253-4167-86c1-caf87ae0e1cc,dd73b3c0-a4c1-4c57-87f1-25fac864cce8,Pooja Kharat / Diya Chopra,Roshni Dadachanji / Shahnaz Dubash,3-8,8-3,2.0,Loss,1.0,False,True,True
369ae7fe-8062-4032-b136-8b5425050c64,dd73b3c0-a4c1-4c57-87f1-25fac864cce8,Pooja Kharat / Diya Chopra,Pooja Kharat / Diya Chopra,8-1,8-1,1.0,Win,1.0,True,True,True
dab0cf52-730f-4a9f-9478-fc59b57cd431,ddb10849-80d7-4445-a21f-8b51010f3dee,Tanveer Singh / Gandharv Bajaj,Tanveer Singh / Gandharv Bajaj,8-5,8-5,1.0,Win,1.0,True,True,True
d78a8142-a587-4ecb-860f-d28fdb11ef60,ddb10849-80d7-4445-a21f-8b51010f3dee,Tanveer Singh / Gandharv Bajaj,Tanveer Singh / Gandharv Bajaj,8-4,8-4,1.0,Win,1.0,True,True,True
b7b2aba6-9ae5-4584-8b84-a500502c2679,ddb10849-80d7-4445-a21f-8b51010f3dee,Tanveer Singh / Gandharv Bajaj,Tanveer Singh / Gandharv Bajaj,5-9,5-9,1.0,Loss,2.0,True,True,True
15ef7bff-541b-4ae6-b583-4914704bd786,de44689c-c743-460c-a4f5-a04b2819a84b,Sonu Vaidyan / Sadic Ashraf,Mithun Prabhu / Akshith Thomas,5-8,8-5,2.0,Loss,1.0,False,True,True
fcdd2916-4e98-4a27-a45c-4e9cae42142a,de44689c-c743-460c-a4f5-a04b2819a84b,Sonu Vaidyan / Sadic Ashraf,Sonu Vaidyan / Sadic Ashraf,1-8,1-8,1.0,Loss,2.0,True,True,True
4efd1c25-c502-471c-97d0-6388485dc590,dfcae58c-6114-4a58-ae65-0da63e435421,Anna Biju / Meghna Biju,Devi Nayar / Aswti Mannali,,,2.0,Loss,1.0,False,True,True
dfcb11e7-7275-42e0-bba1-f719ca39cb4d,dfcae58c-6114-4a58-ae65-0da63e435421,Anna Biju / Meghna Biju,Raksha Bhaskar / Gayatri Nair,,,2.0,Loss,1.0,False,True,True
2db86115-7621-4fa8-bbb9-ec7bddc68a32,dfcae58c-6114-4a58-ae65-0da63e435421,Anna Biju / Meghna Biju,Niti Mehta / Alisha Aggarwal,0-8,8-0,2.0,Loss,1.0,False,True,True
2b77c1ce-c2e4-487c-a079-61227a691ddc,e190ca21-bb25-46b3-965e-bcb2ffcc3fd3,Tulsi Mehta / Shraddha Damani,Tulsi Mehta / Shraddha Damani,8-7,8-7,1.0,Win,1.0,True,True,True
6d276a24-c698-41fb-b910-4930ede83bc4,e190ca21-bb25-46b3-965e-bcb2ffcc3fd3,Tulsi Mehta / Shraddha Damani,Steisha Buddhala / Amy Bundhel,6-8,8-6,2.0,Loss,1.0,False,True,True
1ce84c70-9176-4515-af2d-606ae86b0148,e190ca21-bb25-46b3-965e-bcb2ffcc3fd3,Tulsi Mehta / Samar Malhotra,Tulsi Mehta / Samar Malhotra,9-2,9-2,1.0,Win,1.0,True,True,True
f9d168cf-619d-4ea6-a787-587c9b750da9,e190ca21-bb25-46b3-965e-bcb2ffcc3fd3,Tulsi Mehta / Shraddha Damani,Vaibhavi Deshmukh / Namita Bal,"6-4, 3-6, 7-6","4-6, 6-3, 6-7(1-7)",2.0,Win,2.0,False,True,True
e8cb5055-d641-4b13-a5bd-6fc4a42a018e,e190ca21-bb25-46b3-965e-bcb2ffcc3fd3,Tulsi Mehta / Samar Malhotra,Tulsi Mehta / Samar Malhotra,6-2,6-2,1.0,Win,1.0,True,True,True
6eba4cbb-edc5-4695-aa10-5242efd44d7f,e190ca21-bb25-46b3-965e-bcb2ffcc3fd3,Tulsi Mehta / Shraddha Damani,Steisha Buddhala / Amy Bundhel,"3-6, 7-5, 4-6","6-3, 5-7, 6-4",2.0,Loss,1.0,False,True,True
742f185f-f8b3-43bd-bc28-ccff9c5dd663,e3869e84-3ac2-4379-98af-296be1b0d317,Ronak Daftary / Anirudh Jain,Ronak Daftary / Anirudh Jain,4-8,4-8,1.0,Loss,2.0,True,True,True
ffce9f07-41df-4185-839d-beddaa18310e,e3869e84-3ac2-4379-98af-296be1b0d317,Ronak Daftary / Anirudh Jain,Ronak Daftary / Anirudh Jain,7-8,7-8,1.0,Loss,2.0,True,True,True
2f275c7b-6a18-47f3-b8f9-e38c675e37d7,e3869e84-3ac2-4379-98af-296be1b0d317,Ronak Daftary / Anirudh Jain,Ronak Daftary / Anirudh Jain,8-1,8-1,1.0,Win,1.0,True,True,True
30a3cbad-478c-4935-9d0f-f8e30b5fe9cc,e4099cdf-1b05-4993-afa7-214dcbc071b1,Junaid Sopariwala / Tabrez Sopariwala,Samkit Shah / Rahul Chandwani,4-8,8-4,2.0,Loss,1.0,False,True,True
887df84a-c482-4827-a9dd-8d8c059d0455,e4099cdf-1b05-4993-afa7-214dcbc071b1,Junaid Sopariwala / Tabrez Sopariwala,Junaid Sopariwala / Tabrez Sopariwala,8-2,8-2,1.0,Win,1.0,True,True,True
19fcc9ef-da12-491b-b610-cbe2de6e915c,e6060460-a028-48da-8565-3f9ab0a3075f,Frederick Williams / Venkatesh Anilkumar,Frederick Williams / Venkatesh Anilkumar,8-0,8-0,1.0,Win,1.0,True,True,True
cb4a5452-e751-46b7-96f9-2716145c34f5,e6060460-a028-48da-8565-3f9ab0a3075f,Frederick Williams / Venkatesh Anilkumar,Rajveer Patel / Arnav Tanna,0-8,8-0,2.0,Loss,1.0,False,True,True
100aa0c0-037b-400a-aa27-fc201862d829,e6060460-a028-48da-8565-3f9ab0a3075f,Frederick Williams / Venkatesh Anilkumar,Muhammed Ajmal / Aravind Kannan,2-8,8-2,2.0,Loss,1.0,False,True,True
b66f2731-a78d-4362-8caf-59be4e4d2cdb,e6544941-7855-4961-9952-2ab8b4731763,Anam Sumar / Rasha Sumar,Anam Sumar / Rasha Sumar,8-3,8-3,1.0,Win,1.0,True,True,True
d828bc6b-341b-4d92-84c4-b56c530855fc,e6544941-7855-4961-9952-2ab8b4731763,Anam Sumar / Rasha Sumar,Anam Sumar / Rasha Sumar,8-1,8-1,1.0,Win,1.0,True,True,True
7c17ae7a-a234-4ff5-b12c-2f0b6d8b2fa8,e6544941-7855-4961-9952-2ab8b4731763,Anam Sumar / Rasha Sumar,Anam Sumar / Rasha Sumar,5-8,5-8,1.0,Loss,2.0,True,True,True
27c97394-60ce-406a-a8e4-e00b76b49ac8,e6544941-7855-4961-9952-2ab8b4731763,Anam Sumar / Rasha Sumar,Manvi Chaudhary / Kimberly Fernandez,"4-6, 3-6","6-4, 6-3",2.0,Loss,1.0,False,True,True
07e45cb7-2688-44e8-801a-da2e0b30f2ee,e7f18fca-e2a6-4ee7-9045-df813ab9fd91,Gopal Mohan / Nikhil George,Arjun Raju / Ganesh Raj,1-8,8-1,2.0,Loss,1.0,False,True,True
da312eda-67b5-4df0-94b1-228ec49f5dbc,e7f18fca-e2a6-4ee7-9045-df813ab9fd91,Gopal Mohan / Nikhil George,Gopal Mohan / Nikhil George,3-8,3-8,1.0,Loss,2.0,True,True,True
ad55fa45-bd82-41fa-902e-071b3b821657,e8bb7691-632b-4e35-afe3-cad46e672610,Ashish Khemlani / Arjun Gupta,Aryan Hemdev / Samar Malhotra,0-8,8-0,2.0,Loss,1.0,False,True,True
227b049a-4ea1-485d-9cbc-8d701e5027cb,e8bb7691-632b-4e35-afe3-cad46e672610,Ashish Khemlani / Arjun Gupta,Swaraj Deshmukh / Kaivalya Kalamse,1-8,8-1,2.0,Loss,1.0,False,True,True
76189941-f243-4a65-bbec-27c65975cf79,e8bb7691-632b-4e35-afe3-cad46e672610,Ashish Khemlani / Arjun Gupta,Krishna Teja Ankam / Gundlapalle Yaswanth Reddy,2-8,8-2,2.0,Loss,1.0,False,True,True
b88c3c6e-dd47-4a18-80bd-cb4507f88641,e9405a6b-358f-49d5-8f1e-b1104d1f6a95,Siddharth Kadam / Ishan Jindal,Siddharth Kadam / Ishan Jindal,8-6,8-6,1.0,Win,1.0,True,True,True
a8b4a721-7ff6-40b9-a525-4a0ef34d4862,e9405a6b-358f-49d5-8f1e-b1104d1f6a95,Siddharth Kadam / Ishan Jindal,Siddharth Kadam / Ishan Jindal,8-3,8-3,1.0,Win,1.0,True,True,True
59e6f032-1ac8-4ef7-8d4d-de658e4c23f7,e9405a6b-358f-49d5-8f1e-b1104d1f6a95,Siddharth Kadam / Ishan Jindal,Neville Wadia / Kabir Anand,9-3,3-9,2.0,Win,2.0,False,True,True
5e3b1bb4-d557-47c5-93eb-4f454d414336,e9405a6b-358f-49d5-8f1e-b1104d1f6a95,Siddharth Kadam / Ishan Jindal,Siddharth Kadam / Ishan Jindal,"3-6, 4-6","3-6, 4-6",1.0,Loss,2.0,True,True,True
0e432ae9-5a13-47fe-b532-c9e0b66e2f86,e96f99c4-060b-4dc8-8800-155d8e8fdbbc,Nikita Hingorani / Dheeya Somaiya,Gayathri Sanjeev / Sunaina Vasudev,8-1,1-8,2.0,Win,2.0,False,True,True
c11d0483-84c9-4915-8a6e-6fe5feef2b5b,e96f99c4-060b-4dc8-8800-155d8e8fdbbc,Nikita Hingorani / Dheeya Somaiya,Janita Bhandari / Tara Alisha Berry,8-3,3-8,2.0,Win,2.0,False,True,True
7c17ae7a-a234-4ff5-b12c-2f0b6d8b2fa8,e96f99c4-060b-4dc8-8800-155d8e8fdbbc,Nikita Hingorani / Dheeya Somaiya,Anam Sumar / Rasha Sumar,8-5,5-8,2.0,Win,2.0,False,True,True
9d82e9f2-86bb-49ce-971b-8aecc1e5af25,e96f99c4-060b-4dc8-8800-155d8e8fdbbc,Nikita Hingorani / Dheeya Somaiya,Nikita Hingorani / Dheeya Somaiya,"6-2, 2-6, 7-10","6-2, 2-6, 7-10",1.0,Loss,2.0,True,True,True
f80a7c18-5b62-4194-a70c-01ccae2bc161,e9aef618-db1c-42e9-a0ed-c3050a376e4f,Manav Sreekumar / Omar Sumar,Aryan Hemdev / Porus Shroff,3-8,8-3,2.0,Loss,1.0,False,True,True
d39726c0-f0ae-480c-a453-8de3b8cc55ae,e9aef618-db1c-42e9-a0ed-c3050a376e4f,Manav Sreekumar / Omar Sumar,Manav Sreekumar / Omar Sumar,6-8,6-8,1.0,Loss,2.0,True,True,True
1f97db07-67f9-4200-9399-271f5d1449d4,e9aef618-db1c-42e9-a0ed-c3050a376e4f,Manav Sreekumar / Omar Sumar,Manav Sreekumar / Omar Sumar,5-8,5-8,1.0,Loss,2.0,True,True,True
7e05827c-f89f-4451-97b4-8e36b0dc6b1e,ea36ad45-24c2-4b1d-b812-8ebcf72eb5b2,Samkit Shah / Rahul Chandwani,Nandish Shah / Farhan Patrawala,"4-6, 1-6","6-4, 6-1",2.0,Loss,1.0,False,True,True
b755397c-2a31-4642-8ec7-f5bfaa8c89db,ea36ad45-24c2-4b1d-b812-8ebcf72eb5b2,Rahul Chandwani / Rahul Khanna,Rahul Chandwani / Rahul Khanna,5-8,5-8,1.0,Loss,2.0,True,True,True
cfc9092d-1105-4510-a717-d1d9d7659bd7,ea36ad45-24c2-4b1d-b812-8ebcf72eb5b2,Rahul Chandwani / Rahul Khanna,Rahul Chandwani / Rahul Khanna,8-0,8-0,1.0,Win,1.0,True,True,True
0eaea3cc-08a6-48f1-9d3a-19a98bdeca74,ea36ad45-24c2-4b1d-b812-8ebcf72eb5b2,Rahul Chandwani / Rahul Khanna,Rahul Chandwani / Rahul Khanna,8-7,8-7,1.0,Win,1.0,True,True,True
7911d391-0ff8-4ecc-9489-832f6cac8b81,ea36ad45-24c2-4b1d-b812-8ebcf72eb5b2,Rahul Chandwani / Rahul Khanna,Mehul Bansal / Vaibhav Sahni,9-3,3-9,2.0,Win,2.0,False,True,True
af716ab2-fce5-4bdc-bf62-2f8c5c686ced,ea36ad45-24c2-4b1d-b812-8ebcf72eb5b2,Rahul Chandwani / Rahul Khanna,Tejas Shevde / Nishad Shevde,2-9,9-2,2.0,Loss,1.0,False,True,True
62b8fab9-fd99-4133-831e-503c22a36888,ea8745f7-50a3-4a17-ae4e-5d13d042ceb4,Estelle Mehta / Anisha Mirchandani,Estelle Mehta / Anisha Mirchandani,8-3,8-3,1.0,Win,1.0,True,True,True
9ad09a70-a50b-4a87-96b0-bb6ca1f1f6f2,ea8745f7-50a3-4a17-ae4e-5d13d042ceb4,Estelle Mehta / Anisha Mirchandani,Estelle Mehta / Anisha Mirchandani,"7-6, 7-5","7-6(7-5), 7-5",1.0,Win,1.0,True,True,True
adbb6c00-a8ba-4375-9587-69d1cca2a654,ea8745f7-50a3-4a17-ae4e-5d13d042ceb4,Estelle Mehta / Anisha Mirchandani,Shraddha Damani / Tulsi Mehta,"4-6, 2-6","6-4, 6-2",2.0,Loss,1.0,False,True,True
fbc00756-0157-4df4-9c71-89dfcd69351d,ea8745f7-50a3-4a17-ae4e-5d13d042ceb4,Estelle Mehta / Anisha Mirchandani,Estelle Mehta / Anisha Mirchandani,8-1,8-1,1.0,Win,1.0,True,True,True
d533b386-b463-40b5-92fb-1e7e5969d719,ea8745f7-50a3-4a17-ae4e-5d13d042ceb4,Estelle Mehta / Anisha Mirchandani,Estelle Mehta / Anisha Mirchandani,5-8,5-8,1.0,Loss,2.0,True,True,True
a4f283e9-74a3-4ca5-801e-f5f9f608896d,ea8745f7-50a3-4a17-ae4e-5d13d042ceb4,Estelle Mehta / Anisha Mirchandani,Vaibhavi Deshmukh / Namita Bal,2-8,8-2,2.0,Loss,1.0,False,True,True
07e45cb7-2688-44e8-801a-da2e0b30f2ee,eae761c0-dc5e-44fc-acf1-5229a40242dd,Gopal Mohan / Nikhil George,Arjun Raju / Ganesh Raj,1-8,8-1,2.0,Loss,1.0,False,True,True
da312eda-67b5-4df0-94b1-228ec49f5dbc,eae761c0-dc5e-44fc-acf1-5229a40242dd,Gopal Mohan / Nikhil George,Gopal Mohan / Nikhil George,3-8,3-8,1.0,Loss,2.0,True,True,True
db80f37c-293f-4942-9259-f686be89bae5,eb6e3572-7307-4365-8009-7450c28a8eae,Sheehan Furtado / Arik Badami,Rishabh Kalokhe / Kriday Sethi,6-8,8-6,2.0,Loss,1.0,False,True,True
5c2a8bf3-b051-470e-a893-b443f7e5a93d,eb6e3572-7307-4365-8009-7450c28a8eae,Sheehan Furtado / Arik Badami,Tejas Shevde / Nishad Shevde,2-8,8-2,2.0,Loss,1.0,False,True,True
7a3d1d5f-5e2b-41d9-aece-6e1310543043,eb6e3572-7307-4365-8009-7450c28a8eae,Sheehan Furtado / Arik Badami,Sheehan Furtado / Arik Badami,6-8,6-8,1.0,Loss,2.0,True,True,True
6a4b3da6-612a-4319-90f5-bbfbf619f323,ebb05833-4e36-4fbc-977b-1973a5845aba,Kyra Pereira / Amaya Kothari,Kyra Pereira / Amaya Kothari,2-8,2-8,1.0,Loss,2.0,True,True,True
ca1f6e45-f25e-432e-b7c6-0ae9f58d19e5,ec5f0519-a767-4bff-976f-62cac2d931c5,Jimit Sanghani / Rohit S,Neville Wadia / Kabir Anand,0-8,8-0,2.0,Loss,1.0,False,True,True
bf24492d-dd01-4f4f-90f6-ad6f5340b957,ec5f0519-a767-4bff-976f-62cac2d931c5,Jimit Sanghani / Rohit S,Jimit Sanghani / Rohit S,2-8,2-8,1.0,Loss,2.0,True,True,True
3bfc94ec-cbee-4620-b8de-ebed2729f9e5,ed4faf6e-8a73-488d-a79c-8333c5c5b276,Niti Mehta / Alisha Aggarwal,Niti Mehta / Alisha Aggarwal,8-2,8-2,1.0,Win,1.0,True,True,True
98bdde72-766a-4194-9fc6-ad074747233a,ed4faf6e-8a73-488d-a79c-8333c5c5b276,Niti Mehta / Alisha Aggarwal,Niti Mehta / Alisha Aggarwal,8-0,8-0,1.0,Win,1.0,True,True,True
2db86115-7621-4fa8-bbb9-ec7bddc68a32,ed4faf6e-8a73-488d-a79c-8333c5c5b276,Niti Mehta / Alisha Aggarwal,Niti Mehta / Alisha Aggarwal,8-0,8-0,1.0,Win,1.0,True,True,True
fa44e95c-37f6-4d29-a4e0-30b3488d196c,ed4faf6e-8a73-488d-a79c-8333c5c5b276,Niti Mehta / Alisha Aggarwal,Niti Mehta / Alisha Aggarwal,"6-0, 6-4","6-0, 6-4",1.0,Win,1.0,True,True,True
b2a52d91-deff-4c8e-b442-b5793d94b3f0,ee0a9dcc-acb3-4a06-a301-ba31f2f6c134,Sachin Thomas / Parthiv Anilkumar,George Pottamkulam / Amit Krishnan,5-8,8-5,2.0,Loss,1.0,False,True,True
768f0678-f72f-4419-b398-45282170de3e,ee0a9dcc-acb3-4a06-a301-ba31f2f6c134,Sachin Thomas / Parthiv Anilkumar,Bijon Kanabar / Pranay Shetty,8-7,7-8,2.0,Win,2.0,False,True,True
44d82976-d394-4251-b84c-fb77b879d987,ee0a9dcc-acb3-4a06-a301-ba31f2f6c134,Sachin Thomas / Parthiv Anilkumar,Arjun Raju / Ganesh Raj,5-9,9-5,2.0,Loss,1.0,False,True,True
124e740f-52cb-4729-913f-57c9639504ed,ee6b37d2-ebd5-4a1f-8287-6205907b6fe4,Aashna Sanghvi / Ashni Kothari,Sahitra Ghurye / Ashwita Hosbettu,5-8,8-5,2.0,Loss,1.0,False,True,True
e31f7636-99d0-44f9-acf2-2c5c8793f9cf,ee6b37d2-ebd5-4a1f-8287-6205907b6fe4,Aashna Sanghvi / Ashni Kothari,Aashna Sanghvi / Ashni Kothari,4-8,4-8,1.0,Loss,2.0,True,True,True
8665635f-e1e9-4951-a911-5222e1f8b351,ef4d0083-3ad2-492d-8070-1d27cb8fa67d,Rahul Sachdeva / Jason Pereira,Burhan Contractor / Advaith Anoop,1-8,8-1,2.0,Loss,1.0,False,True,True
620eb58e-d91d-4a90-b5e2-8f8bb682963d,ef4d0083-3ad2-492d-8070-1d27cb8fa67d,Rahul Sachdeva / Jason Pereira,Chirag Gaikwad / Harman Singh Tur,1-8,8-1,2.0,Loss,1.0,False,True,True
2f275c7b-6a18-47f3-b8f9-e38c675e37d7,ef4d0083-3ad2-492d-8070-1d27cb8fa67d,Rahul Sachdeva / Jason Pereira,Ronak Daftary / Anirudh Jain,1-8,8-1,2.0,Loss,1.0,False,True,True
d11c09f0-8eea-46c7-8232-864205e62696,f075566a-ec58-4d8e-b389-4380d75fba34,Mansi Malhotra / Rubani Sidhu,Mansi Malhotra / Rubani Sidhu,"6-1, 6-2","6-1, 6-2",1.0,Win,1.0,True,True,True
ce281b7a-9667-41c8-9405-c6cc68d6f114,f0f37d22-d27a-4f1a-afed-0f5d3d55f3e0,Junaiz Odakkal / Aadil Abdul Azeez,Junaiz Odakkal / Aadil Abdul Azeez,6-8,6-8,1.0,Loss,2.0,True,True,True
024c08f8-f9ee-48ed-9283-4e7f74dda84a,f0f37d22-d27a-4f1a-afed-0f5d3d55f3e0,Junaiz Odakkal / Aadil Abdul Azeez,Junaiz Odakkal / Aadil Abdul Azeez,8-4,8-4,1.0,Win,1.0,True,True,True
43478f53-1e57-42c3-ad9f-c36526bea0f9,f0f37d22-d27a-4f1a-afed-0f5d3d55f3e0,Junaiz Odakkal / Aadil Abdul Azeez,Junaiz Odakkal / Aadil Abdul Azeez,8-0,8-0,1.0,Win,1.0,True,True,True
8dd71663-d7d8-4e6b-b8ab-cb11057c4675,f0f37d22-d27a-4f1a-afed-0f5d3d55f3e0,Junaiz Odakkal / Aadil Abdul Azeez,Shaan Shah / Sandip Sabharwal,9-4,4-9,2.0,Win,2.0,False,True,True
e9651de7-cd19-4d31-810c-66e1b3f43b2f,f0f37d22-d27a-4f1a-afed-0f5d3d55f3e0,Junaiz Odakkal / Aadil Abdul Azeez,Junaiz Odakkal / Aadil Abdul Azeez,4-9,4-9,1.0,Loss,2.0,True,True,True
a9f98e2b-6049-4bda-9e40-6dc483a57e94,f10361b9-af81-48db-8dc6-5bdb33b72c6a,Eshant Uppal / Sheriar Mazda,Tanveer Singh / Gandharv Bajaj,1-8,8-1,2.0,Loss,1.0,False,True,True
33f2aa08-01bc-4f86-9db2-4ee5b28d1e69,f10361b9-af81-48db-8dc6-5bdb33b72c6a,Eshant Uppal / Sheriar Mazda,Suhail Kapur / Parth Bhatia,8-4,4-8,2.0,Win,2.0,False,True,True
dbe39b7f-95c4-4779-9068-e4f6c7aecdb7,f10361b9-af81-48db-8dc6-5bdb33b72c6a,Eshant Uppal / Sheriar Mazda,Prateek Gambhir / Yugantar Malhotra,8-4,4-8,2.0,Win,2.0,False,True,True
6539ee95-bca8-4746-9a52-7ada24c658c2,f10361b9-af81-48db-8dc6-5bdb33b72c6a,Eshant Uppal / Sheriar Mazda,Eshant Uppal / Sheriar Mazda,9-5,9-5,1.0,Win,1.0,True,True,True
29d731ef-362a-4e9c-94bb-ef1af289196e,f10361b9-af81-48db-8dc6-5bdb33b72c6a,Eshant Uppal / Sheriar Mazda,Tammineedi Jayanth / Vineeth Mutyala,3-9,9-3,2.0,Loss,1.0,False,True,True
19fcc9ef-da12-491b-b610-cbe2de6e915c,f1ecb503-6fab-40e8-8bf8-c18947a0125f,Sanjay Davis Tony / Savio Zibi,Frederick Williams / Venkatesh Anilkumar,0-8,8-0,2.0,Loss,1.0,False,True,True
d4b43a95-3bc9-4068-9d0d-14704e48cdf9,f1ecb503-6fab-40e8-8bf8-c18947a0125f,Sanjay Davis Tony / Savio Zibi,Muhammed Ajmal / Aravind Kannan,0-8,8-0,2.0,Loss,1.0,False,True,True
d48db828-cc15-4b88-ac7f-f9bb8febd7d4,f1ecb503-6fab-40e8-8bf8-c18947a0125f,Sanjay Davis Tony / Savio Zibi,Rajveer Patel / Arnav Tanna,0-8,8-0,2.0,Loss,1.0,False,True,True
80bc7e35-f267-4d2b-8f2a-0c0439abe7b3,f20c5650-e73d-4731-a1b5-5b89be6d623d,Karan Tandon / Anjan Vachhani,Karan Tandon / Anjan Vachhani,8-5,8-5,1.0,Win,1.0,True,True,True
897a1ba8-cea5-4781-badd-474c2243a7fc,f20c5650-e73d-4731-a1b5-5b89be6d623d,Karan Tandon / Anjan Vachhani,Karan Tandon / Anjan Vachhani,2-8,2-8,1.0,Loss,2.0,True,True,True
4e762133-64f7-4cce-ab88-89fa44f8e125,f24493ea-3fe2-4286-839f-e2d9f227e629,Padma Veda Manikonda / Sameeksha Annem,Sia Chawla / Armaan Mann,8-4,4-8,2.0,Win,2.0,False,True,True
f925257e-0247-4516-a027-1455dbb370a6,f24493ea-3fe2-4286-839f-e2d9f227e629,Padma Veda Manikonda / Sameeksha Annem,Padma Veda Manikonda / Sameeksha Annem,9-6,9-6,1.0,Win,1.0,True,True,True
ecef1827-acee-44ab-9da2-7d8b3599c14f,f24493ea-3fe2-4286-839f-e2d9f227e629,Padma Veda Manikonda / Sameeksha Annem,Shireen Mahajan / Sukhmani Grewal,"6-0, 6-3","0-6, 3-6",2.0,Win,2.0,False,True,True
124e740f-52cb-4729-913f-57c9639504ed,f2db3b3d-1aef-4968-a928-0797453d1f8b,Sahitra Ghurye / Ashwita Hosbettu,Sahitra Ghurye / Ashwita Hosbettu,8-5,8-5,1.0,Win,1.0,True,True,True
3962c093-d977-44ab-afe0-17345507f8e5,f2db3b3d-1aef-4968-a928-0797453d1f8b,Sahitra Ghurye / Ashwita Hosbettu,Sahitra Ghurye / Ashwita Hosbettu,4-8,4-8,1.0,Loss,2.0,True,True,True
cfad9065-e732-4e0a-8e37-02317b378de5,f3fe6938-52ee-41b1-af50-ec82c5c39f31,Punit Chawla / Sandeep Chawla,Ishan Maitreya / Anuj Vaghani,6-8,8-6,2.0,Loss,1.0,False,True,True
d83536ad-73e2-40d1-9895-d20602b7b3b6,f3fe6938-52ee-41b1-af50-ec82c5c39f31,Punit Chawla / Sandeep Chawla,Raghav Bansal / Karan Bansal,7-8,8-7,2.0,Loss,1.0,False,True,True
a2d9fd31-bf5a-48c3-b8d3-5a5c3e2170f0,f3fe6938-52ee-41b1-af50-ec82c5c39f31,Punit Chawla / Sandeep Chawla,Punit Chawla / Sandeep Chawla,3-8,3-8,1.0,Loss,2.0,True,True,True
b833fe8a-b2a1-4a6c-bd96-2ca57c7e6219,f455fd74-d0ee-4f00-b838-363eff4730e6,Siddhant Gupta / Aman Makan,Siddhant Gupta / Aman Makan,8-6,8-6,1.0,Win,1.0,True,True,True
9eaec017-cb19-4cae-833d-df112e51bba0,f455fd74-d0ee-4f00-b838-363eff4730e6,Siddhant Gupta / Aman Makan,Siddhant Gupta / Aman Makan,8-0,8-0,1.0,Win,1.0,True,True,True
72717ee2-f726-4d2a-abb2-8dc3495917c4,f455fd74-d0ee-4f00-b838-363eff4730e6,Siddhant Gupta / Aman Makan,Siddhant Gupta / Aman Makan,8-0,8-0,1.0,Win,1.0,True,True,True
da42261d-6e28-4606-99d6-d8a47a483028,f455fd74-d0ee-4f00-b838-363eff4730e6,Siddhant Gupta / Aman Makan,Siddhant Gupta / Aman Makan,9-3,9-3,1.0,Win,1.0,True,True,True
65e45209-0e5a-43e3-9fb6-c442bec81708,f455fd74-d0ee-4f00-b838-363eff4730e6,Siddhant Gupta / Aman Makan,Muhammed Ajmal / Aravind Kannan,9-5,5-9,2.0,Win,2.0,False,True,True
87daa593-717b-43fe-a33b-b156d1212c06,f455fd74-d0ee-4f00-b838-363eff4730e6,Siddhant Gupta / Aman Makan,Siddhant Gupta / Aman Makan,"6-2, 6-1","6-2, 6-1",1.0,Win,1.0,True,True,True
e096b85b-74ae-49fa-b1a1-c6e62de405dc,f4728606-c9b2-4973-b3b5-68149311c1bc,Vera desai / Tanushri Biyani,Vera desai / Tanushri Biyani,8-5,8-5,1.0,Win,1.0,True,True,True
e6593a0f-4b44-4602-a50e-83b0bcd9c179,f4728606-c9b2-4973-b3b5-68149311c1bc,Vera desai / Tanushri Biyani,Vera desai / Tanushri Biyani,8-1,8-1,1.0,Win,1.0,True,True,True
10b1588c-08ed-4df3-b37f-66e43d24f1fc,f4728606-c9b2-4973-b3b5-68149311c1bc,Vera desai / Tanushri Biyani,Vera desai / Tanushri Biyani,"3-6, 2-6","3-6, 2-6",1.0,Loss,2.0,True,True,True
ec406bc0-c591-43c5-86db-f5dba7d68e11,f56cac73-53ea-4e6c-86a7-9ab52222f4a0,Veda Bhambhani / Vedika Chamria,Pooja Bhammer / Ishita Dharnidharka,8-7,7-8,2.0,Win,2.0,False,True,True
abed3b08-19c0-45f8-a620-b7652db44c0d,f56cac73-53ea-4e6c-86a7-9ab52222f4a0,Veda Bhambhani / Vedika Chamria,Manvi Chaudhary / Kimberly Fernandez,6-8,8-6,2.0,Loss,1.0,False,True,True
972711ab-07af-48b2-b015-b11d6af742b4,f56cac73-53ea-4e6c-86a7-9ab52222f4a0,Veda Bhambhani / Vedika Chamria,Gehna Datwani / Sanaya Sabharwal,3-8,8-3,2.0,Loss,1.0,False,True,True
d573ae06-0b71-42de-8278-b58b136c8dd4,f5dad384-ffe0-451a-8d85-b6deaa46885b,Kimaya Mehta / Pia Kothari,Estelle Mehta / Anisha Mirchandani,5-8,8-5,2.0,Loss,1.0,False,True,True
1f6997a5-4271-404b-ad04-58cc5b3d5267,f5dad384-ffe0-451a-8d85-b6deaa46885b,Kimaya Mehta / Pia Kothari,Kimaya Mehta / Pia Kothari,8-4,8-4,1.0,Win,1.0,True,True,True
1964eb29-aafd-4181-a92b-5d06baaa35d7,f5dad384-ffe0-451a-8d85-b6deaa46885b,Kimaya Mehta / Pia Kothari,Shraddha Damani / Tulsi Mehta,"3-6, 4-6","6-3, 6-4",2.0,Loss,1.0,False,True,True
7e0362bc-2aab-4591-856a-294db771143e,f5db5ed7-b6ba-4ce3-bce7-b0593ce1d8d5,Ankit Bhalwankar / Rajesh Shing,Arnav Tanna / Qahhar Padamsee,8-7,7-8,2.0,Win,2.0,False,True,True
a4079a0d-e715-46c7-90bf-b2a5ced67308,f5db5ed7-b6ba-4ce3-bce7-b0593ce1d8d5,Ankit Bhalwankar / Rajesh Shing,Ankit Bhalwankar / Rajesh Shing,2-8,2-8,1.0,Loss,2.0,True,True,True
fd952ca0-cc3a-4431-97ac-b839910ea92a,f627335f-f154-4e08-9481-07dffc3a7d35,Famas Shanavas / Naeem Shahul,Swaraj Deshmukh / Kaivalya Kalamse,2-8,8-2,2.0,Loss,1.0,False,True,True
881a2820-3902-4ef5-b05a-9c2ebee3c4a3,f627335f-f154-4e08-9481-07dffc3a7d35,Famas Shanavas / Naeem Shahul,Adit Patel / Kavin Vendan,2-8,8-2,2.0,Loss,1.0,False,True,True
b4228995-c60b-45ab-aad7-9fea718fd52c,f627335f-f154-4e08-9481-07dffc3a7d35,Famas Shanavas / Naeem Shahul,Syed Imran Yusoof / Kunal Premnarayan,1-8,8-1,2.0,Loss,1.0,False,True,True
b755397c-2a31-4642-8ec7-f5bfaa8c89db,f6c641f1-29cd-45ed-b4df-1421d76f48d3,Arjun Raju / Abhinav Grover,Rahul Chandwani / Rahul Khanna,8-5,5-8,2.0,Win,2.0,False,True,True
071f1a8f-3954-462b-a65a-5533463922c6,f6c641f1-29cd-45ed-b4df-1421d76f48d3,Arjun Raju / Abhinav Grover,R S Abhishek / Siddharth Satheesan,8-2,2-8,2.0,Win,2.0,False,True,True
d93ac3f6-2602-46e2-bd76-c9a34866b375,f6c641f1-29cd-45ed-b4df-1421d76f48d3,Arjun Raju / Abhinav Grover,Sagar Patodia / Ronak Bhojani,8-0,0-8,2.0,Win,2.0,False,True,True
259f6412-478a-4092-b523-0259e613afff,f6c641f1-29cd-45ed-b4df-1421d76f48d3,Arjun Raju / Abhinav Grover,Arjun Raju / Abhinav Grover,7-9,7-9,1.0,Loss,2.0,True,True,True
02f87ebf-fcf5-41b9-a321-daad1e769f18,f6c641f1-29cd-45ed-b4df-1421d76f48d3,Nikhil Kalro / Abhinav Grover,Nikhil Kalro / Abhinav Grover,1-8,1-8,1.0,Loss,2.0,True,True,True
dd67f9b8-7e63-4536-94e6-f2b42d5b93b1,f6c641f1-29cd-45ed-b4df-1421d76f48d3,Nikhil Kalro / Abhinav Grover,Nikhil Kalro / Abhinav Grover,1-8,1-8,1.0,Loss,2.0,True,True,True
d0b6aadb-32a7-4342-92a5-c648e1c4f245,f6e659cb-4a66-4395-9095-16d3ae358fb8,Rhea Jiandani / Mayank Daga,Rhea Jiandani / Mayank Daga,2-8,2-8,1.0,Loss,2.0,True,True,True
8a563a93-6f78-409b-a144-c311fd927e7a,f6e659cb-4a66-4395-9095-16d3ae358fb8,Rhea Jiandani / Mayank Daga,Rhea Jiandani / Mayank Daga,3-8,3-8,1.0,Loss,2.0,True,True,True
22396d1b-d6e9-4505-bbdb-4fd301a691be,f6e659cb-4a66-4395-9095-16d3ae358fb8,Rhea Jiandani / Mayank Daga,Rhea Jiandani / Mayank Daga,8-5,8-5,1.0,Win,1.0,True,True,True
abbe0a20-2e6c-4dad-a383-e91315342dd7,f7839dcf-c6f8-47ef-ab89-7261268a37a2,Sandeep Louis / Vivek Venugopal,Rajiv Dutt / Mahesh Shinde,6-8,8-6,2.0,Loss,1.0,False,True,True
aec0d41f-15dc-4d8d-9679-aae89ba81453,f7839dcf-c6f8-47ef-ab89-7261268a37a2,Sandeep Louis / Vivek Venugopal,Sandeep Louis / Vivek Venugopal,1-8,1-8,1.0,Loss,2.0,True,True,True
6cb85dab-0ff4-449d-a241-89b8999588ad,f7839dcf-c6f8-47ef-ab89-7261268a37a2,Sandeep Louis / Vivek Venugopal,Arun Chery Jacob / Abhilash Joshi,4-8,8-4,2.0,Loss,1.0,False,True,True
fc284433-4413-4c91-8a64-9da568fa3c86,f890ec3e-8c23-439c-9ea1-cbb778891771,Shaan Javeri / Arjun Malhotra,Sahil Sharma / Umesh Padwal,8-1,1-8,2.0,Win,2.0,False,True,True
bb1c1ff3-019c-41f5-abe3-2fddb157090e,f890ec3e-8c23-439c-9ea1-cbb778891771,Shaan Javeri / Arjun Malhotra,Shaan Javeri / Arjun Malhotra,1-8,1-8,1.0,Loss,2.0,True,True,True
322bc724-5ff4-41be-9829-44c36fa287ab,f890ec3e-8c23-439c-9ea1-cbb778891771,Shaan Javeri / Arjun Malhotra,Shaan Javeri / Arjun Malhotra,8-7,8-7,1.0,Win,1.0,True,True,True
58dcf08c-5b45-4b6a-a92d-029fb3c43e95,f890ec3e-8c23-439c-9ea1-cbb778891771,Shaan Javeri / Arjun Malhotra,Shaan Javeri / Arjun Malhotra,5-9,5-9,1.0,Loss,2.0,True,True,True
c3e05fd7-0253-4167-86c1-caf87ae0e1cc,f8b29fd9-6a1b-4c15-b501-63a633a7daa2,Roshni Dadachanji / Shahnaz Dubash,Roshni Dadachanji / Shahnaz Dubash,8-3,8-3,1.0,Win,1.0,True,True,True
65347441-d253-4712-a50c-41e936e8df4e,f8b29fd9-6a1b-4c15-b501-63a633a7daa2,Roshni Dadachanji / Shahnaz Dubash,Roshni Dadachanji / Shahnaz Dubash,8-1,8-1,1.0,Win,1.0,True,True,True
10b1588c-08ed-4df3-b37f-66e43d24f1fc,f8b29fd9-6a1b-4c15-b501-63a633a7daa2,Roshni Dadachanji / Shahnaz Dubash,Vera desai / Tanushri Biyani,"6-3, 6-2","3-6, 2-6",2.0,Win,2.0,False,True,True
bb31b30c-aad7-488f-adcd-8ff41ab394c3,f8b29fd9-6a1b-4c15-b501-63a633a7daa2,Roshni Dadachanji / Shahnaz Dubash,Sanya Khan / Sonia Rathee,"2-6, 1-6","6-2, 6-1",2.0,Loss,1.0,False,True,True
3fa447bb-dcc7-4d3f-af61-c79588f46361,f98b87d6-af21-4087-a820-178b4220e325,Prem Mirchandani / Bipin Grewal,Prem Mirchandani / Bipin Grewal,6-8,6-8,1.0,Loss,2.0,True,True,True
8b35ac60-4af9-480a-862d-1b31e058bdc4,f98b87d6-af21-4087-a820-178b4220e325,Prem Mirchandani / Bipin Grewal,Sahil Sharma / Umesh Padwal,8-1,1-8,2.0,Win,2.0,False,True,True
322bc724-5ff4-41be-9829-44c36fa287ab,f98b87d6-af21-4087-a820-178b4220e325,Prem Mirchandani / Bipin Grewal,Shaan Javeri / Arjun Malhotra,7-8,8-7,2.0,Loss,1.0,False,True,True
0b29eb33-933c-4d34-9e0b-73657958fbcd,f9cbf2db-691e-4851-81e6-be9e05cc4c01,Atik Luthria / Ram Raheja,Akshay Jalan / Navin Shewakramani,2-8,8-2,2.0,Loss,1.0,False,True,True
93367412-16b1-446c-ad2f-3e4a0fa151c2,f9cbf2db-691e-4851-81e6-be9e05cc4c01,Atik Luthria / Ram Raheja,Ankit Zaveri / Viral Somaiya,0-8,8-0,2.0,Loss,1.0,False,True,True
f3580957-0ee2-4958-8949-2b1a217a5e27,fa06f6d6-52b5-4d4f-a829-ff09c88c33d2,Arun Chery Jacob / Abhilash Joshi,Arun Chery Jacob / Abhilash Joshi,2-8,2-8,1.0,Loss,2.0,True,True,True
894fa6e5-93e6-4d4e-86a4-d34b9b61e257,fa06f6d6-52b5-4d4f-a829-ff09c88c33d2,Arun Chery Jacob / Abhilash Joshi,Arun Chery Jacob / Abhilash Joshi,5-8,5-8,1.0,Loss,2.0,True,True,True
6cb85dab-0ff4-449d-a241-89b8999588ad,fa06f6d6-52b5-4d4f-a829-ff09c88c33d2,Arun Chery Jacob / Abhilash Joshi,Arun Chery Jacob / Abhilash Joshi,8-4,8-4,1.0,Win,1.0,True,True,True
abbe0a20-2e6c-4dad-a383-e91315342dd7,fa1fe9c8-1531-42da-8355-e7a0052ab3a2,Rajiv Dutt / Mahesh Shinde,Rajiv Dutt / Mahesh Shinde,8-6,8-6,1.0,Win,1.0,True,True,True
894fa6e5-93e6-4d4e-86a4-d34b9b61e257,fa1fe9c8-1531-42da-8355-e7a0052ab3a2,Rajiv Dutt / Mahesh Shinde,Arun Chery Jacob / Abhilash Joshi,8-5,5-8,2.0,Win,2.0,False,True,True
34985dbb-dd09-402c-9bd4-ca8ac1e6bd7e,fa1fe9c8-1531-42da-8355-e7a0052ab3a2,Rajiv Dutt / Mahesh Shinde,Syed Imran Yusoof / Kunal Premnarayan,,,2.0,Loss,1.0,False,True,True
ed465153-ab2e-4909-8f1f-c70dfbbfd4cf,fa1fe9c8-1531-42da-8355-e7a0052ab3a2,Rajiv Dutt / Mahesh Shinde,Syed Imran Yusoof / Kunal Premnarayan,"1-6, 3-6","6-1, 6-3",2.0,Loss,1.0,False,True,True
c3320242-f26f-4712-8728-82f14bc3da9e,facc6960-33ef-4c75-ab10-4a2a8ad00b6c,Raj Prajapati / Ashwin Saksena,Gagan Singh / Jonas Spinoy,8-7,7-8,2.0,Win,2.0,False,True,True
c9389643-dac4-4ae9-8dbb-5e89ec688736,facc6960-33ef-4c75-ab10-4a2a8ad00b6c,Raj Prajapati / Ashwin Saksena,Raj Prajapati / Ashwin Saksena,0-8,0-8,1.0,Loss,2.0,True,True,True
685a90e4-1abc-4493-9cc0-32a7d54ec64e,facc6960-33ef-4c75-ab10-4a2a8ad00b6c,Raj Prajapati / Ashwin Saksena,Prabhas Sharma / Shashin Shah,0-8,8-0,2.0,Loss,1.0,False,True,True
ebd82c19-21b3-4975-8cc0-f7996272d415,facc6960-33ef-4c75-ab10-4a2a8ad00b6c,Raj Prajapati / Ashwin Saksena,Aditya Maheshwari / Akshay Jalan,0-8,8-0,2.0,Loss,1.0,False,True,True
742f185f-f8b3-43bd-bc28-ccff9c5dd663,fb63a62c-b1a0-4af6-b540-9ba4ba276976,Ronak Daftary / Anirudh Jain,Ronak Daftary / Anirudh Jain,4-8,4-8,1.0,Loss,2.0,True,True,True
ffce9f07-41df-4185-839d-beddaa18310e,fb63a62c-b1a0-4af6-b540-9ba4ba276976,Ronak Daftary / Anirudh Jain,Ronak Daftary / Anirudh Jain,7-8,7-8,1.0,Loss,2.0,True,True,True
2f275c7b-6a18-47f3-b8f9-e38c675e37d7,fb63a62c-b1a0-4af6-b540-9ba4ba276976,Ronak Daftary / Anirudh Jain,Ronak Daftary / Anirudh Jain,8-1,8-1,1.0,Win,1.0,True,True,True
3ca860b8-c09e-4375-8b44-2659949f3da6,fb9074c7-a16f-471f-89f8-13ead764d055,Vanshika Kaji / Priyanka Kapadia,Sanya Khan / Sonia Rathee,2-8,8-2,2.0,Loss,1.0,False,True,True
ffa2a444-c60d-4978-a937-4c37f0857430,fb9074c7-a16f-471f-89f8-13ead764d055,Vanshika Kaji / Priyanka Kapadia,Vanshika Kaji / Priyanka Kapadia,2-8,2-8,1.0,Loss,2.0,True,True,True
023505dd-5ab8-4e65-aba0-0592dafb0edc,fbb446a9-8fc0-419e-a122-968c42f06acf,Rajat Jain / Pratik Makkar,Lokesh Chhabra / Vaibhav Malik,3-8,8-3,2.0,Loss,1.0,False,True,True
70c06734-8d83-4448-affa-40230fe2e303,fbb446a9-8fc0-419e-a122-968c42f06acf,Rajat Jain / Pratik Makkar,Suvir Singh / Teyjas Chaudhary,5-8,8-5,2.0,Loss,1.0,False,True,True
7e5d0998-c7f4-494b-ab9a-3f10bc3c88dc,fbb446a9-8fc0-419e-a122-968c42f06acf,Rajat Jain / Pratik Makkar,Rajat Jain / Pratik Makkar,3-8,3-8,1.0,Loss,2.0,True,True,True
c98c0998-e99a-4227-a6c3-99c12d82120b,fc0eebf1-8d1a-4109-bd09-41bb7b9aedae,Ritika Choudhary / Nupur Gupta,Rhea Mathews / Dinika Thomas,3-8,8-3,2.0,Loss,1.0,False,True,True
946ee148-054e-4f74-a58a-1626ba3218aa,fc0eebf1-8d1a-4109-bd09-41bb7b9aedae,Ritika Choudhary / Nupur Gupta,Ritika Choudhary / Nupur Gupta,3-8,3-8,1.0,Loss,2.0,True,True,True
1401801d-5bbd-4a8a-9f4c-d90624375b92,fc6dc5ba-b4e3-4b91-983b-fdfb62b164f5,Kaiz Jaffer / Varun Dattani,Kaiz Jaffer / Varun Dattani,8-4,8-4,1.0,Win,1.0,True,True,True
31fe4ab9-5cc5-43c3-b16e-9d20d33e0189,fc6dc5ba-b4e3-4b91-983b-fdfb62b164f5,Kaiz Jaffer / Varun Dattani,Kaiz Jaffer / Varun Dattani,8-1,8-1,1.0,Win,1.0,True,True,True
2addffdf-5d74-4410-9c15-b6d1172cdcaa,fc6dc5ba-b4e3-4b91-983b-fdfb62b164f5,Kaiz Jaffer / Varun Dattani,Kaiz Jaffer / Varun Dattani,9-5,9-5,1.0,Win,1.0,True,True,True
1f6af0cd-da17-4f06-a093-2fe76f607814,fc6dc5ba-b4e3-4b91-983b-fdfb62b164f5,Kaiz Jaffer / Varun Dattani,Kaiz Jaffer / Varun Dattani,2-9,2-9,1.0,Loss,2.0,True,True,True
115f7420-1646-4104-bba4-9679f80c7c2e,fde56650-1b21-4853-b436-dd3221ff502d,Karan Medappa / Shane Biddaiah,Aditya Jagtap / Krishiv Patel,1-8,8-1,2.0,Loss,1.0,False,True,True
50bea470-7911-4325-8336-4668a807a442,fde56650-1b21-4853-b436-dd3221ff502d,Karan Medappa / Shane Biddaiah,Karan Medappa / Shane Biddaiah,3-8,3-8,1.0,Loss,2.0,True,True,True
fae9b9c7-389a-4665-be80-41cc6653bb13,fde56650-1b21-4853-b436-dd3221ff502d,Karan Medappa / Shane Biddaiah,Samar Malhotra / Aryan Goveas,0-8,8-0,2.0,Loss,1.0,False,True,True
62ceca22-1bf3-426b-a71c-059df89fe896,fde56650-1b21-4853-b436-dd3221ff502d,Karan Medappa / Shane Biddaiah,Saish Shelar / Mihir Akolkar,6-8,8-6,2.0,Loss,1.0,False,True,True
fdb3e5aa-eef2-4829-b804-ad695034fdf5,fde56650-1b21-4853-b436-dd3221ff502d,Karan Medappa / Shane Biddaiah,Advait Bahl / Kabir Anand,8-7,7-8,2.0,Win,2.0,False,True,True
da789459-5359-4362-8f95-5401c118bd17,fde56650-1b21-4853-b436-dd3221ff502d,Karan Medappa / Shane Biddaiah,Aditya Jagtap / Krishiv Patel,1-9,9-1,2.0,Loss,1.0,False,True,True
65347441-d253-4712-a50c-41e936e8df4e,fe2baf14-65fa-488a-aa52-602e4fa852e3,Ishna Byramjee / Aditi Dugar,Roshni Dadachanji / Shahnaz Dubash,1-8,8-1,2.0,Loss,1.0,False,True,True
369ae7fe-8062-4032-b136-8b5425050c64,fe2baf14-65fa-488a-aa52-602e4fa852e3,Ishna Byramjee / Aditi Dugar,Pooja Kharat / Diya Chopra,1-8,8-1,2.0,Loss,1.0,False,True,True
c3320242-f26f-4712-8728-82f14bc3da9e,fe4d1fe1-6ad1-4942-901e-df8580b614d2,Raj Prajapati / Ashwin Saksena,Gagan Singh / Jonas Spinoy,8-7,7-8,2.0,Win,2.0,False,True,True
c9389643-dac4-4ae9-8dbb-5e89ec688736,fe4d1fe1-6ad1-4942-901e-df8580b614d2,Raj Prajapati / Ashwin Saksena,Raj Prajapati / Ashwin Saksena,0-8,0-8,1.0,Loss,2.0,True,True,True
685a90e4-1abc-4493-9cc0-32a7d54ec64e,fe4d1fe1-6ad1-4942-901e-df8580b614d2,Raj Prajapati / Ashwin Saksena,Prabhas Sharma / Shashin Shah,0-8,8-0,2.0,Loss,1.0,False,True,True
ebd82c19-21b3-4975-8cc0-f7996272d415,fe4d1fe1-6ad1-4942-901e-df8580b614d2,Raj Prajapati / Ashwin Saksena,Aditya Maheshwari / Akshay Jalan,0-8,8-0,2.0,Loss,1.0,False,True,True
dd67f9b8-7e63-4536-94e6-f2b42d5b93b1,fed73115-d438-4ece-b3bc-833a35c0af2e,Mohamed Anzar / Dirsha Kalliyath,Nikhil Kalro / Abhinav Grover,8-1,1-8,2.0,Win,2.0,False,True,True
ad547565-1990-477f-919c-bc4437f1fcc1,fed73115-d438-4ece-b3bc-833a35c0af2e,Mohamed Anzar / Dirsha Kalliyath,Ayaan Mishra / Viraj Dewan,8-4,4-8,2.0,Win,2.0,False,True,True
b0cb2b62-0e12-409d-9ab0-1ae12eb514d0,fed73115-d438-4ece-b3bc-833a35c0af2e,Mohamed Anzar / Dirsha Kalliyath,Mohamed Anzar / Dirsha Kalliyath,9-4,9-4,1.0,Win,1.0,True,True,True
fa60cd66-96a4-4dbb-9c18-2ace5b6bbfba,fed73115-d438-4ece-b3bc-833a35c0af2e,Mohamed Anzar / Dirsha Kalliyath,Akhil Bansal / Nikhil Bansal,6-9,9-6,2.0,Loss,1.0,False,True,True
efcba6b9-d4dc-41fa-be2c-706d9c1bd18f,fee9acbd-1e47-4ec5-a495-f49bad8748e6,Aarman Kler / Angad Puar,Divy Kothari / Priynash Kothari,8-5,5-8,2.0,Win,2.0,False,True,True
8602e476-85db-47c3-962e-b393d1a8e328,fee9acbd-1e47-4ec5-a495-f49bad8748e6,Aarman Kler / Angad Puar,Shaan Shah / Kushe Bahl,8-6,6-8,2.0,Win,2.0,False,True,True
8a11eaf3-df4f-45e6-abcb-563f66dd48da,fee9acbd-1e47-4ec5-a495-f49bad8748e6,Aarman Kler / Angad Puar,Aarman Kler / Angad Puar,7-8,7-8,1.0,Loss,2.0,True,True,True
c7f7ab0a-3914-475f-ac77-6b8c1e2c7f84,fee9acbd-1e47-4ec5-a495-f49bad8748e6,Aarman Kler / Angad Puar,Arnav Sanjeev / Sahil Kaushal,8-9,9-8,2.0,Loss,1.0,False,True,True
fbeeb918-0986-4dce-80f8-e53ea737c1ca,ff05cc74-ed3a-4f11-b5c9-b91e71e5f39d,Joshua Lobo / Joshua Lobo Partner,Shelton Mathew / Vishnu Shetty,,,2.0,Loss,1.0,False,True,True
245e0caa-0caa-4e08-a19b-77b08ade6eb8,ff05cc74-ed3a-4f11-b5c9-b91e71e5f39d,Joshua Lobo / Joshua Lobo Partner,Arnav Sanjeev / Sahil Kaushal,1-8,8-1,2.0,Loss,1.0,False,True,True
750576ef-3eae-4823-91b6-cba2b45a1078,ff05cc74-ed3a-4f11-b5c9-b91e71e5f39d,Joshua Lobo / Joshua Lobo Partner,Joshua Lobo / Joshua Lobo Partner,1-8,1-8,1.0,Loss,2.0,True,True,True
32e2f1fd-a1a6-4932-a63d-8cae457719ed,ff462e1c-14e0-4792-9215-29ecaeed1cfa,Bijon Kanabar / Pranay Shetty,George Pottamkulam / Amit Krishnan,2-8,8-2,2.0,Loss,1.0,False,True,True
768f0678-f72f-4419-b398-45282170de3e,ff462e1c-14e0-4792-9215-29ecaeed1cfa,Bijon Kanabar / Pranay Shetty,Bijon Kanabar / Pranay Shetty,7-8,7-8,1.0,Loss,2.0,True,True,True
