match_id,tournament_slug,event,event_type,division_id,division,gender,level,round,match_kind,date,time,court,started_at,ended_at,team1,team2,team1_p1,team1_p2,team2_p1,team2_p2,score_team1_first,sets_team1,sets_team2,games_team1,games_team2,team1_score,team2_score,winner,result_note,format,format_kind,status,site_status,found_on,listed_under,on_player_pages,team1_p1_id,team1_p1_id_source,team1_p2_id,team1_p2_id_source,team2_p1_id,team2_p1_id_source,team2_p2_id,team2_p2_id_source,team1_p1_entry_id,team1_p2_entry_id,team2_p1_entry_id,team2_p2_entry_id
9c05c845-d9d2-4ab1-9a2a-5f2a20093b97,ipt-chandigarh-city-open-2-0,City Open Chandigarh 2.0,City Open,b02a8c16-f65d-4815-965a-edc5f6666a0d,Men's Beginner,Men's,beginner,GROUP A,group,2026-09-24,15:00,Court 1,2026-09-24T09:18:24.709Z,2026-09-24T09:43:11.000Z,Gautam Kaushal / Suvir Singh,Sidhannt Kalucha / Lokesh Dudeja,Gautam Kaushal,Suvir Singh,Sidhannt Kalucha,Lokesh Dudeja,8-1,1.0,0.0,8.0,1.0,8,1,1.0,,Race to 8,race,completed,Completed,tournament_page,Men's Beginner,0,4abc41a6-8e24-4eaa-a669-eadf2b1b7365,api_member_ids,98307ab5-02a0-409d-b320-7c77b38a3c53,api_member_ids,4c5085de-d565-43fb-be70-f63273986f22,unranked_api_id,5196073c-2133-4721-b40b-dff578a63065,unranked_api_id,f2971a9d-534e-4e53-b557-6bd1a60f2549,4773ba9b-12a9-417b-8120-651fd5dbcd74,6fe01f4b-7268-4531-aa51-2c9fa57ae6f7,777b35e5-0e86-438e-b9b6-c0dd3d5f0c4d
8ebe75ff-cd80-453a-b10d-cf2bc1da37bb,ipt-chandigarh-city-open-2-0,City Open Chandigarh 2.0,City Open,b02a8c16-f65d-4815-965a-edc5f6666a0d,Men's Beginner,Men's,beginner,GROUP B,group,2026-09-24,15:00,Court 2,2026-09-24T09:40:16.587Z,2026-09-24T10:20:15.100Z,Shray Mehta / Atin Gupta,Mohit Sharma / Dhruv Malhotra,Shray Mehta,Atin Gupta,Mohit Sharma,Dhruv Malhotra,8-6,1.0,0.0,8.0,6.0,8,6,1.0,,Race to 8,race,completed,Completed,tournament_page,Men's Beginner,1,ffcf99be-96dd-434c-984f-70de62a8348d,api_member_ids,d0b763e8-69c1-496a-8a5f-5802e4f9eb88,api_member_ids,bedbb146-12a1-4080-9c30-086119a96eca,unranked_api_id,daa131b4-ca8e-455c-adf2-477b1b9c85d6,unranked_api_id,e9cbc8be-508f-4bc3-b535-55f96ad9c376,11114fb5-c4ce-45e1-8232-f383be02b744,bce1b3dc-9b7a-47e6-b694-bad13ddb21ce,1527b6cf-20c9-41a0-9cb4-fe254a9517d3
321f8f62-ffb6-459a-934b-826b85d382d6,ipt-chandigarh-city-open-2-0,City Open Chandigarh 2.0,City Open,b02a8c16-f65d-4815-965a-edc5f6666a0d,Men's Beginner,Men's,beginner,GROUP C,group,2026-09-24,15:00,Court 3,2026-09-24T09:41:04.784Z,2026-09-24T10:11:55.366Z,Sandip Sabharwal / Shampy Mittal,Ramnish Pal / Abhit Jhanji,Sandip Sabharwal,Shampy Mittal,Ramnish Pal,Abhit Jhanji,6-8,0.0,1.0,6.0,8.0,6,8,2.0,,Race to 8,race,completed,Completed,tournament_page,Men's Beginner,0,22f71241-5bf4-4dc7-ba33-683a2ea0f75b,api_member_ids,c11fce90-49a1-44f1-9c29-1a6ed684d507,unranked_api_id,e8044892-03da-4d83-be8c-94f5d27641ac,unranked_api_id,d5941084-1f2b-46b5-8aec-fca5a323f868,unranked_api_id,ef781df8-9bd2-4cda-b90e-1297f39bf0fb,6a338088-1b5c-4223-99ac-4c0e1e8b2ba8,d98b549a-3328-4f8b-80cc-e421476ff62f,6df2383c-12b0-470c-8848-b024e7d61423
59d09930-9baf-4da4-8943-ec43a85da2f5,ipt-chandigarh-city-open-2-0,City Open Chandigarh 2.0,City Open,b02a8c16-f65d-4815-965a-edc5f6666a0d,Men's Beginner,Men's,beginner,GROUP A,group,2026-09-24,15:40,Court 1,2026-09-24T11:41:08.677Z,2026-09-24T11:55:31.621Z,Sandeep Dhand / Adesh Pratap Singh,Rajbir S Randhawa / Aaronbir S Randhawa,Sandeep Dhand,Adesh Pratap Singh,Rajbir S Randhawa,Aaronbir S Randhawa,8-0,1.0,0.0,8.0,0.0,8,0,1.0,,Race to 8,race,completed,Completed,tournament_page,Men's Beginner,0,66e160b8-a93f-4dd6-a5aa-60226597bbff,unranked_api_id,9e2d8d94-9122-4de3-b11a-1665744f864a,unranked_api_id,54e33e52-aad0-4114-94eb-f496136fdbf3,unranked_api_id,5744ab39-9391-4093-9698-3b494a36b406,unranked_api_id,9452a6bf-7a22-467b-b29d-c7fb46c539f2,1654a2a5-c539-4958-8d97-49bf09ff52cf,cb774ea5-649a-4c56-ba8e-35bd5329ec63,bef5cddb-a051-44ee-8a91-1008d66fa2ca
b484f677-ff5e-45be-ba16-38bf076f95af,ipt-chandigarh-city-open-2-0,City Open Chandigarh 2.0,City Open,b02a8c16-f65d-4815-965a-edc5f6666a0d,Men's Beginner,Men's,beginner,GROUP B,group,2026-09-24,15:40,Court 2,2026-09-24T10:23:19.662Z,2026-09-24T10:43:42.733Z,Sahil Dhingra / Udit Khaitan,Ajitesh Kaushal / Vidur Ahuja,Sahil Dhingra,Udit Khaitan,Ajitesh Kaushal,Vidur Ahuja,1-8,0.0,1.0,1.0,8.0,1,8,2.0,,Race to 8,race,completed,Completed,tournament_page,Men's Beginner,0,2ca1e3d6-f039-4d35-8a77-2dc758f3f972,api_member_ids,737f042a-0b7d-4091-bbc8-938493b926ed,unranked_api_id,e43d9595-fbd4-4780-9231-ed4008b17954,unranked_api_id,a86800c6-94f5-406c-88ba-e0d160802682,unranked_api_id,41a4f79f-691b-49db-8a39-b93263971fcf,a41c80fb-a682-4f5b-99df-85e00b586382,edfa5709-0deb-46a5-a436-f722388955b3,76e88ddc-c031-4336-99c7-6744a2a0b0ff
17fcd67d-0a48-4cb8-8082-3f1fec9e4894,ipt-chandigarh-city-open-2-0,City Open Chandigarh 2.0,City Open,b02a8c16-f65d-4815-965a-edc5f6666a0d,Men's Beginner,Men's,beginner,GROUP C,group,2026-09-24,15:40,Court 3,2026-09-24T10:14:46.213Z,2026-09-24T10:45:09.813Z,Ankit Dhawan / Guru Singh,Nakul Mishra / Aditya Mehra,Ankit Dhawan,Guru Singh,Nakul Mishra,Aditya Mehra,8-0,1.0,0.0,8.0,0.0,8,0,1.0,,Race to 8,race,completed,Completed,tournament_page,Men's Beginner,0,a0341a31-6531-4201-a45d-17c8b83f5e67,unranked_api_id,241b08be-61b7-4ee7-8896-47712afa18ec,unranked_api_id,325a7ffb-1dab-44ee-9f53-b5b15eb0cdc0,unranked_api_id,bb6a94c2-9ba4-4cde-8999-69dcdb6b340d,unranked_api_id,badd6c02-1544-4111-9e2a-305e883be69b,3175a349-44d9-4bf3-8a56-abdfef8c94ea,91d8efaf-b8e8-44f3-b7be-c14371ee7733,85f757b7-2326-401c-b0ec-450496e9bea3
d4b35e89-0f54-48f3-9762-989ef7011c16,ipt-chandigarh-city-open-2-0,City Open Chandigarh 2.0,City Open,b02a8c16-f65d-4815-965a-edc5f6666a0d,Men's Beginner,Men's,beginner,GROUP A,group,2026-09-24,16:20,Court 1,2026-09-24T10:44:54.271Z,2026-09-24T11:18:50.063Z,Gautam Kaushal / Suvir Singh,Sandeep Dhand / Adesh Pratap Singh,Gautam Kaushal,Suvir Singh,Sandeep Dhand,Adesh Pratap Singh,8-4,1.0,0.0,8.0,4.0,8,4,1.0,,Race to 8,race,completed,Completed,tournament_page,Men's Beginner,0,4abc41a6-8e24-4eaa-a669-eadf2b1b7365,api_member_ids,98307ab5-02a0-409d-b320-7c77b38a3c53,api_member_ids,66e160b8-a93f-4dd6-a5aa-60226597bbff,unranked_api_id,9e2d8d94-9122-4de3-b11a-1665744f864a,unranked_api_id,f2971a9d-534e-4e53-b557-6bd1a60f2549,4773ba9b-12a9-417b-8120-651fd5dbcd74,9452a6bf-7a22-467b-b29d-c7fb46c539f2,1654a2a5-c539-4958-8d97-49bf09ff52cf
2e4ac7b3-b832-405c-b386-d2298a1d1066,ipt-chandigarh-city-open-2-0,City Open Chandigarh 2.0,City Open,b02a8c16-f65d-4815-965a-edc5f6666a0d,Men's Beginner,Men's,beginner,GROUP B,group,2026-09-24,16:20,Court 2,2026-09-24T10:48:18.538Z,2026-09-24T11:07:40.890Z,Shray Mehta / Atin Gupta,Sahil Dhingra / Udit Khaitan,Shray Mehta,Atin Gupta,Sahil Dhingra,Udit Khaitan,8-1,1.0,0.0,8.0,1.0,8,1,1.0,,Race to 8,race,completed,Completed,tournament_page,Men's Beginner,0,ffcf99be-96dd-434c-984f-70de62a8348d,api_member_ids,d0b763e8-69c1-496a-8a5f-5802e4f9eb88,api_member_ids,2ca1e3d6-f039-4d35-8a77-2dc758f3f972,api_member_ids,737f042a-0b7d-4091-bbc8-938493b926ed,unranked_api_id,e9cbc8be-508f-4bc3-b535-55f96ad9c376,11114fb5-c4ce-45e1-8232-f383be02b744,41a4f79f-691b-49db-8a39-b93263971fcf,a41c80fb-a682-4f5b-99df-85e00b586382
cc90801e-7107-433a-8c2a-4482a6e3ff32,ipt-chandigarh-city-open-2-0,City Open Chandigarh 2.0,City Open,b02a8c16-f65d-4815-965a-edc5f6666a0d,Men's Beginner,Men's,beginner,GROUP C,group,2026-09-24,16:20,Court 3,2026-09-24T10:47:42.416Z,2026-09-24T11:10:11.782Z,Sandip Sabharwal / Shampy Mittal,Ankit Dhawan / Guru Singh,Sandip Sabharwal,Shampy Mittal,Ankit Dhawan,Guru Singh,1-8,0.0,1.0,1.0,8.0,1,8,2.0,,Race to 8,race,completed,Completed,tournament_page,Men's Beginner,0,22f71241-5bf4-4dc7-ba33-683a2ea0f75b,api_member_ids,c11fce90-49a1-44f1-9c29-1a6ed684d507,unranked_api_id,a0341a31-6531-4201-a45d-17c8b83f5e67,unranked_api_id,241b08be-61b7-4ee7-8896-47712afa18ec,unranked_api_id,ef781df8-9bd2-4cda-b90e-1297f39bf0fb,6a338088-1b5c-4223-99ac-4c0e1e8b2ba8,badd6c02-1544-4111-9e2a-305e883be69b,3175a349-44d9-4bf3-8a56-abdfef8c94ea
8f980ef3-7b21-4334-9644-38a58a7c0072,ipt-chandigarh-city-open-2-0,City Open Chandigarh 2.0,City Open,b02a8c16-f65d-4815-965a-edc5f6666a0d,Men's Beginner,Men's,beginner,GROUP A,group,2026-09-24,17:00,Court 1,2026-09-24T11:24:15.230Z,2026-09-24T11:38:40.033Z,Sidhannt Kalucha / Lokesh Dudeja,Rajbir S Randhawa / Aaronbir S Randhawa,Sidhannt Kalucha,Lokesh Dudeja,Rajbir S Randhawa,Aaronbir S Randhawa,8-0,1.0,0.0,8.0,0.0,8,0,1.0,,Race to 8,race,completed,Completed,tournament_page,Men's Beginner,0,4c5085de-d565-43fb-be70-f63273986f22,unranked_api_id,5196073c-2133-4721-b40b-dff578a63065,unranked_api_id,54e33e52-aad0-4114-94eb-f496136fdbf3,unranked_api_id,5744ab39-9391-4093-9698-3b494a36b406,unranked_api_id,6fe01f4b-7268-4531-aa51-2c9fa57ae6f7,777b35e5-0e86-438e-b9b6-c0dd3d5f0c4d,cb774ea5-649a-4c56-ba8e-35bd5329ec63,bef5cddb-a051-44ee-8a91-1008d66fa2ca
d5c7fc94-4e40-429f-a258-544d63efc42d,ipt-chandigarh-city-open-2-0,City Open Chandigarh 2.0,City Open,b02a8c16-f65d-4815-965a-edc5f6666a0d,Men's Beginner,Men's,beginner,GROUP B,group,2026-09-24,17:00,Court 2,2026-09-24T11:14:01.654Z,2026-09-24T11:41:41.104Z,Mohit Sharma / Dhruv Malhotra,Ajitesh Kaushal / Vidur Ahuja,Mohit Sharma,Dhruv Malhotra,Ajitesh Kaushal,Vidur Ahuja,2-8,0.0,1.0,2.0,8.0,2,8,2.0,,Race to 8,race,completed,Completed,tournament_page,Men's Beginner,1,bedbb146-12a1-4080-9c30-086119a96eca,unranked_api_id,daa131b4-ca8e-455c-adf2-477b1b9c85d6,unranked_api_id,e43d9595-fbd4-4780-9231-ed4008b17954,unranked_api_id,a86800c6-94f5-406c-88ba-e0d160802682,unranked_api_id,bce1b3dc-9b7a-47e6-b694-bad13ddb21ce,1527b6cf-20c9-41a0-9cb4-fe254a9517d3,edfa5709-0deb-46a5-a436-f722388955b3,76e88ddc-c031-4336-99c7-6744a2a0b0ff
e546afda-0016-41e6-9699-6cbd07393550,ipt-chandigarh-city-open-2-0,City Open Chandigarh 2.0,City Open,b02a8c16-f65d-4815-965a-edc5f6666a0d,Men's Beginner,Men's,beginner,GROUP C,group,2026-09-24,17:00,Court 3,2026-09-24T11:14:38.076Z,2026-09-24T11:57:04.672Z,Ramnish Pal / Abhit Jhanji,Nakul Mishra / Aditya Mehra,Ramnish Pal,Abhit Jhanji,Nakul Mishra,Aditya Mehra,8-4,1.0,0.0,8.0,4.0,8,4,1.0,,Race to 8,race,completed,Completed,tournament_page,Men's Beginner,0,e8044892-03da-4d83-be8c-94f5d27641ac,unranked_api_id,d5941084-1f2b-46b5-8aec-fca5a323f868,unranked_api_id,325a7ffb-1dab-44ee-9f53-b5b15eb0cdc0,unranked_api_id,bb6a94c2-9ba4-4cde-8999-69dcdb6b340d,unranked_api_id,d98b549a-3328-4f8b-80cc-e421476ff62f,6df2383c-12b0-470c-8848-b024e7d61423,91d8efaf-b8e8-44f3-b7be-c14371ee7733,85f757b7-2326-401c-b0ec-450496e9bea3
0b2f52f1-5805-4f19-945c-ea8665c01715,ipt-chandigarh-city-open-2-0,City Open Chandigarh 2.0,City Open,b02a8c16-f65d-4815-965a-edc5f6666a0d,Men's Beginner,Men's,beginner,GROUP A,group,2026-09-24,17:40,Court 1,2026-09-24T11:57:06.767Z,2026-09-24T12:09:36.314Z,Gautam Kaushal / Suvir Singh,Rajbir S Randhawa / Aaronbir S Randhawa,Gautam Kaushal,Suvir Singh,Rajbir S Randhawa,Aaronbir S Randhawa,8-0,1.0,0.0,8.0,0.0,8,0,1.0,,Race to 8,race,completed,Completed,tournament_page,Men's Beginner,0,4abc41a6-8e24-4eaa-a669-eadf2b1b7365,api_member_ids,98307ab5-02a0-409d-b320-7c77b38a3c53,api_member_ids,54e33e52-aad0-4114-94eb-f496136fdbf3,unranked_api_id,5744ab39-9391-4093-9698-3b494a36b406,unranked_api_id,f2971a9d-534e-4e53-b557-6bd1a60f2549,4773ba9b-12a9-417b-8120-651fd5dbcd74,cb774ea5-649a-4c56-ba8e-35bd5329ec63,bef5cddb-a051-44ee-8a91-1008d66fa2ca
92ddeeb0-cf6c-4eb4-b294-04c8f94eaba8,ipt-chandigarh-city-open-2-0,City Open Chandigarh 2.0,City Open,b02a8c16-f65d-4815-965a-edc5f6666a0d,Men's Beginner,Men's,beginner,GROUP B,group,2026-09-24,17:40,Court 2,2026-09-24T11:47:38.960Z,2026-09-24T12:20:04.508Z,Shray Mehta / Atin Gupta,Ajitesh Kaushal / Vidur Ahuja,Shray Mehta,Atin Gupta,Ajitesh Kaushal,Vidur Ahuja,4-8,0.0,1.0,4.0,8.0,4,8,2.0,,Race to 8,race,completed,Completed,tournament_page,Men's Beginner,0,ffcf99be-96dd-434c-984f-70de62a8348d,api_member_ids,d0b763e8-69c1-496a-8a5f-5802e4f9eb88,api_member_ids,e43d9595-fbd4-4780-9231-ed4008b17954,unranked_api_id,a86800c6-94f5-406c-88ba-e0d160802682,unranked_api_id,e9cbc8be-508f-4bc3-b535-55f96ad9c376,11114fb5-c4ce-45e1-8232-f383be02b744,edfa5709-0deb-46a5-a436-f722388955b3,76e88ddc-c031-4336-99c7-6744a2a0b0ff
86d932bb-07ee-4dd7-8acd-73193ab04be9,ipt-chandigarh-city-open-2-0,City Open Chandigarh 2.0,City Open,b02a8c16-f65d-4815-965a-edc5f6666a0d,Men's Beginner,Men's,beginner,GROUP C,group,2026-09-24,17:40,Court 3,2026-09-24T12:04:40.581Z,2026-09-24T12:36:45.875Z,Sandip Sabharwal / Shampy Mittal,Nakul Mishra / Aditya Mehra,Sandip Sabharwal,Shampy Mittal,Nakul Mishra,Aditya Mehra,8-3,1.0,0.0,8.0,3.0,8,3,1.0,,Race to 8,race,completed,Completed,tournament_page,Men's Beginner,0,22f71241-5bf4-4dc7-ba33-683a2ea0f75b,api_member_ids,c11fce90-49a1-44f1-9c29-1a6ed684d507,unranked_api_id,325a7ffb-1dab-44ee-9f53-b5b15eb0cdc0,unranked_api_id,bb6a94c2-9ba4-4cde-8999-69dcdb6b340d,unranked_api_id,ef781df8-9bd2-4cda-b90e-1297f39bf0fb,6a338088-1b5c-4223-99ac-4c0e1e8b2ba8,91d8efaf-b8e8-44f3-b7be-c14371ee7733,85f757b7-2326-401c-b0ec-450496e9bea3
ce7f6bf7-5dec-44ea-ab46-0b14b71e5c59,ipt-chandigarh-city-open-2-0,City Open Chandigarh 2.0,City Open,b02a8c16-f65d-4815-965a-edc5f6666a0d,Men's Beginner,Men's,beginner,GROUP A,group,2026-09-24,18:20,Court 1,2026-09-24T10:07:41.162Z,2026-09-24T10:37:14.335Z,Sidhannt Kalucha / Lokesh Dudeja,Sandeep Dhand / Adesh Pratap Singh,Sidhannt Kalucha,Lokesh Dudeja,Sandeep Dhand,Adesh Pratap Singh,2-8,0.0,1.0,2.0,8.0,2,8,2.0,,Race to 8,race,completed,Completed,tournament_page,Men's Beginner,0,4c5085de-d565-43fb-be70-f63273986f22,unranked_api_id,5196073c-2133-4721-b40b-dff578a63065,unranked_api_id,66e160b8-a93f-4dd6-a5aa-60226597bbff,unranked_api_id,9e2d8d94-9122-4de3-b11a-1665744f864a,unranked_api_id,6fe01f4b-7268-4531-aa51-2c9fa57ae6f7,777b35e5-0e86-438e-b9b6-c0dd3d5f0c4d,9452a6bf-7a22-467b-b29d-c7fb46c539f2,1654a2a5-c539-4958-8d97-49bf09ff52cf
88be0d50-d878-4b1f-a901-6419ac17ff32,ipt-chandigarh-city-open-2-0,City Open Chandigarh 2.0,City Open,b02a8c16-f65d-4815-965a-edc5f6666a0d,Men's Beginner,Men's,beginner,GROUP B,group,2026-09-24,18:20,Court 2,2026-09-24T12:24:01.667Z,2026-09-24T12:53:19.111Z,Mohit Sharma / Dhruv Malhotra,Sahil Dhingra / Udit Khaitan,Mohit Sharma,Dhruv Malhotra,Sahil Dhingra,Udit Khaitan,8-5,1.0,0.0,8.0,5.0,8,5,1.0,,Race to 8,race,completed,Completed,tournament_page,Men's Beginner,1,bedbb146-12a1-4080-9c30-086119a96eca,unranked_api_id,daa131b4-ca8e-455c-adf2-477b1b9c85d6,unranked_api_id,2ca1e3d6-f039-4d35-8a77-2dc758f3f972,api_member_ids,737f042a-0b7d-4091-bbc8-938493b926ed,unranked_api_id,bce1b3dc-9b7a-47e6-b694-bad13ddb21ce,1527b6cf-20c9-41a0-9cb4-fe254a9517d3,41a4f79f-691b-49db-8a39-b93263971fcf,a41c80fb-a682-4f5b-99df-85e00b586382
5e6bd808-00ef-4a4f-8a12-1b2513a27e3a,ipt-chandigarh-city-open-2-0,City Open Chandigarh 2.0,City Open,b02a8c16-f65d-4815-965a-edc5f6666a0d,Men's Beginner,Men's,beginner,GROUP C,group,2026-09-24,18:20,Court 3,2026-09-24T12:24:12.514Z,2026-09-24T12:54:53.312Z,Ramnish Pal / Abhit Jhanji,Ankit Dhawan / Guru Singh,Ramnish Pal,Abhit Jhanji,Ankit Dhawan,Guru Singh,4-8,0.0,1.0,4.0,8.0,4,8,2.0,,Race to 8,race,completed,Completed,tournament_page,Men's Beginner,0,e8044892-03da-4d83-be8c-94f5d27641ac,unranked_api_id,d5941084-1f2b-46b5-8aec-fca5a323f868,unranked_api_id,a0341a31-6531-4201-a45d-17c8b83f5e67,unranked_api_id,241b08be-61b7-4ee7-8896-47712afa18ec,unranked_api_id,d98b549a-3328-4f8b-80cc-e421476ff62f,6df2383c-12b0-470c-8848-b024e7d61423,badd6c02-1544-4111-9e2a-305e883be69b,3175a349-44d9-4bf3-8a56-abdfef8c94ea
3198a188-c1d6-4cb3-9fbe-0d00f1bb4dcb,ipt-chandigarh-city-open-2-0,City Open Chandigarh 2.0,City Open,b02a8c16-f65d-4815-965a-edc5f6666a0d,Men's Beginner,Men's,beginner,GROUP D,group,2026-09-24,19:00,Court 1,,2026-09-24T15:30:42.821Z,Manav Jain / Thashakkriv Neelash,Surya Jain / Abhishek Slathia,Manav Jain,Thashakkriv Neelash,Surya Jain,Abhishek Slathia,1-8,0.0,1.0,1.0,8.0,1,8,2.0,Walkover,Race to 8,race,completed,Completed,tournament_page,Men's Beginner,0,975f7879-28fb-4394-b703-b224787487bf,api_member_ids,264539a0-5e51-401c-a37f-ce592217e6c9,unranked_api_id,3ae33b4f-09b5-4e99-ab74-2dd8755404c8,unranked_api_id,734a2b87-814f-4b75-baa4-e49397a281e5,unranked_api_id,0ca47591-de78-46bc-b7c1-35c2578a08fc,af3fd1d3-31dd-4412-9cd8-65599ee07e47,99104b67-88ba-47fb-ac5e-a5a9f5760582,9b522a01-a8f0-4319-9fb7-dddfd323a444
8d501764-0356-46e2-8a87-be8384834918,ipt-chandigarh-city-open-2-0,City Open Chandigarh 2.0,City Open,b02a8c16-f65d-4815-965a-edc5f6666a0d,Men's Beginner,Men's,beginner,GROUP E,group,2026-09-24,19:00,Court 2,2026-09-24T13:23:09.200Z,2026-09-24T13:42:49.789Z,Aarman Kler / Sahiljit Singh Sandhu,Sahil Mahajan / Anuj Aggarwal,Aarman Kler,Sahiljit Singh Sandhu,Sahil Mahajan,Anuj Aggarwal,8-1,1.0,0.0,8.0,1.0,8,1,1.0,,Race to 8,race,completed,Completed,tournament_page,Men's Beginner,0,821bda69-7b49-49ce-96f9-425f549eab3f,api_member_ids,bf97a38c-8dcb-49f5-bc65-868269f3e794,unranked_api_id,071330ea-c4ec-4770-b5ee-0f4996cfbd5c,unranked_api_id,41b905d0-255b-4291-a804-eec026265073,unranked_api_id,47d3874c-3e00-4ce9-87b7-6a8f766fb8c3,f2c888bf-6e0d-4022-8748-a0e569d50fe3,c6ed8c4b-94a7-4946-a2fa-bfc246dee80f,1081fbcd-aec4-4ee2-8fe9-055193a6d391
c2eca98e-409d-4e7f-b0f9-b35a7992164e,ipt-chandigarh-city-open-2-0,City Open Chandigarh 2.0,City Open,b02a8c16-f65d-4815-965a-edc5f6666a0d,Men's Beginner,Men's,beginner,GROUP F,group,2026-09-24,19:00,Court 3,2026-09-24T13:22:25.231Z,2026-09-24T13:50:46.119Z,Yash Khajanchi / Abhiraj Singh,Vivek Sharma / Rahul Gupta,Yash Khajanchi,Abhiraj Singh,Vivek Sharma,Rahul Gupta,8-3,1.0,0.0,8.0,3.0,8,3,1.0,,Race to 8,race,completed,Completed,tournament_page,Men's Beginner,0,5e1e7bc8-ac6c-4a99-b986-f71ae79c8f7d,unranked_api_id,576a6de6-b47a-4fb5-b854-4e8b6984111a,unranked_api_id,725309e2-0da0-4da9-96e1-0588b6d13448,unranked_api_id,41b4925c-0b30-4b98-92eb-0948aea39780,unranked_api_id,c178c836-33d9-4c6d-b50c-bbf37482ff22,fb54751d-7cff-4222-906c-c8ae32d57823,d1677113-9f61-467f-9c5d-5c433c31ec25,9f442281-b754-44d1-887e-a4352f06f90c
76452571-1e39-4f01-a161-526bebcfaa00,ipt-chandigarh-city-open-2-0,City Open Chandigarh 2.0,City Open,b02a8c16-f65d-4815-965a-edc5f6666a0d,Men's Beginner,Men's,beginner,GROUP D,group,2026-09-24,19:40,Court 1,2026-09-24T14:23:00.782Z,2026-09-24T14:47:31.750Z,Arshdeep Singh / Sanam Singh,Hitesh Panwar / Shivam Garg,Arshdeep Singh,Sanam Singh,Hitesh Panwar,Shivam Garg,8-1,1.0,0.0,8.0,1.0,8,1,1.0,,Race to 8,race,completed,Completed,tournament_page,Men's Beginner,0,66bff00b-4dc1-41cf-8272-181a097da993,unranked_api_id,ace8a480-2886-4164-bf99-1f637de77a8c,unranked_api_id,183d8cac-b9b1-4a60-b84a-affc7ce9bd02,unranked_api_id,d5fd4570-f27d-42a4-a49f-df51d89e415f,unranked_api_id,a624bfaf-09ae-4505-b698-c66b1f803513,08cc3d57-040d-4b93-af30-2463e7e7fca3,15a3cafb-f4ad-4e77-9bf1-fad53ca40655,7d458823-f6d6-418e-a2dc-72e332607b36
2be6dc4f-c0db-45b4-9fac-e51652a732bc,ipt-chandigarh-city-open-2-0,City Open Chandigarh 2.0,City Open,b02a8c16-f65d-4815-965a-edc5f6666a0d,Men's Beginner,Men's,beginner,GROUP E,group,2026-09-24,19:40,Court 2,2026-09-24T14:03:35.981Z,2026-09-24T14:21:26.733Z,Satyam Pathak / Divyam Jain,Saksham Dogra / Yuvraj Khullar,Satyam Pathak,Divyam Jain,Saksham Dogra,Yuvraj Khullar,8-1,1.0,0.0,8.0,1.0,8,1,1.0,,Race to 8,race,completed,Completed,tournament_page,Men's Beginner,0,bac73907-eaf6-474e-a27e-e1425b6d847e,unranked_api_id,90480b0c-48fc-4bf4-b4fb-e87888f63e06,unranked_api_id,391caf96-d152-4853-ad02-3ea5777d3a67,unranked_api_id,e5e1fbee-18f0-43de-ae31-e7cf693bb458,unranked_api_id,ab789966-cc32-456e-97be-7bd24e84c1f0,43cff2f3-62fd-48ff-ae4a-e57e7c013f3d,08bd87e0-1561-4905-8241-83a88b6faa28,10c69f8e-f146-4096-a5e1-7fae687e8451
d45233c7-b402-4294-a54d-6edb554fbec1,ipt-chandigarh-city-open-2-0,City Open Chandigarh 2.0,City Open,b02a8c16-f65d-4815-965a-edc5f6666a0d,Men's Beginner,Men's,beginner,GROUP F,group,2026-09-24,19:40,Court 3,2026-09-24T14:07:40.482Z,2026-09-24T14:25:51.212Z,Nikhil Doda / Jason P Sharma,Rajat Garg / Nitesh Bharti,Nikhil Doda,Jason P Sharma,Rajat Garg,Nitesh Bharti,1-8,0.0,1.0,1.0,8.0,1,8,2.0,,Race to 8,race,completed,Completed,tournament_page,Men's Beginner,0,18c48f80-ed09-42d6-ba8f-ea7081dfc9cd,unranked_api_id,74545b96-4998-41f7-86e0-a4083fbb248f,unranked_api_id,1d76b8c4-7089-4e42-8046-7a6ed8095611,unranked_api_id,d1f04396-f838-46d4-85da-b6d66583c845,unranked_api_id,458a0506-5591-4aaf-8907-abf9e92f88a8,20762a93-4384-44de-aec4-46e93d437dd9,b5753caa-7c52-40d5-94c4-bf90f8775e1a,55e38727-716c-4f96-a8ee-00d4a49aa4df
e3cf1058-2694-4267-b628-b8b0971c2e0a,ipt-chandigarh-city-open-2-0,City Open Chandigarh 2.0,City Open,b02a8c16-f65d-4815-965a-edc5f6666a0d,Men's Beginner,Men's,beginner,GROUP D,group,2026-09-24,20:20,Court 1,2026-09-24T15:30:59.952Z,2026-09-24T15:31:17.404Z,Manav Jain / Thashakkriv Neelash,Arshdeep Singh / Sanam Singh,Manav Jain,Thashakkriv Neelash,Arshdeep Singh,Sanam Singh,1-8,0.0,1.0,1.0,8.0,1,8,2.0,Walkover,Race to 8,race,completed,Completed,tournament_page,Men's Beginner,0,975f7879-28fb-4394-b703-b224787487bf,api_member_ids,264539a0-5e51-401c-a37f-ce592217e6c9,unranked_api_id,66bff00b-4dc1-41cf-8272-181a097da993,unranked_api_id,ace8a480-2886-4164-bf99-1f637de77a8c,unranked_api_id,0ca47591-de78-46bc-b7c1-35c2578a08fc,af3fd1d3-31dd-4412-9cd8-65599ee07e47,a624bfaf-09ae-4505-b698-c66b1f803513,08cc3d57-040d-4b93-af30-2463e7e7fca3
23659259-048f-476e-b3ab-2ce7fb26ecae,ipt-chandigarh-city-open-2-0,City Open Chandigarh 2.0,City Open,b02a8c16-f65d-4815-965a-edc5f6666a0d,Men's Beginner,Men's,beginner,GROUP E,group,2026-09-24,20:20,Court 2,2026-09-24T14:32:03.801Z,2026-09-24T15:01:28.155Z,Aarman Kler / Sahiljit Singh Sandhu,Satyam Pathak / Divyam Jain,Aarman Kler,Sahiljit Singh Sandhu,Satyam Pathak,Divyam Jain,3-8,0.0,1.0,3.0,8.0,3,8,2.0,,Race to 8,race,completed,Completed,tournament_page,Men's Beginner,0,821bda69-7b49-49ce-96f9-425f549eab3f,api_member_ids,bf97a38c-8dcb-49f5-bc65-868269f3e794,unranked_api_id,bac73907-eaf6-474e-a27e-e1425b6d847e,unranked_api_id,90480b0c-48fc-4bf4-b4fb-e87888f63e06,unranked_api_id,47d3874c-3e00-4ce9-87b7-6a8f766fb8c3,f2c888bf-6e0d-4022-8748-a0e569d50fe3,ab789966-cc32-456e-97be-7bd24e84c1f0,43cff2f3-62fd-48ff-ae4a-e57e7c013f3d
78b046ab-c2fa-4455-9fdb-1ae8ad90a6fe,ipt-chandigarh-city-open-2-0,City Open Chandigarh 2.0,City Open,b02a8c16-f65d-4815-965a-edc5f6666a0d,Men's Beginner,Men's,beginner,GROUP F,group,2026-09-24,20:20,Court 3,2026-09-24T14:29:10.585Z,2026-09-24T14:51:31.704Z,Yash Khajanchi / Abhiraj Singh,Nikhil Doda / Jason P Sharma,Yash Khajanchi,Abhiraj Singh,Nikhil Doda,Jason P Sharma,8-2,1.0,0.0,8.0,2.0,8,2,1.0,,Race to 8,race,completed,Completed,tournament_page,Men's Beginner,0,5e1e7bc8-ac6c-4a99-b986-f71ae79c8f7d,unranked_api_id,576a6de6-b47a-4fb5-b854-4e8b6984111a,unranked_api_id,18c48f80-ed09-42d6-ba8f-ea7081dfc9cd,unranked_api_id,74545b96-4998-41f7-86e0-a4083fbb248f,unranked_api_id,c178c836-33d9-4c6d-b50c-bbf37482ff22,fb54751d-7cff-4222-906c-c8ae32d57823,458a0506-5591-4aaf-8907-abf9e92f88a8,20762a93-4384-44de-aec4-46e93d437dd9
2536a40c-aa3b-4645-8e30-61a1a6a41c20,ipt-chandigarh-city-open-2-0,City Open Chandigarh 2.0,City Open,b02a8c16-f65d-4815-965a-edc5f6666a0d,Men's Beginner,Men's,beginner,GROUP D,group,2026-09-24,21:00,Court 1,2026-09-24T14:59:14.198Z,2026-09-24T15:21:09.523Z,Surya Jain / Abhishek Slathia,Hitesh Panwar / Shivam Garg,Surya Jain,Abhishek Slathia,Hitesh Panwar,Shivam Garg,3-8,0.0,1.0,3.0,8.0,3,8,2.0,,Race to 8,race,completed,Completed,tournament_page,Men's Beginner,0,3ae33b4f-09b5-4e99-ab74-2dd8755404c8,unranked_api_id,734a2b87-814f-4b75-baa4-e49397a281e5,unranked_api_id,183d8cac-b9b1-4a60-b84a-affc7ce9bd02,unranked_api_id,d5fd4570-f27d-42a4-a49f-df51d89e415f,unranked_api_id,99104b67-88ba-47fb-ac5e-a5a9f5760582,9b522a01-a8f0-4319-9fb7-dddfd323a444,15a3cafb-f4ad-4e77-9bf1-fad53ca40655,7d458823-f6d6-418e-a2dc-72e332607b36
c4769ff7-02ca-4096-b943-97ccb4b4ca33,ipt-chandigarh-city-open-2-0,City Open Chandigarh 2.0,City Open,b02a8c16-f65d-4815-965a-edc5f6666a0d,Men's Beginner,Men's,beginner,GROUP E,group,2026-09-24,21:00,Court 2,2026-09-24T15:07:41.166Z,2026-09-24T15:29:23.419Z,Sahil Mahajan / Anuj Aggarwal,Saksham Dogra / Yuvraj Khullar,Sahil Mahajan,Anuj Aggarwal,Saksham Dogra,Yuvraj Khullar,0-8,0.0,1.0,0.0,8.0,0,8,2.0,,Race to 8,race,completed,Completed,tournament_page,Men's Beginner,0,071330ea-c4ec-4770-b5ee-0f4996cfbd5c,unranked_api_id,41b905d0-255b-4291-a804-eec026265073,unranked_api_id,391caf96-d152-4853-ad02-3ea5777d3a67,unranked_api_id,e5e1fbee-18f0-43de-ae31-e7cf693bb458,unranked_api_id,c6ed8c4b-94a7-4946-a2fa-bfc246dee80f,1081fbcd-aec4-4ee2-8fe9-055193a6d391,08bd87e0-1561-4905-8241-83a88b6faa28,10c69f8e-f146-4096-a5e1-7fae687e8451
235d688b-d033-4a58-a17f-764c6c6b6f14,ipt-chandigarh-city-open-2-0,City Open Chandigarh 2.0,City Open,b02a8c16-f65d-4815-965a-edc5f6666a0d,Men's Beginner,Men's,beginner,GROUP F,group,2026-09-24,21:00,Court 3,2026-09-24T14:56:30.217Z,2026-09-24T15:30:20.466Z,Vivek Sharma / Rahul Gupta,Rajat Garg / Nitesh Bharti,Vivek Sharma,Rahul Gupta,Rajat Garg,Nitesh Bharti,5-8,0.0,1.0,5.0,8.0,5,8,2.0,,Race to 8,race,completed,Completed,tournament_page,Men's Beginner,0,725309e2-0da0-4da9-96e1-0588b6d13448,unranked_api_id,41b4925c-0b30-4b98-92eb-0948aea39780,unranked_api_id,1d76b8c4-7089-4e42-8046-7a6ed8095611,unranked_api_id,d1f04396-f838-46d4-85da-b6d66583c845,unranked_api_id,d1677113-9f61-467f-9c5d-5c433c31ec25,9f442281-b754-44d1-887e-a4352f06f90c,b5753caa-7c52-40d5-94c4-bf90f8775e1a,55e38727-716c-4f96-a8ee-00d4a49aa4df
43fba16b-c480-4b13-8f98-0f757c6ecb4d,ipt-chandigarh-city-open-2-0,City Open Chandigarh 2.0,City Open,b02a8c16-f65d-4815-965a-edc5f6666a0d,Men's Beginner,Men's,beginner,GROUP D,group,2026-09-24,21:40,Court 1,2026-09-24T15:31:47.547Z,2026-09-24T15:31:58.096Z,Manav Jain / Thashakkriv Neelash,Hitesh Panwar / Shivam Garg,Manav Jain,Thashakkriv Neelash,Hitesh Panwar,Shivam Garg,1-8,0.0,1.0,1.0,8.0,1,8,2.0,Walkover,Race to 8,race,completed,Completed,tournament_page,Men's Beginner,0,975f7879-28fb-4394-b703-b224787487bf,api_member_ids,264539a0-5e51-401c-a37f-ce592217e6c9,unranked_api_id,183d8cac-b9b1-4a60-b84a-affc7ce9bd02,unranked_api_id,d5fd4570-f27d-42a4-a49f-df51d89e415f,unranked_api_id,0ca47591-de78-46bc-b7c1-35c2578a08fc,af3fd1d3-31dd-4412-9cd8-65599ee07e47,15a3cafb-f4ad-4e77-9bf1-fad53ca40655,7d458823-f6d6-418e-a2dc-72e332607b36
4863e8b1-3fd7-4e00-8089-b7bde19d2f37,ipt-chandigarh-city-open-2-0,City Open Chandigarh 2.0,City Open,b02a8c16-f65d-4815-965a-edc5f6666a0d,Men's Beginner,Men's,beginner,GROUP E,group,2026-09-24,21:40,Court 2,2026-09-24T15:31:37.295Z,2026-09-24T15:59:51.151Z,Aarman Kler / Sahiljit Singh Sandhu,Saksham Dogra / Yuvraj Khullar,Aarman Kler,Sahiljit Singh Sandhu,Saksham Dogra,Yuvraj Khullar,8-2,1.0,0.0,8.0,2.0,8,2,1.0,,Race to 8,race,completed,Completed,tournament_page,Men's Beginner,0,821bda69-7b49-49ce-96f9-425f549eab3f,api_member_ids,bf97a38c-8dcb-49f5-bc65-868269f3e794,unranked_api_id,391caf96-d152-4853-ad02-3ea5777d3a67,unranked_api_id,e5e1fbee-18f0-43de-ae31-e7cf693bb458,unranked_api_id,47d3874c-3e00-4ce9-87b7-6a8f766fb8c3,f2c888bf-6e0d-4022-8748-a0e569d50fe3,08bd87e0-1561-4905-8241-83a88b6faa28,10c69f8e-f146-4096-a5e1-7fae687e8451
b649bcb9-edd7-4f5b-a2a1-29a89fab5ead,ipt-chandigarh-city-open-2-0,City Open Chandigarh 2.0,City Open,b02a8c16-f65d-4815-965a-edc5f6666a0d,Men's Beginner,Men's,beginner,GROUP F,group,2026-09-24,21:40,Court 3,2026-09-24T15:37:44.242Z,2026-09-24T16:17:33.018Z,Yash Khajanchi / Abhiraj Singh,Rajat Garg / Nitesh Bharti,Yash Khajanchi,Abhiraj Singh,Rajat Garg,Nitesh Bharti,8-7,1.0,0.0,8.0,7.0,8,7,1.0,,Race to 8,race,completed,Completed,tournament_page,Men's Beginner,0,5e1e7bc8-ac6c-4a99-b986-f71ae79c8f7d,unranked_api_id,576a6de6-b47a-4fb5-b854-4e8b6984111a,unranked_api_id,1d76b8c4-7089-4e42-8046-7a6ed8095611,unranked_api_id,d1f04396-f838-46d4-85da-b6d66583c845,unranked_api_id,c178c836-33d9-4c6d-b50c-bbf37482ff22,fb54751d-7cff-4222-906c-c8ae32d57823,b5753caa-7c52-40d5-94c4-bf90f8775e1a,55e38727-716c-4f96-a8ee-00d4a49aa4df
127b074f-4b13-47a3-a5ad-36d3825dbee9,ipt-chandigarh-city-open-2-0,City Open Chandigarh 2.0,City Open,b02a8c16-f65d-4815-965a-edc5f6666a0d,Men's Beginner,Men's,beginner,GROUP D,group,2026-09-24,22:20,Court 1,2026-09-24T14:01:25.149Z,2026-09-24T14:20:10.139Z,Surya Jain / Abhishek Slathia,Arshdeep Singh / Sanam Singh,Surya Jain,Abhishek Slathia,Arshdeep Singh,Sanam Singh,1-8,0.0,1.0,1.0,8.0,1,8,2.0,,Race to 8,race,completed,Completed,tournament_page,Men's Beginner,0,3ae33b4f-09b5-4e99-ab74-2dd8755404c8,unranked_api_id,734a2b87-814f-4b75-baa4-e49397a281e5,unranked_api_id,66bff00b-4dc1-41cf-8272-181a097da993,unranked_api_id,ace8a480-2886-4164-bf99-1f637de77a8c,unranked_api_id,99104b67-88ba-47fb-ac5e-a5a9f5760582,9b522a01-a8f0-4319-9fb7-dddfd323a444,a624bfaf-09ae-4505-b698-c66b1f803513,08cc3d57-040d-4b93-af30-2463e7e7fca3
a3c75dc1-6157-48bb-94b8-451dafef6ac6,ipt-chandigarh-city-open-2-0,City Open Chandigarh 2.0,City Open,b02a8c16-f65d-4815-965a-edc5f6666a0d,Men's Beginner,Men's,beginner,GROUP E,group,2026-09-24,22:20,Court 2,2026-09-24T16:05:48.530Z,2026-09-24T16:23:10.407Z,Sahil Mahajan / Anuj Aggarwal,Satyam Pathak / Divyam Jain,Sahil Mahajan,Anuj Aggarwal,Satyam Pathak,Divyam Jain,1-8,0.0,1.0,1.0,8.0,1,8,2.0,,Race to 8,race,completed,Completed,tournament_page,Men's Beginner,0,071330ea-c4ec-4770-b5ee-0f4996cfbd5c,unranked_api_id,41b905d0-255b-4291-a804-eec026265073,unranked_api_id,bac73907-eaf6-474e-a27e-e1425b6d847e,unranked_api_id,90480b0c-48fc-4bf4-b4fb-e87888f63e06,unranked_api_id,c6ed8c4b-94a7-4946-a2fa-bfc246dee80f,1081fbcd-aec4-4ee2-8fe9-055193a6d391,ab789966-cc32-456e-97be-7bd24e84c1f0,43cff2f3-62fd-48ff-ae4a-e57e7c013f3d
99ee8125-d5aa-4512-a513-01e90a5794f8,ipt-chandigarh-city-open-2-0,City Open Chandigarh 2.0,City Open,b02a8c16-f65d-4815-965a-edc5f6666a0d,Men's Beginner,Men's,beginner,GROUP F,group,2026-09-24,22:20,Court 3,2026-09-24T15:45:04.783Z,2026-09-24T16:15:33.621Z,Vivek Sharma / Rahul Gupta,Nikhil Doda / Jason P Sharma,Vivek Sharma,Rahul Gupta,Nikhil Doda,Jason P Sharma,8-3,1.0,0.0,8.0,3.0,8,3,1.0,,Race to 8,race,completed,Completed,tournament_page,Men's Beginner,0,725309e2-0da0-4da9-96e1-0588b6d13448,unranked_api_id,41b4925c-0b30-4b98-92eb-0948aea39780,unranked_api_id,18c48f80-ed09-42d6-ba8f-ea7081dfc9cd,unranked_api_id,74545b96-4998-41f7-86e0-a4083fbb248f,unranked_api_id,d1677113-9f61-467f-9c5d-5c433c31ec25,9f442281-b754-44d1-887e-a4352f06f90c,458a0506-5591-4aaf-8907-abf9e92f88a8,20762a93-4384-44de-aec4-46e93d437dd9
0445e696-6c49-49c0-ac0d-b30c34260314,ipt-chandigarh-city-open-2-0,City Open Chandigarh 2.0,City Open,b02a8c16-f65d-4815-965a-edc5f6666a0d,Men's Beginner,Men's,beginner,R16 1,knockout,2026-09-26,16:00,Court 3,,,Gautam Kaushal / Suvir Singh,Sandip Sabharwal / Shampy Mittal,Gautam Kaushal,Suvir Singh,Sandip Sabharwal,Shampy Mittal,,,,,,,,,,Race to 9,race,scheduled,Upcoming,tournament_page,Men's Beginner,0,4abc41a6-8e24-4eaa-a669-eadf2b1b7365,api_member_ids,98307ab5-02a0-409d-b320-7c77b38a3c53,api_member_ids,22f71241-5bf4-4dc7-ba33-683a2ea0f75b,api_member_ids,c11fce90-49a1-44f1-9c29-1a6ed684d507,unranked_api_id,f2971a9d-534e-4e53-b557-6bd1a60f2549,4773ba9b-12a9-417b-8120-651fd5dbcd74,ef781df8-9bd2-4cda-b90e-1297f39bf0fb,6a338088-1b5c-4223-99ac-4c0e1e8b2ba8
5ee8ed8c-13cc-4ccd-b19d-d8c32961c5e5,ipt-chandigarh-city-open-2-0,City Open Chandigarh 2.0,City Open,b02a8c16-f65d-4815-965a-edc5f6666a0d,Men's Beginner,Men's,beginner,R16 2,knockout,2026-09-26,16:40,Court 3,,,Aarman Kler / Sahiljit Singh Sandhu,Hitesh Panwar / Shivam Garg,Aarman Kler,Sahiljit Singh Sandhu,Hitesh Panwar,Shivam Garg,,,,,,,,,,Race to 9,race,scheduled,Upcoming,tournament_page,Men's Beginner,0,821bda69-7b49-49ce-96f9-425f549eab3f,api_member_ids,bf97a38c-8dcb-49f5-bc65-868269f3e794,unranked_api_id,183d8cac-b9b1-4a60-b84a-affc7ce9bd02,unranked_api_id,d5fd4570-f27d-42a4-a49f-df51d89e415f,unranked_api_id,47d3874c-3e00-4ce9-87b7-6a8f766fb8c3,f2c888bf-6e0d-4022-8748-a0e569d50fe3,15a3cafb-f4ad-4e77-9bf1-fad53ca40655,7d458823-f6d6-418e-a2dc-72e332607b36
ab209afa-5fc7-4405-b4f0-ac55b2ce168c,ipt-chandigarh-city-open-2-0,City Open Chandigarh 2.0,City Open,b02a8c16-f65d-4815-965a-edc5f6666a0d,Men's Beginner,Men's,beginner,R16 3,knockout,2026-09-26,17:20,Court 3,,,Arshdeep Singh / Sanam Singh,Saksham Dogra / Yuvraj Khullar,Arshdeep Singh,Sanam Singh,Saksham Dogra,Yuvraj Khullar,,,,,,,,,,Race to 9,race,scheduled,Upcoming,tournament_page,Men's Beginner,0,66bff00b-4dc1-41cf-8272-181a097da993,unranked_api_id,ace8a480-2886-4164-bf99-1f637de77a8c,unranked_api_id,391caf96-d152-4853-ad02-3ea5777d3a67,unranked_api_id,e5e1fbee-18f0-43de-ae31-e7cf693bb458,unranked_api_id,a624bfaf-09ae-4505-b698-c66b1f803513,08cc3d57-040d-4b93-af30-2463e7e7fca3,08bd87e0-1561-4905-8241-83a88b6faa28,10c69f8e-f146-4096-a5e1-7fae687e8451
2cd1c71e-2a65-46f9-b161-d3abe0d2b850,ipt-chandigarh-city-open-2-0,City Open Chandigarh 2.0,City Open,b02a8c16-f65d-4815-965a-edc5f6666a0d,Men's Beginner,Men's,beginner,R16 4,knockout,2026-09-26,18:00,Court 3,,,Satyam Pathak / Divyam Jain,Sandeep Dhand / Adesh Pratap Singh,Satyam Pathak,Divyam Jain,Sandeep Dhand,Adesh Pratap Singh,,,,,,,,,,Race to 9,race,scheduled,Upcoming,tournament_page,Men's Beginner,0,bac73907-eaf6-474e-a27e-e1425b6d847e,unranked_api_id,90480b0c-48fc-4bf4-b4fb-e87888f63e06,unranked_api_id,66e160b8-a93f-4dd6-a5aa-60226597bbff,unranked_api_id,9e2d8d94-9122-4de3-b11a-1665744f864a,unranked_api_id,ab789966-cc32-456e-97be-7bd24e84c1f0,43cff2f3-62fd-48ff-ae4a-e57e7c013f3d,9452a6bf-7a22-467b-b29d-c7fb46c539f2,1654a2a5-c539-4958-8d97-49bf09ff52cf
c813f8e1-4c2b-4f5f-9a3b-ef18bcc524fc,ipt-chandigarh-city-open-2-0,City Open Chandigarh 2.0,City Open,b02a8c16-f65d-4815-965a-edc5f6666a0d,Men's Beginner,Men's,beginner,R16 5,knockout,2026-09-26,18:40,Court 3,,,Ankit Dhawan / Guru Singh,Sidhannt Kalucha / Lokesh Dudeja,Ankit Dhawan,Guru Singh,Sidhannt Kalucha,Lokesh Dudeja,,,,,,,,,,Race to 9,race,scheduled,Upcoming,tournament_page,Men's Beginner,0,a0341a31-6531-4201-a45d-17c8b83f5e67,unranked_api_id,241b08be-61b7-4ee7-8896-47712afa18ec,unranked_api_id,4c5085de-d565-43fb-be70-f63273986f22,unranked_api_id,5196073c-2133-4721-b40b-dff578a63065,unranked_api_id,badd6c02-1544-4111-9e2a-305e883be69b,3175a349-44d9-4bf3-8a56-abdfef8c94ea,6fe01f4b-7268-4531-aa51-2c9fa57ae6f7,777b35e5-0e86-438e-b9b6-c0dd3d5f0c4d
16ab8403-878c-4719-a59c-fc139d22078e,ipt-chandigarh-city-open-2-0,City Open Chandigarh 2.0,City Open,b02a8c16-f65d-4815-965a-edc5f6666a0d,Men's Beginner,Men's,beginner,R16 6,knockout,2026-09-26,19:20,Court 3,,,Shray Mehta / Atin Gupta,Yash Khajanchi / Abhiraj Singh,Shray Mehta,Atin Gupta,Yash Khajanchi,Abhiraj Singh,,,,,,,,,,Race to 9,race,scheduled,Upcoming,tournament_page,Men's Beginner,0,ffcf99be-96dd-434c-984f-70de62a8348d,api_member_ids,d0b763e8-69c1-496a-8a5f-5802e4f9eb88,api_member_ids,5e1e7bc8-ac6c-4a99-b986-f71ae79c8f7d,unranked_api_id,576a6de6-b47a-4fb5-b854-4e8b6984111a,unranked_api_id,e9cbc8be-508f-4bc3-b535-55f96ad9c376,11114fb5-c4ce-45e1-8232-f383be02b744,c178c836-33d9-4c6d-b50c-bbf37482ff22,fb54751d-7cff-4222-906c-c8ae32d57823
2fa885e0-fbc6-455a-a609-593951fc5d7b,ipt-chandigarh-city-open-2-0,City Open Chandigarh 2.0,City Open,b02a8c16-f65d-4815-965a-edc5f6666a0d,Men's Beginner,Men's,beginner,R16 7,knockout,2026-09-26,20:00,Court 3,,,Ajitesh Kaushal / Vidur Ahuja,Vivek Sharma / Rahul Gupta,Ajitesh Kaushal,Vidur Ahuja,Vivek Sharma,Rahul Gupta,,,,,,,,,,Race to 9,race,scheduled,Upcoming,tournament_page,Men's Beginner,0,e43d9595-fbd4-4780-9231-ed4008b17954,unranked_api_id,a86800c6-94f5-406c-88ba-e0d160802682,unranked_api_id,725309e2-0da0-4da9-96e1-0588b6d13448,unranked_api_id,41b4925c-0b30-4b98-92eb-0948aea39780,unranked_api_id,edfa5709-0deb-46a5-a436-f722388955b3,76e88ddc-c031-4336-99c7-6744a2a0b0ff,d1677113-9f61-467f-9c5d-5c433c31ec25,9f442281-b754-44d1-887e-a4352f06f90c
f6bb3bce-5f66-48be-ac63-28cdb4865a82,ipt-chandigarh-city-open-2-0,City Open Chandigarh 2.0,City Open,b02a8c16-f65d-4815-965a-edc5f6666a0d,Men's Beginner,Men's,beginner,R16 8,knockout,2026-09-26,20:40,Court 3,,,Ramnish Pal / Abhit Jhanji,Rajat Garg / Nitesh Bharti,Ramnish Pal,Abhit Jhanji,Rajat Garg,Nitesh Bharti,,,,,,,,,,Race to 9,race,scheduled,Upcoming,tournament_page,Men's Beginner,0,e8044892-03da-4d83-be8c-94f5d27641ac,unranked_api_id,d5941084-1f2b-46b5-8aec-fca5a323f868,unranked_api_id,1d76b8c4-7089-4e42-8046-7a6ed8095611,unranked_api_id,d1f04396-f838-46d4-85da-b6d66583c845,unranked_api_id,d98b549a-3328-4f8b-80cc-e421476ff62f,6df2383c-12b0-470c-8848-b024e7d61423,b5753caa-7c52-40d5-94c4-bf90f8775e1a,55e38727-716c-4f96-a8ee-00d4a49aa4df
3014032c-e646-4cb7-a9a2-199a13121488,ipt-chandigarh-city-open-2-0,City Open Chandigarh 2.0,City Open,b02a8c16-f65d-4815-965a-edc5f6666a0d,Men's Beginner,Men's,beginner,QF 1,knockout,2026-09-26,21:20,Court 3,,,Winner - R16 1,Winner - R16 2,,,,,,,,,,,,,,Race to 9,race,scheduled,Upcoming,tournament_page,Men's Beginner,0,,,,,,,,,,,,
1fe0ed54-d755-48da-b0e8-f4a2aa97110f,ipt-chandigarh-city-open-2-0,City Open Chandigarh 2.0,City Open,b02a8c16-f65d-4815-965a-edc5f6666a0d,Men's Beginner,Men's,beginner,QF 2,knockout,2026-09-26,22:00,Court 3,,,Winner - R16 3,Winner - R16 4,,,,,,,,,,,,,,Race to 9,race,scheduled,Upcoming,tournament_page,Men's Beginner,0,,,,,,,,,,,,
c03c0b9d-de7a-40a2-8b9b-86bd296c6666,ipt-chandigarh-city-open-2-0,City Open Chandigarh 2.0,City Open,b02a8c16-f65d-4815-965a-edc5f6666a0d,Men's Beginner,Men's,beginner,QF 3,knockout,2026-09-26,22:40,Court 3,,,Winner - R16 5,Winner - R16 6,,,,,,,,,,,,,,Race to 9,race,scheduled,Upcoming,tournament_page,Men's Beginner,0,,,,,,,,,,,,
be8d3d24-6969-4b42-9bba-70d00c13a297,ipt-chandigarh-city-open-2-0,City Open Chandigarh 2.0,City Open,b02a8c16-f65d-4815-965a-edc5f6666a0d,Men's Beginner,Men's,beginner,QF 4,knockout,2026-09-26,23:20,Court 3,,,Winner - R16 7,Winner - R16 8,,,,,,,,,,,,,,Race to 9,race,scheduled,Upcoming,tournament_page,Men's Beginner,0,,,,,,,,,,,,
9a8a9c65-8407-45b7-915e-31782c2c25da,ipt-chandigarh-city-open-2-0,City Open Chandigarh 2.0,City Open,b02a8c16-f65d-4815-965a-edc5f6666a0d,Men's Beginner,Men's,beginner,Semi Final 1,knockout,2026-09-27,15:00,Court 1,,,Winner - QF 1,Winner - QF 2,,,,,,,,,,,,,,Race to 9,race,scheduled,Upcoming,tournament_page,Men's Beginner,0,,,,,,,,,,,,
a5dd8b7d-0c15-49bb-b77c-4613794897c9,ipt-chandigarh-city-open-2-0,City Open Chandigarh 2.0,City Open,b02a8c16-f65d-4815-965a-edc5f6666a0d,Men's Beginner,Men's,beginner,Semi Final 2,knockout,2026-09-27,16:00,Court 1,,,Winner - QF 3,Winner - QF 4,,,,,,,,,,,,,,Race to 9,race,scheduled,Upcoming,tournament_page,Men's Beginner,0,,,,,,,,,,,,
7e392a38-238f-4b26-a74e-c6db3b2471dd,ipt-chandigarh-city-open-2-0,City Open Chandigarh 2.0,City Open,b02a8c16-f65d-4815-965a-edc5f6666a0d,Men's Beginner,Men's,beginner,Final,knockout,2026-09-27,18:30,Court 1,,,Winner - SF 1,Winner - SF 2,,,,,,,,,,,,,,Best of 3 sets,sets,scheduled,Upcoming,tournament_page,Men's Beginner,0,,,,,,,,,,,,
79d6962d-462d-4265-b5b4-61858734fc1a,ipt-chandigarh-city-open-2-0,City Open Chandigarh 2.0,City Open,2c1884cb-e421-4a43-894b-8a17e3d46e0d,Men's Intermediate,Men's,intermediate,GROUP A,group,2026-09-25,07:00,Court 1,,,Manav Malhotra / Varun Dattani,Raghav Garg / Sachit Nayyar,Manav Malhotra,Varun Dattani,Raghav Garg,Sachit Nayyar,,,,,,,,,,Race to 8,race,scheduled,Upcoming,tournament_page,Men's Intermediate,0,4272deaf-7eb7-44ef-aa24-dc531a9b6fd5,unranked_api_id,5b6730d4-a1a1-4cd3-97ec-3423545be5cd,api_member_ids,fdb26ab4-790d-4401-8a7d-80b071cd0b6b,api_member_ids,360581d4-b031-4e4f-b758-6ec519464571,api_member_ids,62675b54-7883-49ae-b46e-047b2ab466cf,12d6226d-0e51-4eb4-9126-5c070569b93f,cd7f9c8c-30bf-42d6-9c31-0a5ba3bd93c3,a7557d6e-6a04-49c6-a547-e66bbd041302
2b86695f-b9e9-467f-afdb-a7f8ead96167,ipt-chandigarh-city-open-2-0,City Open Chandigarh 2.0,City Open,2c1884cb-e421-4a43-894b-8a17e3d46e0d,Men's Intermediate,Men's,intermediate,GROUP B,group,2026-09-25,07:00,Court 2,,,Pruthvi Patel / Harshil Sheth,Tanveer Singh / Rahil Mahajan,Pruthvi Patel,Harshil Sheth,Tanveer Singh,Rahil Mahajan,,,,,,,,,,Race to 8,race,scheduled,Upcoming,tournament_page,Men's Intermediate,0,8b59dc20-8434-4323-9df5-72b9bcb10d6b,api_member_ids,4a24bb98-4925-4def-ac6a-f794287f8ef6,api_member_ids,ddb10849-80d7-4445-a21f-8b51010f3dee,api_member_ids,6975bb60-5198-44e1-8fe4-cdd357279a6b,unranked_api_id,456e2a32-4b11-4648-b763-8b241c33aa6c,245e189f-d9e8-47b0-9c9f-247d4cef4704,dd56641f-6164-4f80-ab82-bbc7cc3f8e73,e8aaaee0-d127-404b-9d5e-55d741a7f710
48e1b803-4196-4928-9391-47639e243042,ipt-chandigarh-city-open-2-0,City Open Chandigarh 2.0,City Open,2c1884cb-e421-4a43-894b-8a17e3d46e0d,Men's Intermediate,Men's,intermediate,GROUP C,group,2026-09-25,07:00,Court 3,,,Shanu Hazra / Parth Thakkar,Simar Chadha / Ikrab Ghai,Shanu Hazra,Parth Thakkar,Simar Chadha,Ikrab Ghai,,,,,,,,,,Race to 8,race,scheduled,Upcoming,tournament_page,Men's Intermediate,0,32e72a90-6fbd-4ccc-bdc5-93be13a6f158,api_member_ids,422e5a42-67b4-43be-9f71-74ca711a8aa8,unranked_api_id,d17f38c0-bcbf-45b1-8013-e47edf701994,unranked_api_id,08c756f4-9b1a-41af-96b5-b7041d812156,api_member_ids,ecaad231-fbe5-40c2-8da4-9fb89836505e,4038ffa5-af76-4f75-9ca3-bd7a0be2cc0e,499c7df2-5f31-4983-9618-2e6c8d573d9f,aac1dc0e-4b5b-4664-8041-7c81dde119f3
ad88eec8-dcaa-4f38-a5a3-46d192b76a08,ipt-chandigarh-city-open-2-0,City Open Chandigarh 2.0,City Open,2c1884cb-e421-4a43-894b-8a17e3d46e0d,Men's Intermediate,Men's,intermediate,GROUP B,group,2026-09-25,07:40,Court 2,,,Sagar Ahuja / Nivesh Poddar,Vishav Bansal / Ajay Dhiman,Sagar Ahuja,Nivesh Poddar,Vishav Bansal,Ajay Dhiman,,,,,,,,,,Race to 8,race,scheduled,Upcoming,tournament_page,Men's Intermediate,0,cfb8360d-d5e5-4934-9d69-c82884d2621c,unranked_api_id,dcd604bc-9d5b-4c61-a816-282a5ba39a68,unranked_api_id,3cb79d42-8573-4265-ba5e-dd98ae750ab4,unranked_api_id,e784da28-d426-42a0-9808-34955ffbd3b2,unranked_api_id,20974301-f0f5-4be9-a439-2680decb5b59,a0037dd2-54a0-468e-99da-86b1ba0546b0,7f8b1334-67ad-4720-8a65-c4859449abd1,23725c27-5b28-420a-b5e5-b94e68d449ac
aa4c7d3c-71ef-48ea-a777-91bea7569708,ipt-chandigarh-city-open-2-0,City Open Chandigarh 2.0,City Open,2c1884cb-e421-4a43-894b-8a17e3d46e0d,Men's Intermediate,Men's,intermediate,GROUP C,group,2026-09-25,07:40,Court 3,,,Sahil Bakshi / Shivang Mahajan,Love Pahal / Aarav Chawla,Sahil Bakshi,Shivang Mahajan,Love Pahal,Aarav Chawla,,,,,,,,,,Race to 8,race,scheduled,Upcoming,tournament_page,Men's Intermediate,0,c52a3395-f5d9-4d1c-a314-a04a7c0565d1,unranked_api_id,503b6fba-116c-48fb-8483-a877c1367ee1,unranked_api_id,8abce6cb-1ce3-4d86-a6c8-14f5efa3b37e,unranked_api_id,641d9cb2-bcae-4e8a-a9d3-19ef4d86426d,unranked_api_id,72f24b5f-04c1-4ed2-bf9b-3e0bc60b9209,48efd3aa-575d-43b4-a51c-6118dd7a248c,cea3a3a5-bb6f-4767-b606-0b15d3b84bfe,eb0dafbd-f575-45b6-8d06-3731742a71b7
92292fef-2613-49f2-ba87-33caa74a961f,ipt-chandigarh-city-open-2-0,City Open Chandigarh 2.0,City Open,2c1884cb-e421-4a43-894b-8a17e3d46e0d,Men's Intermediate,Men's,intermediate,GROUP A,group,2026-09-25,08:20,Court 1,,,Manav Malhotra / Varun Dattani,Rohail Pandohi / Ayush Gupta,Manav Malhotra,Varun Dattani,Rohail Pandohi,Ayush Gupta,,,,,,,,,,Race to 8,race,scheduled,Upcoming,tournament_page,Men's Intermediate,0,4272deaf-7eb7-44ef-aa24-dc531a9b6fd5,unranked_api_id,5b6730d4-a1a1-4cd3-97ec-3423545be5cd,api_member_ids,b8bf9b63-7e44-4c43-90aa-3dcd43a047b0,unranked_api_id,97582df5-8d51-44fe-9bf2-74fb96bf9e05,unranked_api_id,62675b54-7883-49ae-b46e-047b2ab466cf,12d6226d-0e51-4eb4-9126-5c070569b93f,3cc79771-f529-43d0-b837-00ae4398d525,2d572bde-0a72-435c-a58c-bf0e5f11e259
6a548b6a-f18b-4911-a09c-fbdc5f737929,ipt-chandigarh-city-open-2-0,City Open Chandigarh 2.0,City Open,2c1884cb-e421-4a43-894b-8a17e3d46e0d,Men's Intermediate,Men's,intermediate,GROUP B,group,2026-09-25,08:20,Court 2,,,Pruthvi Patel / Harshil Sheth,Sagar Ahuja / Nivesh Poddar,Pruthvi Patel,Harshil Sheth,Sagar Ahuja,Nivesh Poddar,,,,,,,,,,Race to 8,race,scheduled,Upcoming,tournament_page,Men's Intermediate,0,8b59dc20-8434-4323-9df5-72b9bcb10d6b,api_member_ids,4a24bb98-4925-4def-ac6a-f794287f8ef6,api_member_ids,cfb8360d-d5e5-4934-9d69-c82884d2621c,unranked_api_id,dcd604bc-9d5b-4c61-a816-282a5ba39a68,unranked_api_id,456e2a32-4b11-4648-b763-8b241c33aa6c,245e189f-d9e8-47b0-9c9f-247d4cef4704,20974301-f0f5-4be9-a439-2680decb5b59,a0037dd2-54a0-468e-99da-86b1ba0546b0
06d30960-7edc-4db0-8f0a-f5794084c8fd,ipt-chandigarh-city-open-2-0,City Open Chandigarh 2.0,City Open,2c1884cb-e421-4a43-894b-8a17e3d46e0d,Men's Intermediate,Men's,intermediate,GROUP C,group,2026-09-25,08:20,Court 3,,,Shanu Hazra / Parth Thakkar,Sahil Bakshi / Shivang Mahajan,Shanu Hazra,Parth Thakkar,Sahil Bakshi,Shivang Mahajan,,,,,,,,,,Race to 8,race,scheduled,Upcoming,tournament_page,Men's Intermediate,0,32e72a90-6fbd-4ccc-bdc5-93be13a6f158,api_member_ids,422e5a42-67b4-43be-9f71-74ca711a8aa8,unranked_api_id,c52a3395-f5d9-4d1c-a314-a04a7c0565d1,unranked_api_id,503b6fba-116c-48fb-8483-a877c1367ee1,unranked_api_id,ecaad231-fbe5-40c2-8da4-9fb89836505e,4038ffa5-af76-4f75-9ca3-bd7a0be2cc0e,72f24b5f-04c1-4ed2-bf9b-3e0bc60b9209,48efd3aa-575d-43b4-a51c-6118dd7a248c
ffff92b3-c675-40d4-805d-0fa6eb463dba,ipt-chandigarh-city-open-2-0,City Open Chandigarh 2.0,City Open,2c1884cb-e421-4a43-894b-8a17e3d46e0d,Men's Intermediate,Men's,intermediate,GROUP B,group,2026-09-25,09:00,Court 2,,,Tanveer Singh / Rahil Mahajan,Vishav Bansal / Ajay Dhiman,Tanveer Singh,Rahil Mahajan,Vishav Bansal,Ajay Dhiman,,,,,,,,,,Race to 8,race,scheduled,Upcoming,tournament_page,Men's Intermediate,0,ddb10849-80d7-4445-a21f-8b51010f3dee,api_member_ids,6975bb60-5198-44e1-8fe4-cdd357279a6b,unranked_api_id,3cb79d42-8573-4265-ba5e-dd98ae750ab4,unranked_api_id,e784da28-d426-42a0-9808-34955ffbd3b2,unranked_api_id,dd56641f-6164-4f80-ab82-bbc7cc3f8e73,e8aaaee0-d127-404b-9d5e-55d741a7f710,7f8b1334-67ad-4720-8a65-c4859449abd1,23725c27-5b28-420a-b5e5-b94e68d449ac
aee0d259-28ad-4bb2-ad7e-92631edd8412,ipt-chandigarh-city-open-2-0,City Open Chandigarh 2.0,City Open,2c1884cb-e421-4a43-894b-8a17e3d46e0d,Men's Intermediate,Men's,intermediate,GROUP C,group,2026-09-25,09:00,Court 3,,,Simar Chadha / Ikrab Ghai,Love Pahal / Aarav Chawla,Simar Chadha,Ikrab Ghai,Love Pahal,Aarav Chawla,,,,,,,,,,Race to 8,race,scheduled,Upcoming,tournament_page,Men's Intermediate,0,d17f38c0-bcbf-45b1-8013-e47edf701994,unranked_api_id,08c756f4-9b1a-41af-96b5-b7041d812156,api_member_ids,8abce6cb-1ce3-4d86-a6c8-14f5efa3b37e,unranked_api_id,641d9cb2-bcae-4e8a-a9d3-19ef4d86426d,unranked_api_id,499c7df2-5f31-4983-9618-2e6c8d573d9f,aac1dc0e-4b5b-4664-8041-7c81dde119f3,cea3a3a5-bb6f-4767-b606-0b15d3b84bfe,eb0dafbd-f575-45b6-8d06-3731742a71b7
5b255f36-4691-4b23-9154-b1081392d9d4,ipt-chandigarh-city-open-2-0,City Open Chandigarh 2.0,City Open,2c1884cb-e421-4a43-894b-8a17e3d46e0d,Men's Intermediate,Men's,intermediate,GROUP B,group,2026-09-25,09:40,Court 2,,,Pruthvi Patel / Harshil Sheth,Vishav Bansal / Ajay Dhiman,Pruthvi Patel,Harshil Sheth,Vishav Bansal,Ajay Dhiman,,,,,,,,,,Race to 8,race,scheduled,Upcoming,tournament_page,Men's Intermediate,0,8b59dc20-8434-4323-9df5-72b9bcb10d6b,api_member_ids,4a24bb98-4925-4def-ac6a-f794287f8ef6,api_member_ids,3cb79d42-8573-4265-ba5e-dd98ae750ab4,unranked_api_id,e784da28-d426-42a0-9808-34955ffbd3b2,unranked_api_id,456e2a32-4b11-4648-b763-8b241c33aa6c,245e189f-d9e8-47b0-9c9f-247d4cef4704,7f8b1334-67ad-4720-8a65-c4859449abd1,23725c27-5b28-420a-b5e5-b94e68d449ac
8715391f-79dd-405a-869c-59fb59705301,ipt-chandigarh-city-open-2-0,City Open Chandigarh 2.0,City Open,2c1884cb-e421-4a43-894b-8a17e3d46e0d,Men's Intermediate,Men's,intermediate,GROUP C,group,2026-09-25,09:40,Court 3,,,Shanu Hazra / Parth Thakkar,Love Pahal / Aarav Chawla,Shanu Hazra,Parth Thakkar,Love Pahal,Aarav Chawla,,,,,,,,,,Race to 8,race,scheduled,Upcoming,tournament_page,Men's Intermediate,0,32e72a90-6fbd-4ccc-bdc5-93be13a6f158,api_member_ids,422e5a42-67b4-43be-9f71-74ca711a8aa8,unranked_api_id,8abce6cb-1ce3-4d86-a6c8-14f5efa3b37e,unranked_api_id,641d9cb2-bcae-4e8a-a9d3-19ef4d86426d,unranked_api_id,ecaad231-fbe5-40c2-8da4-9fb89836505e,4038ffa5-af76-4f75-9ca3-bd7a0be2cc0e,cea3a3a5-bb6f-4767-b606-0b15d3b84bfe,eb0dafbd-f575-45b6-8d06-3731742a71b7
cc0d3c5b-2485-40d7-bbca-5de75b0cf8b8,ipt-chandigarh-city-open-2-0,City Open Chandigarh 2.0,City Open,2c1884cb-e421-4a43-894b-8a17e3d46e0d,Men's Intermediate,Men's,intermediate,GROUP A,group,2026-09-25,10:20,Court 1,,,Raghav Garg / Sachit Nayyar,Rohail Pandohi / Ayush Gupta,Raghav Garg,Sachit Nayyar,Rohail Pandohi,Ayush Gupta,,,,,,,,,,Race to 8,race,scheduled,Upcoming,tournament_page,Men's Intermediate,0,fdb26ab4-790d-4401-8a7d-80b071cd0b6b,api_member_ids,360581d4-b031-4e4f-b758-6ec519464571,api_member_ids,b8bf9b63-7e44-4c43-90aa-3dcd43a047b0,unranked_api_id,97582df5-8d51-44fe-9bf2-74fb96bf9e05,unranked_api_id,cd7f9c8c-30bf-42d6-9c31-0a5ba3bd93c3,a7557d6e-6a04-49c6-a547-e66bbd041302,3cc79771-f529-43d0-b837-00ae4398d525,2d572bde-0a72-435c-a58c-bf0e5f11e259
148c72ac-df4b-4daa-8caf-4be826d204b2,ipt-chandigarh-city-open-2-0,City Open Chandigarh 2.0,City Open,2c1884cb-e421-4a43-894b-8a17e3d46e0d,Men's Intermediate,Men's,intermediate,GROUP B,group,2026-09-25,10:20,Court 2,,,Tanveer Singh / Rahil Mahajan,Sagar Ahuja / Nivesh Poddar,Tanveer Singh,Rahil Mahajan,Sagar Ahuja,Nivesh Poddar,,,,,,,,,,Race to 8,race,scheduled,Upcoming,tournament_page,Men's Intermediate,0,ddb10849-80d7-4445-a21f-8b51010f3dee,api_member_ids,6975bb60-5198-44e1-8fe4-cdd357279a6b,unranked_api_id,cfb8360d-d5e5-4934-9d69-c82884d2621c,unranked_api_id,dcd604bc-9d5b-4c61-a816-282a5ba39a68,unranked_api_id,dd56641f-6164-4f80-ab82-bbc7cc3f8e73,e8aaaee0-d127-404b-9d5e-55d741a7f710,20974301-f0f5-4be9-a439-2680decb5b59,a0037dd2-54a0-468e-99da-86b1ba0546b0
1c718e7d-3079-4320-a409-6a5bdd839141,ipt-chandigarh-city-open-2-0,City Open Chandigarh 2.0,City Open,2c1884cb-e421-4a43-894b-8a17e3d46e0d,Men's Intermediate,Men's,intermediate,GROUP C,group,2026-09-25,10:20,Court 3,,,Simar Chadha / Ikrab Ghai,Sahil Bakshi / Shivang Mahajan,Simar Chadha,Ikrab Ghai,Sahil Bakshi,Shivang Mahajan,,,,,,,,,,Race to 8,race,scheduled,Upcoming,tournament_page,Men's Intermediate,0,d17f38c0-bcbf-45b1-8013-e47edf701994,unranked_api_id,08c756f4-9b1a-41af-96b5-b7041d812156,api_member_ids,c52a3395-f5d9-4d1c-a314-a04a7c0565d1,unranked_api_id,503b6fba-116c-48fb-8483-a877c1367ee1,unranked_api_id,499c7df2-5f31-4983-9618-2e6c8d573d9f,aac1dc0e-4b5b-4664-8041-7c81dde119f3,72f24b5f-04c1-4ed2-bf9b-3e0bc60b9209,48efd3aa-575d-43b4-a51c-6118dd7a248c
8068fd44-912a-4f31-a2a0-6295228fe50f,ipt-chandigarh-city-open-2-0,City Open Chandigarh 2.0,City Open,2c1884cb-e421-4a43-894b-8a17e3d46e0d,Men's Intermediate,Men's,intermediate,GROUP E,group,2026-09-25,11:00,Court 1,,,Madhav Bajaj / Divanshu Nayyar,Akshay Dhawan / Animesh Gupta,Madhav Bajaj,Divanshu Nayyar,Akshay Dhawan,Animesh Gupta,,,,,,,,,,Race to 8,race,scheduled,Upcoming,tournament_page,Men's Intermediate,0,0fd115b3-0fce-4f9b-93c9-13e6c268e5cb,api_member_ids,645bea63-c782-48f3-9687-7887da354b08,api_member_ids,571b61a2-7bb2-4709-8d08-7dcc6e91d02d,api_member_ids,201b9dde-1c56-410c-a47f-871a581e06aa,unranked_api_id,7c621973-96e9-4398-baed-28da9b2da7a9,ac3d8ee7-6657-405d-9278-ecce813d4936,636b8bf4-e7d6-4b93-b184-c2db6b2cdf6d,eaddda1c-c38a-420f-9104-b2bf89d4785c
403f9ed2-8a02-496f-8d49-da14aed956ba,ipt-chandigarh-city-open-2-0,City Open Chandigarh 2.0,City Open,2c1884cb-e421-4a43-894b-8a17e3d46e0d,Men's Intermediate,Men's,intermediate,GROUP F,group,2026-09-25,11:00,Court 2,,,Mehul Bansal / Lakshay Bharti,Rishabh Gupta / Rijul Jain,Mehul Bansal,Lakshay Bharti,Rishabh Gupta,Rijul Jain,,,,,,,,,,Race to 8,race,scheduled,Upcoming,tournament_page,Men's Intermediate,0,cebed5c0-9f8f-4458-aaa4-0ee2b6f25f10,api_member_ids,229df8e2-1349-4ee0-a15a-e46df0dc770f,api_member_ids,c8c5d555-7efd-4029-bcb6-0973f8bb4e97,api_member_ids,55b85e71-3eaf-4e84-846a-1e4a3c83e091,unranked_api_id,39bde1af-4a95-4215-b243-1872cf62bdd2,7eabe95a-f4fb-4a42-9807-e0543bec0f47,d2929dbf-9c3f-4666-ab29-0714e1209d4f,dd6e4ace-e73b-4da7-a1cd-177117f85106
ab6cbdf1-988e-49ee-9b6b-a3086b0d304a,ipt-chandigarh-city-open-2-0,City Open Chandigarh 2.0,City Open,2c1884cb-e421-4a43-894b-8a17e3d46e0d,Men's Intermediate,Men's,intermediate,GROUP H,group,2026-09-25,11:00,Court 3,,,Nikhil Bansal / Jansher Waraich,Ankush Puri / Sehaj Sehgal,Nikhil Bansal,Jansher Waraich,Ankush Puri,Sehaj Sehgal,,,,,,,,,,Race to 8,race,scheduled,Upcoming,tournament_page,Men's Intermediate,2,ab58ef43-8f50-4f4e-a45b-1087ae59ee35,api_member_ids,862441b4-6513-41df-94c0-a4b301b570dd,unranked_api_id,7de59a0c-475a-4088-b378-3bfdf5a88ad6,unranked_api_id,0c568934-bec2-451a-91c5-d0d4d068a8af,unranked_api_id,c497d377-7449-4d20-98be-b920506fefbe,cf36d3ec-4809-4e7a-841f-340927e7b2e2,2d11c3af-4ded-423a-a2f4-7863ebe56e6d,ced50002-2e62-441e-a317-9a42f6157131
07ad06ac-0a33-47ce-95a7-16739f66af4b,ipt-chandigarh-city-open-2-0,City Open Chandigarh 2.0,City Open,2c1884cb-e421-4a43-894b-8a17e3d46e0d,Men's Intermediate,Men's,intermediate,GROUP E,group,2026-09-25,11:40,Court 1,,,Vaibhav Sahni / Ishaan Chandhok,Aayush Poddar / Anurag Agarwal,Vaibhav Sahni,Ishaan Chandhok,Aayush Poddar,Anurag Agarwal,,,,,,,,,,Race to 8,race,scheduled,Upcoming,tournament_page,Men's Intermediate,0,8850ef35-01ed-405d-acb6-6bd23a45b747,api_member_ids,7a68498f-5de6-49d5-8528-44428d14dc05,unranked_api_id,b0b914e2-9e4c-4c97-b00c-49f022163e4c,unranked_api_id,a3321c63-b080-4fba-8b62-d03aaa79bf10,unranked_api_id,d83a17b7-72c2-415e-95af-cd211ca267d0,05309812-26fa-45c6-8b48-710a5b06bafc,d6814408-47f7-42d8-8e0f-9956ca1d22ea,3de798e7-2b73-486f-a42c-d92aa01a95aa
3eace2b9-99f7-4ce0-aaf8-118e3a3c10be,ipt-chandigarh-city-open-2-0,City Open Chandigarh 2.0,City Open,2c1884cb-e421-4a43-894b-8a17e3d46e0d,Men's Intermediate,Men's,intermediate,GROUP F,group,2026-09-25,11:40,Court 2,,,Arjun Dhanda / Akhil Bansal,Rajkanwar Bhangoo / Harneet Singh,Arjun Dhanda,Akhil Bansal,Rajkanwar Bhangoo,Harneet Singh,,,,,,,,,,Race to 8,race,scheduled,Upcoming,tournament_page,Men's Intermediate,0,3dd3d660-e7b5-4549-8c09-602334f5c3ca,unranked_api_id,a54ba179-7fc9-4533-9eaa-c2c09da3f061,api_member_ids,29ce2928-dce1-42de-9eb6-43363196ee5f,api_member_ids,32dc6641-2e37-478a-be4f-4d4b34e0f292,unranked_api_id,a4cde000-802c-4d3d-9f03-997f109dcdef,85737dc8-10c1-432d-b853-aff45717060d,cc7a0206-cd20-4e08-aaa7-a0e73348e369,feb6cbe3-d92d-4231-a46b-01b7cafaa535
006bbe85-e572-435f-a8f8-5fa5cb7106e5,ipt-chandigarh-city-open-2-0,City Open Chandigarh 2.0,City Open,2c1884cb-e421-4a43-894b-8a17e3d46e0d,Men's Intermediate,Men's,intermediate,GROUP H,group,2026-09-25,11:40,Court 3,,,Vansh Bhagtani / Yash Nagdev,Japnaam Singh / Meet Ohlyan,Vansh Bhagtani,Yash Nagdev,Japnaam Singh,Meet Ohlyan,,,,,,,,,,Race to 8,race,scheduled,Upcoming,tournament_page,Men's Intermediate,0,b8eb1e10-ea5c-4422-835e-d6b7bf8f381f,api_member_ids,0346bf27-30fb-409c-8bd4-bdbb1f7119cd,exact_name,e68d8156-e748-4204-92d6-eadf481febf8,unranked_api_id,86f91f72-2dc2-4f80-a8d3-815e270d7d97,unranked_api_id,64b4dbd7-8bfd-457e-9e4f-821c7f4e6284,f5172ec0-ad5b-42c5-b9ec-3cdb93f55025,ae95ce7f-b03a-41b7-b257-07c674e48547,8e756bb2-c1cd-45bc-a3be-777e4e195b29
84025adc-95cd-4373-af67-39673e8db291,ipt-chandigarh-city-open-2-0,City Open Chandigarh 2.0,City Open,2c1884cb-e421-4a43-894b-8a17e3d46e0d,Men's Intermediate,Men's,intermediate,GROUP E,group,2026-09-25,12:20,Court 1,,,Madhav Bajaj / Divanshu Nayyar,Vaibhav Sahni / Ishaan Chandhok,Madhav Bajaj,Divanshu Nayyar,Vaibhav Sahni,Ishaan Chandhok,,,,,,,,,,Race to 8,race,scheduled,Upcoming,tournament_page,Men's Intermediate,0,0fd115b3-0fce-4f9b-93c9-13e6c268e5cb,api_member_ids,645bea63-c782-48f3-9687-7887da354b08,api_member_ids,8850ef35-01ed-405d-acb6-6bd23a45b747,api_member_ids,7a68498f-5de6-49d5-8528-44428d14dc05,unranked_api_id,7c621973-96e9-4398-baed-28da9b2da7a9,ac3d8ee7-6657-405d-9278-ecce813d4936,d83a17b7-72c2-415e-95af-cd211ca267d0,05309812-26fa-45c6-8b48-710a5b06bafc
9aa6970f-7ee0-4232-aeee-835246cb1106,ipt-chandigarh-city-open-2-0,City Open Chandigarh 2.0,City Open,2c1884cb-e421-4a43-894b-8a17e3d46e0d,Men's Intermediate,Men's,intermediate,GROUP F,group,2026-09-25,12:20,Court 2,,,Mehul Bansal / Lakshay Bharti,Arjun Dhanda / Akhil Bansal,Mehul Bansal,Lakshay Bharti,Arjun Dhanda,Akhil Bansal,,,,,,,,,,Race to 8,race,scheduled,Upcoming,tournament_page,Men's Intermediate,0,cebed5c0-9f8f-4458-aaa4-0ee2b6f25f10,api_member_ids,229df8e2-1349-4ee0-a15a-e46df0dc770f,api_member_ids,3dd3d660-e7b5-4549-8c09-602334f5c3ca,unranked_api_id,a54ba179-7fc9-4533-9eaa-c2c09da3f061,api_member_ids,39bde1af-4a95-4215-b243-1872cf62bdd2,7eabe95a-f4fb-4a42-9807-e0543bec0f47,a4cde000-802c-4d3d-9f03-997f109dcdef,85737dc8-10c1-432d-b853-aff45717060d
316f0117-e56f-43c0-aa06-e1422da488c0,ipt-chandigarh-city-open-2-0,City Open Chandigarh 2.0,City Open,2c1884cb-e421-4a43-894b-8a17e3d46e0d,Men's Intermediate,Men's,intermediate,GROUP H,group,2026-09-25,12:20,Court 3,,,Nikhil Bansal / Jansher Waraich,Vansh Bhagtani / Yash Nagdev,Nikhil Bansal,Jansher Waraich,Vansh Bhagtani,Yash Nagdev,,,,,,,,,,Race to 8,race,scheduled,Upcoming,tournament_page,Men's Intermediate,0,ab58ef43-8f50-4f4e-a45b-1087ae59ee35,api_member_ids,862441b4-6513-41df-94c0-a4b301b570dd,unranked_api_id,b8eb1e10-ea5c-4422-835e-d6b7bf8f381f,api_member_ids,0346bf27-30fb-409c-8bd4-bdbb1f7119cd,exact_name,c497d377-7449-4d20-98be-b920506fefbe,cf36d3ec-4809-4e7a-841f-340927e7b2e2,64b4dbd7-8bfd-457e-9e4f-821c7f4e6284,f5172ec0-ad5b-42c5-b9ec-3cdb93f55025
64bd0de0-db6b-44a1-b4a3-c6cff58cd9b1,ipt-chandigarh-city-open-2-0,City Open Chandigarh 2.0,City Open,2c1884cb-e421-4a43-894b-8a17e3d46e0d,Men's Intermediate,Men's,intermediate,GROUP E,group,2026-09-25,13:00,Court 1,,,Akshay Dhawan / Animesh Gupta,Aayush Poddar / Anurag Agarwal,Akshay Dhawan,Animesh Gupta,Aayush Poddar,Anurag Agarwal,,,,,,,,,,Race to 8,race,scheduled,Upcoming,tournament_page,Men's Intermediate,0,571b61a2-7bb2-4709-8d08-7dcc6e91d02d,api_member_ids,201b9dde-1c56-410c-a47f-871a581e06aa,unranked_api_id,b0b914e2-9e4c-4c97-b00c-49f022163e4c,unranked_api_id,a3321c63-b080-4fba-8b62-d03aaa79bf10,unranked_api_id,636b8bf4-e7d6-4b93-b184-c2db6b2cdf6d,eaddda1c-c38a-420f-9104-b2bf89d4785c,d6814408-47f7-42d8-8e0f-9956ca1d22ea,3de798e7-2b73-486f-a42c-d92aa01a95aa
3ea456b4-7a25-458e-835c-b9063c61e164,ipt-chandigarh-city-open-2-0,City Open Chandigarh 2.0,City Open,2c1884cb-e421-4a43-894b-8a17e3d46e0d,Men's Intermediate,Men's,intermediate,GROUP F,group,2026-09-25,13:00,Court 2,,,Rishabh Gupta / Rijul Jain,Rajkanwar Bhangoo / Harneet Singh,Rishabh Gupta,Rijul Jain,Rajkanwar Bhangoo,Harneet Singh,,,,,,,,,,Race to 8,race,scheduled,Upcoming,tournament_page,Men's Intermediate,0,c8c5d555-7efd-4029-bcb6-0973f8bb4e97,api_member_ids,55b85e71-3eaf-4e84-846a-1e4a3c83e091,unranked_api_id,29ce2928-dce1-42de-9eb6-43363196ee5f,api_member_ids,32dc6641-2e37-478a-be4f-4d4b34e0f292,unranked_api_id,d2929dbf-9c3f-4666-ab29-0714e1209d4f,dd6e4ace-e73b-4da7-a1cd-177117f85106,cc7a0206-cd20-4e08-aaa7-a0e73348e369,feb6cbe3-d92d-4231-a46b-01b7cafaa535
0c483da7-a166-4309-8698-f96c0acd0130,ipt-chandigarh-city-open-2-0,City Open Chandigarh 2.0,City Open,2c1884cb-e421-4a43-894b-8a17e3d46e0d,Men's Intermediate,Men's,intermediate,GROUP H,group,2026-09-25,13:00,Court 3,,,Ankush Puri / Sehaj Sehgal,Japnaam Singh / Meet Ohlyan,Ankush Puri,Sehaj Sehgal,Japnaam Singh,Meet Ohlyan,,,,,,,,,,Race to 8,race,scheduled,Upcoming,tournament_page,Men's Intermediate,2,7de59a0c-475a-4088-b378-3bfdf5a88ad6,unranked_api_id,0c568934-bec2-451a-91c5-d0d4d068a8af,unranked_api_id,e68d8156-e748-4204-92d6-eadf481febf8,unranked_api_id,86f91f72-2dc2-4f80-a8d3-815e270d7d97,unranked_api_id,2d11c3af-4ded-423a-a2f4-7863ebe56e6d,ced50002-2e62-441e-a317-9a42f6157131,ae95ce7f-b03a-41b7-b257-07c674e48547,8e756bb2-c1cd-45bc-a3be-777e4e195b29
76c70aeb-6ead-42a2-a972-514b821c62c4,ipt-chandigarh-city-open-2-0,City Open Chandigarh 2.0,City Open,2c1884cb-e421-4a43-894b-8a17e3d46e0d,Men's Intermediate,Men's,intermediate,GROUP E,group,2026-09-25,13:40,Court 1,,,Madhav Bajaj / Divanshu Nayyar,Aayush Poddar / Anurag Agarwal,Madhav Bajaj,Divanshu Nayyar,Aayush Poddar,Anurag Agarwal,,,,,,,,,,Race to 8,race,scheduled,Upcoming,tournament_page,Men's Intermediate,0,0fd115b3-0fce-4f9b-93c9-13e6c268e5cb,api_member_ids,645bea63-c782-48f3-9687-7887da354b08,api_member_ids,b0b914e2-9e4c-4c97-b00c-49f022163e4c,unranked_api_id,a3321c63-b080-4fba-8b62-d03aaa79bf10,unranked_api_id,7c621973-96e9-4398-baed-28da9b2da7a9,ac3d8ee7-6657-405d-9278-ecce813d4936,d6814408-47f7-42d8-8e0f-9956ca1d22ea,3de798e7-2b73-486f-a42c-d92aa01a95aa
5d565642-6e49-4dc7-9363-be967dacbf7a,ipt-chandigarh-city-open-2-0,City Open Chandigarh 2.0,City Open,2c1884cb-e421-4a43-894b-8a17e3d46e0d,Men's Intermediate,Men's,intermediate,GROUP F,group,2026-09-25,13:40,Court 2,,,Mehul Bansal / Lakshay Bharti,Rajkanwar Bhangoo / Harneet Singh,Mehul Bansal,Lakshay Bharti,Rajkanwar Bhangoo,Harneet Singh,,,,,,,,,,Race to 8,race,scheduled,Upcoming,tournament_page,Men's Intermediate,0,cebed5c0-9f8f-4458-aaa4-0ee2b6f25f10,api_member_ids,229df8e2-1349-4ee0-a15a-e46df0dc770f,api_member_ids,29ce2928-dce1-42de-9eb6-43363196ee5f,api_member_ids,32dc6641-2e37-478a-be4f-4d4b34e0f292,unranked_api_id,39bde1af-4a95-4215-b243-1872cf62bdd2,7eabe95a-f4fb-4a42-9807-e0543bec0f47,cc7a0206-cd20-4e08-aaa7-a0e73348e369,feb6cbe3-d92d-4231-a46b-01b7cafaa535
c8aedc3f-81c4-459c-8a01-adc91d5cafc1,ipt-chandigarh-city-open-2-0,City Open Chandigarh 2.0,City Open,2c1884cb-e421-4a43-894b-8a17e3d46e0d,Men's Intermediate,Men's,intermediate,GROUP H,group,2026-09-25,13:40,Court 3,,,Nikhil Bansal / Jansher Waraich,Japnaam Singh / Meet Ohlyan,Nikhil Bansal,Jansher Waraich,Japnaam Singh,Meet Ohlyan,,,,,,,,,,Race to 8,race,scheduled,Upcoming,tournament_page,Men's Intermediate,0,ab58ef43-8f50-4f4e-a45b-1087ae59ee35,api_member_ids,862441b4-6513-41df-94c0-a4b301b570dd,unranked_api_id,e68d8156-e748-4204-92d6-eadf481febf8,unranked_api_id,86f91f72-2dc2-4f80-a8d3-815e270d7d97,unranked_api_id,c497d377-7449-4d20-98be-b920506fefbe,cf36d3ec-4809-4e7a-841f-340927e7b2e2,ae95ce7f-b03a-41b7-b257-07c674e48547,8e756bb2-c1cd-45bc-a3be-777e4e195b29
e5ba8573-46ec-4ade-aa6a-231141f78ea3,ipt-chandigarh-city-open-2-0,City Open Chandigarh 2.0,City Open,2c1884cb-e421-4a43-894b-8a17e3d46e0d,Men's Intermediate,Men's,intermediate,GROUP E,group,2026-09-25,14:20,Court 1,,,Akshay Dhawan / Animesh Gupta,Vaibhav Sahni / Ishaan Chandhok,Akshay Dhawan,Animesh Gupta,Vaibhav Sahni,Ishaan Chandhok,,,,,,,,,,Race to 8,race,scheduled,Upcoming,tournament_page,Men's Intermediate,0,571b61a2-7bb2-4709-8d08-7dcc6e91d02d,api_member_ids,201b9dde-1c56-410c-a47f-871a581e06aa,unranked_api_id,8850ef35-01ed-405d-acb6-6bd23a45b747,api_member_ids,7a68498f-5de6-49d5-8528-44428d14dc05,unranked_api_id,636b8bf4-e7d6-4b93-b184-c2db6b2cdf6d,eaddda1c-c38a-420f-9104-b2bf89d4785c,d83a17b7-72c2-415e-95af-cd211ca267d0,05309812-26fa-45c6-8b48-710a5b06bafc
dfd5d9b6-0349-4e2c-a05a-f4627dedd25a,ipt-chandigarh-city-open-2-0,City Open Chandigarh 2.0,City Open,2c1884cb-e421-4a43-894b-8a17e3d46e0d,Men's Intermediate,Men's,intermediate,GROUP F,group,2026-09-25,14:20,Court 2,,,Rishabh Gupta / Rijul Jain,Arjun Dhanda / Akhil Bansal,Rishabh Gupta,Rijul Jain,Arjun Dhanda,Akhil Bansal,,,,,,,,,,Race to 8,race,scheduled,Upcoming,tournament_page,Men's Intermediate,0,c8c5d555-7efd-4029-bcb6-0973f8bb4e97,api_member_ids,55b85e71-3eaf-4e84-846a-1e4a3c83e091,unranked_api_id,3dd3d660-e7b5-4549-8c09-602334f5c3ca,unranked_api_id,a54ba179-7fc9-4533-9eaa-c2c09da3f061,api_member_ids,d2929dbf-9c3f-4666-ab29-0714e1209d4f,dd6e4ace-e73b-4da7-a1cd-177117f85106,a4cde000-802c-4d3d-9f03-997f109dcdef,85737dc8-10c1-432d-b853-aff45717060d
f3e7cbcc-fd83-4ff8-89ac-6715245f244d,ipt-chandigarh-city-open-2-0,City Open Chandigarh 2.0,City Open,2c1884cb-e421-4a43-894b-8a17e3d46e0d,Men's Intermediate,Men's,intermediate,GROUP H,group,2026-09-25,14:20,Court 3,,,Ankush Puri / Sehaj Sehgal,Vansh Bhagtani / Yash Nagdev,Ankush Puri,Sehaj Sehgal,Vansh Bhagtani,Yash Nagdev,,,,,,,,,,Race to 8,race,scheduled,Upcoming,tournament_page,Men's Intermediate,2,7de59a0c-475a-4088-b378-3bfdf5a88ad6,unranked_api_id,0c568934-bec2-451a-91c5-d0d4d068a8af,unranked_api_id,b8eb1e10-ea5c-4422-835e-d6b7bf8f381f,api_member_ids,0346bf27-30fb-409c-8bd4-bdbb1f7119cd,exact_name,2d11c3af-4ded-423a-a2f4-7863ebe56e6d,ced50002-2e62-441e-a317-9a42f6157131,64b4dbd7-8bfd-457e-9e4f-821c7f4e6284,f5172ec0-ad5b-42c5-b9ec-3cdb93f55025
da0f735f-99e6-422b-b832-995f6ebf32c7,ipt-chandigarh-city-open-2-0,City Open Chandigarh 2.0,City Open,2c1884cb-e421-4a43-894b-8a17e3d46e0d,Men's Intermediate,Men's,intermediate,GROUP D,group,2026-09-25,15:00,Court 1,,,Karan Tandon / Sahil Parikh,Sahil Kapoor / Yuvraj Singh Arora,Karan Tandon,Sahil Parikh,Sahil Kapoor,Yuvraj Singh Arora,,,,,,,,,,Race to 8,race,scheduled,Upcoming,tournament_page,Men's Intermediate,0,f20c5650-e73d-4731-a1b5-5b89be6d623d,api_member_ids,4f02042c-7cbe-4536-8a96-d529346d901c,api_member_ids,f66d2dd2-a568-40f7-9fb2-51b28845b441,unranked_api_id,bbaf552c-c5f2-4bd5-8dc2-9ccb0d0628c5,unranked_api_id,4e3992f6-00ca-4742-8eac-3b036802109a,0a908bcd-1dc4-42a3-a6bd-a2805fa0423c,c4191770-1fe7-409e-b44d-6d3a8a8a2dcd,cfcd3b39-7acc-4811-9d7d-6ed3a0452e3a
7924c9ef-77b3-4ee0-81a8-dc26ba0a6153,ipt-chandigarh-city-open-2-0,City Open Chandigarh 2.0,City Open,2c1884cb-e421-4a43-894b-8a17e3d46e0d,Men's Intermediate,Men's,intermediate,GROUP G,group,2026-09-25,15:00,Court 2,,,Anav Shrish / Viraj Bhargava,Ramit Bhargava / Manjot Singh Ahuja,Anav Shrish,Viraj Bhargava,Ramit Bhargava,Manjot Singh Ahuja,,,,,,,,,,Race to 8,race,scheduled,Upcoming,tournament_page,Men's Intermediate,0,bb9f96a3-0f86-46a8-8484-3d7057fcca01,api_member_ids,01641f10-7928-42b3-ae2d-6c62c67c9b7a,api_member_ids,3fef4cdb-8616-480c-9858-605b1e38988b,unranked_api_id,a7782cc0-4fe4-4e19-a563-237bb9090168,api_member_ids,07ede683-2a43-4372-99d3-b938053d64f2,30e6d622-6dd5-4b51-ba7e-02d6e4d74253,dd7b6dd3-df7f-470e-a03c-6a28985a2e92,2e67a2ed-9795-4719-943f-41b2c3443921
909ebabd-3747-4933-9047-2972578222b9,ipt-chandigarh-city-open-2-0,City Open Chandigarh 2.0,City Open,2c1884cb-e421-4a43-894b-8a17e3d46e0d,Men's Intermediate,Men's,intermediate,GROUP D,group,2026-09-25,15:40,Court 1,,,Yashvardhan Sarda / Shreyas Dogial,Manan Gupta / Armaan Garg,Yashvardhan Sarda,Shreyas Dogial,Manan Gupta,Armaan Garg,,,,,,,,,,Race to 8,race,scheduled,Upcoming,tournament_page,Men's Intermediate,0,33e396ff-a084-4b28-b360-ff47e5b98714,api_member_ids,1ccedf71-474a-4ae1-a036-b0a79b3dff9d,unranked_api_id,787505dd-9f13-4ef2-a4ae-eb81af687abf,exact_name,74874a01-a4e3-403a-85b5-27207cf1cdd6,unranked_api_id,7d6a0e72-34a4-43f7-b9c1-4a865655a422,96296a93-d1d4-49e4-a3ee-5eaf33f2702f,3b14e14d-0feb-4f3b-b758-369e5ff8b8e0,4f4bf7a6-73cf-4e20-b869-3770293cfac2
282bcee5-5b09-4941-9a65-928f6f7f561d,ipt-chandigarh-city-open-2-0,City Open Chandigarh 2.0,City Open,2c1884cb-e421-4a43-894b-8a17e3d46e0d,Men's Intermediate,Men's,intermediate,GROUP G,group,2026-09-25,15:40,Court 2,,,Udhay Mahajan / Hari Singh,Anirudh Kaushal / Sartaj Singh Sudan,Udhay Mahajan,Hari Singh,Anirudh Kaushal,Sartaj Singh Sudan,,,,,,,,,,Race to 8,race,scheduled,Upcoming,tournament_page,Men's Intermediate,0,10a7cfb7-155c-48d3-b2a2-8c2bde421e4e,api_member_ids,982e5765-581a-4f3c-acc9-d2a825ab8e33,unranked_api_id,3b6e7d25-c8ba-4778-b470-f8fe27a41037,unranked_api_id,c30a02a9-8060-4353-ae78-335c70287b6e,unranked_api_id,5952ffe9-ba46-47fd-9229-a8c03056de31,8578810a-04f0-4d26-9a77-d0b619fe4a7d,b0e71dae-f882-407a-8a1d-93dcbd5cf710,2268e39d-afe9-48b2-8b40-df54e2ae11d5
dee89896-1603-4a46-9a1e-5878b9c4e98f,ipt-chandigarh-city-open-2-0,City Open Chandigarh 2.0,City Open,2c1884cb-e421-4a43-894b-8a17e3d46e0d,Men's Intermediate,Men's,intermediate,GROUP D,group,2026-09-25,16:20,Court 1,,,Karan Tandon / Sahil Parikh,Yashvardhan Sarda / Shreyas Dogial,Karan Tandon,Sahil Parikh,Yashvardhan Sarda,Shreyas Dogial,,,,,,,,,,Race to 8,race,scheduled,Upcoming,tournament_page,Men's Intermediate,0,f20c5650-e73d-4731-a1b5-5b89be6d623d,api_member_ids,4f02042c-7cbe-4536-8a96-d529346d901c,api_member_ids,33e396ff-a084-4b28-b360-ff47e5b98714,api_member_ids,1ccedf71-474a-4ae1-a036-b0a79b3dff9d,unranked_api_id,4e3992f6-00ca-4742-8eac-3b036802109a,0a908bcd-1dc4-42a3-a6bd-a2805fa0423c,7d6a0e72-34a4-43f7-b9c1-4a865655a422,96296a93-d1d4-49e4-a3ee-5eaf33f2702f
b92c22f5-4f15-4f00-9bc3-8f40212eede8,ipt-chandigarh-city-open-2-0,City Open Chandigarh 2.0,City Open,2c1884cb-e421-4a43-894b-8a17e3d46e0d,Men's Intermediate,Men's,intermediate,GROUP G,group,2026-09-25,16:20,Court 2,,,Anav Shrish / Viraj Bhargava,Udhay Mahajan / Hari Singh,Anav Shrish,Viraj Bhargava,Udhay Mahajan,Hari Singh,,,,,,,,,,Race to 8,race,scheduled,Upcoming,tournament_page,Men's Intermediate,0,bb9f96a3-0f86-46a8-8484-3d7057fcca01,api_member_ids,01641f10-7928-42b3-ae2d-6c62c67c9b7a,api_member_ids,10a7cfb7-155c-48d3-b2a2-8c2bde421e4e,api_member_ids,982e5765-581a-4f3c-acc9-d2a825ab8e33,unranked_api_id,07ede683-2a43-4372-99d3-b938053d64f2,30e6d622-6dd5-4b51-ba7e-02d6e4d74253,5952ffe9-ba46-47fd-9229-a8c03056de31,8578810a-04f0-4d26-9a77-d0b619fe4a7d
05f5594b-3d3b-477f-b6aa-d5634defe008,ipt-chandigarh-city-open-2-0,City Open Chandigarh 2.0,City Open,2c1884cb-e421-4a43-894b-8a17e3d46e0d,Men's Intermediate,Men's,intermediate,GROUP D,group,2026-09-25,17:00,Court 1,,,Manan Gupta / Armaan Garg,Sahil Kapoor / Yuvraj Singh Arora,Manan Gupta,Armaan Garg,Sahil Kapoor,Yuvraj Singh Arora,,,,,,,,,,Race to 8,race,scheduled,Upcoming,tournament_page,Men's Intermediate,0,787505dd-9f13-4ef2-a4ae-eb81af687abf,exact_name,74874a01-a4e3-403a-85b5-27207cf1cdd6,unranked_api_id,f66d2dd2-a568-40f7-9fb2-51b28845b441,unranked_api_id,bbaf552c-c5f2-4bd5-8dc2-9ccb0d0628c5,unranked_api_id,3b14e14d-0feb-4f3b-b758-369e5ff8b8e0,4f4bf7a6-73cf-4e20-b869-3770293cfac2,c4191770-1fe7-409e-b44d-6d3a8a8a2dcd,cfcd3b39-7acc-4811-9d7d-6ed3a0452e3a
3c5fe828-47d5-4bf4-b2e0-bacf91e67711,ipt-chandigarh-city-open-2-0,City Open Chandigarh 2.0,City Open,2c1884cb-e421-4a43-894b-8a17e3d46e0d,Men's Intermediate,Men's,intermediate,GROUP G,group,2026-09-25,17:00,Court 2,,,Ramit Bhargava / Manjot Singh Ahuja,Anirudh Kaushal / Sartaj Singh Sudan,Ramit Bhargava,Manjot Singh Ahuja,Anirudh Kaushal,Sartaj Singh Sudan,,,,,,,,,,Race to 8,race,scheduled,Upcoming,tournament_page,Men's Intermediate,0,3fef4cdb-8616-480c-9858-605b1e38988b,unranked_api_id,a7782cc0-4fe4-4e19-a563-237bb9090168,api_member_ids,3b6e7d25-c8ba-4778-b470-f8fe27a41037,unranked_api_id,c30a02a9-8060-4353-ae78-335c70287b6e,unranked_api_id,dd7b6dd3-df7f-470e-a03c-6a28985a2e92,2e67a2ed-9795-4719-943f-41b2c3443921,b0e71dae-f882-407a-8a1d-93dcbd5cf710,2268e39d-afe9-48b2-8b40-df54e2ae11d5
9179feca-f8ed-4a46-a0af-8832399c4b24,ipt-chandigarh-city-open-2-0,City Open Chandigarh 2.0,City Open,2c1884cb-e421-4a43-894b-8a17e3d46e0d,Men's Intermediate,Men's,intermediate,GROUP D,group,2026-09-25,17:40,Court 1,,,Yashvardhan Sarda / Shreyas Dogial,Sahil Kapoor / Yuvraj Singh Arora,Yashvardhan Sarda,Shreyas Dogial,Sahil Kapoor,Yuvraj Singh Arora,,,,,,,,,,Race to 8,race,scheduled,Upcoming,tournament_page,Men's Intermediate,0,33e396ff-a084-4b28-b360-ff47e5b98714,api_member_ids,1ccedf71-474a-4ae1-a036-b0a79b3dff9d,unranked_api_id,f66d2dd2-a568-40f7-9fb2-51b28845b441,unranked_api_id,bbaf552c-c5f2-4bd5-8dc2-9ccb0d0628c5,unranked_api_id,7d6a0e72-34a4-43f7-b9c1-4a865655a422,96296a93-d1d4-49e4-a3ee-5eaf33f2702f,c4191770-1fe7-409e-b44d-6d3a8a8a2dcd,cfcd3b39-7acc-4811-9d7d-6ed3a0452e3a
2710b0ff-7418-4f13-9a11-72507e3093b6,ipt-chandigarh-city-open-2-0,City Open Chandigarh 2.0,City Open,2c1884cb-e421-4a43-894b-8a17e3d46e0d,Men's Intermediate,Men's,intermediate,GROUP G,group,2026-09-25,17:40,Court 2,,,Anav Shrish / Viraj Bhargava,Anirudh Kaushal / Sartaj Singh Sudan,Anav Shrish,Viraj Bhargava,Anirudh Kaushal,Sartaj Singh Sudan,,,,,,,,,,Race to 8,race,scheduled,Upcoming,tournament_page,Men's Intermediate,0,bb9f96a3-0f86-46a8-8484-3d7057fcca01,api_member_ids,01641f10-7928-42b3-ae2d-6c62c67c9b7a,api_member_ids,3b6e7d25-c8ba-4778-b470-f8fe27a41037,unranked_api_id,c30a02a9-8060-4353-ae78-335c70287b6e,unranked_api_id,07ede683-2a43-4372-99d3-b938053d64f2,30e6d622-6dd5-4b51-ba7e-02d6e4d74253,b0e71dae-f882-407a-8a1d-93dcbd5cf710,2268e39d-afe9-48b2-8b40-df54e2ae11d5
5cee4781-e179-4dbf-bda9-bb8f961b13ff,ipt-chandigarh-city-open-2-0,City Open Chandigarh 2.0,City Open,2c1884cb-e421-4a43-894b-8a17e3d46e0d,Men's Intermediate,Men's,intermediate,GROUP D,group,2026-09-25,18:20,Court 1,,,Karan Tandon / Sahil Parikh,Manan Gupta / Armaan Garg,Karan Tandon,Sahil Parikh,Manan Gupta,Armaan Garg,,,,,,,,,,Race to 8,race,scheduled,Upcoming,tournament_page,Men's Intermediate,0,f20c5650-e73d-4731-a1b5-5b89be6d623d,api_member_ids,4f02042c-7cbe-4536-8a96-d529346d901c,api_member_ids,787505dd-9f13-4ef2-a4ae-eb81af687abf,exact_name,74874a01-a4e3-403a-85b5-27207cf1cdd6,unranked_api_id,4e3992f6-00ca-4742-8eac-3b036802109a,0a908bcd-1dc4-42a3-a6bd-a2805fa0423c,3b14e14d-0feb-4f3b-b758-369e5ff8b8e0,4f4bf7a6-73cf-4e20-b869-3770293cfac2
c921df53-e4dd-4ff8-a561-ca6417d22dc1,ipt-chandigarh-city-open-2-0,City Open Chandigarh 2.0,City Open,2c1884cb-e421-4a43-894b-8a17e3d46e0d,Men's Intermediate,Men's,intermediate,GROUP G,group,2026-09-25,18:20,Court 2,,,Ramit Bhargava / Manjot Singh Ahuja,Udhay Mahajan / Hari Singh,Ramit Bhargava,Manjot Singh Ahuja,Udhay Mahajan,Hari Singh,,,,,,,,,,Race to 8,race,scheduled,Upcoming,tournament_page,Men's Intermediate,0,3fef4cdb-8616-480c-9858-605b1e38988b,unranked_api_id,a7782cc0-4fe4-4e19-a563-237bb9090168,api_member_ids,10a7cfb7-155c-48d3-b2a2-8c2bde421e4e,api_member_ids,982e5765-581a-4f3c-acc9-d2a825ab8e33,unranked_api_id,dd7b6dd3-df7f-470e-a03c-6a28985a2e92,2e67a2ed-9795-4719-943f-41b2c3443921,5952ffe9-ba46-47fd-9229-a8c03056de31,8578810a-04f0-4d26-9a77-d0b619fe4a7d
2c69e1d4-c773-4582-bcd8-a53f11663928,ipt-chandigarh-city-open-2-0,City Open Chandigarh 2.0,City Open,2c1884cb-e421-4a43-894b-8a17e3d46e0d,Men's Intermediate,Men's,intermediate,R16 1,knockout,2026-09-25,19:00,Court 3,,,Group A - 1st,Group H - 2nd,,,,,,,,,,,,,,Race to 9,race,scheduled,Upcoming,tournament_page,Men's Intermediate,0,,,,,,,,,,,,
f6eebbb8-7ea7-449e-af19-08e9fc9c9bb1,ipt-chandigarh-city-open-2-0,City Open Chandigarh 2.0,City Open,2c1884cb-e421-4a43-894b-8a17e3d46e0d,Men's Intermediate,Men's,intermediate,R16 2,knockout,2026-09-25,19:40,Court 3,,,Group H - 1st,Group A - 2nd,,,,,,,,,,,,,,Race to 9,race,scheduled,Upcoming,tournament_page,Men's Intermediate,0,,,,,,,,,,,,
971546fe-4939-416d-9655-23e5412d680f,ipt-chandigarh-city-open-2-0,City Open Chandigarh 2.0,City Open,2c1884cb-e421-4a43-894b-8a17e3d46e0d,Men's Intermediate,Men's,intermediate,R16 3,knockout,2026-09-25,20:20,Court 3,,,Group D - 1st,Group E - 2nd,,,,,,,,,,,,,,Race to 9,race,scheduled,Upcoming,tournament_page,Men's Intermediate,0,,,,,,,,,,,,
c92a40c0-8e9c-425e-a622-dd00692d3ac3,ipt-chandigarh-city-open-2-0,City Open Chandigarh 2.0,City Open,2c1884cb-e421-4a43-894b-8a17e3d46e0d,Men's Intermediate,Men's,intermediate,R16 4,knockout,2026-09-25,21:00,Court 3,,,Group E - 1st,Group D - 2nd,,,,,,,,,,,,,,Race to 9,race,scheduled,Upcoming,tournament_page,Men's Intermediate,0,,,,,,,,,,,,
8b4c7a0a-fdf0-4321-8435-4e5d98915347,ipt-chandigarh-city-open-2-0,City Open Chandigarh 2.0,City Open,2c1884cb-e421-4a43-894b-8a17e3d46e0d,Men's Intermediate,Men's,intermediate,R16 5,knockout,2026-09-25,21:40,Court 3,,,Group C - 1st,Group F - 2nd,,,,,,,,,,,,,,Race to 9,race,scheduled,Upcoming,tournament_page,Men's Intermediate,0,,,,,,,,,,,,
ec0d420b-3f74-4fe9-b45a-5a5261aaef91,ipt-chandigarh-city-open-2-0,City Open Chandigarh 2.0,City Open,2c1884cb-e421-4a43-894b-8a17e3d46e0d,Men's Intermediate,Men's,intermediate,R16 6,knockout,2026-09-25,22:20,Court 3,,,Group F - 1st,Group C - 2nd,,,,,,,,,,,,,,Race to 9,race,scheduled,Upcoming,tournament_page,Men's Intermediate,0,,,,,,,,,,,,
ce12a07a-82f9-482c-a010-e847765206d5,ipt-chandigarh-city-open-2-0,City Open Chandigarh 2.0,City Open,2c1884cb-e421-4a43-894b-8a17e3d46e0d,Men's Intermediate,Men's,intermediate,R16 7,knockout,2026-09-25,23:00,Court 2,,,Group B - 1st,Group G - 2nd,,,,,,,,,,,,,,Race to 9,race,scheduled,Upcoming,tournament_page,Men's Intermediate,0,,,,,,,,,,,,
18692632-655f-4e50-882f-8e59686a7627,ipt-chandigarh-city-open-2-0,City Open Chandigarh 2.0,City Open,2c1884cb-e421-4a43-894b-8a17e3d46e0d,Men's Intermediate,Men's,intermediate,R16 8,knockout,2026-09-25,23:00,Court 3,,,Group G - 1st,Group B - 2nd,,,,,,,,,,,,,,Race to 9,race,scheduled,Upcoming,tournament_page,Men's Intermediate,0,,,,,,,,,,,,
a0f2a6d9-442d-43d0-b27e-aefe2fed55dd,ipt-chandigarh-city-open-2-0,City Open Chandigarh 2.0,City Open,2c1884cb-e421-4a43-894b-8a17e3d46e0d,Men's Intermediate,Men's,intermediate,QF 1,knockout,2026-09-26,21:20,Court 1,,,Winner - R16 1,Winner - R16 2,,,,,,,,,,,,,,Race to 9,race,scheduled,Upcoming,tournament_page,Men's Intermediate,0,,,,,,,,,,,,
b917d906-153a-45ee-ae90-a5b041c76498,ipt-chandigarh-city-open-2-0,City Open Chandigarh 2.0,City Open,2c1884cb-e421-4a43-894b-8a17e3d46e0d,Men's Intermediate,Men's,intermediate,QF 2,knockout,2026-09-26,22:00,Court 1,,,Winner - R16 3,Winner - R16 4,,,,,,,,,,,,,,Race to 9,race,scheduled,Upcoming,tournament_page,Men's Intermediate,0,,,,,,,,,,,,
8369f4f8-5316-4f66-95c3-1912438d6c5a,ipt-chandigarh-city-open-2-0,City Open Chandigarh 2.0,City Open,2c1884cb-e421-4a43-894b-8a17e3d46e0d,Men's Intermediate,Men's,intermediate,QF 3,knockout,2026-09-26,22:40,Court 1,,,Winner - R16 5,Winner - R16 6,,,,,,,,,,,,,,Race to 9,race,scheduled,Upcoming,tournament_page,Men's Intermediate,0,,,,,,,,,,,,
593a3914-0050-48a5-93de-c2e0dfaf4569,ipt-chandigarh-city-open-2-0,City Open Chandigarh 2.0,City Open,2c1884cb-e421-4a43-894b-8a17e3d46e0d,Men's Intermediate,Men's,intermediate,QF 4,knockout,2026-09-26,23:20,Court 1,,,Winner - R16 7,Winner - R16 8,,,,,,,,,,,,,,Race to 9,race,scheduled,Upcoming,tournament_page,Men's Intermediate,0,,,,,,,,,,,,
b792eb74-7b6d-40fa-820e-7cd10f41991b,ipt-chandigarh-city-open-2-0,City Open Chandigarh 2.0,City Open,2c1884cb-e421-4a43-894b-8a17e3d46e0d,Men's Intermediate,Men's,intermediate,Semi Final 1,knockout,2026-09-27,12:00,Court 1,,,Winner - QF 1,Winner - QF 2,,,,,,,,,,,,,,Best of 3 sets,sets,scheduled,Upcoming,tournament_page,Men's Intermediate,0,,,,,,,,,,,,
41629055-59a7-4621-9e26-e7c5f827ca85,ipt-chandigarh-city-open-2-0,City Open Chandigarh 2.0,City Open,2c1884cb-e421-4a43-894b-8a17e3d46e0d,Men's Intermediate,Men's,intermediate,Semi Final 2,knockout,2026-09-27,13:30,Court 1,,,Winner - QF 3,Winner - QF 4,,,,,,,,,,,,,,Best of 3 sets,sets,scheduled,Upcoming,tournament_page,Men's Intermediate,0,,,,,,,,,,,,
76db44cd-2668-4ec4-a53a-3a42b8b3cf56,ipt-chandigarh-city-open-2-0,City Open Chandigarh 2.0,City Open,2c1884cb-e421-4a43-894b-8a17e3d46e0d,Men's Intermediate,Men's,intermediate,Final,knockout,2026-09-27,18:00,Court 3,,,Winner - SF 1,Winner - SF 2,,,,,,,,,,,,,,Best of 3 sets,sets,scheduled,Upcoming,tournament_page,Men's Intermediate,0,,,,,,,,,,,,
9e16875b-2d51-4ae5-b853-41fdd07eaec5,ipt-chandigarh-city-open-2-0,City Open Chandigarh 2.0,City Open,491db331-5e32-4501-ac08-7ef4549c1577,Men's Advance,Men's,advance,GROUP A,group,2026-09-26,08:00,Court 3,,,Aditya Jagtap / Rahul Motwani,Ankit Grover / Gaurav Gupta,Aditya Jagtap,Rahul Motwani,Ankit Grover,Gaurav Gupta,,,,,,,,,,Race to 8,race,scheduled,Upcoming,tournament_page,Men's Advance,0,9db40aca-2be2-4bdd-b807-02ad8bb8bf77,api_member_ids,5854e023-8f2c-4811-82ed-0e54efaf63ec,api_member_ids,16516f08-0d7c-4182-a46d-954797eec278,unranked_api_id,a9508ce7-d11a-4ba9-8c9a-1e587770e376,unranked_api_id,08cbd9d2-f927-4b01-983f-b9bc670395a8,b610426e-8288-473a-a63b-6dc051bb842d,f8694ce4-cd92-46e3-a003-fab3bee9ce26,d4b0c0df-1eb2-4e50-a4e7-1266f2da300c
44abcd17-878a-464f-8158-4565f95a5e3a,ipt-chandigarh-city-open-2-0,City Open Chandigarh 2.0,City Open,491db331-5e32-4501-ac08-7ef4549c1577,Men's Advance,Men's,advance,GROUP A,group,2026-09-26,08:40,Court 3,,,Jasmer Kapany / Rohan Jain,Raaghav Sharma Bagga / Atul Sharma,Jasmer Kapany,Rohan Jain,Raaghav Sharma Bagga,Atul Sharma,,,,,,,,,,Race to 8,race,scheduled,Upcoming,tournament_page,Men's Advance,0,ranked-jasmer-kapany,exact_name,a7157d78-91c3-4c0a-9444-a4e402f56e73,api_member_ids,ae03412d-d2a1-4b89-a934-a895d52f8a9d,api_member_ids,c6047ddc-2d5d-4534-85fd-b5bc6a3d68b2,unranked_api_id,9c76d38a-9665-4b49-be37-6237fac6d2b7,31e2680e-075d-4192-946b-66d381ad083b,dd1ff8f8-4848-4d11-97b1-7d6a57daa4e5,cb731f80-ae19-41e6-841d-714b6d99b9b2
e6f0f55d-a9bb-4587-95c5-82c8dc8d07d8,ipt-chandigarh-city-open-2-0,City Open Chandigarh 2.0,City Open,491db331-5e32-4501-ac08-7ef4549c1577,Men's Advance,Men's,advance,GROUP A,group,2026-09-26,09:20,Court 3,,,Aditya Jagtap / Rahul Motwani,Raaghav Sharma Bagga / Atul Sharma,Aditya Jagtap,Rahul Motwani,Raaghav Sharma Bagga,Atul Sharma,,,,,,,,,,Race to 8,race,scheduled,Upcoming,tournament_page,Men's Advance,0,9db40aca-2be2-4bdd-b807-02ad8bb8bf77,api_member_ids,5854e023-8f2c-4811-82ed-0e54efaf63ec,api_member_ids,ae03412d-d2a1-4b89-a934-a895d52f8a9d,api_member_ids,c6047ddc-2d5d-4534-85fd-b5bc6a3d68b2,unranked_api_id,08cbd9d2-f927-4b01-983f-b9bc670395a8,b610426e-8288-473a-a63b-6dc051bb842d,dd1ff8f8-4848-4d11-97b1-7d6a57daa4e5,cb731f80-ae19-41e6-841d-714b6d99b9b2
19f168eb-b0be-43a3-bba8-d9a5d6ab9fcc,ipt-chandigarh-city-open-2-0,City Open Chandigarh 2.0,City Open,491db331-5e32-4501-ac08-7ef4549c1577,Men's Advance,Men's,advance,GROUP A,group,2026-09-26,10:00,Court 3,,,Jasmer Kapany / Rohan Jain,Ankit Grover / Gaurav Gupta,Jasmer Kapany,Rohan Jain,Ankit Grover,Gaurav Gupta,,,,,,,,,,Race to 8,race,scheduled,Upcoming,tournament_page,Men's Advance,0,ranked-jasmer-kapany,exact_name,a7157d78-91c3-4c0a-9444-a4e402f56e73,api_member_ids,16516f08-0d7c-4182-a46d-954797eec278,unranked_api_id,a9508ce7-d11a-4ba9-8c9a-1e587770e376,unranked_api_id,9c76d38a-9665-4b49-be37-6237fac6d2b7,31e2680e-075d-4192-946b-66d381ad083b,f8694ce4-cd92-46e3-a003-fab3bee9ce26,d4b0c0df-1eb2-4e50-a4e7-1266f2da300c
a2d5c4f8-2604-480c-9e9e-e073df713b64,ipt-chandigarh-city-open-2-0,City Open Chandigarh 2.0,City Open,491db331-5e32-4501-ac08-7ef4549c1577,Men's Advance,Men's,advance,GROUP A,group,2026-09-26,10:40,Court 3,,,Raaghav Sharma Bagga / Atul Sharma,Ankit Grover / Gaurav Gupta,Raaghav Sharma Bagga,Atul Sharma,Ankit Grover,Gaurav Gupta,,,,,,,,,,Race to 8,race,scheduled,Upcoming,tournament_page,Men's Advance,0,ae03412d-d2a1-4b89-a934-a895d52f8a9d,api_member_ids,c6047ddc-2d5d-4534-85fd-b5bc6a3d68b2,unranked_api_id,16516f08-0d7c-4182-a46d-954797eec278,unranked_api_id,a9508ce7-d11a-4ba9-8c9a-1e587770e376,unranked_api_id,dd1ff8f8-4848-4d11-97b1-7d6a57daa4e5,cb731f80-ae19-41e6-841d-714b6d99b9b2,f8694ce4-cd92-46e3-a003-fab3bee9ce26,d4b0c0df-1eb2-4e50-a4e7-1266f2da300c
2e1db07b-1d47-4a15-966e-653a4df310af,ipt-chandigarh-city-open-2-0,City Open Chandigarh 2.0,City Open,491db331-5e32-4501-ac08-7ef4549c1577,Men's Advance,Men's,advance,GROUP A,group,2026-09-26,11:20,Court 3,,,Aditya Jagtap / Rahul Motwani,Jasmer Kapany / Rohan Jain,Aditya Jagtap,Rahul Motwani,Jasmer Kapany,Rohan Jain,,,,,,,,,,Race to 8,race,scheduled,Upcoming,tournament_page,Men's Advance,0,9db40aca-2be2-4bdd-b807-02ad8bb8bf77,api_member_ids,5854e023-8f2c-4811-82ed-0e54efaf63ec,api_member_ids,ranked-jasmer-kapany,exact_name,a7157d78-91c3-4c0a-9444-a4e402f56e73,api_member_ids,08cbd9d2-f927-4b01-983f-b9bc670395a8,b610426e-8288-473a-a63b-6dc051bb842d,9c76d38a-9665-4b49-be37-6237fac6d2b7,31e2680e-075d-4192-946b-66d381ad083b
42908fd4-d47d-4d62-8dd1-6e80017394b5,ipt-chandigarh-city-open-2-0,City Open Chandigarh 2.0,City Open,491db331-5e32-4501-ac08-7ef4549c1577,Men's Advance,Men's,advance,GROUP B,group,2026-09-26,12:00,Court 1,,,Samar Malhotra / Paramveer Singh Bajwa,Ishaan Mehta / Chiraz Singh,Samar Malhotra,Paramveer Singh Bajwa,Ishaan Mehta,Chiraz Singh,,,,,,,,,,Race to 8,race,scheduled,Upcoming,tournament_page,Men's Advance,0,a57ef4ab-a62e-4b71-a4d2-0f267dea2626,api_member_ids,29e75609-025c-485b-a40a-969d2ce6e6bc,api_member_ids,b1ea90bf-af3c-401b-838c-0b1445da5f66,unranked_api_id,dbc5acde-d349-45fe-a531-f65e64a50eb8,unranked_api_id,15970d7c-104d-4860-8dad-97691c26baf5,ce02b5b2-517f-43db-a269-ac81913c2daa,67a8c05b-4364-468c-9aac-71b97583a945,be357736-97bc-49b3-b9bb-2674e290e134
dfe3ae0f-7d32-4718-a847-86db45f3aa37,ipt-chandigarh-city-open-2-0,City Open Chandigarh 2.0,City Open,491db331-5e32-4501-ac08-7ef4549c1577,Men's Advance,Men's,advance,GROUP C,group,2026-09-26,12:00,Court 2,,,Arjun Kapoor / Rohit Dhiman,Gautam Daluja / Darshan Dilbar Singh,Arjun Kapoor,Rohit Dhiman,Gautam Daluja,Darshan Dilbar Singh,,,,,,,,,,Race to 8,race,scheduled,Upcoming,tournament_page,Men's Advance,0,a9d1cebf-249f-4801-ac1c-dc757ebd99a3,api_member_ids,4f889960-3cf4-48c0-83f2-0ddc73c9c8b3,api_member_ids,70077a0b-582b-4dab-b04d-7195cb3ffffe,unranked_api_id,ebc5d76f-91bc-487e-af93-9e0a8ed25911,unranked_api_id,ee7afa34-e0a0-47ed-8791-f608d290f09e,c07ef0b2-d80d-4e7f-8fee-d06ecbf79baf,8fa2430b-8040-47af-b265-79d976c81a36,66bb2b82-272f-4b46-8aa6-072f3b23b731
b92e3794-de84-4676-b6d3-abcb838d82e8,ipt-chandigarh-city-open-2-0,City Open Chandigarh 2.0,City Open,491db331-5e32-4501-ac08-7ef4549c1577,Men's Advance,Men's,advance,GROUP D,group,2026-09-26,12:00,Court 3,,,Samin Bhargava / Yuvraj Singh Kooka,Bhavuk Dua / Jeetpal Singh Chauhan,Samin Bhargava,Yuvraj Singh Kooka,Bhavuk Dua,Jeetpal Singh Chauhan,,,,,,,,,,Race to 8,race,scheduled,Upcoming,tournament_page,Men's Advance,0,83c9faf7-5bd4-4e29-84c2-c2d809c9235b,api_member_ids,8b41cccf-1066-4688-b02b-cdc037ee1430,api_member_ids,d16cd43e-c3cb-47e0-8951-8bd1e49e829e,unranked_api_id,7fccd321-fef6-4be3-ac34-efe74705a573,unranked_api_id,94642d41-9901-479d-a648-b7cfc18a5954,eac25bfa-d98b-411b-b271-c104e317919f,4eb81cca-d7d5-4a1f-b680-2f3b548d4a5c,77c17a0f-baf4-43f4-a716-4056a1d24fa1
95dbc84c-1efb-4627-b9a9-f25a7c0c9449,ipt-chandigarh-city-open-2-0,City Open Chandigarh 2.0,City Open,491db331-5e32-4501-ac08-7ef4549c1577,Men's Advance,Men's,advance,GROUP B,group,2026-09-26,12:40,Court 1,,,Adit Patel / Abhishek Gupta,Ashish Khemlani / Siddharth Nandal,Adit Patel,Abhishek Gupta,Ashish Khemlani,Siddharth Nandal,,,,,,,,,,Race to 8,race,scheduled,Upcoming,tournament_page,Men's Advance,1,cdd858a3-1533-4a7b-bf8b-1b94f0f3b868,api_member_ids,9140618c-3629-4b96-9a53-39084fc8aa5e,exact_name_guest_record,5df49a33-22cb-4ac4-b03a-a075acfb5390,api_member_ids,b90b8354-8c54-43e4-9ff4-e064e26f5d51,api_member_ids,b3b6d2a1-30a3-4504-b3e5-bea2e06c2f68,4b46f212-8d14-4870-bfb6-416b266d4975,1c82811d-67d8-42d8-bd40-4c9cf5417aea,8014ea01-44be-4ce8-87a0-3cf4cd88df93
d7bb33a2-3a7c-4569-a970-73405d9f685a,ipt-chandigarh-city-open-2-0,City Open Chandigarh 2.0,City Open,491db331-5e32-4501-ac08-7ef4549c1577,Men's Advance,Men's,advance,GROUP C,group,2026-09-26,12:40,Court 2,,,Swaraj Deshmukh / Krishna Teja,Tushar Jagota / Aryan Manchanda,Swaraj Deshmukh,Krishna Teja,Tushar Jagota,Aryan Manchanda,,,,,,,,,,Race to 8,race,scheduled,Upcoming,tournament_page,Men's Advance,0,d53736bd-2d26-4977-9d4f-edb8ddc49ffb,api_member_ids,e2905309-9439-4aa4-bbad-7419790213fc,unranked_api_id,213df946-7be9-4fcb-98c8-e0d6ba33789d,api_member_ids,a13eb3e0-3914-4555-b6be-287c89850654,unranked_api_id,cd055384-284b-40d2-b894-53e0f6d8184d,e2905309-9439-4aa4-bbad-7419790213fc,f011bf58-ac01-4428-ae8b-87603ac485f6,a13eb3e0-3914-4555-b6be-287c89850654
e1aa9c44-208a-484a-b135-4cd7df2cc7ac,ipt-chandigarh-city-open-2-0,City Open Chandigarh 2.0,City Open,491db331-5e32-4501-ac08-7ef4549c1577,Men's Advance,Men's,advance,GROUP D,group,2026-09-26,12:40,Court 3,,,Advait Bahl / Kabir Anand,Pranav Chopra / Raghuraj Dewan,Advait Bahl,Kabir Anand,Pranav Chopra,Raghuraj Dewan,,,,,,,,,,Race to 8,race,scheduled,Upcoming,tournament_page,Men's Advance,0,13d6188c-cd2e-4152-a5c2-0b82573143b9,api_member_ids,3354c5a3-1dbf-47e7-a264-7a573cd0b8e5,api_member_ids,87abe235-1461-4646-936a-96f9332bf256,api_member_ids,d7b4cb8b-ad06-471e-a741-5873a52775a5,api_member_ids,2f0244c5-a052-4834-96c4-70f367dd81d1,d89a6de4-9847-456b-80f9-e375eb24c5fb,7ce618a7-97c0-448b-a8ef-4206b9ff1f26,2518db05-aefc-464d-a19a-22569d28c34a
f4d2fe6b-dd15-45e5-bfe3-ed6b1b7f9ed2,ipt-chandigarh-city-open-2-0,City Open Chandigarh 2.0,City Open,491db331-5e32-4501-ac08-7ef4549c1577,Men's Advance,Men's,advance,GROUP B,group,2026-09-26,13:20,Court 1,,,Samar Malhotra / Paramveer Singh Bajwa,Ashish Khemlani / Siddharth Nandal,Samar Malhotra,Paramveer Singh Bajwa,Ashish Khemlani,Siddharth Nandal,,,,,,,,,,Race to 8,race,scheduled,Upcoming,tournament_page,Men's Advance,1,a57ef4ab-a62e-4b71-a4d2-0f267dea2626,api_member_ids,29e75609-025c-485b-a40a-969d2ce6e6bc,api_member_ids,5df49a33-22cb-4ac4-b03a-a075acfb5390,api_member_ids,b90b8354-8c54-43e4-9ff4-e064e26f5d51,api_member_ids,15970d7c-104d-4860-8dad-97691c26baf5,ce02b5b2-517f-43db-a269-ac81913c2daa,1c82811d-67d8-42d8-bd40-4c9cf5417aea,8014ea01-44be-4ce8-87a0-3cf4cd88df93
f2389e80-032f-4e55-b832-7e581fd9ec2d,ipt-chandigarh-city-open-2-0,City Open Chandigarh 2.0,City Open,491db331-5e32-4501-ac08-7ef4549c1577,Men's Advance,Men's,advance,GROUP C,group,2026-09-26,13:20,Court 2,,,Arjun Kapoor / Rohit Dhiman,Tushar Jagota / Aryan Manchanda,Arjun Kapoor,Rohit Dhiman,Tushar Jagota,Aryan Manchanda,,,,,,,,,,Race to 8,race,scheduled,Upcoming,tournament_page,Men's Advance,0,a9d1cebf-249f-4801-ac1c-dc757ebd99a3,api_member_ids,4f889960-3cf4-48c0-83f2-0ddc73c9c8b3,api_member_ids,213df946-7be9-4fcb-98c8-e0d6ba33789d,api_member_ids,a13eb3e0-3914-4555-b6be-287c89850654,unranked_api_id,ee7afa34-e0a0-47ed-8791-f608d290f09e,c07ef0b2-d80d-4e7f-8fee-d06ecbf79baf,f011bf58-ac01-4428-ae8b-87603ac485f6,a13eb3e0-3914-4555-b6be-287c89850654
6ec99d5b-2fd7-475f-9700-a5b0050f03f4,ipt-chandigarh-city-open-2-0,City Open Chandigarh 2.0,City Open,491db331-5e32-4501-ac08-7ef4549c1577,Men's Advance,Men's,advance,GROUP D,group,2026-09-26,13:20,Court 3,,,Samin Bhargava / Yuvraj Singh Kooka,Pranav Chopra / Raghuraj Dewan,Samin Bhargava,Yuvraj Singh Kooka,Pranav Chopra,Raghuraj Dewan,,,,,,,,,,Race to 8,race,scheduled,Upcoming,tournament_page,Men's Advance,0,83c9faf7-5bd4-4e29-84c2-c2d809c9235b,api_member_ids,8b41cccf-1066-4688-b02b-cdc037ee1430,api_member_ids,87abe235-1461-4646-936a-96f9332bf256,api_member_ids,d7b4cb8b-ad06-471e-a741-5873a52775a5,api_member_ids,94642d41-9901-479d-a648-b7cfc18a5954,eac25bfa-d98b-411b-b271-c104e317919f,7ce618a7-97c0-448b-a8ef-4206b9ff1f26,2518db05-aefc-464d-a19a-22569d28c34a
e35ebabb-ffac-4e07-865d-c7250c9a199d,ipt-chandigarh-city-open-2-0,City Open Chandigarh 2.0,City Open,491db331-5e32-4501-ac08-7ef4549c1577,Men's Advance,Men's,advance,GROUP B,group,2026-09-26,14:00,Court 1,,,Adit Patel / Abhishek Gupta,Ishaan Mehta / Chiraz Singh,Adit Patel,Abhishek Gupta,Ishaan Mehta,Chiraz Singh,,,,,,,,,,Race to 8,race,scheduled,Upcoming,tournament_page,Men's Advance,0,cdd858a3-1533-4a7b-bf8b-1b94f0f3b868,api_member_ids,9140618c-3629-4b96-9a53-39084fc8aa5e,exact_name_guest_record,b1ea90bf-af3c-401b-838c-0b1445da5f66,unranked_api_id,dbc5acde-d349-45fe-a531-f65e64a50eb8,unranked_api_id,b3b6d2a1-30a3-4504-b3e5-bea2e06c2f68,4b46f212-8d14-4870-bfb6-416b266d4975,67a8c05b-4364-468c-9aac-71b97583a945,be357736-97bc-49b3-b9bb-2674e290e134
9cb12454-6bf2-464a-8c7c-b7afd120c552,ipt-chandigarh-city-open-2-0,City Open Chandigarh 2.0,City Open,491db331-5e32-4501-ac08-7ef4549c1577,Men's Advance,Men's,advance,GROUP C,group,2026-09-26,14:00,Court 2,,,Swaraj Deshmukh / Krishna Teja,Gautam Daluja / Darshan Dilbar Singh,Swaraj Deshmukh,Krishna Teja,Gautam Daluja,Darshan Dilbar Singh,,,,,,,,,,Race to 8,race,scheduled,Upcoming,tournament_page,Men's Advance,0,d53736bd-2d26-4977-9d4f-edb8ddc49ffb,api_member_ids,e2905309-9439-4aa4-bbad-7419790213fc,unranked_api_id,70077a0b-582b-4dab-b04d-7195cb3ffffe,unranked_api_id,ebc5d76f-91bc-487e-af93-9e0a8ed25911,unranked_api_id,cd055384-284b-40d2-b894-53e0f6d8184d,e2905309-9439-4aa4-bbad-7419790213fc,8fa2430b-8040-47af-b265-79d976c81a36,66bb2b82-272f-4b46-8aa6-072f3b23b731
868cb07d-44a7-4a2a-9974-2e0498eaea69,ipt-chandigarh-city-open-2-0,City Open Chandigarh 2.0,City Open,491db331-5e32-4501-ac08-7ef4549c1577,Men's Advance,Men's,advance,GROUP D,group,2026-09-26,14:00,Court 3,,,Advait Bahl / Kabir Anand,Bhavuk Dua / Jeetpal Singh Chauhan,Advait Bahl,Kabir Anand,Bhavuk Dua,Jeetpal Singh Chauhan,,,,,,,,,,Race to 8,race,scheduled,Upcoming,tournament_page,Men's Advance,0,13d6188c-cd2e-4152-a5c2-0b82573143b9,api_member_ids,3354c5a3-1dbf-47e7-a264-7a573cd0b8e5,api_member_ids,d16cd43e-c3cb-47e0-8951-8bd1e49e829e,unranked_api_id,7fccd321-fef6-4be3-ac34-efe74705a573,unranked_api_id,2f0244c5-a052-4834-96c4-70f367dd81d1,d89a6de4-9847-456b-80f9-e375eb24c5fb,4eb81cca-d7d5-4a1f-b680-2f3b548d4a5c,77c17a0f-baf4-43f4-a716-4056a1d24fa1
6cb99a31-6041-4234-94b4-bc8af55d6c19,ipt-chandigarh-city-open-2-0,City Open Chandigarh 2.0,City Open,491db331-5e32-4501-ac08-7ef4549c1577,Men's Advance,Men's,advance,GROUP B,group,2026-09-26,14:40,Court 1,,,Ashish Khemlani / Siddharth Nandal,Ishaan Mehta / Chiraz Singh,Ashish Khemlani,Siddharth Nandal,Ishaan Mehta,Chiraz Singh,,,,,,,,,,Race to 8,race,scheduled,Upcoming,tournament_page,Men's Advance,1,5df49a33-22cb-4ac4-b03a-a075acfb5390,api_member_ids,b90b8354-8c54-43e4-9ff4-e064e26f5d51,api_member_ids,b1ea90bf-af3c-401b-838c-0b1445da5f66,unranked_api_id,dbc5acde-d349-45fe-a531-f65e64a50eb8,unranked_api_id,1c82811d-67d8-42d8-bd40-4c9cf5417aea,8014ea01-44be-4ce8-87a0-3cf4cd88df93,67a8c05b-4364-468c-9aac-71b97583a945,be357736-97bc-49b3-b9bb-2674e290e134
06a3f006-31ec-452f-9e44-a87f3be67cbe,ipt-chandigarh-city-open-2-0,City Open Chandigarh 2.0,City Open,491db331-5e32-4501-ac08-7ef4549c1577,Men's Advance,Men's,advance,GROUP C,group,2026-09-26,14:40,Court 2,,,Tushar Jagota / Aryan Manchanda,Gautam Daluja / Darshan Dilbar Singh,Tushar Jagota,Aryan Manchanda,Gautam Daluja,Darshan Dilbar Singh,,,,,,,,,,Race to 8,race,scheduled,Upcoming,tournament_page,Men's Advance,0,213df946-7be9-4fcb-98c8-e0d6ba33789d,api_member_ids,a13eb3e0-3914-4555-b6be-287c89850654,unranked_api_id,70077a0b-582b-4dab-b04d-7195cb3ffffe,unranked_api_id,ebc5d76f-91bc-487e-af93-9e0a8ed25911,unranked_api_id,f011bf58-ac01-4428-ae8b-87603ac485f6,a13eb3e0-3914-4555-b6be-287c89850654,8fa2430b-8040-47af-b265-79d976c81a36,66bb2b82-272f-4b46-8aa6-072f3b23b731
0623b2bf-fb16-4afb-82c3-22d921818ace,ipt-chandigarh-city-open-2-0,City Open Chandigarh 2.0,City Open,491db331-5e32-4501-ac08-7ef4549c1577,Men's Advance,Men's,advance,GROUP D,group,2026-09-26,14:40,Court 3,,,Pranav Chopra / Raghuraj Dewan,Bhavuk Dua / Jeetpal Singh Chauhan,Pranav Chopra,Raghuraj Dewan,Bhavuk Dua,Jeetpal Singh Chauhan,,,,,,,,,,Race to 8,race,scheduled,Upcoming,tournament_page,Men's Advance,0,87abe235-1461-4646-936a-96f9332bf256,api_member_ids,d7b4cb8b-ad06-471e-a741-5873a52775a5,api_member_ids,d16cd43e-c3cb-47e0-8951-8bd1e49e829e,unranked_api_id,7fccd321-fef6-4be3-ac34-efe74705a573,unranked_api_id,7ce618a7-97c0-448b-a8ef-4206b9ff1f26,2518db05-aefc-464d-a19a-22569d28c34a,4eb81cca-d7d5-4a1f-b680-2f3b548d4a5c,77c17a0f-baf4-43f4-a716-4056a1d24fa1
4ef91434-4bea-46c4-ba6f-d11217bc4713,ipt-chandigarh-city-open-2-0,City Open Chandigarh 2.0,City Open,491db331-5e32-4501-ac08-7ef4549c1577,Men's Advance,Men's,advance,GROUP B,group,2026-09-26,15:20,Court 1,,,Samar Malhotra / Paramveer Singh Bajwa,Adit Patel / Abhishek Gupta,Samar Malhotra,Paramveer Singh Bajwa,Adit Patel,Abhishek Gupta,,,,,,,,,,Race to 8,race,scheduled,Upcoming,tournament_page,Men's Advance,0,a57ef4ab-a62e-4b71-a4d2-0f267dea2626,api_member_ids,29e75609-025c-485b-a40a-969d2ce6e6bc,api_member_ids,cdd858a3-1533-4a7b-bf8b-1b94f0f3b868,api_member_ids,9140618c-3629-4b96-9a53-39084fc8aa5e,exact_name_guest_record,15970d7c-104d-4860-8dad-97691c26baf5,ce02b5b2-517f-43db-a269-ac81913c2daa,b3b6d2a1-30a3-4504-b3e5-bea2e06c2f68,4b46f212-8d14-4870-bfb6-416b266d4975
aee743ab-6e28-47d2-8707-38f6eb4e3415,ipt-chandigarh-city-open-2-0,City Open Chandigarh 2.0,City Open,491db331-5e32-4501-ac08-7ef4549c1577,Men's Advance,Men's,advance,GROUP C,group,2026-09-26,15:20,Court 2,,,Arjun Kapoor / Rohit Dhiman,Swaraj Deshmukh / Krishna Teja,Arjun Kapoor,Rohit Dhiman,Swaraj Deshmukh,Krishna Teja,,,,,,,,,,Race to 8,race,scheduled,Upcoming,tournament_page,Men's Advance,0,a9d1cebf-249f-4801-ac1c-dc757ebd99a3,api_member_ids,4f889960-3cf4-48c0-83f2-0ddc73c9c8b3,api_member_ids,d53736bd-2d26-4977-9d4f-edb8ddc49ffb,api_member_ids,e2905309-9439-4aa4-bbad-7419790213fc,unranked_api_id,ee7afa34-e0a0-47ed-8791-f608d290f09e,c07ef0b2-d80d-4e7f-8fee-d06ecbf79baf,cd055384-284b-40d2-b894-53e0f6d8184d,e2905309-9439-4aa4-bbad-7419790213fc
1afd2ee9-799e-4a9e-9300-045c8172b46d,ipt-chandigarh-city-open-2-0,City Open Chandigarh 2.0,City Open,491db331-5e32-4501-ac08-7ef4549c1577,Men's Advance,Men's,advance,GROUP D,group,2026-09-26,15:20,Court 3,,,Samin Bhargava / Yuvraj Singh Kooka,Advait Bahl / Kabir Anand,Samin Bhargava,Yuvraj Singh Kooka,Advait Bahl,Kabir Anand,,,,,,,,,,Race to 8,race,scheduled,Upcoming,tournament_page,Men's Advance,0,83c9faf7-5bd4-4e29-84c2-c2d809c9235b,api_member_ids,8b41cccf-1066-4688-b02b-cdc037ee1430,api_member_ids,13d6188c-cd2e-4152-a5c2-0b82573143b9,api_member_ids,3354c5a3-1dbf-47e7-a264-7a573cd0b8e5,api_member_ids,94642d41-9901-479d-a648-b7cfc18a5954,eac25bfa-d98b-411b-b271-c104e317919f,2f0244c5-a052-4834-96c4-70f367dd81d1,d89a6de4-9847-456b-80f9-e375eb24c5fb
6aa4e4c7-4796-4d64-8c2f-f15c3156256b,ipt-chandigarh-city-open-2-0,City Open Chandigarh 2.0,City Open,491db331-5e32-4501-ac08-7ef4549c1577,Men's Advance,Men's,advance,QF 1,knockout,2026-09-26,20:40,Court 2,,,Group A - 1st,Group D - 2nd,,,,,,,,,,,,,,Race to 9,race,scheduled,Upcoming,tournament_page,Men's Advance,0,,,,,,,,,,,,
491c0c5e-38b1-47f8-8cbd-b2ae8f7b6995,ipt-chandigarh-city-open-2-0,City Open Chandigarh 2.0,City Open,491db331-5e32-4501-ac08-7ef4549c1577,Men's Advance,Men's,advance,QF 2,knockout,2026-09-26,21:20,Court 2,,,Group D - 1st,Group A - 2nd,,,,,,,,,,,,,,Race to 9,race,scheduled,Upcoming,tournament_page,Men's Advance,0,,,,,,,,,,,,
4ba5b43c-72df-478e-b150-8f46806e7c26,ipt-chandigarh-city-open-2-0,City Open Chandigarh 2.0,City Open,491db331-5e32-4501-ac08-7ef4549c1577,Men's Advance,Men's,advance,QF 3,knockout,2026-09-26,22:00,Court 2,,,Group B - 1st,Group C - 2nd,,,,,,,,,,,,,,Race to 9,race,scheduled,Upcoming,tournament_page,Men's Advance,0,,,,,,,,,,,,
4eee655e-52d4-4e2f-b98d-ff331405070c,ipt-chandigarh-city-open-2-0,City Open Chandigarh 2.0,City Open,491db331-5e32-4501-ac08-7ef4549c1577,Men's Advance,Men's,advance,QF 4,knockout,2026-09-26,22:40,Court 2,,,Group C - 1st,Group B - 2nd,,,,,,,,,,,,,,Race to 9,race,scheduled,Upcoming,tournament_page,Men's Advance,0,,,,,,,,,,,,
ef7ac159-affe-4ad6-8bfd-fc227b599b15,ipt-chandigarh-city-open-2-0,City Open Chandigarh 2.0,City Open,491db331-5e32-4501-ac08-7ef4549c1577,Men's Advance,Men's,advance,Semi Final 1,knockout,2026-09-27,12:30,Court 2,,,Winner - QF 1,Winner - QF 2,,,,,,,,,,,,,,Best of 3 sets,sets,scheduled,Upcoming,tournament_page,Men's Advance,0,,,,,,,,,,,,
dd6f58b7-da09-4399-8268-1b32589c9bef,ipt-chandigarh-city-open-2-0,City Open Chandigarh 2.0,City Open,491db331-5e32-4501-ac08-7ef4549c1577,Men's Advance,Men's,advance,Semi Final 2,knockout,2026-09-27,12:30,Court 3,,,Winner - QF 3,Winner - QF 4,,,,,,,,,,,,,,Best of 3 sets,sets,scheduled,Upcoming,tournament_page,Men's Advance,0,,,,,,,,,,,,
476b0aad-04c9-4fe7-981b-2c0f107cbe48,ipt-chandigarh-city-open-2-0,City Open Chandigarh 2.0,City Open,491db331-5e32-4501-ac08-7ef4549c1577,Men's Advance,Men's,advance,Final,knockout,2026-09-27,18:00,Court 2,,,Winner - SF 1,Winner - SF 2,,,,,,,,,,,,,,Best of 3 sets,sets,scheduled,Upcoming,tournament_page,Men's Advance,0,,,,,,,,,,,,
d573446a-a15b-4399-8458-351fae10c22d,ipt-chandigarh-city-open-2-0,City Open Chandigarh 2.0,City Open,9f48a253-ea43-49fa-9a51-9d93fe7894e5,Men's 40+,Men's 40+,open,GROUP A,group,2026-09-26,08:00,Court 1,,,Akshay Jalan / Ankit Agarwal,Mukul Kumar / Kanwar Dhillon,Akshay Jalan,Ankit Agarwal,Mukul Kumar,Kanwar Dhillon,,,,,,,,,,Race to 8,race,scheduled,Upcoming,tournament_page,Men's 40+,0,16def632-d48e-4678-81b5-1316aedb049c,api_member_ids,d4d1cf44-7849-4baa-b956-c56e4613995b,api_member_ids,78f60558-5008-4120-bf6d-f62bd95b8b16,unranked_api_id,5411249a-19df-4563-a409-e36fcfb42fbe,unranked_api_id,e504f996-3171-4330-aaa5-3856ad06fc1e,7ec72da3-f498-42ff-819e-be69b5ce5e75,1f2bae83-56ce-4ca8-af99-12a063215274,f800b2ab-2669-4512-af0f-c4d740557bc1
2f053654-5071-4a06-b9b8-fa155380dd0b,ipt-chandigarh-city-open-2-0,City Open Chandigarh 2.0,City Open,9f48a253-ea43-49fa-9a51-9d93fe7894e5,Men's 40+,Men's 40+,open,GROUP B,group,2026-09-26,08:00,Court 2,,,Prabhas Sharma / Muizz Khan,Utsav Khanna / Supan Kalucha,Prabhas Sharma,Muizz Khan,Utsav Khanna,Supan Kalucha,,,,,,,,,,Race to 8,race,scheduled,Upcoming,tournament_page,Men's 40+,0,c4e5ac58-b4da-413a-b134-eba55f9a1c56,api_member_ids,285970f4-403a-47e7-80a2-f0e3915e782d,unranked_api_id,cf826ad5-818a-446b-b16b-825bc7f76fef,unranked_api_id,f9b843bd-1ec8-4a5f-bca9-c8bcd130be80,unranked_api_id,d42985d9-2811-4c17-b921-a97ffdfe4ffe,d568c951-7b6d-4edf-8333-8686e864bbe4,11600b2f-4dda-46eb-9a84-26e1e4476a03,2492fe14-f9f3-4dc8-b925-656ff66ca570
f58a0e09-bfa0-4177-ba26-7853c9591070,ipt-chandigarh-city-open-2-0,City Open Chandigarh 2.0,City Open,9f48a253-ea43-49fa-9a51-9d93fe7894e5,Men's 40+,Men's 40+,open,GROUP A,group,2026-09-26,08:40,Court 1,,,Sidharth Garg / Anuj Mehndiratta,Gagandeep Singh Wasu / Vikas Nayar,Sidharth Garg,Anuj Mehndiratta,Gagandeep Singh Wasu,Vikas Nayar,,,,,,,,,,Race to 8,race,scheduled,Upcoming,tournament_page,Men's 40+,0,8489ff62-aa1d-43e6-b61a-b62febfaa01c,unranked_api_id,56defa64-09c8-4f16-b478-c9e06555e4da,unranked_api_id,ed32d147-599c-4fe5-9532-1ff957812e74,unranked_api_id,56972f0d-8354-4a73-8a94-386f9b0d08c3,unranked_api_id,ee4b8099-2677-413a-923a-f8f40d13232e,3d3d315e-0215-4b6d-8986-1d872501a31f,b16064cb-9875-481f-9520-471c5c1e8e85,d27376c5-5129-4479-a2e6-294356ac4a77
5a9a59c3-3e45-443f-a2b0-86a72f97ae43,ipt-chandigarh-city-open-2-0,City Open Chandigarh 2.0,City Open,9f48a253-ea43-49fa-9a51-9d93fe7894e5,Men's 40+,Men's 40+,open,GROUP B,group,2026-09-26,08:40,Court 2,,,Sidharth Daluja / Avish Sharma,Rakesh Kumar / Akash Chawla,Sidharth Daluja,Avish Sharma,Rakesh Kumar,Akash Chawla,,,,,,,,,,Race to 8,race,scheduled,Upcoming,tournament_page,Men's 40+,0,64c7cc75-8fc2-4572-97a8-160113a9cf58,unranked_api_id,b156ba33-c5c4-451b-b958-96330a28c06d,unranked_api_id,25d85355-bb68-453a-8ecf-60a50ae2fc72,unranked_api_id,eab68233-e9ec-469a-a08a-201750e4d1e8,unranked_api_id,99752412-0aee-4418-b632-57a90af3e765,f2199ec4-365c-407f-ac3e-24930e189e5a,c1554a42-58dc-4da7-924e-4c70a3be7d3f,3ae71a52-55c6-4c05-b345-8c5d63fa1ecb
a9f7d216-e0ef-41b3-9b4c-f6ece4a51113,ipt-chandigarh-city-open-2-0,City Open Chandigarh 2.0,City Open,9f48a253-ea43-49fa-9a51-9d93fe7894e5,Men's 40+,Men's 40+,open,GROUP A,group,2026-09-26,09:20,Court 1,,,Akshay Jalan / Ankit Agarwal,Sidharth Garg / Anuj Mehndiratta,Akshay Jalan,Ankit Agarwal,Sidharth Garg,Anuj Mehndiratta,,,,,,,,,,Race to 8,race,scheduled,Upcoming,tournament_page,Men's 40+,0,16def632-d48e-4678-81b5-1316aedb049c,api_member_ids,d4d1cf44-7849-4baa-b956-c56e4613995b,api_member_ids,8489ff62-aa1d-43e6-b61a-b62febfaa01c,unranked_api_id,56defa64-09c8-4f16-b478-c9e06555e4da,unranked_api_id,e504f996-3171-4330-aaa5-3856ad06fc1e,7ec72da3-f498-42ff-819e-be69b5ce5e75,ee4b8099-2677-413a-923a-f8f40d13232e,3d3d315e-0215-4b6d-8986-1d872501a31f
a4e5e60f-b995-4782-a699-1d20ffffcf6c,ipt-chandigarh-city-open-2-0,City Open Chandigarh 2.0,City Open,9f48a253-ea43-49fa-9a51-9d93fe7894e5,Men's 40+,Men's 40+,open,GROUP B,group,2026-09-26,09:20,Court 2,,,Prabhas Sharma / Muizz Khan,Sidharth Daluja / Avish Sharma,Prabhas Sharma,Muizz Khan,Sidharth Daluja,Avish Sharma,,,,,,,,,,Race to 8,race,scheduled,Upcoming,tournament_page,Men's 40+,0,c4e5ac58-b4da-413a-b134-eba55f9a1c56,api_member_ids,285970f4-403a-47e7-80a2-f0e3915e782d,unranked_api_id,64c7cc75-8fc2-4572-97a8-160113a9cf58,unranked_api_id,b156ba33-c5c4-451b-b958-96330a28c06d,unranked_api_id,d42985d9-2811-4c17-b921-a97ffdfe4ffe,d568c951-7b6d-4edf-8333-8686e864bbe4,99752412-0aee-4418-b632-57a90af3e765,f2199ec4-365c-407f-ac3e-24930e189e5a
89782f58-70e2-41f9-985f-2ba933aab868,ipt-chandigarh-city-open-2-0,City Open Chandigarh 2.0,City Open,9f48a253-ea43-49fa-9a51-9d93fe7894e5,Men's 40+,Men's 40+,open,GROUP A,group,2026-09-26,10:00,Court 1,,,Mukul Kumar / Kanwar Dhillon,Gagandeep Singh Wasu / Vikas Nayar,Mukul Kumar,Kanwar Dhillon,Gagandeep Singh Wasu,Vikas Nayar,,,,,,,,,,Race to 8,race,scheduled,Upcoming,tournament_page,Men's 40+,0,78f60558-5008-4120-bf6d-f62bd95b8b16,unranked_api_id,5411249a-19df-4563-a409-e36fcfb42fbe,unranked_api_id,ed32d147-599c-4fe5-9532-1ff957812e74,unranked_api_id,56972f0d-8354-4a73-8a94-386f9b0d08c3,unranked_api_id,1f2bae83-56ce-4ca8-af99-12a063215274,f800b2ab-2669-4512-af0f-c4d740557bc1,b16064cb-9875-481f-9520-471c5c1e8e85,d27376c5-5129-4479-a2e6-294356ac4a77
97f75766-e271-4b58-be68-2f6beeba8812,ipt-chandigarh-city-open-2-0,City Open Chandigarh 2.0,City Open,9f48a253-ea43-49fa-9a51-9d93fe7894e5,Men's 40+,Men's 40+,open,GROUP B,group,2026-09-26,10:00,Court 2,,,Utsav Khanna / Supan Kalucha,Rakesh Kumar / Akash Chawla,Utsav Khanna,Supan Kalucha,Rakesh Kumar,Akash Chawla,,,,,,,,,,Race to 8,race,scheduled,Upcoming,tournament_page,Men's 40+,0,cf826ad5-818a-446b-b16b-825bc7f76fef,unranked_api_id,f9b843bd-1ec8-4a5f-bca9-c8bcd130be80,unranked_api_id,25d85355-bb68-453a-8ecf-60a50ae2fc72,unranked_api_id,eab68233-e9ec-469a-a08a-201750e4d1e8,unranked_api_id,11600b2f-4dda-46eb-9a84-26e1e4476a03,2492fe14-f9f3-4dc8-b925-656ff66ca570,c1554a42-58dc-4da7-924e-4c70a3be7d3f,3ae71a52-55c6-4c05-b345-8c5d63fa1ecb
8107dd9f-e1ce-4d37-83c3-602565e24c49,ipt-chandigarh-city-open-2-0,City Open Chandigarh 2.0,City Open,9f48a253-ea43-49fa-9a51-9d93fe7894e5,Men's 40+,Men's 40+,open,GROUP A,group,2026-09-26,10:40,Court 1,,,Akshay Jalan / Ankit Agarwal,Gagandeep Singh Wasu / Vikas Nayar,Akshay Jalan,Ankit Agarwal,Gagandeep Singh Wasu,Vikas Nayar,,,,,,,,,,Race to 8,race,scheduled,Upcoming,tournament_page,Men's 40+,0,16def632-d48e-4678-81b5-1316aedb049c,api_member_ids,d4d1cf44-7849-4baa-b956-c56e4613995b,api_member_ids,ed32d147-599c-4fe5-9532-1ff957812e74,unranked_api_id,56972f0d-8354-4a73-8a94-386f9b0d08c3,unranked_api_id,e504f996-3171-4330-aaa5-3856ad06fc1e,7ec72da3-f498-42ff-819e-be69b5ce5e75,b16064cb-9875-481f-9520-471c5c1e8e85,d27376c5-5129-4479-a2e6-294356ac4a77
1238ce3e-3b87-453b-a329-8396041726c2,ipt-chandigarh-city-open-2-0,City Open Chandigarh 2.0,City Open,9f48a253-ea43-49fa-9a51-9d93fe7894e5,Men's 40+,Men's 40+,open,GROUP B,group,2026-09-26,10:40,Court 2,,,Prabhas Sharma / Muizz Khan,Rakesh Kumar / Akash Chawla,Prabhas Sharma,Muizz Khan,Rakesh Kumar,Akash Chawla,,,,,,,,,,Race to 8,race,scheduled,Upcoming,tournament_page,Men's 40+,0,c4e5ac58-b4da-413a-b134-eba55f9a1c56,api_member_ids,285970f4-403a-47e7-80a2-f0e3915e782d,unranked_api_id,25d85355-bb68-453a-8ecf-60a50ae2fc72,unranked_api_id,eab68233-e9ec-469a-a08a-201750e4d1e8,unranked_api_id,d42985d9-2811-4c17-b921-a97ffdfe4ffe,d568c951-7b6d-4edf-8333-8686e864bbe4,c1554a42-58dc-4da7-924e-4c70a3be7d3f,3ae71a52-55c6-4c05-b345-8c5d63fa1ecb
1dd7fb53-e708-4f61-8c49-ed3c703d37a4,ipt-chandigarh-city-open-2-0,City Open Chandigarh 2.0,City Open,9f48a253-ea43-49fa-9a51-9d93fe7894e5,Men's 40+,Men's 40+,open,GROUP A,group,2026-09-26,11:20,Court 1,,,Mukul Kumar / Kanwar Dhillon,Sidharth Garg / Anuj Mehndiratta,Mukul Kumar,Kanwar Dhillon,Sidharth Garg,Anuj Mehndiratta,,,,,,,,,,Race to 8,race,scheduled,Upcoming,tournament_page,Men's 40+,0,78f60558-5008-4120-bf6d-f62bd95b8b16,unranked_api_id,5411249a-19df-4563-a409-e36fcfb42fbe,unranked_api_id,8489ff62-aa1d-43e6-b61a-b62febfaa01c,unranked_api_id,56defa64-09c8-4f16-b478-c9e06555e4da,unranked_api_id,1f2bae83-56ce-4ca8-af99-12a063215274,f800b2ab-2669-4512-af0f-c4d740557bc1,ee4b8099-2677-413a-923a-f8f40d13232e,3d3d315e-0215-4b6d-8986-1d872501a31f
0f05b2b6-36db-4d14-9745-e70dbe2037f5,ipt-chandigarh-city-open-2-0,City Open Chandigarh 2.0,City Open,9f48a253-ea43-49fa-9a51-9d93fe7894e5,Men's 40+,Men's 40+,open,GROUP B,group,2026-09-26,11:20,Court 2,,,Utsav Khanna / Supan Kalucha,Sidharth Daluja / Avish Sharma,Utsav Khanna,Supan Kalucha,Sidharth Daluja,Avish Sharma,,,,,,,,,,Race to 8,race,scheduled,Upcoming,tournament_page,Men's 40+,0,cf826ad5-818a-446b-b16b-825bc7f76fef,unranked_api_id,f9b843bd-1ec8-4a5f-bca9-c8bcd130be80,unranked_api_id,64c7cc75-8fc2-4572-97a8-160113a9cf58,unranked_api_id,b156ba33-c5c4-451b-b958-96330a28c06d,unranked_api_id,11600b2f-4dda-46eb-9a84-26e1e4476a03,2492fe14-f9f3-4dc8-b925-656ff66ca570,99752412-0aee-4418-b632-57a90af3e765,f2199ec4-365c-407f-ac3e-24930e189e5a
2416ec54-db1e-42e9-be4b-9097cbddd27b,ipt-chandigarh-city-open-2-0,City Open Chandigarh 2.0,City Open,9f48a253-ea43-49fa-9a51-9d93fe7894e5,Men's 40+,Men's 40+,open,Semi Final 1,knockout,2026-09-27,09:00,Court 2,,,Group A - 1st,Group B - 2nd,,,,,,,,,,,,,,Best of 3 sets,sets,scheduled,Upcoming,tournament_page,Men's 40+,0,,,,,,,,,,,,
52ff9584-9f67-42db-b577-9b9e1962cb0c,ipt-chandigarh-city-open-2-0,City Open Chandigarh 2.0,City Open,9f48a253-ea43-49fa-9a51-9d93fe7894e5,Men's 40+,Men's 40+,open,Semi Final 2,knockout,2026-09-27,09:00,Court 3,,,Group B - 1st,Group A - 2nd,,,,,,,,,,,,,,Best of 3 sets,sets,scheduled,Upcoming,tournament_page,Men's 40+,0,,,,,,,,,,,,
24ef087e-19da-4490-bcb4-1372a5a0cb60,ipt-chandigarh-city-open-2-0,City Open Chandigarh 2.0,City Open,9f48a253-ea43-49fa-9a51-9d93fe7894e5,Men's 40+,Men's 40+,open,Final,knockout,2026-09-27,16:00,Court 2,,,Winner - SF 1,Winner - SF 2,,,,,,,,,,,,,,Best of 3 sets,sets,scheduled,Upcoming,tournament_page,Men's 40+,0,,,,,,,,,,,,
12860490-536a-4623-999a-344e914a6345,ipt-chandigarh-city-open-2-0,City Open Chandigarh 2.0,City Open,dab3efa0-30cb-4e51-b596-2a7688a8824d,Women's Beginner,Women's,beginner,GROUP A,group,2026-09-25,15:00,Court 3,,,Dishita Aggarwal / Avreet Dhillon,Armaan Mann / Amanat Mann,Dishita Aggarwal,Avreet Dhillon,Armaan Mann,Amanat Mann,,,,,,,,,,Race to 8,race,scheduled,Upcoming,tournament_page,Women's Beginner,0,1b3dbadc-9380-4b1e-8be2-5506653d24aa,unranked_api_id,4b5c73b1-1d6c-4d72-9e13-3d93fbf93070,api_member_ids,6e62c2a4-bd95-41f8-bd17-901a78994ae1,api_member_ids,8bf1a055-a38e-478d-9031-1342e62eecd9,unranked_api_id,d8760f63-abbf-4f2d-9e89-5fbd555e57d1,0c60bfa0-a6f9-4e2e-be7b-be8e4a38285f,a3b4da01-1ab3-4b18-afb1-af8797e5ee77,952472f6-e238-4266-952f-68763f76d007
bc7ca12e-6e48-4eeb-a465-53ec5c3ca94e,ipt-chandigarh-city-open-2-0,City Open Chandigarh 2.0,City Open,dab3efa0-30cb-4e51-b596-2a7688a8824d,Women's Beginner,Women's,beginner,GROUP A,group,2026-09-25,15:40,Court 3,,,Nihar Khan / Priyanka Mahajan,Hridaya Patel / Rushali Singh,Nihar Khan,Priyanka Mahajan,Hridaya Patel,Rushali Singh,,,,,,,,,,Race to 8,race,scheduled,Upcoming,tournament_page,Women's Beginner,0,e5186d66-a2c0-4304-82cd-dcf45a4bc61f,unranked_api_id,0f389fa2-10ac-4ea7-9834-75925cd03e1f,unranked_api_id,48ffff62-a278-4d55-aa63-7fc6be4efdd5,unranked_api_id,653e1c09-b2f5-44aa-8552-59442c4788a0,unranked_api_id,3d54b422-5032-4459-8ea7-5a0b424f034b,b79e6b5e-67ce-48a1-9603-396f833f36bb,ef061226-a356-4043-9688-0ea275522fe0,945fcd64-a0aa-4f62-a822-f932614d9c1b
50b1333b-71de-40b1-ab57-1cf281e77061,ipt-chandigarh-city-open-2-0,City Open Chandigarh 2.0,City Open,dab3efa0-30cb-4e51-b596-2a7688a8824d,Women's Beginner,Women's,beginner,GROUP A,group,2026-09-25,16:20,Court 3,,,Dishita Aggarwal / Avreet Dhillon,Nihar Khan / Priyanka Mahajan,Dishita Aggarwal,Avreet Dhillon,Nihar Khan,Priyanka Mahajan,,,,,,,,,,Race to 8,race,scheduled,Upcoming,tournament_page,Women's Beginner,0,1b3dbadc-9380-4b1e-8be2-5506653d24aa,unranked_api_id,4b5c73b1-1d6c-4d72-9e13-3d93fbf93070,api_member_ids,e5186d66-a2c0-4304-82cd-dcf45a4bc61f,unranked_api_id,0f389fa2-10ac-4ea7-9834-75925cd03e1f,unranked_api_id,d8760f63-abbf-4f2d-9e89-5fbd555e57d1,0c60bfa0-a6f9-4e2e-be7b-be8e4a38285f,3d54b422-5032-4459-8ea7-5a0b424f034b,b79e6b5e-67ce-48a1-9603-396f833f36bb
072dffe0-9682-47dc-b5ed-ccda3c1e0095,ipt-chandigarh-city-open-2-0,City Open Chandigarh 2.0,City Open,dab3efa0-30cb-4e51-b596-2a7688a8824d,Women's Beginner,Women's,beginner,GROUP A,group,2026-09-25,17:00,Court 3,,,Armaan Mann / Amanat Mann,Hridaya Patel / Rushali Singh,Armaan Mann,Amanat Mann,Hridaya Patel,Rushali Singh,,,,,,,,,,Race to 8,race,scheduled,Upcoming,tournament_page,Women's Beginner,0,6e62c2a4-bd95-41f8-bd17-901a78994ae1,api_member_ids,8bf1a055-a38e-478d-9031-1342e62eecd9,unranked_api_id,48ffff62-a278-4d55-aa63-7fc6be4efdd5,unranked_api_id,653e1c09-b2f5-44aa-8552-59442c4788a0,unranked_api_id,a3b4da01-1ab3-4b18-afb1-af8797e5ee77,952472f6-e238-4266-952f-68763f76d007,ef061226-a356-4043-9688-0ea275522fe0,945fcd64-a0aa-4f62-a822-f932614d9c1b
1f1fb640-57bf-4162-b586-c8aa168e19ef,ipt-chandigarh-city-open-2-0,City Open Chandigarh 2.0,City Open,dab3efa0-30cb-4e51-b596-2a7688a8824d,Women's Beginner,Women's,beginner,GROUP A,group,2026-09-25,17:40,Court 3,,,Dishita Aggarwal / Avreet Dhillon,Hridaya Patel / Rushali Singh,Dishita Aggarwal,Avreet Dhillon,Hridaya Patel,Rushali Singh,,,,,,,,,,Race to 8,race,scheduled,Upcoming,tournament_page,Women's Beginner,0,1b3dbadc-9380-4b1e-8be2-5506653d24aa,unranked_api_id,4b5c73b1-1d6c-4d72-9e13-3d93fbf93070,api_member_ids,48ffff62-a278-4d55-aa63-7fc6be4efdd5,unranked_api_id,653e1c09-b2f5-44aa-8552-59442c4788a0,unranked_api_id,d8760f63-abbf-4f2d-9e89-5fbd555e57d1,0c60bfa0-a6f9-4e2e-be7b-be8e4a38285f,ef061226-a356-4043-9688-0ea275522fe0,945fcd64-a0aa-4f62-a822-f932614d9c1b
7c053a41-276c-4b19-b456-7b42ca1c2b16,ipt-chandigarh-city-open-2-0,City Open Chandigarh 2.0,City Open,dab3efa0-30cb-4e51-b596-2a7688a8824d,Women's Beginner,Women's,beginner,GROUP A,group,2026-09-25,18:20,Court 3,,,Armaan Mann / Amanat Mann,Nihar Khan / Priyanka Mahajan,Armaan Mann,Amanat Mann,Nihar Khan,Priyanka Mahajan,,,,,,,,,,Race to 8,race,scheduled,Upcoming,tournament_page,Women's Beginner,0,6e62c2a4-bd95-41f8-bd17-901a78994ae1,api_member_ids,8bf1a055-a38e-478d-9031-1342e62eecd9,unranked_api_id,e5186d66-a2c0-4304-82cd-dcf45a4bc61f,unranked_api_id,0f389fa2-10ac-4ea7-9834-75925cd03e1f,unranked_api_id,a3b4da01-1ab3-4b18-afb1-af8797e5ee77,952472f6-e238-4266-952f-68763f76d007,3d54b422-5032-4459-8ea7-5a0b424f034b,b79e6b5e-67ce-48a1-9603-396f833f36bb
68b38361-bdd6-4956-a104-c1f30ded76ec,ipt-chandigarh-city-open-2-0,City Open Chandigarh 2.0,City Open,dab3efa0-30cb-4e51-b596-2a7688a8824d,Women's Beginner,Women's,beginner,GROUP B,group,2026-09-25,19:00,Court 1,,,Arnavaz Kollah / Ustat Kharbanda,Sara Daluja / Shuchi Bakshi,Arnavaz Kollah,Ustat Kharbanda,Sara Daluja,Shuchi Bakshi,,,,,,,,,,Race to 8,race,scheduled,Upcoming,tournament_page,Women's Beginner,0,a7d52a88-016f-4920-b7e4-d1389cef635c,api_member_ids,e8a4f77d-e880-4d53-b392-51dc1255d7cf,api_member_ids,7a9c9d4a-aaad-4c36-96d3-646722190fd7,unranked_api_id,aa849bb9-b649-40d2-9cbf-2d6c51c7ef0a,unranked_api_id,dd622b1f-c6ec-4745-bd53-a23524f2b666,68fa97e6-4dc0-42bb-bde0-24a700b4b2fd,652a333f-9198-4c2a-8df4-b5ca694c0f79,6a0dfb6c-e93a-46ef-8620-ffd0c8b109cb
8b9ca4c3-029c-4a43-acb4-47300c2853fd,ipt-chandigarh-city-open-2-0,City Open Chandigarh 2.0,City Open,dab3efa0-30cb-4e51-b596-2a7688a8824d,Women's Beginner,Women's,beginner,GROUP B,group,2026-09-25,19:00,Court 2,,,Tasveer Sohi / Prabhsifat Kaur,Bhavya Wadhawan / Shrawasti Kundilya,Tasveer Sohi,Prabhsifat Kaur,Bhavya Wadhawan,Shrawasti Kundilya,,,,,,,,,,Race to 8,race,scheduled,Upcoming,tournament_page,Women's Beginner,0,00726336-208f-428b-927c-e58df86ca58f,unranked_api_id,fd2fc206-a249-4592-b4b6-8508a03c6215,unranked_api_id,9d0ba07d-ae46-4e36-b758-d5f9410d5c6d,unranked_api_id,436a300f-ef7c-4746-93e4-8dddd7c7817a,unranked_api_id,ad77d45c-c6ec-42c9-abf1-983352a3440d,f5be5a2a-d54d-4ef4-bdc5-c8782fa0e954,dbaf8c1a-b9a0-49e4-9867-fbd8e94caaf8,74355132-249b-438d-ac37-443b8eb3d55e
238a66e7-e936-4a55-b540-13e21a4b7273,ipt-chandigarh-city-open-2-0,City Open Chandigarh 2.0,City Open,dab3efa0-30cb-4e51-b596-2a7688a8824d,Women's Beginner,Women's,beginner,GROUP B,group,2026-09-25,19:40,Court 1,,,Bhavya Wadhawan / Shrawasti Kundilya,Muskaan Sundra / Hasrat Kaushal,Bhavya Wadhawan,Shrawasti Kundilya,Muskaan Sundra,Hasrat Kaushal,,,,,,,,,,Race to 8,race,scheduled,Upcoming,tournament_page,Women's Beginner,0,9d0ba07d-ae46-4e36-b758-d5f9410d5c6d,unranked_api_id,436a300f-ef7c-4746-93e4-8dddd7c7817a,unranked_api_id,218fb848-4f7e-4981-a571-f5a4eb1ecb0a,unranked_api_id,6f72b819-5a59-4239-a198-66c7fe37e5ec,unranked_api_id,dbaf8c1a-b9a0-49e4-9867-fbd8e94caaf8,74355132-249b-438d-ac37-443b8eb3d55e,defa3bc4-8bad-43d8-a7dc-4ac9d950cbf3,802d0cab-df39-4c19-9804-63562fb24cd1
e19c2133-b9ca-40a0-a7a3-6b3ef7b707f8,ipt-chandigarh-city-open-2-0,City Open Chandigarh 2.0,City Open,dab3efa0-30cb-4e51-b596-2a7688a8824d,Women's Beginner,Women's,beginner,GROUP B,group,2026-09-25,19:40,Court 2,,,Arnavaz Kollah / Ustat Kharbanda,Tasveer Sohi / Prabhsifat Kaur,Arnavaz Kollah,Ustat Kharbanda,Tasveer Sohi,Prabhsifat Kaur,,,,,,,,,,Race to 8,race,scheduled,Upcoming,tournament_page,Women's Beginner,0,a7d52a88-016f-4920-b7e4-d1389cef635c,api_member_ids,e8a4f77d-e880-4d53-b392-51dc1255d7cf,api_member_ids,00726336-208f-428b-927c-e58df86ca58f,unranked_api_id,fd2fc206-a249-4592-b4b6-8508a03c6215,unranked_api_id,dd622b1f-c6ec-4745-bd53-a23524f2b666,68fa97e6-4dc0-42bb-bde0-24a700b4b2fd,ad77d45c-c6ec-42c9-abf1-983352a3440d,f5be5a2a-d54d-4ef4-bdc5-c8782fa0e954
e98fe8d0-a907-4a69-8113-4a988e290a4e,ipt-chandigarh-city-open-2-0,City Open Chandigarh 2.0,City Open,dab3efa0-30cb-4e51-b596-2a7688a8824d,Women's Beginner,Women's,beginner,GROUP B,group,2026-09-25,20:20,Court 1,,,Sara Daluja / Shuchi Bakshi,Muskaan Sundra / Hasrat Kaushal,Sara Daluja,Shuchi Bakshi,Muskaan Sundra,Hasrat Kaushal,,,,,,,,,,Race to 8,race,scheduled,Upcoming,tournament_page,Women's Beginner,0,7a9c9d4a-aaad-4c36-96d3-646722190fd7,unranked_api_id,aa849bb9-b649-40d2-9cbf-2d6c51c7ef0a,unranked_api_id,218fb848-4f7e-4981-a571-f5a4eb1ecb0a,unranked_api_id,6f72b819-5a59-4239-a198-66c7fe37e5ec,unranked_api_id,652a333f-9198-4c2a-8df4-b5ca694c0f79,6a0dfb6c-e93a-46ef-8620-ffd0c8b109cb,defa3bc4-8bad-43d8-a7dc-4ac9d950cbf3,802d0cab-df39-4c19-9804-63562fb24cd1
053eb0ad-cfe5-4bda-8a16-ac3e4fe14b40,ipt-chandigarh-city-open-2-0,City Open Chandigarh 2.0,City Open,dab3efa0-30cb-4e51-b596-2a7688a8824d,Women's Beginner,Women's,beginner,GROUP B,group,2026-09-25,20:20,Court 2,,,Arnavaz Kollah / Ustat Kharbanda,Bhavya Wadhawan / Shrawasti Kundilya,Arnavaz Kollah,Ustat Kharbanda,Bhavya Wadhawan,Shrawasti Kundilya,,,,,,,,,,Race to 8,race,scheduled,Upcoming,tournament_page,Women's Beginner,0,a7d52a88-016f-4920-b7e4-d1389cef635c,api_member_ids,e8a4f77d-e880-4d53-b392-51dc1255d7cf,api_member_ids,9d0ba07d-ae46-4e36-b758-d5f9410d5c6d,unranked_api_id,436a300f-ef7c-4746-93e4-8dddd7c7817a,unranked_api_id,dd622b1f-c6ec-4745-bd53-a23524f2b666,68fa97e6-4dc0-42bb-bde0-24a700b4b2fd,dbaf8c1a-b9a0-49e4-9867-fbd8e94caaf8,74355132-249b-438d-ac37-443b8eb3d55e
887c159b-d1e4-4e31-aa81-800669069f8f,ipt-chandigarh-city-open-2-0,City Open Chandigarh 2.0,City Open,dab3efa0-30cb-4e51-b596-2a7688a8824d,Women's Beginner,Women's,beginner,GROUP B,group,2026-09-25,21:00,Court 1,,,Sara Daluja / Shuchi Bakshi,Tasveer Sohi / Prabhsifat Kaur,Sara Daluja,Shuchi Bakshi,Tasveer Sohi,Prabhsifat Kaur,,,,,,,,,,Race to 8,race,scheduled,Upcoming,tournament_page,Women's Beginner,0,7a9c9d4a-aaad-4c36-96d3-646722190fd7,unranked_api_id,aa849bb9-b649-40d2-9cbf-2d6c51c7ef0a,unranked_api_id,00726336-208f-428b-927c-e58df86ca58f,unranked_api_id,fd2fc206-a249-4592-b4b6-8508a03c6215,unranked_api_id,652a333f-9198-4c2a-8df4-b5ca694c0f79,6a0dfb6c-e93a-46ef-8620-ffd0c8b109cb,ad77d45c-c6ec-42c9-abf1-983352a3440d,f5be5a2a-d54d-4ef4-bdc5-c8782fa0e954
543437f2-aebe-4628-9257-a3309669d5dd,ipt-chandigarh-city-open-2-0,City Open Chandigarh 2.0,City Open,dab3efa0-30cb-4e51-b596-2a7688a8824d,Women's Beginner,Women's,beginner,GROUP B,group,2026-09-25,21:00,Court 2,,,Arnavaz Kollah / Ustat Kharbanda,Muskaan Sundra / Hasrat Kaushal,Arnavaz Kollah,Ustat Kharbanda,Muskaan Sundra,Hasrat Kaushal,,,,,,,,,,Race to 8,race,scheduled,Upcoming,tournament_page,Women's Beginner,0,a7d52a88-016f-4920-b7e4-d1389cef635c,api_member_ids,e8a4f77d-e880-4d53-b392-51dc1255d7cf,api_member_ids,218fb848-4f7e-4981-a571-f5a4eb1ecb0a,unranked_api_id,6f72b819-5a59-4239-a198-66c7fe37e5ec,unranked_api_id,dd622b1f-c6ec-4745-bd53-a23524f2b666,68fa97e6-4dc0-42bb-bde0-24a700b4b2fd,defa3bc4-8bad-43d8-a7dc-4ac9d950cbf3,802d0cab-df39-4c19-9804-63562fb24cd1
231fc180-6d20-4b11-a80c-e592392baa66,ipt-chandigarh-city-open-2-0,City Open Chandigarh 2.0,City Open,dab3efa0-30cb-4e51-b596-2a7688a8824d,Women's Beginner,Women's,beginner,GROUP B,group,2026-09-25,21:40,Court 1,,,Sara Daluja / Shuchi Bakshi,Bhavya Wadhawan / Shrawasti Kundilya,Sara Daluja,Shuchi Bakshi,Bhavya Wadhawan,Shrawasti Kundilya,,,,,,,,,,Race to 8,race,scheduled,Upcoming,tournament_page,Women's Beginner,0,7a9c9d4a-aaad-4c36-96d3-646722190fd7,unranked_api_id,aa849bb9-b649-40d2-9cbf-2d6c51c7ef0a,unranked_api_id,9d0ba07d-ae46-4e36-b758-d5f9410d5c6d,unranked_api_id,436a300f-ef7c-4746-93e4-8dddd7c7817a,unranked_api_id,652a333f-9198-4c2a-8df4-b5ca694c0f79,6a0dfb6c-e93a-46ef-8620-ffd0c8b109cb,dbaf8c1a-b9a0-49e4-9867-fbd8e94caaf8,74355132-249b-438d-ac37-443b8eb3d55e
d902f841-e132-47a4-8bd2-29e3ea5d83de,ipt-chandigarh-city-open-2-0,City Open Chandigarh 2.0,City Open,dab3efa0-30cb-4e51-b596-2a7688a8824d,Women's Beginner,Women's,beginner,GROUP B,group,2026-09-25,21:40,Court 2,,,Tasveer Sohi / Prabhsifat Kaur,Muskaan Sundra / Hasrat Kaushal,Tasveer Sohi,Prabhsifat Kaur,Muskaan Sundra,Hasrat Kaushal,,,,,,,,,,Race to 8,race,scheduled,Upcoming,tournament_page,Women's Beginner,0,00726336-208f-428b-927c-e58df86ca58f,unranked_api_id,fd2fc206-a249-4592-b4b6-8508a03c6215,unranked_api_id,218fb848-4f7e-4981-a571-f5a4eb1ecb0a,unranked_api_id,6f72b819-5a59-4239-a198-66c7fe37e5ec,unranked_api_id,ad77d45c-c6ec-42c9-abf1-983352a3440d,f5be5a2a-d54d-4ef4-bdc5-c8782fa0e954,defa3bc4-8bad-43d8-a7dc-4ac9d950cbf3,802d0cab-df39-4c19-9804-63562fb24cd1
444fc10f-fded-43a9-87b6-5ee317016f6a,ipt-chandigarh-city-open-2-0,City Open Chandigarh 2.0,City Open,dab3efa0-30cb-4e51-b596-2a7688a8824d,Women's Beginner,Women's,beginner,Semi Final 1,knockout,2026-09-27,10:30,Court 3,,,Group A - 1st,Group B - 2nd,,,,,,,,,,,,,,Race to 9,race,scheduled,Upcoming,tournament_page,Women's Beginner,0,,,,,,,,,,,,
023960ff-6e64-4081-872a-db8bc3ec7f48,ipt-chandigarh-city-open-2-0,City Open Chandigarh 2.0,City Open,dab3efa0-30cb-4e51-b596-2a7688a8824d,Women's Beginner,Women's,beginner,Semi Final 2,knockout,2026-09-27,11:30,Court 3,,,Group B - 1st,Group A - 2nd,,,,,,,,,,,,,,Race to 9,race,scheduled,Upcoming,tournament_page,Women's Beginner,0,,,,,,,,,,,,
0adde042-9dc0-4e7a-9e3f-c3d881a298d4,ipt-chandigarh-city-open-2-0,City Open Chandigarh 2.0,City Open,dab3efa0-30cb-4e51-b596-2a7688a8824d,Women's Beginner,Women's,beginner,Final,knockout,2026-09-27,17:00,Court 1,,,Winner - SF 1,Winner - SF 2,,,,,,,,,,,,,,Best of 3 sets,sets,scheduled,Upcoming,tournament_page,Women's Beginner,0,,,,,,,,,,,,
819727e3-17b7-40a2-b17f-f35470734835,ipt-chandigarh-city-open-2-0,City Open Chandigarh 2.0,City Open,383a2587-7b75-45b8-b562-82782078ae3c,Women's Intermediate,Women's,intermediate,GROUP STAGE,group,2026-09-26,16:00,Court 1,,,Steisha Buddhala / Amy Bundhel,Mansi Malhotra / Vaibhavi Deshmukh,Steisha Buddhala,Amy Bundhel,Mansi Malhotra,Vaibhavi Deshmukh,,,,,,,,,,Race to 8,race,scheduled,Upcoming,tournament_page,"Women's Advance, Women's Intermediate",0,a8725d43-8928-4958-ace6-183c3a63c538,api_member_ids,c02126c6-4418-4f24-8895-867c3e3c89c2,api_member_ids,f075566a-ec58-4d8e-b389-4380d75fba34,api_member_ids,1c91795e-92c5-444b-aa99-d1e70e063c55,api_member_ids,1738590c-9f24-4e15-9df7-2da7aa63052d,09844425-59de-4e90-b4f4-642820411458,db56e6b4-aa5f-4558-a8ca-3e06dde213f8,45f14631-2cda-42b6-a83a-cbc6aeed266a
9f866771-2fc4-4a86-b80d-eda178938208,ipt-chandigarh-city-open-2-0,City Open Chandigarh 2.0,City Open,383a2587-7b75-45b8-b562-82782078ae3c,Women's Intermediate,Women's,intermediate,GROUP STAGE,group,2026-09-26,16:00,Court 2,,,Radhika Vasudeva / Aashna Mehra,Nandini Ghai / Ridhi Gupta,Radhika Vasudeva,Aashna Mehra,Nandini Ghai,Ridhi Gupta,,,,,,,,,,Race to 8,race,scheduled,Upcoming,tournament_page,"Women's Advance, Women's Intermediate",0,124f1292-f3a9-4139-bd9d-f9fa8e1dd983,api_member_ids,808e72ea-16d9-41ac-88af-cdc80de35aa4,exact_name_guest_record,7f012c99-3142-42b3-ba1b-30fee6e58a40,unranked_api_id,3d21ad79-9d3f-46d7-92da-ef095250efaf,api_member_ids,15505035-f86e-4a4d-9b5d-0c55e7f7e39f,ce926e54-5800-41ce-9164-13aa7ab056e6,d09b9f84-66a4-46b1-8127-b148659f8ae9,eca234fe-5f6e-459e-9be0-59cb01765799
9e7c532f-4efd-4d7a-bcab-c90fdb7f2c40,ipt-chandigarh-city-open-2-0,City Open Chandigarh 2.0,City Open,383a2587-7b75-45b8-b562-82782078ae3c,Women's Intermediate,Women's,intermediate,GROUP STAGE,group,2026-09-26,16:40,Court 1,,,Amaya Kothari / Kyra Pereira,Ishika Kankaria / Gul Arora,Amaya Kothari,Kyra Pereira,Ishika Kankaria,Gul Arora,,,,,,,,,,Race to 8,race,scheduled,Upcoming,tournament_page,"Women's Advance, Women's Intermediate",0,214fa58d-dcf2-4b0b-888f-f2a2341ae45b,api_member_ids,ebb05833-4e36-4fbc-977b-1973a5845aba,api_member_ids,5fa2a56d-9091-45c8-848e-b3de76cceba4,unranked_api_id,fd6b4e79-5c63-409c-a459-3fec3067f204,unranked_api_id,3a15cf1d-bb66-4301-b7ba-9cc269a35017,802f1333-e3cc-4c45-9b97-f5e4c4c471c5,9c372cd1-b34f-4197-a4bf-1ae47bdebbf8,c580b7e0-19c1-47e0-8e87-55095a4b0b2f
b2015130-fad7-4538-a670-37ab3c6ded02,ipt-chandigarh-city-open-2-0,City Open Chandigarh 2.0,City Open,383a2587-7b75-45b8-b562-82782078ae3c,Women's Intermediate,Women's,intermediate,GROUP STAGE,group,2026-09-26,16:40,Court 2,,,Steisha Buddhala / Amy Bundhel,Radhika Vasudeva / Aashna Mehra,Steisha Buddhala,Amy Bundhel,Radhika Vasudeva,Aashna Mehra,,,,,,,,,,Race to 8,race,scheduled,Upcoming,tournament_page,"Women's Advance, Women's Intermediate",0,a8725d43-8928-4958-ace6-183c3a63c538,api_member_ids,c02126c6-4418-4f24-8895-867c3e3c89c2,api_member_ids,124f1292-f3a9-4139-bd9d-f9fa8e1dd983,api_member_ids,808e72ea-16d9-41ac-88af-cdc80de35aa4,exact_name_guest_record,1738590c-9f24-4e15-9df7-2da7aa63052d,09844425-59de-4e90-b4f4-642820411458,15505035-f86e-4a4d-9b5d-0c55e7f7e39f,ce926e54-5800-41ce-9164-13aa7ab056e6
1a1e0ce9-7ed8-4363-bae4-2e9c3b78d9fb,ipt-chandigarh-city-open-2-0,City Open Chandigarh 2.0,City Open,383a2587-7b75-45b8-b562-82782078ae3c,Women's Intermediate,Women's,intermediate,GROUP STAGE,group,2026-09-26,17:20,Court 1,,,Nandini Ghai / Ridhi Gupta,Amaya Kothari / Kyra Pereira,Nandini Ghai,Ridhi Gupta,Amaya Kothari,Kyra Pereira,,,,,,,,,,Race to 8,race,scheduled,Upcoming,tournament_page,"Women's Advance, Women's Intermediate",0,7f012c99-3142-42b3-ba1b-30fee6e58a40,unranked_api_id,3d21ad79-9d3f-46d7-92da-ef095250efaf,api_member_ids,214fa58d-dcf2-4b0b-888f-f2a2341ae45b,api_member_ids,ebb05833-4e36-4fbc-977b-1973a5845aba,api_member_ids,d09b9f84-66a4-46b1-8127-b148659f8ae9,eca234fe-5f6e-459e-9be0-59cb01765799,3a15cf1d-bb66-4301-b7ba-9cc269a35017,802f1333-e3cc-4c45-9b97-f5e4c4c471c5
529be5ea-3afc-4378-928c-dca8a30f694e,ipt-chandigarh-city-open-2-0,City Open Chandigarh 2.0,City Open,383a2587-7b75-45b8-b562-82782078ae3c,Women's Intermediate,Women's,intermediate,GROUP STAGE,group,2026-09-26,17:20,Court 2,,,Mansi Malhotra / Vaibhavi Deshmukh,Ishika Kankaria / Gul Arora,Mansi Malhotra,Vaibhavi Deshmukh,Ishika Kankaria,Gul Arora,,,,,,,,,,Race to 8,race,scheduled,Upcoming,tournament_page,"Women's Advance, Women's Intermediate",0,f075566a-ec58-4d8e-b389-4380d75fba34,api_member_ids,1c91795e-92c5-444b-aa99-d1e70e063c55,api_member_ids,5fa2a56d-9091-45c8-848e-b3de76cceba4,unranked_api_id,fd6b4e79-5c63-409c-a459-3fec3067f204,unranked_api_id,db56e6b4-aa5f-4558-a8ca-3e06dde213f8,45f14631-2cda-42b6-a83a-cbc6aeed266a,9c372cd1-b34f-4197-a4bf-1ae47bdebbf8,c580b7e0-19c1-47e0-8e87-55095a4b0b2f
4df75533-60b7-43fb-bfd2-2820c2a250dd,ipt-chandigarh-city-open-2-0,City Open Chandigarh 2.0,City Open,383a2587-7b75-45b8-b562-82782078ae3c,Women's Intermediate,Women's,intermediate,GROUP STAGE,group,2026-09-26,18:00,Court 1,,,Mansi Malhotra / Vaibhavi Deshmukh,Radhika Vasudeva / Aashna Mehra,Mansi Malhotra,Vaibhavi Deshmukh,Radhika Vasudeva,Aashna Mehra,,,,,,,,,,Race to 8,race,scheduled,Upcoming,tournament_page,"Women's Advance, Women's Intermediate",0,f075566a-ec58-4d8e-b389-4380d75fba34,api_member_ids,1c91795e-92c5-444b-aa99-d1e70e063c55,api_member_ids,124f1292-f3a9-4139-bd9d-f9fa8e1dd983,api_member_ids,808e72ea-16d9-41ac-88af-cdc80de35aa4,exact_name_guest_record,db56e6b4-aa5f-4558-a8ca-3e06dde213f8,45f14631-2cda-42b6-a83a-cbc6aeed266a,15505035-f86e-4a4d-9b5d-0c55e7f7e39f,ce926e54-5800-41ce-9164-13aa7ab056e6
773bc041-32e8-4976-b1f3-bbc34e279ce4,ipt-chandigarh-city-open-2-0,City Open Chandigarh 2.0,City Open,383a2587-7b75-45b8-b562-82782078ae3c,Women's Intermediate,Women's,intermediate,GROUP STAGE,group,2026-09-26,18:00,Court 2,,,Steisha Buddhala / Amy Bundhel,Nandini Ghai / Ridhi Gupta,Steisha Buddhala,Amy Bundhel,Nandini Ghai,Ridhi Gupta,,,,,,,,,,Race to 8,race,scheduled,Upcoming,tournament_page,"Women's Advance, Women's Intermediate",0,a8725d43-8928-4958-ace6-183c3a63c538,api_member_ids,c02126c6-4418-4f24-8895-867c3e3c89c2,api_member_ids,7f012c99-3142-42b3-ba1b-30fee6e58a40,unranked_api_id,3d21ad79-9d3f-46d7-92da-ef095250efaf,api_member_ids,1738590c-9f24-4e15-9df7-2da7aa63052d,09844425-59de-4e90-b4f4-642820411458,d09b9f84-66a4-46b1-8127-b148659f8ae9,eca234fe-5f6e-459e-9be0-59cb01765799
83c5757c-c0ed-4a12-a955-76310a303d6f,ipt-chandigarh-city-open-2-0,City Open Chandigarh 2.0,City Open,383a2587-7b75-45b8-b562-82782078ae3c,Women's Intermediate,Women's,intermediate,GROUP STAGE,group,2026-09-26,18:40,Court 1,,,Steisha Buddhala / Amy Bundhel,Ishika Kankaria / Gul Arora,Steisha Buddhala,Amy Bundhel,Ishika Kankaria,Gul Arora,,,,,,,,,,Race to 8,race,scheduled,Upcoming,tournament_page,"Women's Advance, Women's Intermediate",0,a8725d43-8928-4958-ace6-183c3a63c538,api_member_ids,c02126c6-4418-4f24-8895-867c3e3c89c2,api_member_ids,5fa2a56d-9091-45c8-848e-b3de76cceba4,unranked_api_id,fd6b4e79-5c63-409c-a459-3fec3067f204,unranked_api_id,1738590c-9f24-4e15-9df7-2da7aa63052d,09844425-59de-4e90-b4f4-642820411458,9c372cd1-b34f-4197-a4bf-1ae47bdebbf8,c580b7e0-19c1-47e0-8e87-55095a4b0b2f
d1592748-8bc8-49c1-aed9-17e615414bb2,ipt-chandigarh-city-open-2-0,City Open Chandigarh 2.0,City Open,383a2587-7b75-45b8-b562-82782078ae3c,Women's Intermediate,Women's,intermediate,GROUP STAGE,group,2026-09-26,18:40,Court 2,,,Radhika Vasudeva / Aashna Mehra,Amaya Kothari / Kyra Pereira,Radhika Vasudeva,Aashna Mehra,Amaya Kothari,Kyra Pereira,,,,,,,,,,Race to 8,race,scheduled,Upcoming,tournament_page,"Women's Advance, Women's Intermediate",0,124f1292-f3a9-4139-bd9d-f9fa8e1dd983,api_member_ids,808e72ea-16d9-41ac-88af-cdc80de35aa4,exact_name_guest_record,214fa58d-dcf2-4b0b-888f-f2a2341ae45b,api_member_ids,ebb05833-4e36-4fbc-977b-1973a5845aba,api_member_ids,15505035-f86e-4a4d-9b5d-0c55e7f7e39f,ce926e54-5800-41ce-9164-13aa7ab056e6,3a15cf1d-bb66-4301-b7ba-9cc269a35017,802f1333-e3cc-4c45-9b97-f5e4c4c471c5
67416390-68f5-45b5-809b-48577c873369,ipt-chandigarh-city-open-2-0,City Open Chandigarh 2.0,City Open,383a2587-7b75-45b8-b562-82782078ae3c,Women's Intermediate,Women's,intermediate,GROUP STAGE,group,2026-09-26,19:20,Court 1,,,Nandini Ghai / Ridhi Gupta,Ishika Kankaria / Gul Arora,Nandini Ghai,Ridhi Gupta,Ishika Kankaria,Gul Arora,,,,,,,,,,Race to 8,race,scheduled,Upcoming,tournament_page,"Women's Advance, Women's Intermediate",0,7f012c99-3142-42b3-ba1b-30fee6e58a40,unranked_api_id,3d21ad79-9d3f-46d7-92da-ef095250efaf,api_member_ids,5fa2a56d-9091-45c8-848e-b3de76cceba4,unranked_api_id,fd6b4e79-5c63-409c-a459-3fec3067f204,unranked_api_id,d09b9f84-66a4-46b1-8127-b148659f8ae9,eca234fe-5f6e-459e-9be0-59cb01765799,9c372cd1-b34f-4197-a4bf-1ae47bdebbf8,c580b7e0-19c1-47e0-8e87-55095a4b0b2f
97b491f5-50fc-49b7-9db0-e7f6160f0fdb,ipt-chandigarh-city-open-2-0,City Open Chandigarh 2.0,City Open,383a2587-7b75-45b8-b562-82782078ae3c,Women's Intermediate,Women's,intermediate,GROUP STAGE,group,2026-09-26,19:20,Court 2,,,Mansi Malhotra / Vaibhavi Deshmukh,Amaya Kothari / Kyra Pereira,Mansi Malhotra,Vaibhavi Deshmukh,Amaya Kothari,Kyra Pereira,,,,,,,,,,Race to 8,race,scheduled,Upcoming,tournament_page,"Women's Advance, Women's Intermediate",0,f075566a-ec58-4d8e-b389-4380d75fba34,api_member_ids,1c91795e-92c5-444b-aa99-d1e70e063c55,api_member_ids,214fa58d-dcf2-4b0b-888f-f2a2341ae45b,api_member_ids,ebb05833-4e36-4fbc-977b-1973a5845aba,api_member_ids,db56e6b4-aa5f-4558-a8ca-3e06dde213f8,45f14631-2cda-42b6-a83a-cbc6aeed266a,3a15cf1d-bb66-4301-b7ba-9cc269a35017,802f1333-e3cc-4c45-9b97-f5e4c4c471c5
eb46d9b8-8039-40b9-9293-777e88b088fe,ipt-chandigarh-city-open-2-0,City Open Chandigarh 2.0,City Open,383a2587-7b75-45b8-b562-82782078ae3c,Women's Intermediate,Women's,intermediate,GROUP STAGE,group,2026-09-26,20:00,Court 1,,,Steisha Buddhala / Amy Bundhel,Amaya Kothari / Kyra Pereira,Steisha Buddhala,Amy Bundhel,Amaya Kothari,Kyra Pereira,,,,,,,,,,Race to 8,race,scheduled,Upcoming,tournament_page,"Women's Advance, Women's Intermediate",0,a8725d43-8928-4958-ace6-183c3a63c538,api_member_ids,c02126c6-4418-4f24-8895-867c3e3c89c2,api_member_ids,214fa58d-dcf2-4b0b-888f-f2a2341ae45b,api_member_ids,ebb05833-4e36-4fbc-977b-1973a5845aba,api_member_ids,1738590c-9f24-4e15-9df7-2da7aa63052d,09844425-59de-4e90-b4f4-642820411458,3a15cf1d-bb66-4301-b7ba-9cc269a35017,802f1333-e3cc-4c45-9b97-f5e4c4c471c5
8d2b888c-0226-4244-aa76-7df785f26581,ipt-chandigarh-city-open-2-0,City Open Chandigarh 2.0,City Open,383a2587-7b75-45b8-b562-82782078ae3c,Women's Intermediate,Women's,intermediate,GROUP STAGE,group,2026-09-26,20:00,Court 2,,,Mansi Malhotra / Vaibhavi Deshmukh,Nandini Ghai / Ridhi Gupta,Mansi Malhotra,Vaibhavi Deshmukh,Nandini Ghai,Ridhi Gupta,,,,,,,,,,Race to 8,race,scheduled,Upcoming,tournament_page,"Women's Advance, Women's Intermediate",0,f075566a-ec58-4d8e-b389-4380d75fba34,api_member_ids,1c91795e-92c5-444b-aa99-d1e70e063c55,api_member_ids,7f012c99-3142-42b3-ba1b-30fee6e58a40,unranked_api_id,3d21ad79-9d3f-46d7-92da-ef095250efaf,api_member_ids,db56e6b4-aa5f-4558-a8ca-3e06dde213f8,45f14631-2cda-42b6-a83a-cbc6aeed266a,d09b9f84-66a4-46b1-8127-b148659f8ae9,eca234fe-5f6e-459e-9be0-59cb01765799
34a0d770-db3f-4754-b479-1c12eea258ca,ipt-chandigarh-city-open-2-0,City Open Chandigarh 2.0,City Open,383a2587-7b75-45b8-b562-82782078ae3c,Women's Intermediate,Women's,intermediate,GROUP STAGE,group,2026-09-26,20:40,Court 1,,,Radhika Vasudeva / Aashna Mehra,Ishika Kankaria / Gul Arora,Radhika Vasudeva,Aashna Mehra,Ishika Kankaria,Gul Arora,,,,,,,,,,Race to 8,race,scheduled,Upcoming,tournament_page,"Women's Advance, Women's Intermediate",0,124f1292-f3a9-4139-bd9d-f9fa8e1dd983,api_member_ids,808e72ea-16d9-41ac-88af-cdc80de35aa4,exact_name_guest_record,5fa2a56d-9091-45c8-848e-b3de76cceba4,unranked_api_id,fd6b4e79-5c63-409c-a459-3fec3067f204,unranked_api_id,15505035-f86e-4a4d-9b5d-0c55e7f7e39f,ce926e54-5800-41ce-9164-13aa7ab056e6,9c372cd1-b34f-4197-a4bf-1ae47bdebbf8,c580b7e0-19c1-47e0-8e87-55095a4b0b2f
0da22530-d743-4db3-bb92-3140c4b5b75d,ipt-chandigarh-city-open-2-0,City Open Chandigarh 2.0,City Open,219d868c-e794-4eea-8e08-9c844e9655b0,Women's Advance,Women's,advance,Semi Final 2,knockout,2026-09-27,10:30,Court 2,,,Rank 2,Rank 3,,,,,,,,,,,,,,Best of 3 sets,sets,scheduled,Upcoming,tournament_page,Women's Advance,0,,,,,,,,,,,,
6f3ccc0e-a8b6-4bcd-9155-46387c26ae1f,ipt-chandigarh-city-open-2-0,City Open Chandigarh 2.0,City Open,219d868c-e794-4eea-8e08-9c844e9655b0,Women's Advance,Women's,advance,Final,knockout,2026-09-27,16:00,Court 3,,,Rank 1,Winner - SF 2,,,,,,,,,,,,,,Best of 3 sets,sets,scheduled,Upcoming,tournament_page,Women's Advance,0,,,,,,,,,,,,
5a6e8135-1120-484f-9a94-fe47f9ff2af7,ipt-goa-grandslam-11-0,Grand Slam 11.0 Goa Edition,Grand Slam,695b0746-b4ff-4123-8162-e6f14b3c16c9,Men's Beginner,Men's,beginner,C,group,2026-08-13,16:00,Court 3,2026-08-13T10:41:49.631Z,2026-08-13T11:17:09.147Z,Suvir Singh / Teyjas Chaudhary,Abhi Panchu / Mukund Muthanna,Suvir Singh,Teyjas Chaudhary,Abhi Panchu,Mukund Muthanna,5-8,0.0,1.0,5.0,8.0,5,8,2.0,,Race to 8,race,completed,Completed,tournament_page,Men's Beginner,2,98307ab5-02a0-409d-b320-7c77b38a3c53,api_member_ids,2fb6f01b-24d6-44e9-95d3-7eca645d317e,api_member_ids,2fc76920-fbc0-4f8b-b8cc-cc92661a5f3e,api_member_ids,b1863a39-a660-43dd-8e1c-830d77223fe7,api_member_ids,d6c7e144-192b-4586-a22d-7146fdd64e59,d6029718-fb8d-42cf-81b4-354731b52c7d,6693929c-d18e-4cc9-b88d-34bf55227b2c,122b1943-4100-43b9-9b78-b3e799715fc0
023505dd-5ab8-4e65-aba0-0592dafb0edc,ipt-goa-grandslam-11-0,Grand Slam 11.0 Goa Edition,Grand Slam,695b0746-b4ff-4123-8162-e6f14b3c16c9,Men's Beginner,Men's,beginner,C,group,2026-08-13,16:40,Court 1,2026-08-13T11:26:16.466Z,2026-08-13T12:00:37.895Z,Lokesh Chhabra / Vaibhav Malik,Rajat Jain / Pratik Makkar,Lokesh Chhabra,Vaibhav Malik,Rajat Jain,Pratik Makkar,8-3,1.0,0.0,8.0,3.0,8,3,1.0,,Race to 8,race,completed,Completed,tournament_page,Men's Beginner,4,8c14292c-7d3f-4075-9728-5ecdab778aef,api_member_ids,5e02eee8-3dff-4b01-a9b2-62b430787c78,api_member_ids,fbb446a9-8fc0-419e-a122-968c42f06acf,api_member_ids,7ab2bcb6-be63-4241-a6d3-b1cf30b170f4,api_member_ids,f5f066b2-c7af-47c4-b7e8-03322b7d717c,610d3bf0-e08a-4487-af57-ae13f2d679be,3c2b4030-a77c-4c5d-abf6-404d4a92f7ba,286358f0-9c9d-4d6a-8e18-b23f546dd49e
70c06734-8d83-4448-affa-40230fe2e303,ipt-goa-grandslam-11-0,Grand Slam 11.0 Goa Edition,Grand Slam,695b0746-b4ff-4123-8162-e6f14b3c16c9,Men's Beginner,Men's,beginner,C,group,2026-08-13,17:20,Court 1,2026-08-13T12:33:01.755Z,2026-08-13T13:03:52.850Z,Suvir Singh / Teyjas Chaudhary,Rajat Jain / Pratik Makkar,Suvir Singh,Teyjas Chaudhary,Rajat Jain,Pratik Makkar,8-5,1.0,0.0,8.0,5.0,8,5,1.0,,Race to 8,race,completed,Completed,tournament_page,Men's Beginner,3,98307ab5-02a0-409d-b320-7c77b38a3c53,api_member_ids,2fb6f01b-24d6-44e9-95d3-7eca645d317e,api_member_ids,fbb446a9-8fc0-419e-a122-968c42f06acf,api_member_ids,7ab2bcb6-be63-4241-a6d3-b1cf30b170f4,api_member_ids,d6c7e144-192b-4586-a22d-7146fdd64e59,d6029718-fb8d-42cf-81b4-354731b52c7d,3c2b4030-a77c-4c5d-abf6-404d4a92f7ba,286358f0-9c9d-4d6a-8e18-b23f546dd49e
6dfe2560-c197-4734-b1e3-19cf36b5f2c7,ipt-goa-grandslam-11-0,Grand Slam 11.0 Goa Edition,Grand Slam,695b0746-b4ff-4123-8162-e6f14b3c16c9,Men's Beginner,Men's,beginner,C,group,2026-08-13,17:20,Court 2,2026-08-13T12:28:20.434Z,2026-08-13T13:10:09.492Z,Lokesh Chhabra / Vaibhav Malik,Abhi Panchu / Mukund Muthanna,Lokesh Chhabra,Vaibhav Malik,Abhi Panchu,Mukund Muthanna,5-8,0.0,1.0,5.0,8.0,5,8,2.0,,Race to 8,race,completed,Completed,tournament_page,Men's Beginner,3,8c14292c-7d3f-4075-9728-5ecdab778aef,api_member_ids,5e02eee8-3dff-4b01-a9b2-62b430787c78,api_member_ids,2fc76920-fbc0-4f8b-b8cc-cc92661a5f3e,api_member_ids,b1863a39-a660-43dd-8e1c-830d77223fe7,api_member_ids,f5f066b2-c7af-47c4-b7e8-03322b7d717c,610d3bf0-e08a-4487-af57-ae13f2d679be,6693929c-d18e-4cc9-b88d-34bf55227b2c,122b1943-4100-43b9-9b78-b3e799715fc0
d67ecd0d-5e2b-4463-86e2-dca1ea40b632,ipt-goa-grandslam-11-0,Grand Slam 11.0 Goa Edition,Grand Slam,695b0746-b4ff-4123-8162-e6f14b3c16c9,Men's Beginner,Men's,beginner,C,group,2026-08-13,18:40,Court 1,2026-08-13T13:52:58.651Z,2026-08-13T14:34:53.536Z,Suvir Singh / Teyjas Chaudhary,Lokesh Chhabra / Vaibhav Malik,Suvir Singh,Teyjas Chaudhary,Lokesh Chhabra,Vaibhav Malik,8-4,1.0,0.0,8.0,4.0,8,4,1.0,,Race to 8,race,completed,Completed,tournament_page,Men's Beginner,4,98307ab5-02a0-409d-b320-7c77b38a3c53,api_member_ids,2fb6f01b-24d6-44e9-95d3-7eca645d317e,api_member_ids,8c14292c-7d3f-4075-9728-5ecdab778aef,api_member_ids,5e02eee8-3dff-4b01-a9b2-62b430787c78,api_member_ids,d6c7e144-192b-4586-a22d-7146fdd64e59,d6029718-fb8d-42cf-81b4-354731b52c7d,f5f066b2-c7af-47c4-b7e8-03322b7d717c,610d3bf0-e08a-4487-af57-ae13f2d679be
7e5d0998-c7f4-494b-ab9a-3f10bc3c88dc,ipt-goa-grandslam-11-0,Grand Slam 11.0 Goa Edition,Grand Slam,695b0746-b4ff-4123-8162-e6f14b3c16c9,Men's Beginner,Men's,beginner,C,group,2026-08-13,18:40,Court 2,2026-08-13T13:56:31.107Z,2026-08-13T14:24:38.559Z,Rajat Jain / Pratik Makkar,Abhi Panchu / Mukund Muthanna,Rajat Jain,Pratik Makkar,Abhi Panchu,Mukund Muthanna,3-8,0.0,1.0,3.0,8.0,3,8,2.0,,Race to 8,race,completed,Completed,tournament_page,Men's Beginner,4,fbb446a9-8fc0-419e-a122-968c42f06acf,api_member_ids,7ab2bcb6-be63-4241-a6d3-b1cf30b170f4,api_member_ids,2fc76920-fbc0-4f8b-b8cc-cc92661a5f3e,api_member_ids,b1863a39-a660-43dd-8e1c-830d77223fe7,api_member_ids,3c2b4030-a77c-4c5d-abf6-404d4a92f7ba,286358f0-9c9d-4d6a-8e18-b23f546dd49e,6693929c-d18e-4cc9-b88d-34bf55227b2c,122b1943-4100-43b9-9b78-b3e799715fc0
22f85a7b-2e42-4deb-a2b6-25ccc1a8d0e6,ipt-goa-grandslam-11-0,Grand Slam 11.0 Goa Edition,Grand Slam,695b0746-b4ff-4123-8162-e6f14b3c16c9,Men's Beginner,Men's,beginner,A,group,2026-08-14,07:00,Court 1,2026-08-14T01:34:29.002Z,2026-08-14T02:03:47.866Z,Shaan Shah / Kushe Bahl,Udhay Mahajan / Mayank Oberoi,Shaan Shah,Kushe Bahl,Udhay Mahajan,Mayank Oberoi,2-8,0.0,1.0,2.0,8.0,2,8,2.0,,Race to 8,race,completed,Completed,tournament_page,Men's Beginner,2,8c72bdc2-6eff-4537-ba3a-ad4eaadd542d,api_member_ids,6892cafd-242b-468e-a1aa-cd2523e083a6,api_member_ids,10a7cfb7-155c-48d3-b2a2-8c2bde421e4e,api_member_ids,3767fb18-b855-41eb-88d4-701e4cb81126,api_member_ids,d5f00bc5-2776-41e2-bb68-2325a43f93c7,675b37e6-2dc0-4d20-9709-298908639fd4,937af125-3240-4bcb-bc43-a986ee202e61,523d7414-3540-45b6-a7a2-b7d9a1125f6f
efcba6b9-d4dc-41fa-be2c-706d9c1bd18f,ipt-goa-grandslam-11-0,Grand Slam 11.0 Goa Edition,Grand Slam,695b0746-b4ff-4123-8162-e6f14b3c16c9,Men's Beginner,Men's,beginner,A,group,2026-08-14,07:00,Court 2,2026-08-14T01:33:33.128Z,2026-08-14T02:08:21.920Z,Divy Kothari / Priynash Kothari,Aarman Kler / Angad Puar,Divy Kothari,Priynash Kothari,Aarman Kler,Angad Puar,5-8,0.0,1.0,5.0,8.0,5,8,2.0,,Race to 8,race,completed,Completed,tournament_page,Men's Beginner,3,9ea9d377-325c-4e5e-8973-2502b62cf1fa,api_member_ids,ac9d1c3d-1aac-4acc-8ad0-1325faa75e44,api_member_ids,821bda69-7b49-49ce-96f9-425f549eab3f,api_member_ids,fee9acbd-1e47-4ec5-a495-f49bad8748e6,api_member_ids,ca51e4f4-2908-4525-b232-6f4f16c666fe,1a63cb5b-286d-417a-9004-2adb36cafac1,e2af33e2-beae-476d-bb4d-3c1f71c1006e,1c1d06da-d4b6-43af-9c2f-24fe87e04124
9d3bb892-88a7-4473-bf5c-0c15847d9313,ipt-goa-grandslam-11-0,Grand Slam 11.0 Goa Edition,Grand Slam,695b0746-b4ff-4123-8162-e6f14b3c16c9,Men's Beginner,Men's,beginner,B,group,2026-08-14,07:00,Court 3,2026-08-14T01:43:30.193Z,2026-08-14T02:12:45.293Z,Gautam Kaushal / Aman Goyal,Vijay Aakash Nemakal / Shashank Tiwari,Gautam Kaushal,Aman Goyal,Vijay Aakash Nemakal,Shashank Tiwari,8-4,1.0,0.0,8.0,4.0,8,4,1.0,,Race to 8,race,completed,Completed,tournament_page,Men's Beginner,3,4abc41a6-8e24-4eaa-a669-eadf2b1b7365,api_member_ids,6c67db09-ad9a-46d3-a0a3-5c4e7687587d,api_member_ids,3f741097-060e-44be-8402-0bb7f42b5b7e,api_member_ids,6677f696-648f-478e-b018-13a839d6a34e,api_member_ids,319f581d-6438-4513-ac22-45370eafe3f6,1cbd2248-325e-40b5-bee8-e3bcb2aaeeed,9392d574-fab3-4874-bf87-9639b581fd5d,a76f8744-b43a-428b-8772-0d5c18a82aa8
c7edbd2f-c4a5-4c2a-95c6-b2ecfc53c079,ipt-goa-grandslam-11-0,Grand Slam 11.0 Goa Edition,Grand Slam,695b0746-b4ff-4123-8162-e6f14b3c16c9,Men's Beginner,Men's,beginner,B,group,2026-08-14,07:30,Court 1,2026-08-14T02:23:46.420Z,2026-08-14T02:56:46.579Z,Sahil Dhingra / Maurya Nagpal,Rayaprolu Sagar / Gopi Reddy,Sahil Dhingra,Maurya Nagpal,Rayaprolu Sagar,Gopi Reddy,8-7,1.0,0.0,8.0,7.0,8,7,1.0,,Race to 8,race,completed,Completed,tournament_page,Men's Beginner,4,2ca1e3d6-f039-4d35-8a77-2dc758f3f972,api_member_ids,50389e26-ef8f-483a-a55a-97f02076536c,api_member_ids,5dd2f0f1-9e37-4f1b-9ed6-726f108ea1ea,api_member_ids,88c95f46-866c-4554-9859-95dbb6693a81,api_member_ids,3abe56c2-111e-4c3b-82ef-6e14980fe613,e7786b33-fabd-475e-9895-92af238f3f55,fc665977-256c-4f45-8e88-bdd460b6710a,8e4c2eea-ab17-4cd0-84ef-82b8b0e948c6
4b418f10-59cf-442e-b2ca-856b33d83cba,ipt-goa-grandslam-11-0,Grand Slam 11.0 Goa Edition,Grand Slam,695b0746-b4ff-4123-8162-e6f14b3c16c9,Men's Beginner,Men's,beginner,D,group,2026-08-14,07:30,Court 2,2026-08-14T04:07:36.362Z,2026-08-14T04:07:47.985Z,Arnav Sanjeev / Sahil Kaushal,Rudresh Shetye / Venctexa Burye,Arnav Sanjeev,Sahil Kaushal,Rudresh Shetye,Venctexa Burye,8-1,1.0,0.0,8.0,1.0,8,1,1.0,Walkover,Race to 8,race,completed,Completed,tournament_page,Men's Beginner,4,a855af93-c390-4b32-9887-e39a874377df,api_member_ids,938c8f3a-d36f-47ea-b7bf-7fcd7aabacdd,api_member_ids,49e0b5fb-e92e-467e-b277-532aa91ecd88,api_member_ids,0179cc16-9672-4799-952f-5170933feabc,api_member_ids,d30605c0-e851-423a-8127-d56fd51be176,fff07c38-07c8-4292-afe2-68f4e5bf3e0e,e894fe8b-dcdf-4f16-aefc-e76a76598a08,bca24e78-e000-4119-8ea4-b453f7399d84
fbeeb918-0986-4dce-80f8-e53ea737c1ca,ipt-goa-grandslam-11-0,Grand Slam 11.0 Goa Edition,Grand Slam,695b0746-b4ff-4123-8162-e6f14b3c16c9,Men's Beginner,Men's,beginner,D,group,2026-08-14,07:30,Court 3,2026-08-14T04:04:58.483Z,2026-08-14T07:25:57.846Z,Shelton Mathew / Vishnu Shetty,Joshua Lobo / Joshua Lobo Partner,Shelton Mathew,Vishnu Shetty,Joshua Lobo,Joshua Lobo Partner,,,,,,,,1.0,Walkover,Race to 8,race,completed,Completed,tournament_page,Men's Beginner,4,4fd7e826-a45c-45c1-974d-781f0cfc0621,api_member_ids,a821843c-1fe8-46ab-a563-39a2ac3b982e,api_member_ids,ff05cc74-ed3a-4f11-b5c9-b91e71e5f39d,api_member_ids,b6fcd7bf-693d-40ad-adbc-a23632357bf9,api_member_ids,c9c00e3d-4592-4ba8-8d0b-8178269d456f,ea0afe11-2b53-4ea4-9cd8-1e3a7f233c9a,c00c7fca-4569-4504-88d2-bf4baf94bf76,b6fcd7bf-693d-40ad-adbc-a23632357bf9
8602e476-85db-47c3-962e-b393d1a8e328,ipt-goa-grandslam-11-0,Grand Slam 11.0 Goa Edition,Grand Slam,695b0746-b4ff-4123-8162-e6f14b3c16c9,Men's Beginner,Men's,beginner,A,group,2026-08-14,08:00,Court 1,2026-08-14T02:24:52.691Z,2026-08-14T03:11:45.448Z,Shaan Shah / Kushe Bahl,Aarman Kler / Angad Puar,Shaan Shah,Kushe Bahl,Aarman Kler,Angad Puar,6-8,0.0,1.0,6.0,8.0,6,8,2.0,,Race to 8,race,completed,Completed,tournament_page,Men's Beginner,4,8c72bdc2-6eff-4537-ba3a-ad4eaadd542d,api_member_ids,6892cafd-242b-468e-a1aa-cd2523e083a6,api_member_ids,821bda69-7b49-49ce-96f9-425f549eab3f,api_member_ids,fee9acbd-1e47-4ec5-a495-f49bad8748e6,api_member_ids,d5f00bc5-2776-41e2-bb68-2325a43f93c7,675b37e6-2dc0-4d20-9709-298908639fd4,e2af33e2-beae-476d-bb4d-3c1f71c1006e,1c1d06da-d4b6-43af-9c2f-24fe87e04124
84c5b5b0-306a-4212-871a-365c1df1a5c1,ipt-goa-grandslam-11-0,Grand Slam 11.0 Goa Edition,Grand Slam,695b0746-b4ff-4123-8162-e6f14b3c16c9,Men's Beginner,Men's,beginner,A,group,2026-08-14,08:00,Court 3,2026-08-14T02:24:03.074Z,2026-08-14T02:49:40.012Z,Divy Kothari / Priynash Kothari,Udhay Mahajan / Mayank Oberoi,Divy Kothari,Priynash Kothari,Udhay Mahajan,Mayank Oberoi,3-8,0.0,1.0,3.0,8.0,3,8,2.0,,Race to 8,race,completed,Completed,tournament_page,Men's Beginner,3,9ea9d377-325c-4e5e-8973-2502b62cf1fa,api_member_ids,ac9d1c3d-1aac-4acc-8ad0-1325faa75e44,api_member_ids,10a7cfb7-155c-48d3-b2a2-8c2bde421e4e,api_member_ids,3767fb18-b855-41eb-88d4-701e4cb81126,api_member_ids,ca51e4f4-2908-4525-b232-6f4f16c666fe,1a63cb5b-286d-417a-9004-2adb36cafac1,937af125-3240-4bcb-bc43-a986ee202e61,523d7414-3540-45b6-a7a2-b7d9a1125f6f
0ce933b4-45a7-4579-ac15-f72d346136db,ipt-goa-grandslam-11-0,Grand Slam 11.0 Goa Edition,Grand Slam,695b0746-b4ff-4123-8162-e6f14b3c16c9,Men's Beginner,Men's,beginner,B,group,2026-08-14,08:00,Court 2,2026-08-14T03:14:01.464Z,2026-08-14T03:30:32.743Z,Gautam Kaushal / Aman Goyal,Rayaprolu Sagar / Gopi Reddy,Gautam Kaushal,Aman Goyal,Rayaprolu Sagar,Gopi Reddy,8-0,1.0,0.0,8.0,0.0,8,0,1.0,,Race to 8,race,completed,Completed,tournament_page,Men's Beginner,4,4abc41a6-8e24-4eaa-a669-eadf2b1b7365,api_member_ids,6c67db09-ad9a-46d3-a0a3-5c4e7687587d,api_member_ids,5dd2f0f1-9e37-4f1b-9ed6-726f108ea1ea,api_member_ids,88c95f46-866c-4554-9859-95dbb6693a81,api_member_ids,319f581d-6438-4513-ac22-45370eafe3f6,1cbd2248-325e-40b5-bee8-e3bcb2aaeeed,fc665977-256c-4f45-8e88-bdd460b6710a,8e4c2eea-ab17-4cd0-84ef-82b8b0e948c6
97ba3dcc-c68a-493d-b433-7a3f07ffddfb,ipt-goa-grandslam-11-0,Grand Slam 11.0 Goa Edition,Grand Slam,695b0746-b4ff-4123-8162-e6f14b3c16c9,Men's Beginner,Men's,beginner,B,group,2026-08-14,08:30,Court 1,2026-08-14T03:04:13.236Z,2026-08-14T03:21:54.300Z,Sahil Dhingra / Maurya Nagpal,Vijay Aakash Nemakal / Shashank Tiwari,Sahil Dhingra,Maurya Nagpal,Vijay Aakash Nemakal,Shashank Tiwari,0-8,0.0,1.0,0.0,8.0,0,8,2.0,,Race to 8,race,completed,Completed,tournament_page,Men's Beginner,4,2ca1e3d6-f039-4d35-8a77-2dc758f3f972,api_member_ids,50389e26-ef8f-483a-a55a-97f02076536c,api_member_ids,3f741097-060e-44be-8402-0bb7f42b5b7e,api_member_ids,6677f696-648f-478e-b018-13a839d6a34e,api_member_ids,3abe56c2-111e-4c3b-82ef-6e14980fe613,e7786b33-fabd-475e-9895-92af238f3f55,9392d574-fab3-4874-bf87-9639b581fd5d,a76f8744-b43a-428b-8772-0d5c18a82aa8
245e0caa-0caa-4e08-a19b-77b08ade6eb8,ipt-goa-grandslam-11-0,Grand Slam 11.0 Goa Edition,Grand Slam,695b0746-b4ff-4123-8162-e6f14b3c16c9,Men's Beginner,Men's,beginner,D,group,2026-08-14,08:30,Court 2,2026-08-14T04:08:05.153Z,2026-08-14T04:08:16.826Z,Arnav Sanjeev / Sahil Kaushal,Joshua Lobo / Joshua Lobo Partner,Arnav Sanjeev,Sahil Kaushal,Joshua Lobo,Joshua Lobo Partner,8-1,1.0,0.0,8.0,1.0,8,1,1.0,Walkover,Race to 8,race,completed,Completed,tournament_page,Men's Beginner,4,a855af93-c390-4b32-9887-e39a874377df,api_member_ids,938c8f3a-d36f-47ea-b7bf-7fcd7aabacdd,api_member_ids,ff05cc74-ed3a-4f11-b5c9-b91e71e5f39d,api_member_ids,b6fcd7bf-693d-40ad-adbc-a23632357bf9,api_member_ids,d30605c0-e851-423a-8127-d56fd51be176,fff07c38-07c8-4292-afe2-68f4e5bf3e0e,c00c7fca-4569-4504-88d2-bf4baf94bf76,b6fcd7bf-693d-40ad-adbc-a23632357bf9
3ab9f696-daff-4f10-b023-04c8140cd69f,ipt-goa-grandslam-11-0,Grand Slam 11.0 Goa Edition,Grand Slam,695b0746-b4ff-4123-8162-e6f14b3c16c9,Men's Beginner,Men's,beginner,D,group,2026-08-14,08:30,Court 3,2026-08-14T04:06:09.854Z,2026-08-14T04:06:23.050Z,Shelton Mathew / Vishnu Shetty,Rudresh Shetye / Venctexa Burye,Shelton Mathew,Vishnu Shetty,Rudresh Shetye,Venctexa Burye,8-1,1.0,0.0,8.0,1.0,8,1,1.0,Walkover,Race to 8,race,completed,Completed,tournament_page,Men's Beginner,4,4fd7e826-a45c-45c1-974d-781f0cfc0621,api_member_ids,a821843c-1fe8-46ab-a563-39a2ac3b982e,api_member_ids,49e0b5fb-e92e-467e-b277-532aa91ecd88,api_member_ids,0179cc16-9672-4799-952f-5170933feabc,api_member_ids,c9c00e3d-4592-4ba8-8d0b-8178269d456f,ea0afe11-2b53-4ea4-9cd8-1e3a7f233c9a,e894fe8b-dcdf-4f16-aefc-e76a76598a08,bca24e78-e000-4119-8ea4-b453f7399d84
1b9cb0fa-206d-4384-b6d6-9d85e2252487,ipt-goa-grandslam-11-0,Grand Slam 11.0 Goa Edition,Grand Slam,695b0746-b4ff-4123-8162-e6f14b3c16c9,Men's Beginner,Men's,beginner,A,group,2026-08-14,09:00,Court 1,2026-08-14T03:24:45.815Z,2026-08-14T03:52:51.653Z,Shaan Shah / Kushe Bahl,Divy Kothari / Priynash Kothari,Shaan Shah,Kushe Bahl,Divy Kothari,Priynash Kothari,8-1,1.0,0.0,8.0,1.0,8,1,1.0,,Race to 8,race,completed,Completed,tournament_page,Men's Beginner,4,8c72bdc2-6eff-4537-ba3a-ad4eaadd542d,api_member_ids,6892cafd-242b-468e-a1aa-cd2523e083a6,api_member_ids,9ea9d377-325c-4e5e-8973-2502b62cf1fa,api_member_ids,ac9d1c3d-1aac-4acc-8ad0-1325faa75e44,api_member_ids,d5f00bc5-2776-41e2-bb68-2325a43f93c7,675b37e6-2dc0-4d20-9709-298908639fd4,ca51e4f4-2908-4525-b232-6f4f16c666fe,1a63cb5b-286d-417a-9004-2adb36cafac1
8a11eaf3-df4f-45e6-abcb-563f66dd48da,ipt-goa-grandslam-11-0,Grand Slam 11.0 Goa Edition,Grand Slam,695b0746-b4ff-4123-8162-e6f14b3c16c9,Men's Beginner,Men's,beginner,A,group,2026-08-14,09:00,Court 2,2026-08-14T03:38:41.676Z,2026-08-14T04:22:09.744Z,Aarman Kler / Angad Puar,Udhay Mahajan / Mayank Oberoi,Aarman Kler,Angad Puar,Udhay Mahajan,Mayank Oberoi,7-8,0.0,1.0,7.0,8.0,7,8,2.0,,Race to 8,race,completed,Completed,tournament_page,Men's Beginner,4,821bda69-7b49-49ce-96f9-425f549eab3f,api_member_ids,fee9acbd-1e47-4ec5-a495-f49bad8748e6,api_member_ids,10a7cfb7-155c-48d3-b2a2-8c2bde421e4e,api_member_ids,3767fb18-b855-41eb-88d4-701e4cb81126,api_member_ids,e2af33e2-beae-476d-bb4d-3c1f71c1006e,1c1d06da-d4b6-43af-9c2f-24fe87e04124,937af125-3240-4bcb-bc43-a986ee202e61,523d7414-3540-45b6-a7a2-b7d9a1125f6f
fd7483c2-c4b1-4cc4-ae7b-b2f4d436c94d,ipt-goa-grandslam-11-0,Grand Slam 11.0 Goa Edition,Grand Slam,695b0746-b4ff-4123-8162-e6f14b3c16c9,Men's Beginner,Men's,beginner,B,group,2026-08-14,09:00,Court 3,2026-08-14T03:35:25.619Z,2026-08-14T04:02:38.277Z,Gautam Kaushal / Aman Goyal,Sahil Dhingra / Maurya Nagpal,Gautam Kaushal,Aman Goyal,Sahil Dhingra,Maurya Nagpal,8-5,1.0,0.0,8.0,5.0,8,5,1.0,,Race to 8,race,completed,Completed,tournament_page,Men's Beginner,4,4abc41a6-8e24-4eaa-a669-eadf2b1b7365,api_member_ids,6c67db09-ad9a-46d3-a0a3-5c4e7687587d,api_member_ids,2ca1e3d6-f039-4d35-8a77-2dc758f3f972,api_member_ids,50389e26-ef8f-483a-a55a-97f02076536c,api_member_ids,319f581d-6438-4513-ac22-45370eafe3f6,1cbd2248-325e-40b5-bee8-e3bcb2aaeeed,3abe56c2-111e-4c3b-82ef-6e14980fe613,e7786b33-fabd-475e-9895-92af238f3f55
cbc51c60-d05b-41de-b054-b3e10710bcb1,ipt-goa-grandslam-11-0,Grand Slam 11.0 Goa Edition,Grand Slam,695b0746-b4ff-4123-8162-e6f14b3c16c9,Men's Beginner,Men's,beginner,B,group,2026-08-14,09:30,Court 1,2026-08-14T03:56:31.223Z,2026-08-14T04:23:12.240Z,Vijay Aakash Nemakal / Shashank Tiwari,Rayaprolu Sagar / Gopi Reddy,Vijay Aakash Nemakal,Shashank Tiwari,Rayaprolu Sagar,Gopi Reddy,8-3,1.0,0.0,8.0,3.0,8,3,1.0,,Race to 8,race,completed,Completed,tournament_page,Men's Beginner,4,3f741097-060e-44be-8402-0bb7f42b5b7e,api_member_ids,6677f696-648f-478e-b018-13a839d6a34e,api_member_ids,5dd2f0f1-9e37-4f1b-9ed6-726f108ea1ea,api_member_ids,88c95f46-866c-4554-9859-95dbb6693a81,api_member_ids,9392d574-fab3-4874-bf87-9639b581fd5d,a76f8744-b43a-428b-8772-0d5c18a82aa8,fc665977-256c-4f45-8e88-bdd460b6710a,8e4c2eea-ab17-4cd0-84ef-82b8b0e948c6
1c9acab4-6a7a-49b4-b352-ca1abbbed6aa,ipt-goa-grandslam-11-0,Grand Slam 11.0 Goa Edition,Grand Slam,695b0746-b4ff-4123-8162-e6f14b3c16c9,Men's Beginner,Men's,beginner,D,group,2026-08-14,09:30,Court 2,2026-08-14T03:02:17.101Z,2026-08-14T03:31:40.957Z,Arnav Sanjeev / Sahil Kaushal,Shelton Mathew / Vishnu Shetty,Arnav Sanjeev,Sahil Kaushal,Shelton Mathew,Vishnu Shetty,8-2,1.0,0.0,8.0,2.0,8,2,1.0,,Race to 8,race,completed,Completed,tournament_page,Men's Beginner,4,a855af93-c390-4b32-9887-e39a874377df,api_member_ids,938c8f3a-d36f-47ea-b7bf-7fcd7aabacdd,api_member_ids,4fd7e826-a45c-45c1-974d-781f0cfc0621,api_member_ids,a821843c-1fe8-46ab-a563-39a2ac3b982e,api_member_ids,d30605c0-e851-423a-8127-d56fd51be176,fff07c38-07c8-4292-afe2-68f4e5bf3e0e,c9c00e3d-4592-4ba8-8d0b-8178269d456f,ea0afe11-2b53-4ea4-9cd8-1e3a7f233c9a
750576ef-3eae-4823-91b6-cba2b45a1078,ipt-goa-grandslam-11-0,Grand Slam 11.0 Goa Edition,Grand Slam,695b0746-b4ff-4123-8162-e6f14b3c16c9,Men's Beginner,Men's,beginner,D,group,2026-08-14,09:30,Court 3,2026-08-14T04:06:38.695Z,2026-08-14T04:06:51.230Z,Joshua Lobo / Joshua Lobo Partner,Rudresh Shetye / Venctexa Burye,Joshua Lobo,Joshua Lobo Partner,Rudresh Shetye,Venctexa Burye,1-8,0.0,1.0,1.0,8.0,1,8,2.0,Walkover,Race to 8,race,completed,Completed,tournament_page,Men's Beginner,4,ff05cc74-ed3a-4f11-b5c9-b91e71e5f39d,api_member_ids,b6fcd7bf-693d-40ad-adbc-a23632357bf9,api_member_ids,49e0b5fb-e92e-467e-b277-532aa91ecd88,api_member_ids,0179cc16-9672-4799-952f-5170933feabc,api_member_ids,c00c7fca-4569-4504-88d2-bf4baf94bf76,b6fcd7bf-693d-40ad-adbc-a23632357bf9,e894fe8b-dcdf-4f16-aefc-e76a76598a08,bca24e78-e000-4119-8ea4-b453f7399d84
d2b9d0e8-64b3-4da3-a540-b05d00b6923c,ipt-goa-grandslam-11-0,Grand Slam 11.0 Goa Edition,Grand Slam,695b0746-b4ff-4123-8162-e6f14b3c16c9,Men's Beginner,Men's,beginner,QF,knockout,2026-08-15,19:40,Court 1,2026-08-15T15:31:50.197Z,2026-08-15T15:59:09.135Z,Udhay Mahajan / Mayank Oberoi,Shelton Mathew / Vishnu Shetty,Udhay Mahajan,Mayank Oberoi,Shelton Mathew,Vishnu Shetty,9-0,1.0,0.0,9.0,0.0,9,0,1.0,,Race to 9,race,completed,Completed,tournament_page,Men's Beginner,4,10a7cfb7-155c-48d3-b2a2-8c2bde421e4e,api_member_ids,3767fb18-b855-41eb-88d4-701e4cb81126,api_member_ids,4fd7e826-a45c-45c1-974d-781f0cfc0621,api_member_ids,a821843c-1fe8-46ab-a563-39a2ac3b982e,api_member_ids,937af125-3240-4bcb-bc43-a986ee202e61,523d7414-3540-45b6-a7a2-b7d9a1125f6f,c9c00e3d-4592-4ba8-8d0b-8178269d456f,ea0afe11-2b53-4ea4-9cd8-1e3a7f233c9a
d988aeca-2e22-4d18-9741-7dd7fc2b394b,ipt-goa-grandslam-11-0,Grand Slam 11.0 Goa Edition,Grand Slam,695b0746-b4ff-4123-8162-e6f14b3c16c9,Men's Beginner,Men's,beginner,QF,knockout,2026-08-15,19:40,Court 3,2026-08-15T15:35:07.184Z,2026-08-15T16:27:38.181Z,Gautam Kaushal / Aman Goyal,Suvir Singh / Teyjas Chaudhary,Gautam Kaushal,Aman Goyal,Suvir Singh,Teyjas Chaudhary,4-9,0.0,1.0,4.0,9.0,4,9,2.0,,Race to 9,race,completed,Completed,tournament_page,Men's Beginner,4,4abc41a6-8e24-4eaa-a669-eadf2b1b7365,api_member_ids,6c67db09-ad9a-46d3-a0a3-5c4e7687587d,api_member_ids,98307ab5-02a0-409d-b320-7c77b38a3c53,api_member_ids,2fb6f01b-24d6-44e9-95d3-7eca645d317e,api_member_ids,319f581d-6438-4513-ac22-45370eafe3f6,1cbd2248-325e-40b5-bee8-e3bcb2aaeeed,d6c7e144-192b-4586-a22d-7146fdd64e59,d6029718-fb8d-42cf-81b4-354731b52c7d
bb6aea0d-a48b-49cb-b2cd-5dd38b7dfc6c,ipt-goa-grandslam-11-0,Grand Slam 11.0 Goa Edition,Grand Slam,695b0746-b4ff-4123-8162-e6f14b3c16c9,Men's Beginner,Men's,beginner,QF,knockout,2026-08-15,19:40,Court 1,2026-08-15T14:50:45.125Z,2026-08-15T15:32:32.872Z,Abhi Panchu / Mukund Muthanna,Vijay Aakash Nemakal / Shashank Tiwari,Abhi Panchu,Mukund Muthanna,Vijay Aakash Nemakal,Shashank Tiwari,9-4,1.0,0.0,9.0,4.0,9,4,1.0,,Race to 9,race,completed,Completed,tournament_page,Men's Beginner,4,2fc76920-fbc0-4f8b-b8cc-cc92661a5f3e,api_member_ids,b1863a39-a660-43dd-8e1c-830d77223fe7,api_member_ids,3f741097-060e-44be-8402-0bb7f42b5b7e,api_member_ids,6677f696-648f-478e-b018-13a839d6a34e,api_member_ids,6693929c-d18e-4cc9-b88d-34bf55227b2c,122b1943-4100-43b9-9b78-b3e799715fc0,9392d574-fab3-4874-bf87-9639b581fd5d,a76f8744-b43a-428b-8772-0d5c18a82aa8
c7f7ab0a-3914-475f-ac77-6b8c1e2c7f84,ipt-goa-grandslam-11-0,Grand Slam 11.0 Goa Edition,Grand Slam,695b0746-b4ff-4123-8162-e6f14b3c16c9,Men's Beginner,Men's,beginner,QF,knockout,2026-08-15,20:20,Court 2,2026-08-15T16:01:17.393Z,2026-08-15T17:04:47.138Z,Arnav Sanjeev / Sahil Kaushal,Aarman Kler / Angad Puar,Arnav Sanjeev,Sahil Kaushal,Aarman Kler,Angad Puar,9-8,1.0,0.0,9.0,8.0,9,8,1.0,,Race to 9,race,completed,Completed,tournament_page,Men's Beginner,4,a855af93-c390-4b32-9887-e39a874377df,api_member_ids,938c8f3a-d36f-47ea-b7bf-7fcd7aabacdd,api_member_ids,821bda69-7b49-49ce-96f9-425f549eab3f,api_member_ids,fee9acbd-1e47-4ec5-a495-f49bad8748e6,api_member_ids,d30605c0-e851-423a-8127-d56fd51be176,fff07c38-07c8-4292-afe2-68f4e5bf3e0e,e2af33e2-beae-476d-bb4d-3c1f71c1006e,1c1d06da-d4b6-43af-9c2f-24fe87e04124
c296588d-6347-4bb1-918c-a8ba7fa65f96,ipt-goa-grandslam-11-0,Grand Slam 11.0 Goa Edition,Grand Slam,695b0746-b4ff-4123-8162-e6f14b3c16c9,Men's Beginner,Men's,beginner,SF,knockout,2026-08-16,10:30,Court 1,2026-08-16T05:15:04.907Z,2026-08-16T06:02:22.376Z,Udhay Mahajan / Mayank Oberoi,Arnav Sanjeev / Sahil Kaushal,Udhay Mahajan,Mayank Oberoi,Arnav Sanjeev,Sahil Kaushal,5-9,0.0,1.0,5.0,9.0,5,9,2.0,,Race to 9,race,completed,Completed,tournament_page,Men's Beginner,4,10a7cfb7-155c-48d3-b2a2-8c2bde421e4e,api_member_ids,3767fb18-b855-41eb-88d4-701e4cb81126,api_member_ids,a855af93-c390-4b32-9887-e39a874377df,api_member_ids,938c8f3a-d36f-47ea-b7bf-7fcd7aabacdd,api_member_ids,937af125-3240-4bcb-bc43-a986ee202e61,523d7414-3540-45b6-a7a2-b7d9a1125f6f,d30605c0-e851-423a-8127-d56fd51be176,fff07c38-07c8-4292-afe2-68f4e5bf3e0e
19571ad1-a6e0-4e8c-845d-9d316b346519,ipt-goa-grandslam-11-0,Grand Slam 11.0 Goa Edition,Grand Slam,695b0746-b4ff-4123-8162-e6f14b3c16c9,Men's Beginner,Men's,beginner,SF,knockout,2026-08-16,11:30,Court 1,2026-08-16T06:23:01.364Z,2026-08-16T06:58:00.525Z,Suvir Singh / Teyjas Chaudhary,Abhi Panchu / Mukund Muthanna,Suvir Singh,Teyjas Chaudhary,Abhi Panchu,Mukund Muthanna,3-9,0.0,1.0,3.0,9.0,3,9,2.0,,Race to 9,race,completed,Completed,tournament_page,Men's Beginner,4,98307ab5-02a0-409d-b320-7c77b38a3c53,api_member_ids,2fb6f01b-24d6-44e9-95d3-7eca645d317e,api_member_ids,2fc76920-fbc0-4f8b-b8cc-cc92661a5f3e,api_member_ids,b1863a39-a660-43dd-8e1c-830d77223fe7,api_member_ids,d6c7e144-192b-4586-a22d-7146fdd64e59,d6029718-fb8d-42cf-81b4-354731b52c7d,6693929c-d18e-4cc9-b88d-34bf55227b2c,122b1943-4100-43b9-9b78-b3e799715fc0
e4f30ae8-b7db-4100-a100-a37ce259f47c,ipt-goa-grandslam-11-0,Grand Slam 11.0 Goa Edition,Grand Slam,695b0746-b4ff-4123-8162-e6f14b3c16c9,Men's Beginner,Men's,beginner,F,knockout,2026-08-16,17:00,Court 2,2026-08-16T10:45:48.767Z,2026-08-16T11:50:40.514Z,Arnav Sanjeev / Sahil Kaushal,Abhi Panchu / Mukund Muthanna,Arnav Sanjeev,Sahil Kaushal,Abhi Panchu,Mukund Muthanna,"5-7, 1-6",0.0,2.0,6.0,13.0,5 1,7 6,2.0,,Best of 3 sets,sets,completed,Completed,tournament_page,Men's Beginner,4,a855af93-c390-4b32-9887-e39a874377df,api_member_ids,938c8f3a-d36f-47ea-b7bf-7fcd7aabacdd,api_member_ids,2fc76920-fbc0-4f8b-b8cc-cc92661a5f3e,api_member_ids,b1863a39-a660-43dd-8e1c-830d77223fe7,api_member_ids,d30605c0-e851-423a-8127-d56fd51be176,fff07c38-07c8-4292-afe2-68f4e5bf3e0e,6693929c-d18e-4cc9-b88d-34bf55227b2c,122b1943-4100-43b9-9b78-b3e799715fc0
e6d526fc-4eb5-4f30-8536-b24482c6fd9b,ipt-goa-grandslam-11-0,Grand Slam 11.0 Goa Edition,Grand Slam,8f9c3ee6-d54b-4ad7-8104-24a0dfb32bc4,Men's Intermediate,Men's,intermediate,C,group,2026-08-13,16:00,Court 1,2026-08-13T10:35:57.720Z,2026-08-13T11:27:08.356Z,Tejas Shevde / Nishad Shevde,Mikhail Mehra / Akshay Rai,Tejas Shevde,Nishad Shevde,Mikhail Mehra,Akshay Rai,8-7,1.0,0.0,8.0,7.0,8,7,1.0,,Race to 8,race,completed,Completed,tournament_page,Men's Intermediate,1,99aa5ae0-7537-4b6b-b6c3-e13ea17a8127,api_member_ids,4a6e40bd-2cd4-4535-95f1-ba51a03f719d,api_member_ids,acfa1b86-681a-4b86-91f3-09eba5e486f5,api_member_ids,7ae56644-dbba-41d5-a04d-ed0a503595f6,api_member_ids,22fa9d25-60eb-469f-93a1-ac79d88e8b79,20c48074-42f3-48b1-8dd4-d4ce8ef531d5,e7f0641b-68a1-4815-93ec-0e055247ae43,9caa261b-c1f6-48a0-b058-06c2bc4e6697
db80f37c-293f-4942-9259-f686be89bae5,ipt-goa-grandslam-11-0,Grand Slam 11.0 Goa Edition,Grand Slam,8f9c3ee6-d54b-4ad7-8104-24a0dfb32bc4,Men's Intermediate,Men's,intermediate,C,group,2026-08-13,16:00,Court 2,2026-08-13T10:58:49.469Z,2026-08-13T11:44:55.123Z,Rishabh Kalokhe / Kriday Sethi,Sheehan Furtado / Arik Badami,Rishabh Kalokhe,Kriday Sethi,Sheehan Furtado,Arik Badami,8-6,1.0,0.0,8.0,6.0,8,6,1.0,,Race to 8,race,completed,Completed,tournament_page,Men's Intermediate,4,d55bd4eb-f316-443e-bc77-b4223089bb9b,api_member_ids,8bb372e9-13f6-40be-9f1d-add1395ec813,api_member_ids,eb6e3572-7307-4365-8009-7450c28a8eae,api_member_ids,79665684-6161-45de-af8d-bff8b2fb798a,api_member_ids,09b33b49-acd8-41e9-9301-0f219466d4cf,deda9b4e-38f1-436c-b944-2a98213c7e7b,392aa621-4f1c-47b8-b44f-749674d98678,200eee29-41a5-42e8-b758-69f787ee8532
5c2a8bf3-b051-470e-a893-b443f7e5a93d,ipt-goa-grandslam-11-0,Grand Slam 11.0 Goa Edition,Grand Slam,8f9c3ee6-d54b-4ad7-8104-24a0dfb32bc4,Men's Intermediate,Men's,intermediate,C,group,2026-08-13,16:40,Court 2,2026-08-13T11:51:09.707Z,2026-08-13T12:17:48.616Z,Tejas Shevde / Nishad Shevde,Sheehan Furtado / Arik Badami,Tejas Shevde,Nishad Shevde,Sheehan Furtado,Arik Badami,8-2,1.0,0.0,8.0,2.0,8,2,1.0,,Race to 8,race,completed,Completed,tournament_page,Men's Intermediate,4,99aa5ae0-7537-4b6b-b6c3-e13ea17a8127,api_member_ids,4a6e40bd-2cd4-4535-95f1-ba51a03f719d,api_member_ids,eb6e3572-7307-4365-8009-7450c28a8eae,api_member_ids,79665684-6161-45de-af8d-bff8b2fb798a,api_member_ids,22fa9d25-60eb-469f-93a1-ac79d88e8b79,20c48074-42f3-48b1-8dd4-d4ce8ef531d5,392aa621-4f1c-47b8-b44f-749674d98678,200eee29-41a5-42e8-b758-69f787ee8532
7dd225a1-76ce-4dcb-b102-551b8cd04203,ipt-goa-grandslam-11-0,Grand Slam 11.0 Goa Edition,Grand Slam,8f9c3ee6-d54b-4ad7-8104-24a0dfb32bc4,Men's Intermediate,Men's,intermediate,C,group,2026-08-13,16:40,Court 3,2026-08-13T11:52:44.676Z,2026-08-13T12:29:58.251Z,Rishabh Kalokhe / Kriday Sethi,Mikhail Mehra / Akshay Rai,Rishabh Kalokhe,Kriday Sethi,Mikhail Mehra,Akshay Rai,4-8,0.0,1.0,4.0,8.0,4,8,2.0,,Race to 8,race,completed,Completed,tournament_page,Men's Intermediate,4,d55bd4eb-f316-443e-bc77-b4223089bb9b,api_member_ids,8bb372e9-13f6-40be-9f1d-add1395ec813,api_member_ids,acfa1b86-681a-4b86-91f3-09eba5e486f5,api_member_ids,7ae56644-dbba-41d5-a04d-ed0a503595f6,api_member_ids,09b33b49-acd8-41e9-9301-0f219466d4cf,deda9b4e-38f1-436c-b944-2a98213c7e7b,e7f0641b-68a1-4815-93ec-0e055247ae43,9caa261b-c1f6-48a0-b058-06c2bc4e6697
2129de25-2b68-4bda-b4b4-ff52efbca0ee,ipt-goa-grandslam-11-0,Grand Slam 11.0 Goa Edition,Grand Slam,8f9c3ee6-d54b-4ad7-8104-24a0dfb32bc4,Men's Intermediate,Men's,intermediate,C,group,2026-08-13,18:00,Court 1,2026-08-13T13:07:30.021Z,2026-08-13T13:44:14.006Z,Tejas Shevde / Nishad Shevde,Rishabh Kalokhe / Kriday Sethi,Tejas Shevde,Nishad Shevde,Rishabh Kalokhe,Kriday Sethi,8-5,1.0,0.0,8.0,5.0,8,5,1.0,,Race to 8,race,completed,Completed,tournament_page,Men's Intermediate,4,99aa5ae0-7537-4b6b-b6c3-e13ea17a8127,api_member_ids,4a6e40bd-2cd4-4535-95f1-ba51a03f719d,api_member_ids,d55bd4eb-f316-443e-bc77-b4223089bb9b,api_member_ids,8bb372e9-13f6-40be-9f1d-add1395ec813,api_member_ids,22fa9d25-60eb-469f-93a1-ac79d88e8b79,20c48074-42f3-48b1-8dd4-d4ce8ef531d5,09b33b49-acd8-41e9-9301-0f219466d4cf,deda9b4e-38f1-436c-b944-2a98213c7e7b
7a3d1d5f-5e2b-41d9-aece-6e1310543043,ipt-goa-grandslam-11-0,Grand Slam 11.0 Goa Edition,Grand Slam,8f9c3ee6-d54b-4ad7-8104-24a0dfb32bc4,Men's Intermediate,Men's,intermediate,C,group,2026-08-13,18:00,Court 2,2026-08-13T13:13:31.378Z,2026-08-13T13:53:22.067Z,Sheehan Furtado / Arik Badami,Mikhail Mehra / Akshay Rai,Sheehan Furtado,Arik Badami,Mikhail Mehra,Akshay Rai,6-8,0.0,1.0,6.0,8.0,6,8,2.0,,Race to 8,race,completed,Completed,tournament_page,Men's Intermediate,4,eb6e3572-7307-4365-8009-7450c28a8eae,api_member_ids,79665684-6161-45de-af8d-bff8b2fb798a,api_member_ids,acfa1b86-681a-4b86-91f3-09eba5e486f5,api_member_ids,7ae56644-dbba-41d5-a04d-ed0a503595f6,api_member_ids,392aa621-4f1c-47b8-b44f-749674d98678,200eee29-41a5-42e8-b758-69f787ee8532,e7f0641b-68a1-4815-93ec-0e055247ae43,9caa261b-c1f6-48a0-b058-06c2bc4e6697
a9f98e2b-6049-4bda-9e40-6dc483a57e94,ipt-goa-grandslam-11-0,Grand Slam 11.0 Goa Edition,Grand Slam,8f9c3ee6-d54b-4ad7-8104-24a0dfb32bc4,Men's Intermediate,Men's,intermediate,E,group,2026-08-14,10:00,Court 1,2026-08-14T04:36:59.166Z,2026-08-14T05:04:46.515Z,Tanveer Singh / Gandharv Bajaj,Eshant Uppal / Sheriar Mazda,Tanveer Singh,Gandharv Bajaj,Eshant Uppal,Sheriar Mazda,8-1,1.0,0.0,8.0,1.0,8,1,1.0,,Race to 8,race,completed,Completed,tournament_page,Men's Intermediate,3,ddb10849-80d7-4445-a21f-8b51010f3dee,api_member_ids,c1023ad9-075c-47e5-b684-c5bdb4bbf31a,api_member_ids,f10361b9-af81-48db-8dc6-5bdb33b72c6a,api_member_ids,5b4e9c11-4974-4fcc-bd97-31bf8e12050d,api_member_ids,cc829430-d993-4a97-adf8-7956f37217c4,3e4f7fb3-41eb-4ae9-a1b3-a4f26262843c,2e3b6036-aed0-42e9-bada-c890431aac91,1aa45cba-db8d-4d65-9600-54ec36a14be6
311a314a-912c-4f11-b2b8-1d104fc57962,ipt-goa-grandslam-11-0,Grand Slam 11.0 Goa Edition,Grand Slam,8f9c3ee6-d54b-4ad7-8104-24a0dfb32bc4,Men's Intermediate,Men's,intermediate,E,group,2026-08-14,10:00,Court 2,2026-08-14T04:42:14.990Z,2026-08-14T05:12:14.784Z,Suhail Kapur / Parth Bhatia,Prateek Gambhir / Yugantar Malhotra,Suhail Kapur,Parth Bhatia,Prateek Gambhir,Yugantar Malhotra,5-8,0.0,1.0,5.0,8.0,5,8,2.0,,Race to 8,race,completed,Completed,tournament_page,Men's Intermediate,3,78ea93d2-90f5-4312-a0d6-737a0e704130,api_member_ids,1fe46b92-d550-4c02-81f6-489cb553411b,api_member_ids,9dfae00e-eb77-4ee8-9f32-fb38a9a5cb3a,api_member_ids,8f0e0463-82c3-4822-8b7e-58ec37cde83e,api_member_ids,3ec1f7b7-c777-4474-b3c9-b305695f1c5e,96a26dda-6717-4e5d-89e4-b3656d56e3a6,e9d083eb-6301-4b1e-93d4-47c66add735b,a6a043c5-0c46-4441-ab7a-b003cddb0417
b755397c-2a31-4642-8ec7-f5bfaa8c89db,ipt-goa-grandslam-11-0,Grand Slam 11.0 Goa Edition,Grand Slam,8f9c3ee6-d54b-4ad7-8104-24a0dfb32bc4,Men's Intermediate,Men's,intermediate,B,group,2026-08-14,10:00,Court 3,2026-08-14T04:31:59.016Z,2026-08-14T05:08:47.323Z,Rahul Chandwani / Rahul Khanna,Arjun Raju / Abhinav Grover,Rahul Chandwani,Rahul Khanna,Arjun Raju,Abhinav Grover,5-8,0.0,1.0,5.0,8.0,5,8,2.0,,Race to 8,race,completed,Completed,tournament_page,Men's Intermediate,3,ea36ad45-24c2-4b1d-b812-8ebcf72eb5b2,api_member_ids,1ef2542e-4b4d-481d-ad8f-dc4e9fde3982,api_member_ids,74a7e384-3f53-44ee-80d0-059e3fa60e1c,api_member_ids,f6c641f1-29cd-45ed-b4df-1421d76f48d3,api_member_ids,40aeccab-dfcf-453c-beb6-fe21963d5bf6,25182123-c5c2-4743-8cb6-eed35813fad8,601bad6f-5ae0-473c-9251-9cec835bd4af,58635f04-21ff-4194-b5aa-f6626ec09bea
bee905cc-e47d-4c29-b6d9-d925c36c8855,ipt-goa-grandslam-11-0,Grand Slam 11.0 Goa Edition,Grand Slam,8f9c3ee6-d54b-4ad7-8104-24a0dfb32bc4,Men's Intermediate,Men's,intermediate,B,group,2026-08-14,10:30,Court 1,2026-08-14T05:09:17.357Z,2026-08-14T05:41:33.075Z,R S Abhishek / Siddharth Satheesan,Sagar Patodia / Ronak Bhojani,R S Abhishek,Siddharth Satheesan,Sagar Patodia,Ronak Bhojani,8-1,1.0,0.0,8.0,1.0,8,1,1.0,,Race to 8,race,completed,Completed,tournament_page,Men's Intermediate,3,953b53cb-dcf0-4d4b-a3c3-9bd95488b0d4,api_member_ids,c1fac66c-3ce8-43d8-8c0c-85d463264584,api_member_ids,d53d58f6-276e-46d7-b68f-122f5cffc310,api_member_ids,9dd10c8d-d850-4642-9043-7431470cebc9,api_member_ids,38ed2fd2-55d2-4423-9201-8ea93bb3a7bc,3d6ad97b-7f72-4201-802a-ee37a1acc847,5e3d1607-34df-454a-9536-b5e97baf292b,5f6b75e1-ec7c-4bea-9969-2ba0fc7d30bd
dd3b1951-91df-4dc3-afed-c00cff51bc0a,ipt-goa-grandslam-11-0,Grand Slam 11.0 Goa Edition,Grand Slam,8f9c3ee6-d54b-4ad7-8104-24a0dfb32bc4,Men's Intermediate,Men's,intermediate,F,group,2026-08-14,10:30,Court 2,2026-08-14T05:16:22.560Z,2026-08-14T05:48:23.991Z,Mehul Bansal / Vaibhav Sahni,Mayank Daga / Shikhar Kumar,Mehul Bansal,Vaibhav Sahni,Mayank Daga,Shikhar Kumar,8-3,1.0,0.0,8.0,3.0,8,3,1.0,,Race to 8,race,completed,Completed,tournament_page,Men's Intermediate,1,cebed5c0-9f8f-4458-aaa4-0ee2b6f25f10,api_member_ids,8850ef35-01ed-405d-acb6-6bd23a45b747,api_member_ids,15061bb7-8b57-4367-b302-35d512b70b74,api_member_ids,a791964a-f0c5-42b4-8325-828bd695b346,api_member_ids,4e24c48d-8303-459b-a9d6-b8f3c01bd6f6,e8afb0d5-8961-4efb-9b03-d589a70e7e2b,bc7d4b35-41f7-4388-abb0-6a52f72f5498,25171781-4c05-4cc5-9305-e75fc1961c8d
f7cadaf6-ba89-4418-aea4-d9dd92e7c127,ipt-goa-grandslam-11-0,Grand Slam 11.0 Goa Edition,Grand Slam,8f9c3ee6-d54b-4ad7-8104-24a0dfb32bc4,Men's Intermediate,Men's,intermediate,F,group,2026-08-14,10:30,Court 3,2026-08-14T05:13:56.954Z,2026-08-14T05:55:16.826Z,Yashvardhan Sarda / Suyash Vishnoi,Raghul Arvind / Tushar Jain,Yashvardhan Sarda,Suyash Vishnoi,Raghul Arvind,Tushar Jain,8-3,1.0,0.0,8.0,3.0,8,3,1.0,,Race to 8,race,completed,Completed,tournament_page,Men's Intermediate,3,33e396ff-a084-4b28-b360-ff47e5b98714,api_member_ids,cb8b4fb5-f72f-42c7-94c1-b7963e5c6e68,api_member_ids,91fe8369-14e1-4871-b264-ff9edce13af8,api_member_ids,b178e479-c490-48b3-85f0-5c8443c1bad4,api_member_ids,20ec9040-2dfc-4190-b314-780cd8725cee,9d28bf2e-9030-427f-a7d5-34c155dcf6e4,157506c1-3339-4ecc-b64a-33d7ac9f0700,bfb135bb-70d6-40cc-822c-ca52751e79c9
dab0cf52-730f-4a9f-9478-fc59b57cd431,ipt-goa-grandslam-11-0,Grand Slam 11.0 Goa Edition,Grand Slam,8f9c3ee6-d54b-4ad7-8104-24a0dfb32bc4,Men's Intermediate,Men's,intermediate,E,group,2026-08-14,11:10,Court 1,2026-08-14T05:44:10.637Z,2026-08-14T06:34:24.247Z,Tanveer Singh / Gandharv Bajaj,Prateek Gambhir / Yugantar Malhotra,Tanveer Singh,Gandharv Bajaj,Prateek Gambhir,Yugantar Malhotra,8-5,1.0,0.0,8.0,5.0,8,5,1.0,,Race to 8,race,completed,Completed,tournament_page,Men's Intermediate,4,ddb10849-80d7-4445-a21f-8b51010f3dee,api_member_ids,c1023ad9-075c-47e5-b684-c5bdb4bbf31a,api_member_ids,9dfae00e-eb77-4ee8-9f32-fb38a9a5cb3a,api_member_ids,8f0e0463-82c3-4822-8b7e-58ec37cde83e,api_member_ids,cc829430-d993-4a97-adf8-7956f37217c4,3e4f7fb3-41eb-4ae9-a1b3-a4f26262843c,e9d083eb-6301-4b1e-93d4-47c66add735b,a6a043c5-0c46-4441-ab7a-b003cddb0417
33f2aa08-01bc-4f86-9db2-4ee5b28d1e69,ipt-goa-grandslam-11-0,Grand Slam 11.0 Goa Edition,Grand Slam,8f9c3ee6-d54b-4ad7-8104-24a0dfb32bc4,Men's Intermediate,Men's,intermediate,E,group,2026-08-14,11:10,Court 2,2026-08-14T05:52:59.438Z,2026-08-14T06:16:25.184Z,Suhail Kapur / Parth Bhatia,Eshant Uppal / Sheriar Mazda,Suhail Kapur,Parth Bhatia,Eshant Uppal,Sheriar Mazda,4-8,0.0,1.0,4.0,8.0,4,8,2.0,,Race to 8,race,completed,Completed,tournament_page,Men's Intermediate,4,78ea93d2-90f5-4312-a0d6-737a0e704130,api_member_ids,1fe46b92-d550-4c02-81f6-489cb553411b,api_member_ids,f10361b9-af81-48db-8dc6-5bdb33b72c6a,api_member_ids,5b4e9c11-4974-4fcc-bd97-31bf8e12050d,api_member_ids,3ec1f7b7-c777-4474-b3c9-b305695f1c5e,96a26dda-6717-4e5d-89e4-b3656d56e3a6,2e3b6036-aed0-42e9-bada-c890431aac91,1aa45cba-db8d-4d65-9600-54ec36a14be6
cfc9092d-1105-4510-a717-d1d9d7659bd7,ipt-goa-grandslam-11-0,Grand Slam 11.0 Goa Edition,Grand Slam,8f9c3ee6-d54b-4ad7-8104-24a0dfb32bc4,Men's Intermediate,Men's,intermediate,B,group,2026-08-14,11:10,Court 3,2026-08-14T05:58:43.570Z,2026-08-14T06:23:52.603Z,Rahul Chandwani / Rahul Khanna,Sagar Patodia / Ronak Bhojani,Rahul Chandwani,Rahul Khanna,Sagar Patodia,Ronak Bhojani,8-0,1.0,0.0,8.0,0.0,8,0,1.0,,Race to 8,race,completed,Completed,tournament_page,Men's Intermediate,4,ea36ad45-24c2-4b1d-b812-8ebcf72eb5b2,api_member_ids,1ef2542e-4b4d-481d-ad8f-dc4e9fde3982,api_member_ids,d53d58f6-276e-46d7-b68f-122f5cffc310,api_member_ids,9dd10c8d-d850-4642-9043-7431470cebc9,api_member_ids,40aeccab-dfcf-453c-beb6-fe21963d5bf6,25182123-c5c2-4743-8cb6-eed35813fad8,5e3d1607-34df-454a-9536-b5e97baf292b,5f6b75e1-ec7c-4bea-9969-2ba0fc7d30bd
071f1a8f-3954-462b-a65a-5533463922c6,ipt-goa-grandslam-11-0,Grand Slam 11.0 Goa Edition,Grand Slam,8f9c3ee6-d54b-4ad7-8104-24a0dfb32bc4,Men's Intermediate,Men's,intermediate,B,group,2026-08-14,11:50,Court 1,2026-08-14T06:36:13.299Z,2026-08-14T07:08:10.778Z,R S Abhishek / Siddharth Satheesan,Arjun Raju / Abhinav Grover,R S Abhishek,Siddharth Satheesan,Arjun Raju,Abhinav Grover,2-8,0.0,1.0,2.0,8.0,2,8,2.0,,Race to 8,race,completed,Completed,tournament_page,Men's Intermediate,2,953b53cb-dcf0-4d4b-a3c3-9bd95488b0d4,api_member_ids,c1fac66c-3ce8-43d8-8c0c-85d463264584,api_member_ids,74a7e384-3f53-44ee-80d0-059e3fa60e1c,api_member_ids,f6c641f1-29cd-45ed-b4df-1421d76f48d3,api_member_ids,38ed2fd2-55d2-4423-9201-8ea93bb3a7bc,3d6ad97b-7f72-4201-802a-ee37a1acc847,601bad6f-5ae0-473c-9251-9cec835bd4af,58635f04-21ff-4194-b5aa-f6626ec09bea
bda9fa26-bb02-40cb-a84d-75aff8122619,ipt-goa-grandslam-11-0,Grand Slam 11.0 Goa Edition,Grand Slam,8f9c3ee6-d54b-4ad7-8104-24a0dfb32bc4,Men's Intermediate,Men's,intermediate,F,group,2026-08-14,11:50,Court 2,2026-08-14T06:21:49.526Z,2026-08-14T06:58:13.623Z,Mehul Bansal / Vaibhav Sahni,Raghul Arvind / Tushar Jain,Mehul Bansal,Vaibhav Sahni,Raghul Arvind,Tushar Jain,8-5,1.0,0.0,8.0,5.0,8,5,1.0,,Race to 8,race,completed,Completed,tournament_page,Men's Intermediate,4,cebed5c0-9f8f-4458-aaa4-0ee2b6f25f10,api_member_ids,8850ef35-01ed-405d-acb6-6bd23a45b747,api_member_ids,91fe8369-14e1-4871-b264-ff9edce13af8,api_member_ids,b178e479-c490-48b3-85f0-5c8443c1bad4,api_member_ids,4e24c48d-8303-459b-a9d6-b8f3c01bd6f6,e8afb0d5-8961-4efb-9b03-d589a70e7e2b,157506c1-3339-4ecc-b64a-33d7ac9f0700,bfb135bb-70d6-40cc-822c-ca52751e79c9
17c5ad30-6d2e-4667-aa7f-b7ad341d6c42,ipt-goa-grandslam-11-0,Grand Slam 11.0 Goa Edition,Grand Slam,8f9c3ee6-d54b-4ad7-8104-24a0dfb32bc4,Men's Intermediate,Men's,intermediate,F,group,2026-08-14,11:50,Court 3,2026-08-14T06:27:22.876Z,2026-08-14T07:04:24.294Z,Yashvardhan Sarda / Suyash Vishnoi,Mayank Daga / Shikhar Kumar,Yashvardhan Sarda,Suyash Vishnoi,Mayank Daga,Shikhar Kumar,4-8,0.0,1.0,4.0,8.0,4,8,2.0,,Race to 8,race,completed,Completed,tournament_page,Men's Intermediate,4,33e396ff-a084-4b28-b360-ff47e5b98714,api_member_ids,cb8b4fb5-f72f-42c7-94c1-b7963e5c6e68,api_member_ids,15061bb7-8b57-4367-b302-35d512b70b74,api_member_ids,a791964a-f0c5-42b4-8325-828bd695b346,api_member_ids,20ec9040-2dfc-4190-b314-780cd8725cee,9d28bf2e-9030-427f-a7d5-34c155dcf6e4,bc7d4b35-41f7-4388-abb0-6a52f72f5498,25171781-4c05-4cc5-9305-e75fc1961c8d
d78a8142-a587-4ecb-860f-d28fdb11ef60,ipt-goa-grandslam-11-0,Grand Slam 11.0 Goa Edition,Grand Slam,8f9c3ee6-d54b-4ad7-8104-24a0dfb32bc4,Men's Intermediate,Men's,intermediate,E,group,2026-08-14,12:30,Court 1,2026-08-14T07:10:18.070Z,2026-08-14T07:43:35.388Z,Tanveer Singh / Gandharv Bajaj,Suhail Kapur / Parth Bhatia,Tanveer Singh,Gandharv Bajaj,Suhail Kapur,Parth Bhatia,8-4,1.0,0.0,8.0,4.0,8,4,1.0,,Race to 8,race,completed,Completed,tournament_page,Men's Intermediate,4,ddb10849-80d7-4445-a21f-8b51010f3dee,api_member_ids,c1023ad9-075c-47e5-b684-c5bdb4bbf31a,api_member_ids,78ea93d2-90f5-4312-a0d6-737a0e704130,api_member_ids,1fe46b92-d550-4c02-81f6-489cb553411b,api_member_ids,cc829430-d993-4a97-adf8-7956f37217c4,3e4f7fb3-41eb-4ae9-a1b3-a4f26262843c,3ec1f7b7-c777-4474-b3c9-b305695f1c5e,96a26dda-6717-4e5d-89e4-b3656d56e3a6
dbe39b7f-95c4-4779-9068-e4f6c7aecdb7,ipt-goa-grandslam-11-0,Grand Slam 11.0 Goa Edition,Grand Slam,8f9c3ee6-d54b-4ad7-8104-24a0dfb32bc4,Men's Intermediate,Men's,intermediate,E,group,2026-08-14,12:30,Court 2,2026-08-14T06:59:33.598Z,2026-08-14T07:33:59.229Z,Prateek Gambhir / Yugantar Malhotra,Eshant Uppal / Sheriar Mazda,Prateek Gambhir,Yugantar Malhotra,Eshant Uppal,Sheriar Mazda,4-8,0.0,1.0,4.0,8.0,4,8,2.0,,Race to 8,race,completed,Completed,tournament_page,Men's Intermediate,4,9dfae00e-eb77-4ee8-9f32-fb38a9a5cb3a,api_member_ids,8f0e0463-82c3-4822-8b7e-58ec37cde83e,api_member_ids,f10361b9-af81-48db-8dc6-5bdb33b72c6a,api_member_ids,5b4e9c11-4974-4fcc-bd97-31bf8e12050d,api_member_ids,e9d083eb-6301-4b1e-93d4-47c66add735b,a6a043c5-0c46-4441-ab7a-b003cddb0417,2e3b6036-aed0-42e9-bada-c890431aac91,1aa45cba-db8d-4d65-9600-54ec36a14be6
0eaea3cc-08a6-48f1-9d3a-19a98bdeca74,ipt-goa-grandslam-11-0,Grand Slam 11.0 Goa Edition,Grand Slam,8f9c3ee6-d54b-4ad7-8104-24a0dfb32bc4,Men's Intermediate,Men's,intermediate,B,group,2026-08-14,12:30,Court 3,2026-08-14T07:14:36.475Z,2026-08-14T08:27:24.975Z,Rahul Chandwani / Rahul Khanna,R S Abhishek / Siddharth Satheesan,Rahul Chandwani,Rahul Khanna,R S Abhishek,Siddharth Satheesan,8-7,1.0,0.0,8.0,7.0,8,7,1.0,,Race to 8,race,completed,Completed,tournament_page,Men's Intermediate,4,ea36ad45-24c2-4b1d-b812-8ebcf72eb5b2,api_member_ids,1ef2542e-4b4d-481d-ad8f-dc4e9fde3982,api_member_ids,953b53cb-dcf0-4d4b-a3c3-9bd95488b0d4,api_member_ids,c1fac66c-3ce8-43d8-8c0c-85d463264584,api_member_ids,40aeccab-dfcf-453c-beb6-fe21963d5bf6,25182123-c5c2-4743-8cb6-eed35813fad8,38ed2fd2-55d2-4423-9201-8ea93bb3a7bc,3d6ad97b-7f72-4201-802a-ee37a1acc847
d93ac3f6-2602-46e2-bd76-c9a34866b375,ipt-goa-grandslam-11-0,Grand Slam 11.0 Goa Edition,Grand Slam,8f9c3ee6-d54b-4ad7-8104-24a0dfb32bc4,Men's Intermediate,Men's,intermediate,B,group,2026-08-14,13:10,Court 1,2026-08-14T07:48:49.270Z,2026-08-14T08:12:16.905Z,Sagar Patodia / Ronak Bhojani,Arjun Raju / Abhinav Grover,Sagar Patodia,Ronak Bhojani,Arjun Raju,Abhinav Grover,0-8,0.0,1.0,0.0,8.0,0,8,2.0,,Race to 8,race,completed,Completed,tournament_page,Men's Intermediate,4,d53d58f6-276e-46d7-b68f-122f5cffc310,api_member_ids,9dd10c8d-d850-4642-9043-7431470cebc9,api_member_ids,74a7e384-3f53-44ee-80d0-059e3fa60e1c,api_member_ids,f6c641f1-29cd-45ed-b4df-1421d76f48d3,api_member_ids,5e3d1607-34df-454a-9536-b5e97baf292b,5f6b75e1-ec7c-4bea-9969-2ba0fc7d30bd,601bad6f-5ae0-473c-9251-9cec835bd4af,58635f04-21ff-4194-b5aa-f6626ec09bea
4c8546dd-c950-4fae-a79a-df9f01fb2f63,ipt-goa-grandslam-11-0,Grand Slam 11.0 Goa Edition,Grand Slam,8f9c3ee6-d54b-4ad7-8104-24a0dfb32bc4,Men's Intermediate,Men's,intermediate,F,group,2026-08-14,13:10,Court 2,2026-08-14T07:39:55.438Z,2026-08-14T08:12:45.995Z,Mehul Bansal / Vaibhav Sahni,Yashvardhan Sarda / Suyash Vishnoi,Mehul Bansal,Vaibhav Sahni,Yashvardhan Sarda,Suyash Vishnoi,8-4,1.0,0.0,8.0,4.0,8,4,1.0,,Race to 8,race,completed,Completed,tournament_page,Men's Intermediate,4,cebed5c0-9f8f-4458-aaa4-0ee2b6f25f10,api_member_ids,8850ef35-01ed-405d-acb6-6bd23a45b747,api_member_ids,33e396ff-a084-4b28-b360-ff47e5b98714,api_member_ids,cb8b4fb5-f72f-42c7-94c1-b7963e5c6e68,api_member_ids,4e24c48d-8303-459b-a9d6-b8f3c01bd6f6,e8afb0d5-8961-4efb-9b03-d589a70e7e2b,20ec9040-2dfc-4190-b314-780cd8725cee,9d28bf2e-9030-427f-a7d5-34c155dcf6e4
8965bf59-4412-474c-b76e-07eb745e1840,ipt-goa-grandslam-11-0,Grand Slam 11.0 Goa Edition,Grand Slam,8f9c3ee6-d54b-4ad7-8104-24a0dfb32bc4,Men's Intermediate,Men's,intermediate,F,group,2026-08-14,13:10,Court 3,2026-08-14T08:31:48.172Z,2026-08-14T09:05:27.963Z,Raghul Arvind / Tushar Jain,Mayank Daga / Shikhar Kumar,Raghul Arvind,Tushar Jain,Mayank Daga,Shikhar Kumar,4-8,0.0,1.0,4.0,8.0,4,8,2.0,,Race to 8,race,completed,Completed,tournament_page,Men's Intermediate,4,91fe8369-14e1-4871-b264-ff9edce13af8,api_member_ids,b178e479-c490-48b3-85f0-5c8443c1bad4,api_member_ids,15061bb7-8b57-4367-b302-35d512b70b74,api_member_ids,a791964a-f0c5-42b4-8325-828bd695b346,api_member_ids,157506c1-3339-4ecc-b64a-33d7ac9f0700,bfb135bb-70d6-40cc-822c-ca52751e79c9,bc7d4b35-41f7-4388-abb0-6a52f72f5498,25171781-4c05-4cc5-9305-e75fc1961c8d
3f2ee009-7394-4f99-ab0e-158c79abbe04,ipt-goa-grandslam-11-0,Grand Slam 11.0 Goa Edition,Grand Slam,8f9c3ee6-d54b-4ad7-8104-24a0dfb32bc4,Men's Intermediate,Men's,intermediate,D,group,2026-08-14,13:50,Court 1,2026-08-14T08:19:16.603Z,2026-08-14T09:08:10.262Z,Raghav Bansal / Karan Bansal,Manan Gupta / Akshit Chaudhary,Raghav Bansal,Karan Bansal,Manan Gupta,Akshit Chaudhary,7-8,0.0,1.0,7.0,8.0,7,8,2.0,,Race to 8,race,completed,Completed,tournament_page,Men's Intermediate,4,6a3070aa-afd1-4319-9aa8-8376abb53ec0,api_member_ids,7f46ff27-3043-4e9f-bdc5-c97c8b590e83,api_member_ids,787505dd-9f13-4ef2-a4ae-eb81af687abf,api_member_ids,8b5f340d-6e89-4c2e-b8e5-d2a300ca3f85,api_member_ids,04ada744-e06b-4792-a0fe-f27e14e8b123,82582033-b7ab-470e-8ae1-c942ea734482,d4fc16b8-9af1-4643-ba74-a2567b7c7a0e,ae5fd69e-a150-4556-a84b-6148d4082013
cfad9065-e732-4e0a-8e37-02317b378de5,ipt-goa-grandslam-11-0,Grand Slam 11.0 Goa Edition,Grand Slam,8f9c3ee6-d54b-4ad7-8104-24a0dfb32bc4,Men's Intermediate,Men's,intermediate,D,group,2026-08-14,13:50,Court 2,2026-08-14T08:21:21.350Z,2026-08-14T08:57:11.061Z,Ishan Maitreya / Anuj Vaghani,Punit Chawla / Sandeep Chawla,Ishan Maitreya,Anuj Vaghani,Punit Chawla,Sandeep Chawla,8-6,1.0,0.0,8.0,6.0,8,6,1.0,,Race to 8,race,completed,Completed,tournament_page,Men's Intermediate,4,5938a1b7-dfbe-4c9a-8eb1-4debd778d000,api_member_ids,a49f1be2-0fd0-4ea7-81e9-c04f42d129ed,api_member_ids,db525122-7288-4cef-a60c-57d5465c23d2,api_member_ids,f3fe6938-52ee-41b1-af50-ec82c5c39f31,api_member_ids,276b3ac2-4b22-44f8-a1d5-5b8f3ac54703,9416cf03-6642-419c-b3db-4be83108a39d,0559ca2d-64a8-4dfd-a966-b36f416f4f0d,09d55f2f-dc52-4077-ada4-f4bbe09c29a4
03cf6a96-2f99-40d6-a062-a69b65972c4e,ipt-goa-grandslam-11-0,Grand Slam 11.0 Goa Edition,Grand Slam,8f9c3ee6-d54b-4ad7-8104-24a0dfb32bc4,Men's Intermediate,Men's,intermediate,A,group,2026-08-14,13:50,Court 3,2026-08-14T10:06:42.022Z,2026-08-14T10:55:37.943Z,Pratham Jain / Hritesh Agarwal,Tammineedi Jayanth / Vineeth Mutyala,Pratham Jain,Hritesh Agarwal,Tammineedi Jayanth,Vineeth Mutyala,6-8,0.0,1.0,6.0,8.0,6,8,2.0,,Race to 8,race,completed,Completed,tournament_page,Men's Intermediate,2,3e4cd9d1-4aaf-4f21-b6ff-75e43cbac6e4,api_member_ids,db4244f2-196a-41e4-bd02-f90ae3ea565b,api_member_ids,36726a92-ec56-44b3-9a19-4dc479afc322,api_member_ids,2cf42324-1463-4d64-b9e2-1a6b89ead090,api_member_ids,25a41640-3f01-4576-9568-8795f63220bb,1f656003-6ed2-469b-b6af-73cc1cb03334,03ca5c81-f63c-4bb3-85b8-fa1d922f83be,7899a5dc-92f1-4e63-9b0e-94bbdf1eef4a
4fb53d8c-9ab2-4d84-a608-fcf0cd1d8571,ipt-goa-grandslam-11-0,Grand Slam 11.0 Goa Edition,Grand Slam,8f9c3ee6-d54b-4ad7-8104-24a0dfb32bc4,Men's Intermediate,Men's,intermediate,A,group,2026-08-14,14:30,Court 1,2026-08-14T09:13:22.597Z,2026-08-14T09:53:34.162Z,Arjun Chalotra / Jatin Dhingra,Sharad Kanadje / Sidharth Gupta,Arjun Chalotra,Jatin Dhingra,Sharad Kanadje,Sidharth Gupta,5-8,0.0,1.0,5.0,8.0,5,8,2.0,,Race to 8,race,completed,Completed,tournament_page,Men's Intermediate,3,460350b9-79b8-43e3-9b0a-6856d9056bda,api_member_ids,33c37317-e796-4dae-9697-19aa9df046bd,api_member_ids,26603ce9-30f9-424b-91b6-14f9364429b6,api_member_ids,f455fd74-d0ee-4f00-b838-363eff4730e6,api_member_ids,5bf58e6d-e5d0-42bb-be43-2ed56501ec67,6e0db79d-1c5d-417a-8d4d-64b7cd809b2e,88f8fb6b-f745-4d29-bc5d-ed29704b1126,253c6c09-5cc8-4dc4-b14e-ddd74ca92b08
d83536ad-73e2-40d1-9895-d20602b7b3b6,ipt-goa-grandslam-11-0,Grand Slam 11.0 Goa Edition,Grand Slam,8f9c3ee6-d54b-4ad7-8104-24a0dfb32bc4,Men's Intermediate,Men's,intermediate,D,group,2026-08-14,14:30,Court 2,2026-08-14T09:17:30.490Z,2026-08-14T10:04:18.449Z,Raghav Bansal / Karan Bansal,Punit Chawla / Sandeep Chawla,Raghav Bansal,Karan Bansal,Punit Chawla,Sandeep Chawla,8-7,1.0,0.0,8.0,7.0,8,7,1.0,,Race to 8,race,completed,Completed,tournament_page,Men's Intermediate,4,6a3070aa-afd1-4319-9aa8-8376abb53ec0,api_member_ids,7f46ff27-3043-4e9f-bdc5-c97c8b590e83,api_member_ids,db525122-7288-4cef-a60c-57d5465c23d2,api_member_ids,f3fe6938-52ee-41b1-af50-ec82c5c39f31,api_member_ids,04ada744-e06b-4792-a0fe-f27e14e8b123,82582033-b7ab-470e-8ae1-c942ea734482,0559ca2d-64a8-4dfd-a966-b36f416f4f0d,09d55f2f-dc52-4077-ada4-f4bbe09c29a4
3cbf936c-df75-4d85-8701-3f39fa15c76c,ipt-goa-grandslam-11-0,Grand Slam 11.0 Goa Edition,Grand Slam,8f9c3ee6-d54b-4ad7-8104-24a0dfb32bc4,Men's Intermediate,Men's,intermediate,D,group,2026-08-14,15:10,Court 1,2026-08-14T09:55:29.076Z,2026-08-14T10:28:55.901Z,Ishan Maitreya / Anuj Vaghani,Manan Gupta / Akshit Chaudhary,Ishan Maitreya,Anuj Vaghani,Manan Gupta,Akshit Chaudhary,8-3,1.0,0.0,8.0,3.0,8,3,1.0,,Race to 8,race,completed,Completed,tournament_page,Men's Intermediate,4,5938a1b7-dfbe-4c9a-8eb1-4debd778d000,api_member_ids,a49f1be2-0fd0-4ea7-81e9-c04f42d129ed,api_member_ids,787505dd-9f13-4ef2-a4ae-eb81af687abf,api_member_ids,8b5f340d-6e89-4c2e-b8e5-d2a300ca3f85,api_member_ids,276b3ac2-4b22-44f8-a1d5-5b8f3ac54703,9416cf03-6642-419c-b3db-4be83108a39d,d4fc16b8-9af1-4643-ba74-a2567b7c7a0e,ae5fd69e-a150-4556-a84b-6148d4082013
30652006-4056-458a-bc9b-2e6b2f38339c,ipt-goa-grandslam-11-0,Grand Slam 11.0 Goa Edition,Grand Slam,8f9c3ee6-d54b-4ad7-8104-24a0dfb32bc4,Men's Intermediate,Men's,intermediate,A,group,2026-08-14,15:10,Court 2,2026-08-14T11:11:35.877Z,2026-08-14T11:42:50.725Z,Pratham Jain / Hritesh Agarwal,Sharad Kanadje / Sidharth Gupta,Pratham Jain,Hritesh Agarwal,Sharad Kanadje,Sidharth Gupta,8-2,1.0,0.0,8.0,2.0,8,2,1.0,,Race to 8,race,completed,Completed,tournament_page,Men's Intermediate,3,3e4cd9d1-4aaf-4f21-b6ff-75e43cbac6e4,api_member_ids,db4244f2-196a-41e4-bd02-f90ae3ea565b,api_member_ids,26603ce9-30f9-424b-91b6-14f9364429b6,api_member_ids,f455fd74-d0ee-4f00-b838-363eff4730e6,api_member_ids,25a41640-3f01-4576-9568-8795f63220bb,1f656003-6ed2-469b-b6af-73cc1cb03334,88f8fb6b-f745-4d29-bc5d-ed29704b1126,253c6c09-5cc8-4dc4-b14e-ddd74ca92b08
344bd740-26bb-48fe-bd75-851df4f95462,ipt-goa-grandslam-11-0,Grand Slam 11.0 Goa Edition,Grand Slam,8f9c3ee6-d54b-4ad7-8104-24a0dfb32bc4,Men's Intermediate,Men's,intermediate,A,group,2026-08-14,15:50,Court 1,2026-08-14T11:03:01.800Z,2026-08-14T11:29:05.512Z,Arjun Chalotra / Jatin Dhingra,Tammineedi Jayanth / Vineeth Mutyala,Arjun Chalotra,Jatin Dhingra,Tammineedi Jayanth,Vineeth Mutyala,3-8,0.0,1.0,3.0,8.0,3,8,2.0,,Race to 8,race,completed,Completed,tournament_page,Men's Intermediate,4,460350b9-79b8-43e3-9b0a-6856d9056bda,api_member_ids,33c37317-e796-4dae-9697-19aa9df046bd,api_member_ids,36726a92-ec56-44b3-9a19-4dc479afc322,api_member_ids,2cf42324-1463-4d64-b9e2-1a6b89ead090,api_member_ids,5bf58e6d-e5d0-42bb-be43-2ed56501ec67,6e0db79d-1c5d-417a-8d4d-64b7cd809b2e,03ca5c81-f63c-4bb3-85b8-fa1d922f83be,7899a5dc-92f1-4e63-9b0e-94bbdf1eef4a
1320c2f9-d0a4-4412-8894-28a7ec4c67a0,ipt-goa-grandslam-11-0,Grand Slam 11.0 Goa Edition,Grand Slam,8f9c3ee6-d54b-4ad7-8104-24a0dfb32bc4,Men's Intermediate,Men's,intermediate,D,group,2026-08-14,15:50,Court 2,2026-08-14T10:43:44.975Z,2026-08-14T11:11:00.700Z,Raghav Bansal / Karan Bansal,Ishan Maitreya / Anuj Vaghani,Raghav Bansal,Karan Bansal,Ishan Maitreya,Anuj Vaghani,2-8,0.0,1.0,2.0,8.0,2,8,2.0,,Race to 8,race,completed,Completed,tournament_page,Men's Intermediate,4,6a3070aa-afd1-4319-9aa8-8376abb53ec0,api_member_ids,7f46ff27-3043-4e9f-bdc5-c97c8b590e83,api_member_ids,5938a1b7-dfbe-4c9a-8eb1-4debd778d000,api_member_ids,a49f1be2-0fd0-4ea7-81e9-c04f42d129ed,api_member_ids,04ada744-e06b-4792-a0fe-f27e14e8b123,82582033-b7ab-470e-8ae1-c942ea734482,276b3ac2-4b22-44f8-a1d5-5b8f3ac54703,9416cf03-6642-419c-b3db-4be83108a39d
a2d9fd31-bf5a-48c3-b8d3-5a5c3e2170f0,ipt-goa-grandslam-11-0,Grand Slam 11.0 Goa Edition,Grand Slam,8f9c3ee6-d54b-4ad7-8104-24a0dfb32bc4,Men's Intermediate,Men's,intermediate,D,group,2026-08-14,15:50,Court 3,2026-08-14T10:46:37.524Z,2026-08-14T10:57:34.295Z,Punit Chawla / Sandeep Chawla,Manan Gupta / Akshit Chaudhary,Punit Chawla,Sandeep Chawla,Manan Gupta,Akshit Chaudhary,3-8,0.0,1.0,3.0,8.0,3,8,2.0,,Race to 8,race,completed,Completed,tournament_page,Men's Intermediate,4,db525122-7288-4cef-a60c-57d5465c23d2,api_member_ids,f3fe6938-52ee-41b1-af50-ec82c5c39f31,api_member_ids,787505dd-9f13-4ef2-a4ae-eb81af687abf,api_member_ids,8b5f340d-6e89-4c2e-b8e5-d2a300ca3f85,api_member_ids,0559ca2d-64a8-4dfd-a966-b36f416f4f0d,09d55f2f-dc52-4077-ada4-f4bbe09c29a4,d4fc16b8-9af1-4643-ba74-a2567b7c7a0e,ae5fd69e-a150-4556-a84b-6148d4082013
f9731eff-f696-4bd1-a454-0aace0df1c7e,ipt-goa-grandslam-11-0,Grand Slam 11.0 Goa Edition,Grand Slam,8f9c3ee6-d54b-4ad7-8104-24a0dfb32bc4,Men's Intermediate,Men's,intermediate,A,group,2026-08-14,16:30,Court 1,2026-08-14T12:25:43.948Z,2026-08-14T12:50:11.291Z,Pratham Jain / Hritesh Agarwal,Arjun Chalotra / Jatin Dhingra,Pratham Jain,Hritesh Agarwal,Arjun Chalotra,Jatin Dhingra,8-1,1.0,0.0,8.0,1.0,8,1,1.0,,Race to 8,race,completed,Completed,tournament_page,Men's Intermediate,4,3e4cd9d1-4aaf-4f21-b6ff-75e43cbac6e4,api_member_ids,db4244f2-196a-41e4-bd02-f90ae3ea565b,api_member_ids,460350b9-79b8-43e3-9b0a-6856d9056bda,api_member_ids,33c37317-e796-4dae-9697-19aa9df046bd,api_member_ids,25a41640-3f01-4576-9568-8795f63220bb,1f656003-6ed2-469b-b6af-73cc1cb03334,5bf58e6d-e5d0-42bb-be43-2ed56501ec67,6e0db79d-1c5d-417a-8d4d-64b7cd809b2e
55ff623c-f761-4929-bbcd-6f30d9a53b81,ipt-goa-grandslam-11-0,Grand Slam 11.0 Goa Edition,Grand Slam,8f9c3ee6-d54b-4ad7-8104-24a0dfb32bc4,Men's Intermediate,Men's,intermediate,A,group,2026-08-14,16:30,Court 2,2026-08-14T12:33:51.238Z,2026-08-14T13:05:12.803Z,Tammineedi Jayanth / Vineeth Mutyala,Sharad Kanadje / Sidharth Gupta,Tammineedi Jayanth,Vineeth Mutyala,Sharad Kanadje,Sidharth Gupta,8-4,1.0,0.0,8.0,4.0,8,4,1.0,,Race to 8,race,completed,Completed,tournament_page,Men's Intermediate,3,36726a92-ec56-44b3-9a19-4dc479afc322,api_member_ids,2cf42324-1463-4d64-b9e2-1a6b89ead090,api_member_ids,26603ce9-30f9-424b-91b6-14f9364429b6,api_member_ids,f455fd74-d0ee-4f00-b838-363eff4730e6,api_member_ids,03ca5c81-f63c-4bb3-85b8-fa1d922f83be,7899a5dc-92f1-4e63-9b0e-94bbdf1eef4a,88f8fb6b-f745-4d29-bc5d-ed29704b1126,253c6c09-5cc8-4dc4-b14e-ddd74ca92b08
aa3e59d6-bc58-4f54-a7cf-cf6454e989b7,ipt-goa-grandslam-11-0,Grand Slam 11.0 Goa Edition,Grand Slam,8f9c3ee6-d54b-4ad7-8104-24a0dfb32bc4,Men's Intermediate,Men's,intermediate,R16,knockout,2026-08-15,16:20,Court 3,2026-08-15T12:00:42.939Z,2026-08-15T12:55:01.214Z,Tammineedi Jayanth / Vineeth Mutyala,Rishabh Kalokhe / Kriday Sethi,Tammineedi Jayanth,Vineeth Mutyala,Rishabh Kalokhe,Kriday Sethi,9-5,1.0,0.0,9.0,5.0,9,5,1.0,,Race to 8,race,completed,Completed,tournament_page,Men's Intermediate,4,36726a92-ec56-44b3-9a19-4dc479afc322,api_member_ids,2cf42324-1463-4d64-b9e2-1a6b89ead090,api_member_ids,d55bd4eb-f316-443e-bc77-b4223089bb9b,api_member_ids,8bb372e9-13f6-40be-9f1d-add1395ec813,api_member_ids,03ca5c81-f63c-4bb3-85b8-fa1d922f83be,7899a5dc-92f1-4e63-9b0e-94bbdf1eef4a,09b33b49-acd8-41e9-9301-0f219466d4cf,deda9b4e-38f1-436c-b944-2a98213c7e7b
6539ee95-bca8-4746-9a52-7ada24c658c2,ipt-goa-grandslam-11-0,Grand Slam 11.0 Goa Edition,Grand Slam,8f9c3ee6-d54b-4ad7-8104-24a0dfb32bc4,Men's Intermediate,Men's,intermediate,R16,knockout,2026-08-15,17:00,Court 3,2026-08-15T13:55:30.338Z,2026-08-15T14:46:25.590Z,Eshant Uppal / Sheriar Mazda,Manan Gupta / Akshit Chaudhary,Eshant Uppal,Sheriar Mazda,Manan Gupta,Akshit Chaudhary,9-5,1.0,0.0,9.0,5.0,9,5,1.0,,Race to 8,race,completed,Completed,tournament_page,Men's Intermediate,4,f10361b9-af81-48db-8dc6-5bdb33b72c6a,api_member_ids,5b4e9c11-4974-4fcc-bd97-31bf8e12050d,api_member_ids,787505dd-9f13-4ef2-a4ae-eb81af687abf,api_member_ids,8b5f340d-6e89-4c2e-b8e5-d2a300ca3f85,api_member_ids,2e3b6036-aed0-42e9-bada-c890431aac91,1aa45cba-db8d-4d65-9600-54ec36a14be6,d4fc16b8-9af1-4643-ba74-a2567b7c7a0e,ae5fd69e-a150-4556-a84b-6148d4082013
55771c84-b310-4a48-88cb-c76eb6c352e1,ipt-goa-grandslam-11-0,Grand Slam 11.0 Goa Edition,Grand Slam,8f9c3ee6-d54b-4ad7-8104-24a0dfb32bc4,Men's Intermediate,Men's,intermediate,R16,knockout,2026-08-15,17:00,Court 1,2026-08-15T13:35:58.179Z,2026-08-15T14:38:07.767Z,Ishan Maitreya / Anuj Vaghani,R S Abhishek / Siddharth Satheesan,Ishan Maitreya,Anuj Vaghani,R S Abhishek,Siddharth Satheesan,8-9,0.0,1.0,8.0,9.0,8,9,2.0,,Race to 8,race,completed,Completed,tournament_page,Men's Intermediate,4,5938a1b7-dfbe-4c9a-8eb1-4debd778d000,api_member_ids,a49f1be2-0fd0-4ea7-81e9-c04f42d129ed,api_member_ids,953b53cb-dcf0-4d4b-a3c3-9bd95488b0d4,api_member_ids,c1fac66c-3ce8-43d8-8c0c-85d463264584,api_member_ids,276b3ac2-4b22-44f8-a1d5-5b8f3ac54703,9416cf03-6642-419c-b3db-4be83108a39d,38ed2fd2-55d2-4423-9201-8ea93bb3a7bc,3d6ad97b-7f72-4201-802a-ee37a1acc847
b7b2aba6-9ae5-4584-8b84-a500502c2679,ipt-goa-grandslam-11-0,Grand Slam 11.0 Goa Edition,Grand Slam,8f9c3ee6-d54b-4ad7-8104-24a0dfb32bc4,Men's Intermediate,Men's,intermediate,R16,knockout,2026-08-15,18:20,Court 2,2026-08-15T13:12:40.023Z,2026-08-15T14:13:06.562Z,Tanveer Singh / Gandharv Bajaj,Pratham Jain / Hritesh Agarwal,Tanveer Singh,Gandharv Bajaj,Pratham Jain,Hritesh Agarwal,5-9,0.0,1.0,5.0,9.0,5,9,2.0,,Race to 8,race,completed,Completed,tournament_page,Men's Intermediate,4,ddb10849-80d7-4445-a21f-8b51010f3dee,api_member_ids,c1023ad9-075c-47e5-b684-c5bdb4bbf31a,api_member_ids,3e4cd9d1-4aaf-4f21-b6ff-75e43cbac6e4,api_member_ids,db4244f2-196a-41e4-bd02-f90ae3ea565b,api_member_ids,cc829430-d993-4a97-adf8-7956f37217c4,3e4f7fb3-41eb-4ae9-a1b3-a4f26262843c,25a41640-3f01-4576-9568-8795f63220bb,1f656003-6ed2-469b-b6af-73cc1cb03334
1b46e45a-a836-408a-aa1d-8e76abac735e,ipt-goa-grandslam-11-0,Grand Slam 11.0 Goa Edition,Grand Slam,8f9c3ee6-d54b-4ad7-8104-24a0dfb32bc4,Men's Intermediate,Men's,intermediate,R16,knockout,2026-08-15,18:20,Court 3,2026-08-15T11:16:26.341Z,2026-08-15T12:08:10.247Z,Tejas Shevde / Nishad Shevde,Yashvardhan Sarda / Suyash Vishnoi,Tejas Shevde,Nishad Shevde,Yashvardhan Sarda,Suyash Vishnoi,9-5,1.0,0.0,9.0,5.0,9,5,1.0,,Race to 8,race,completed,Completed,tournament_page,Men's Intermediate,4,99aa5ae0-7537-4b6b-b6c3-e13ea17a8127,api_member_ids,4a6e40bd-2cd4-4535-95f1-ba51a03f719d,api_member_ids,33e396ff-a084-4b28-b360-ff47e5b98714,api_member_ids,cb8b4fb5-f72f-42c7-94c1-b7963e5c6e68,api_member_ids,22fa9d25-60eb-469f-93a1-ac79d88e8b79,20c48074-42f3-48b1-8dd4-d4ce8ef531d5,20ec9040-2dfc-4190-b314-780cd8725cee,9d28bf2e-9030-427f-a7d5-34c155dcf6e4
7911d391-0ff8-4ecc-9489-832f6cac8b81,ipt-goa-grandslam-11-0,Grand Slam 11.0 Goa Edition,Grand Slam,8f9c3ee6-d54b-4ad7-8104-24a0dfb32bc4,Men's Intermediate,Men's,intermediate,R16,knockout,2026-08-15,19:00,Court 1,2026-08-15T14:40:42.228Z,2026-08-15T15:26:51.668Z,Mehul Bansal / Vaibhav Sahni,Rahul Chandwani / Rahul Khanna,Mehul Bansal,Vaibhav Sahni,Rahul Chandwani,Rahul Khanna,3-9,0.0,1.0,3.0,9.0,3,9,2.0,,Race to 8,race,completed,Completed,tournament_page,Men's Intermediate,4,cebed5c0-9f8f-4458-aaa4-0ee2b6f25f10,api_member_ids,8850ef35-01ed-405d-acb6-6bd23a45b747,api_member_ids,ea36ad45-24c2-4b1d-b812-8ebcf72eb5b2,api_member_ids,1ef2542e-4b4d-481d-ad8f-dc4e9fde3982,api_member_ids,4e24c48d-8303-459b-a9d6-b8f3c01bd6f6,e8afb0d5-8961-4efb-9b03-d589a70e7e2b,40aeccab-dfcf-453c-beb6-fe21963d5bf6,25182123-c5c2-4743-8cb6-eed35813fad8
cbb39a90-11a5-4431-af3b-1433dd4d70b7,ipt-goa-grandslam-11-0,Grand Slam 11.0 Goa Edition,Grand Slam,8f9c3ee6-d54b-4ad7-8104-24a0dfb32bc4,Men's Intermediate,Men's,intermediate,R16,knockout,2026-08-15,19:00,Court 2,2026-08-15T14:15:57.490Z,2026-08-15T15:16:47.091Z,Mayank Daga / Shikhar Kumar,Mikhail Mehra / Akshay Rai,Mayank Daga,Shikhar Kumar,Mikhail Mehra,Akshay Rai,9-8,1.0,0.0,9.0,8.0,9,8,1.0,,Race to 8,race,completed,Completed,tournament_page,Men's Intermediate,4,15061bb7-8b57-4367-b302-35d512b70b74,api_member_ids,a791964a-f0c5-42b4-8325-828bd695b346,api_member_ids,acfa1b86-681a-4b86-91f3-09eba5e486f5,api_member_ids,7ae56644-dbba-41d5-a04d-ed0a503595f6,api_member_ids,bc7d4b35-41f7-4388-abb0-6a52f72f5498,25171781-4c05-4cc5-9305-e75fc1961c8d,e7f0641b-68a1-4815-93ec-0e055247ae43,9caa261b-c1f6-48a0-b058-06c2bc4e6697
259f6412-478a-4092-b523-0259e613afff,ipt-goa-grandslam-11-0,Grand Slam 11.0 Goa Edition,Grand Slam,8f9c3ee6-d54b-4ad7-8104-24a0dfb32bc4,Men's Intermediate,Men's,intermediate,R16,knockout,2026-08-15,19:00,Court 1,2026-08-15T12:18:46.997Z,2026-08-15T12:58:24.779Z,Arjun Raju / Abhinav Grover,Prateek Gambhir / Yugantar Malhotra,Arjun Raju,Abhinav Grover,Prateek Gambhir,Yugantar Malhotra,7-9,0.0,1.0,7.0,9.0,7,9,2.0,,Race to 8,race,completed,Completed,tournament_page,Men's Intermediate,4,74a7e384-3f53-44ee-80d0-059e3fa60e1c,api_member_ids,f6c641f1-29cd-45ed-b4df-1421d76f48d3,api_member_ids,9dfae00e-eb77-4ee8-9f32-fb38a9a5cb3a,api_member_ids,8f0e0463-82c3-4822-8b7e-58ec37cde83e,api_member_ids,601bad6f-5ae0-473c-9251-9cec835bd4af,58635f04-21ff-4194-b5aa-f6626ec09bea,e9d083eb-6301-4b1e-93d4-47c66add735b,a6a043c5-0c46-4441-ab7a-b003cddb0417
29d731ef-362a-4e9c-94bb-ef1af289196e,ipt-goa-grandslam-11-0,Grand Slam 11.0 Goa Edition,Grand Slam,8f9c3ee6-d54b-4ad7-8104-24a0dfb32bc4,Men's Intermediate,Men's,intermediate,QF,knockout,2026-08-16,07:30,Court 1,2026-08-16T01:53:52.087Z,2026-08-16T02:54:47.972Z,Tammineedi Jayanth / Vineeth Mutyala,Eshant Uppal / Sheriar Mazda,Tammineedi Jayanth,Vineeth Mutyala,Eshant Uppal,Sheriar Mazda,9-3,1.0,0.0,9.0,3.0,9,3,1.0,,Race to 9,race,completed,Completed,tournament_page,Men's Intermediate,4,36726a92-ec56-44b3-9a19-4dc479afc322,api_member_ids,2cf42324-1463-4d64-b9e2-1a6b89ead090,api_member_ids,f10361b9-af81-48db-8dc6-5bdb33b72c6a,api_member_ids,5b4e9c11-4974-4fcc-bd97-31bf8e12050d,api_member_ids,03ca5c81-f63c-4bb3-85b8-fa1d922f83be,7899a5dc-92f1-4e63-9b0e-94bbdf1eef4a,2e3b6036-aed0-42e9-bada-c890431aac91,1aa45cba-db8d-4d65-9600-54ec36a14be6
af716ab2-fce5-4bdc-bf62-2f8c5c686ced,ipt-goa-grandslam-11-0,Grand Slam 11.0 Goa Edition,Grand Slam,8f9c3ee6-d54b-4ad7-8104-24a0dfb32bc4,Men's Intermediate,Men's,intermediate,QF,knockout,2026-08-16,07:30,Court 3,2026-08-16T02:10:51.541Z,2026-08-16T02:45:13.160Z,Tejas Shevde / Nishad Shevde,Rahul Chandwani / Rahul Khanna,Tejas Shevde,Nishad Shevde,Rahul Chandwani,Rahul Khanna,9-2,1.0,0.0,9.0,2.0,9,2,1.0,,Race to 9,race,completed,Completed,tournament_page,Men's Intermediate,4,99aa5ae0-7537-4b6b-b6c3-e13ea17a8127,api_member_ids,4a6e40bd-2cd4-4535-95f1-ba51a03f719d,api_member_ids,ea36ad45-24c2-4b1d-b812-8ebcf72eb5b2,api_member_ids,1ef2542e-4b4d-481d-ad8f-dc4e9fde3982,api_member_ids,22fa9d25-60eb-469f-93a1-ac79d88e8b79,20c48074-42f3-48b1-8dd4-d4ce8ef531d5,40aeccab-dfcf-453c-beb6-fe21963d5bf6,25182123-c5c2-4743-8cb6-eed35813fad8
e879779d-50ab-4e02-ac2c-0339e4379b93,ipt-goa-grandslam-11-0,Grand Slam 11.0 Goa Edition,Grand Slam,8f9c3ee6-d54b-4ad7-8104-24a0dfb32bc4,Men's Intermediate,Men's,intermediate,QF,knockout,2026-08-16,07:30,Court 2,2026-08-16T02:11:34.479Z,2026-08-16T02:52:13.556Z,Mayank Daga / Shikhar Kumar,Prateek Gambhir / Yugantar Malhotra,Mayank Daga,Shikhar Kumar,Prateek Gambhir,Yugantar Malhotra,9-5,1.0,0.0,9.0,5.0,9,5,1.0,,Race to 9,race,completed,Completed,tournament_page,Men's Intermediate,4,15061bb7-8b57-4367-b302-35d512b70b74,api_member_ids,a791964a-f0c5-42b4-8325-828bd695b346,api_member_ids,9dfae00e-eb77-4ee8-9f32-fb38a9a5cb3a,api_member_ids,8f0e0463-82c3-4822-8b7e-58ec37cde83e,api_member_ids,bc7d4b35-41f7-4388-abb0-6a52f72f5498,25171781-4c05-4cc5-9305-e75fc1961c8d,e9d083eb-6301-4b1e-93d4-47c66add735b,a6a043c5-0c46-4441-ab7a-b003cddb0417
dac45625-c3b1-4972-bae3-60f8443bc319,ipt-goa-grandslam-11-0,Grand Slam 11.0 Goa Edition,Grand Slam,8f9c3ee6-d54b-4ad7-8104-24a0dfb32bc4,Men's Intermediate,Men's,intermediate,QF,knockout,2026-08-16,08:15,Court 1,2026-08-16T02:57:38.732Z,2026-08-16T03:40:22.212Z,R S Abhishek / Siddharth Satheesan,Pratham Jain / Hritesh Agarwal,R S Abhishek,Siddharth Satheesan,Pratham Jain,Hritesh Agarwal,7-9,0.0,1.0,7.0,9.0,7,9,2.0,,Race to 9,race,completed,Completed,tournament_page,Men's Intermediate,4,953b53cb-dcf0-4d4b-a3c3-9bd95488b0d4,api_member_ids,c1fac66c-3ce8-43d8-8c0c-85d463264584,api_member_ids,3e4cd9d1-4aaf-4f21-b6ff-75e43cbac6e4,api_member_ids,db4244f2-196a-41e4-bd02-f90ae3ea565b,api_member_ids,38ed2fd2-55d2-4423-9201-8ea93bb3a7bc,3d6ad97b-7f72-4201-802a-ee37a1acc847,25a41640-3f01-4576-9568-8795f63220bb,1f656003-6ed2-469b-b6af-73cc1cb03334
5e145ccb-1942-4e0b-a55a-6af86716c1d1,ipt-goa-grandslam-11-0,Grand Slam 11.0 Goa Edition,Grand Slam,8f9c3ee6-d54b-4ad7-8104-24a0dfb32bc4,Men's Intermediate,Men's,intermediate,SF,knockout,2026-08-16,13:00,Court 2,2026-08-16T07:58:43.907Z,2026-08-16T09:30:05.817Z,Tammineedi Jayanth / Vineeth Mutyala,Pratham Jain / Hritesh Agarwal,Tammineedi Jayanth,Vineeth Mutyala,Pratham Jain,Hritesh Agarwal,"6-4, 7-6(7-2)",2.0,0.0,13.0,10.0,6 7,4 6,1.0,,Best of 3 sets,sets,completed,Completed,tournament_page,Men's Intermediate,4,36726a92-ec56-44b3-9a19-4dc479afc322,api_member_ids,2cf42324-1463-4d64-b9e2-1a6b89ead090,api_member_ids,3e4cd9d1-4aaf-4f21-b6ff-75e43cbac6e4,api_member_ids,db4244f2-196a-41e4-bd02-f90ae3ea565b,api_member_ids,03ca5c81-f63c-4bb3-85b8-fa1d922f83be,7899a5dc-92f1-4e63-9b0e-94bbdf1eef4a,25a41640-3f01-4576-9568-8795f63220bb,1f656003-6ed2-469b-b6af-73cc1cb03334
170fb77e-07e5-4678-a2db-5eaa5634560e,ipt-goa-grandslam-11-0,Grand Slam 11.0 Goa Edition,Grand Slam,8f9c3ee6-d54b-4ad7-8104-24a0dfb32bc4,Men's Intermediate,Men's,intermediate,SF,knockout,2026-08-16,13:00,Court 3,2026-08-16T10:00:30.322Z,2026-08-16T10:57:42.302Z,Tejas Shevde / Nishad Shevde,Mayank Daga / Shikhar Kumar,Tejas Shevde,Nishad Shevde,Mayank Daga,Shikhar Kumar,"6-1, 1-6, 10-6",2.0,1.0,17.0,13.0,6 1 10,1 6 6,1.0,,Best of 3 sets,sets,completed,Completed,tournament_page,Men's Intermediate,4,99aa5ae0-7537-4b6b-b6c3-e13ea17a8127,api_member_ids,4a6e40bd-2cd4-4535-95f1-ba51a03f719d,api_member_ids,15061bb7-8b57-4367-b302-35d512b70b74,api_member_ids,a791964a-f0c5-42b4-8325-828bd695b346,api_member_ids,22fa9d25-60eb-469f-93a1-ac79d88e8b79,20c48074-42f3-48b1-8dd4-d4ce8ef531d5,bc7d4b35-41f7-4388-abb0-6a52f72f5498,25171781-4c05-4cc5-9305-e75fc1961c8d
72aaa95a-7430-4340-afd9-b130eb060e79,ipt-goa-grandslam-11-0,Grand Slam 11.0 Goa Edition,Grand Slam,8f9c3ee6-d54b-4ad7-8104-24a0dfb32bc4,Men's Intermediate,Men's,intermediate,F,knockout,2026-08-16,19:00,Court 3,2026-08-16T14:48:30.523Z,2026-08-16T16:33:46.526Z,Tammineedi Jayanth / Vineeth Mutyala,Tejas Shevde / Nishad Shevde,Tammineedi Jayanth,Vineeth Mutyala,Tejas Shevde,Nishad Shevde,"5-7, 7-5, 10-7",2.0,1.0,22.0,19.0,5 7 10,7 5 7,1.0,,Best of 3 sets,sets,completed,Completed,tournament_page,Men's Intermediate,4,36726a92-ec56-44b3-9a19-4dc479afc322,api_member_ids,2cf42324-1463-4d64-b9e2-1a6b89ead090,api_member_ids,99aa5ae0-7537-4b6b-b6c3-e13ea17a8127,api_member_ids,4a6e40bd-2cd4-4535-95f1-ba51a03f719d,api_member_ids,03ca5c81-f63c-4bb3-85b8-fa1d922f83be,7899a5dc-92f1-4e63-9b0e-94bbdf1eef4a,22fa9d25-60eb-469f-93a1-ac79d88e8b79,20c48074-42f3-48b1-8dd4-d4ce8ef531d5
7e7dfc0e-4dcc-4881-8863-5b1478af6f81,ipt-goa-grandslam-11-0,Grand Slam 11.0 Goa Edition,Grand Slam,67e84996-8941-496f-b358-fc61f5cc37c6,Men's Advance,Men's,advance,D,group,2026-08-15,07:00,Court 1,2026-08-15T01:46:06.184Z,2026-08-15T02:10:21.886Z,Jasmer Kapany / Paramveer Bajwa,Aakash Lalith / Famaz Shanavas,Jasmer Kapany,Paramveer Bajwa,Aakash Lalith,Famaz Shanavas,8-3,1.0,0.0,8.0,3.0,8,3,1.0,,Race to 8,race,completed,Completed,tournament_page,Men's Advance,1,ranked-jasmer-kapany,exact_name_guest_record,29e75609-025c-485b-a40a-969d2ce6e6bc,api_member_ids,30ab2db4-b8de-4717-9c08-286cea50609e,api_member_ids,f627335f-f154-4e08-9481-07dffc3a7d35,api_member_ids,dab712b4-bea8-47ce-9439-f32851fcb5ec,68ea0e01-0532-483a-9213-6b0d8031f1b2,52009c80-d58a-4bd8-9bbe-e17d27ab0e9a,491eb3c6-ff11-4552-b97f-6603de6ed0ce
e9e00272-de4a-4285-817f-9f1219455e26,ipt-goa-grandslam-11-0,Grand Slam 11.0 Goa Edition,Grand Slam,67e84996-8941-496f-b358-fc61f5cc37c6,Men's Advance,Men's,advance,D,group,2026-08-15,07:00,Court 2,2026-08-15T01:48:52.725Z,2026-08-15T02:13:06.383Z,Saish Shelar / Mihir Akolkar,Pranay Merchant / Piyush Bansal,Saish Shelar,Mihir Akolkar,Pranay Merchant,Piyush Bansal,8-2,1.0,0.0,8.0,2.0,8,2,1.0,,Race to 8,race,completed,Completed,tournament_page,Men's Advance,2,6b49f7ef-e989-4036-816e-f0267d3c3ef0,api_member_ids,06a4aeef-aaca-45ef-a83a-cb3c703c9789,api_member_ids,03c0ac66-cca8-403b-956f-08fe4c08cebe,api_member_ids,4c979aa0-e703-43c6-b4e0-1fb8e52cd678,api_member_ids,f5f99479-496b-45b8-9156-e51d087c7e5c,5d2e25d7-e605-4b7c-a7cc-033414781d8d,354bb496-79e3-42a9-8485-ac3297ccdb46,0464da4c-da37-44d4-9349-5f4a9acea576
28d43da7-156c-4429-82cc-17339629ca71,ipt-goa-grandslam-11-0,Grand Slam 11.0 Goa Edition,Grand Slam,67e84996-8941-496f-b358-fc61f5cc37c6,Men's Advance,Men's,advance,C,group,2026-08-15,07:00,Court 3,2026-08-15T01:46:03.680Z,2026-08-15T02:15:51.417Z,Rahul Motwani / Ishaan Choubal,Ziaan Talab / Madhu Samtani,Rahul Motwani,Ishaan Choubal,Ziaan Talab,Madhu Samtani,8-4,1.0,0.0,8.0,4.0,8,4,1.0,,Race to 8,race,completed,Completed,tournament_page,Men's Advance,4,5854e023-8f2c-4811-82ed-0e54efaf63ec,api_member_ids,33da4499-d5cc-4c4c-9002-f405f2051d1b,api_member_ids,213df946-7be9-4fcb-98c8-e0d6ba33789d,api_member_ids,7818fd9a-1675-4d45-acd5-dfc6eff38028,api_member_ids,0d669bc6-1f40-42d8-9d01-efd41d75406b,00082fbc-7f0f-45ed-9dd0-01ffa8499f94,81020308-8d0e-4215-83b3-cba0dc8c354e,5b388638-38a0-4afd-8742-b2d2c60a1ada
d77456ac-b6c2-4207-876b-24c616c5ef37,ipt-goa-grandslam-11-0,Grand Slam 11.0 Goa Edition,Grand Slam,67e84996-8941-496f-b358-fc61f5cc37c6,Men's Advance,Men's,advance,C,group,2026-08-15,07:40,Court 1,2026-08-15T02:20:26.036Z,2026-08-15T02:50:21.614Z,Advait Bahl / Bhagya Popat,Arjun Jashani / Tanay Mehta,Advait Bahl,Bhagya Popat,Arjun Jashani,Tanay Mehta,1-8,0.0,1.0,1.0,8.0,1,8,2.0,,Race to 8,race,completed,Completed,tournament_page,Men's Advance,3,13d6188c-cd2e-4152-a5c2-0b82573143b9,api_member_ids,7078cecf-5699-43ef-aefe-dd1c239e92ba,api_member_ids,38c72183-eb38-4e6f-a490-fe738e55a30a,api_member_ids,6dc1ecef-b2d9-4579-a1d0-c69e2553a65c,api_member_ids,cbf8f51d-ef40-4852-af8d-696327eb49c5,457628d6-4221-4e0a-9203-5ccc596666a7,daae263c-9ad5-4a64-b08d-6b496ddf4c74,e112a278-540b-4363-b9ee-af1edf66b9a9
80f4de2a-aab9-45f2-a8c6-a26c37367454,ipt-goa-grandslam-11-0,Grand Slam 11.0 Goa Edition,Grand Slam,67e84996-8941-496f-b358-fc61f5cc37c6,Men's Advance,Men's,advance,D,group,2026-08-15,08:20,Court 1,2026-08-15T02:52:05.111Z,2026-08-15T03:31:17.710Z,Jasmer Kapany / Paramveer Bajwa,Pranay Merchant / Piyush Bansal,Jasmer Kapany,Paramveer Bajwa,Pranay Merchant,Piyush Bansal,8-6,1.0,0.0,8.0,6.0,8,6,1.0,,Race to 8,race,completed,Completed,tournament_page,Men's Advance,2,ranked-jasmer-kapany,exact_name_guest_record,29e75609-025c-485b-a40a-969d2ce6e6bc,api_member_ids,03c0ac66-cca8-403b-956f-08fe4c08cebe,api_member_ids,4c979aa0-e703-43c6-b4e0-1fb8e52cd678,api_member_ids,dab712b4-bea8-47ce-9439-f32851fcb5ec,68ea0e01-0532-483a-9213-6b0d8031f1b2,354bb496-79e3-42a9-8485-ac3297ccdb46,0464da4c-da37-44d4-9349-5f4a9acea576
5ae7c355-5678-4e3a-a1b6-3b83dba54478,ipt-goa-grandslam-11-0,Grand Slam 11.0 Goa Edition,Grand Slam,67e84996-8941-496f-b358-fc61f5cc37c6,Men's Advance,Men's,advance,D,group,2026-08-15,08:20,Court 3,2026-08-15T03:14:53.980Z,2026-08-15T03:39:37.777Z,Saish Shelar / Mihir Akolkar,Aakash Lalith / Famaz Shanavas,Saish Shelar,Mihir Akolkar,Aakash Lalith,Famaz Shanavas,8-1,1.0,0.0,8.0,1.0,8,1,1.0,,Race to 8,race,completed,Completed,tournament_page,Men's Advance,1,6b49f7ef-e989-4036-816e-f0267d3c3ef0,api_member_ids,06a4aeef-aaca-45ef-a83a-cb3c703c9789,api_member_ids,30ab2db4-b8de-4717-9c08-286cea50609e,api_member_ids,f627335f-f154-4e08-9481-07dffc3a7d35,api_member_ids,f5f99479-496b-45b8-9156-e51d087c7e5c,5d2e25d7-e605-4b7c-a7cc-033414781d8d,52009c80-d58a-4bd8-9bbe-e17d27ab0e9a,491eb3c6-ff11-4552-b97f-6603de6ed0ce
0dac1cd3-58d7-486b-8b08-a6ad5db34afe,ipt-goa-grandslam-11-0,Grand Slam 11.0 Goa Edition,Grand Slam,67e84996-8941-496f-b358-fc61f5cc37c6,Men's Advance,Men's,advance,C,group,2026-08-15,08:20,Court 2,2026-08-15T03:45:06.461Z,2026-08-15T04:41:02.574Z,Rahul Motwani / Ishaan Choubal,Arjun Jashani / Tanay Mehta,Rahul Motwani,Ishaan Choubal,Arjun Jashani,Tanay Mehta,8-6,1.0,0.0,8.0,6.0,8,6,1.0,,Race to 8,race,completed,Completed,tournament_page,Men's Advance,3,5854e023-8f2c-4811-82ed-0e54efaf63ec,api_member_ids,33da4499-d5cc-4c4c-9002-f405f2051d1b,api_member_ids,38c72183-eb38-4e6f-a490-fe738e55a30a,api_member_ids,6dc1ecef-b2d9-4579-a1d0-c69e2553a65c,api_member_ids,0d669bc6-1f40-42d8-9d01-efd41d75406b,00082fbc-7f0f-45ed-9dd0-01ffa8499f94,daae263c-9ad5-4a64-b08d-6b496ddf4c74,e112a278-540b-4363-b9ee-af1edf66b9a9
2d0e8143-5d63-41a8-b52d-58face782dae,ipt-goa-grandslam-11-0,Grand Slam 11.0 Goa Edition,Grand Slam,67e84996-8941-496f-b358-fc61f5cc37c6,Men's Advance,Men's,advance,C,group,2026-08-15,09:00,Court 1,2026-08-15T03:02:44.689Z,2026-08-15T03:40:00.086Z,Advait Bahl / Bhagya Popat,Ziaan Talab / Madhu Samtani,Advait Bahl,Bhagya Popat,Ziaan Talab,Madhu Samtani,4-8,0.0,1.0,4.0,8.0,4,8,2.0,,Race to 8,race,completed,Completed,tournament_page,Men's Advance,4,13d6188c-cd2e-4152-a5c2-0b82573143b9,api_member_ids,7078cecf-5699-43ef-aefe-dd1c239e92ba,api_member_ids,213df946-7be9-4fcb-98c8-e0d6ba33789d,api_member_ids,7818fd9a-1675-4d45-acd5-dfc6eff38028,api_member_ids,cbf8f51d-ef40-4852-af8d-696327eb49c5,457628d6-4221-4e0a-9203-5ccc596666a7,81020308-8d0e-4215-83b3-cba0dc8c354e,5b388638-38a0-4afd-8742-b2d2c60a1ada
c30b70ec-7972-4541-803f-fa3ae0c7475c,ipt-goa-grandslam-11-0,Grand Slam 11.0 Goa Edition,Grand Slam,67e84996-8941-496f-b358-fc61f5cc37c6,Men's Advance,Men's,advance,D,group,2026-08-15,09:40,Court 1,2026-08-15T04:03:40.973Z,2026-08-15T04:35:33.519Z,Jasmer Kapany / Paramveer Bajwa,Saish Shelar / Mihir Akolkar,Jasmer Kapany,Paramveer Bajwa,Saish Shelar,Mihir Akolkar,8-4,1.0,0.0,8.0,4.0,8,4,1.0,,Race to 8,race,completed,Completed,tournament_page,Men's Advance,3,ranked-jasmer-kapany,exact_name_guest_record,29e75609-025c-485b-a40a-969d2ce6e6bc,api_member_ids,6b49f7ef-e989-4036-816e-f0267d3c3ef0,api_member_ids,06a4aeef-aaca-45ef-a83a-cb3c703c9789,api_member_ids,dab712b4-bea8-47ce-9439-f32851fcb5ec,68ea0e01-0532-483a-9213-6b0d8031f1b2,f5f99479-496b-45b8-9156-e51d087c7e5c,5d2e25d7-e605-4b7c-a7cc-033414781d8d
8fee54f0-cb79-4e44-b290-76234ee52b73,ipt-goa-grandslam-11-0,Grand Slam 11.0 Goa Edition,Grand Slam,67e84996-8941-496f-b358-fc61f5cc37c6,Men's Advance,Men's,advance,D,group,2026-08-15,09:40,Court 2,2026-08-15T04:46:20.274Z,2026-08-15T05:28:43.981Z,Pranay Merchant / Piyush Bansal,Aakash Lalith / Famaz Shanavas,Pranay Merchant,Piyush Bansal,Aakash Lalith,Famaz Shanavas,8-7,1.0,0.0,8.0,7.0,8,7,1.0,,Race to 8,race,completed,Completed,tournament_page,Men's Advance,3,03c0ac66-cca8-403b-956f-08fe4c08cebe,api_member_ids,4c979aa0-e703-43c6-b4e0-1fb8e52cd678,api_member_ids,30ab2db4-b8de-4717-9c08-286cea50609e,api_member_ids,f627335f-f154-4e08-9481-07dffc3a7d35,api_member_ids,354bb496-79e3-42a9-8485-ac3297ccdb46,0464da4c-da37-44d4-9349-5f4a9acea576,52009c80-d58a-4bd8-9bbe-e17d27ab0e9a,491eb3c6-ff11-4552-b97f-6603de6ed0ce
d6ec3e20-23c0-4d1a-a718-e7875e260b24,ipt-goa-grandslam-11-0,Grand Slam 11.0 Goa Edition,Grand Slam,67e84996-8941-496f-b358-fc61f5cc37c6,Men's Advance,Men's,advance,C,group,2026-08-15,09:40,Court 3,2026-08-15T04:44:57.749Z,2026-08-15T05:07:08.557Z,Rahul Motwani / Ishaan Choubal,Advait Bahl / Bhagya Popat,Rahul Motwani,Ishaan Choubal,Advait Bahl,Bhagya Popat,8-2,1.0,0.0,8.0,2.0,8,2,1.0,,Race to 8,race,completed,Completed,tournament_page,Men's Advance,3,5854e023-8f2c-4811-82ed-0e54efaf63ec,api_member_ids,33da4499-d5cc-4c4c-9002-f405f2051d1b,api_member_ids,13d6188c-cd2e-4152-a5c2-0b82573143b9,api_member_ids,7078cecf-5699-43ef-aefe-dd1c239e92ba,api_member_ids,0d669bc6-1f40-42d8-9d01-efd41d75406b,00082fbc-7f0f-45ed-9dd0-01ffa8499f94,cbf8f51d-ef40-4852-af8d-696327eb49c5,457628d6-4221-4e0a-9203-5ccc596666a7
c56c1b31-a99c-41ba-888e-1cd12be4b4bb,ipt-goa-grandslam-11-0,Grand Slam 11.0 Goa Edition,Grand Slam,67e84996-8941-496f-b358-fc61f5cc37c6,Men's Advance,Men's,advance,C,group,2026-08-15,10:20,Court 1,2026-08-15T05:11:45.481Z,2026-08-15T05:59:26.201Z,Arjun Jashani / Tanay Mehta,Ziaan Talab / Madhu Samtani,Arjun Jashani,Tanay Mehta,Ziaan Talab,Madhu Samtani,8-5,1.0,0.0,8.0,5.0,8,5,1.0,,Race to 8,race,completed,Completed,tournament_page,Men's Advance,5,38c72183-eb38-4e6f-a490-fe738e55a30a,api_member_ids,6dc1ecef-b2d9-4579-a1d0-c69e2553a65c,api_member_ids,213df946-7be9-4fcb-98c8-e0d6ba33789d,api_member_ids,7818fd9a-1675-4d45-acd5-dfc6eff38028,api_member_ids,daae263c-9ad5-4a64-b08d-6b496ddf4c74,e112a278-540b-4363-b9ee-af1edf66b9a9,81020308-8d0e-4215-83b3-cba0dc8c354e,5b388638-38a0-4afd-8742-b2d2c60a1ada
ad55fa45-bd82-41fa-902e-071b3b821657,ipt-goa-grandslam-11-0,Grand Slam 11.0 Goa Edition,Grand Slam,67e84996-8941-496f-b358-fc61f5cc37c6,Men's Advance,Men's,advance,B,group,2026-08-15,11:00,Court 1,2026-08-15T05:44:35.140Z,2026-08-15T06:08:56.965Z,Aryan Hemdev / Samar Malhotra,Ashish Khemlani / Arjun Gupta,Aryan Hemdev,Samar Malhotra,Ashish Khemlani,Arjun Gupta,8-0,1.0,0.0,8.0,0.0,8,0,1.0,,Race to 8,race,completed,Completed,tournament_page,Men's Advance,3,531b4b75-e3cf-439f-a0fb-5e83867deff8,api_member_ids,a57ef4ab-a62e-4b71-a4d2-0f267dea2626,api_member_ids,5df49a33-22cb-4ac4-b03a-a075acfb5390,api_member_ids,e8bb7691-632b-4e35-afe3-cad46e672610,api_member_ids,3c9ef0f2-cd55-4448-96ef-6481f31a6ef1,6c46cabf-ba12-40a2-bc66-75a1b10169a0,6bea3263-f681-479f-801f-1e49c1e425cc,355fd83c-452a-48ce-9391-db389b797b0e
27c9345c-d8c8-4e23-9b48-2563bc0f19f8,ipt-goa-grandslam-11-0,Grand Slam 11.0 Goa Edition,Grand Slam,67e84996-8941-496f-b358-fc61f5cc37c6,Men's Advance,Men's,advance,B,group,2026-08-15,11:00,Court 2,2026-08-15T06:05:07.611Z,2026-08-15T06:48:45.075Z,Swaraj Deshmukh / Kaivalya Kalamse,Krishna Teja Ankam / Gundlapalle Yaswanth Reddy,Swaraj Deshmukh,Kaivalya Kalamse,Krishna Teja Ankam,Gundlapalle Yaswanth Reddy,8-4,1.0,0.0,8.0,4.0,8,4,1.0,,Race to 8,race,completed,Completed,tournament_page,Men's Advance,2,d53736bd-2d26-4977-9d4f-edb8ddc49ffb,api_member_ids,182f09bb-25ba-4086-99ca-a7f5a52303bf,api_member_ids,1cff5d3c-6fd1-4502-a3c5-2b918f107eda,api_member_ids,cbb558aa-ee6a-4b58-8184-8b54946a838f,api_member_ids,1327f3f8-d12c-41ee-9ae0-59d55f001302,42fe1cd3-c10d-4276-9c30-4fa6c35aca4f,42ea6619-6364-4780-859c-bf0139cfea79,d613cc99-afa3-4639-a401-61835a0ce114
e4c89a40-e294-46b1-9f4e-5b9a05663f73,ipt-goa-grandslam-11-0,Grand Slam 11.0 Goa Edition,Grand Slam,67e84996-8941-496f-b358-fc61f5cc37c6,Men's Advance,Men's,advance,A,group,2026-08-15,11:00,Court 3,2026-08-15T05:23:48.416Z,2026-08-15T05:47:54.468Z,Aditya Jagtap / Krishiv Patel,Varshil Trambadiya / Antariksh Mohandas,Aditya Jagtap,Krishiv Patel,Varshil Trambadiya,Antariksh Mohandas,8-1,1.0,0.0,8.0,1.0,8,1,1.0,,Race to 8,race,completed,Completed,tournament_page,Men's Advance,0,9db40aca-2be2-4bdd-b807-02ad8bb8bf77,api_member_ids,5b3d8985-ba2b-4840-96cb-df23c6bd1347,exact_name_guest_record,783fd411-3a52-446e-90cc-2fcef2baaa51,api_member_ids,8730ad11-d9e2-4028-bd65-065e792eee00,api_member_ids,0b57c173-ccdb-4abe-a95f-acb7769e6cee,2ebd365e-6443-4355-8dab-fcb20aa3c16d,500c310b-760d-4757-8927-340d13d0e4ca,e3c0b6dc-f330-4a6f-846e-1a011a51cd66
e6209649-2ce0-444f-8762-8ab90e327cba,ipt-goa-grandslam-11-0,Grand Slam 11.0 Goa Edition,Grand Slam,67e84996-8941-496f-b358-fc61f5cc37c6,Men's Advance,Men's,advance,A,group,2026-08-15,11:40,Court 1,2026-08-15T06:13:42.876Z,2026-08-15T06:49:31.820Z,Adit Patel / Kavin Vendan,Karan Medappa / Shane Biddaiah,Adit Patel,Kavin Vendan,Karan Medappa,Shane Biddaiah,8-4,1.0,0.0,8.0,4.0,8,4,1.0,,Race to 8,race,completed,Completed,tournament_page,Men's Advance,0,cdd858a3-1533-4a7b-bf8b-1b94f0f3b868,api_member_ids,d08e2513-3bf5-441c-aace-831129099cc4,api_member_ids,09ce181d-c08d-4189-ab36-4d4a706f1bcb,api_member_ids,fde56650-1b21-4853-b436-dd3221ff502d,api_member_ids,81ed026e-87df-449e-8c04-e1160b3e3198,48287e2d-e81e-45cb-a349-f2d34f37d7c6,a4ad0c5c-1464-4ad2-813d-84674ba5d02c,bdf3a645-132a-493a-9761-62097233f23b
9e2d4aad-4632-4ac8-87eb-16ef4a6a06a4,ipt-goa-grandslam-11-0,Grand Slam 11.0 Goa Edition,Grand Slam,67e84996-8941-496f-b358-fc61f5cc37c6,Men's Advance,Men's,advance,B,group,2026-08-15,12:20,Court 1,2026-08-15T07:05:56.727Z,2026-08-15T07:42:26.426Z,Aryan Hemdev / Samar Malhotra,Krishna Teja Ankam / Gundlapalle Yaswanth Reddy,Aryan Hemdev,Samar Malhotra,Krishna Teja Ankam,Gundlapalle Yaswanth Reddy,8-7,1.0,0.0,8.0,7.0,8,7,1.0,,Race to 8,race,completed,Completed,tournament_page,Men's Advance,3,531b4b75-e3cf-439f-a0fb-5e83867deff8,api_member_ids,a57ef4ab-a62e-4b71-a4d2-0f267dea2626,api_member_ids,1cff5d3c-6fd1-4502-a3c5-2b918f107eda,api_member_ids,cbb558aa-ee6a-4b58-8184-8b54946a838f,api_member_ids,3c9ef0f2-cd55-4448-96ef-6481f31a6ef1,6c46cabf-ba12-40a2-bc66-75a1b10169a0,42ea6619-6364-4780-859c-bf0139cfea79,d613cc99-afa3-4639-a401-61835a0ce114
227b049a-4ea1-485d-9cbc-8d701e5027cb,ipt-goa-grandslam-11-0,Grand Slam 11.0 Goa Edition,Grand Slam,67e84996-8941-496f-b358-fc61f5cc37c6,Men's Advance,Men's,advance,B,group,2026-08-15,12:20,Court 2,2026-08-15T07:35:09.656Z,2026-08-15T08:08:44.458Z,Swaraj Deshmukh / Kaivalya Kalamse,Ashish Khemlani / Arjun Gupta,Swaraj Deshmukh,Kaivalya Kalamse,Ashish Khemlani,Arjun Gupta,8-1,1.0,0.0,8.0,1.0,8,1,1.0,,Race to 8,race,completed,Completed,tournament_page,Men's Advance,2,d53736bd-2d26-4977-9d4f-edb8ddc49ffb,api_member_ids,182f09bb-25ba-4086-99ca-a7f5a52303bf,api_member_ids,5df49a33-22cb-4ac4-b03a-a075acfb5390,api_member_ids,e8bb7691-632b-4e35-afe3-cad46e672610,api_member_ids,1327f3f8-d12c-41ee-9ae0-59d55f001302,42fe1cd3-c10d-4276-9c30-4fa6c35aca4f,6bea3263-f681-479f-801f-1e49c1e425cc,355fd83c-452a-48ce-9391-db389b797b0e
115f7420-1646-4104-bba4-9679f80c7c2e,ipt-goa-grandslam-11-0,Grand Slam 11.0 Goa Edition,Grand Slam,67e84996-8941-496f-b358-fc61f5cc37c6,Men's Advance,Men's,advance,A,group,2026-08-15,12:20,Court 3,2026-08-15T07:10:13.442Z,2026-08-15T07:29:12.196Z,Aditya Jagtap / Krishiv Patel,Karan Medappa / Shane Biddaiah,Aditya Jagtap,Krishiv Patel,Karan Medappa,Shane Biddaiah,8-1,1.0,0.0,8.0,1.0,8,1,1.0,,Race to 8,race,completed,Completed,tournament_page,Men's Advance,2,9db40aca-2be2-4bdd-b807-02ad8bb8bf77,api_member_ids,5b3d8985-ba2b-4840-96cb-df23c6bd1347,exact_name_guest_record,09ce181d-c08d-4189-ab36-4d4a706f1bcb,api_member_ids,fde56650-1b21-4853-b436-dd3221ff502d,api_member_ids,0b57c173-ccdb-4abe-a95f-acb7769e6cee,2ebd365e-6443-4355-8dab-fcb20aa3c16d,a4ad0c5c-1464-4ad2-813d-84674ba5d02c,bdf3a645-132a-493a-9761-62097233f23b
269f15b0-6e4a-431f-904a-50f70936517d,ipt-goa-grandslam-11-0,Grand Slam 11.0 Goa Edition,Grand Slam,67e84996-8941-496f-b358-fc61f5cc37c6,Men's Advance,Men's,advance,A,group,2026-08-15,13:00,Court 1,2026-08-15T07:44:00.995Z,2026-08-15T08:43:57.102Z,Adit Patel / Kavin Vendan,Varshil Trambadiya / Antariksh Mohandas,Adit Patel,Kavin Vendan,Varshil Trambadiya,Antariksh Mohandas,7-8,0.0,1.0,7.0,8.0,7,8,2.0,,Race to 8,race,completed,Completed,tournament_page,Men's Advance,1,cdd858a3-1533-4a7b-bf8b-1b94f0f3b868,api_member_ids,d08e2513-3bf5-441c-aace-831129099cc4,api_member_ids,783fd411-3a52-446e-90cc-2fcef2baaa51,api_member_ids,8730ad11-d9e2-4028-bd65-065e792eee00,api_member_ids,81ed026e-87df-449e-8c04-e1160b3e3198,48287e2d-e81e-45cb-a349-f2d34f37d7c6,500c310b-760d-4757-8927-340d13d0e4ca,e3c0b6dc-f330-4a6f-846e-1a011a51cd66
9c459e44-b2ba-4b3b-b57b-b1d4ce8ab7c5,ipt-goa-grandslam-11-0,Grand Slam 11.0 Goa Edition,Grand Slam,67e84996-8941-496f-b358-fc61f5cc37c6,Men's Advance,Men's,advance,B,group,2026-08-15,13:40,Court 1,2026-08-15T08:47:04.376Z,2026-08-15T09:40:27.902Z,Aryan Hemdev / Samar Malhotra,Swaraj Deshmukh / Kaivalya Kalamse,Aryan Hemdev,Samar Malhotra,Swaraj Deshmukh,Kaivalya Kalamse,8-5,1.0,0.0,8.0,5.0,8,5,1.0,,Race to 8,race,completed,Completed,tournament_page,Men's Advance,1,531b4b75-e3cf-439f-a0fb-5e83867deff8,api_member_ids,a57ef4ab-a62e-4b71-a4d2-0f267dea2626,api_member_ids,d53736bd-2d26-4977-9d4f-edb8ddc49ffb,api_member_ids,182f09bb-25ba-4086-99ca-a7f5a52303bf,api_member_ids,3c9ef0f2-cd55-4448-96ef-6481f31a6ef1,6c46cabf-ba12-40a2-bc66-75a1b10169a0,1327f3f8-d12c-41ee-9ae0-59d55f001302,42fe1cd3-c10d-4276-9c30-4fa6c35aca4f
76189941-f243-4a65-bbec-27c65975cf79,ipt-goa-grandslam-11-0,Grand Slam 11.0 Goa Edition,Grand Slam,67e84996-8941-496f-b358-fc61f5cc37c6,Men's Advance,Men's,advance,B,group,2026-08-15,13:40,Court 2,2026-08-15T08:32:44.517Z,2026-08-15T08:51:59.992Z,Krishna Teja Ankam / Gundlapalle Yaswanth Reddy,Ashish Khemlani / Arjun Gupta,Krishna Teja Ankam,Gundlapalle Yaswanth Reddy,Ashish Khemlani,Arjun Gupta,8-2,1.0,0.0,8.0,2.0,8,2,1.0,,Race to 8,race,completed,Completed,tournament_page,Men's Advance,4,1cff5d3c-6fd1-4502-a3c5-2b918f107eda,api_member_ids,cbb558aa-ee6a-4b58-8184-8b54946a838f,api_member_ids,5df49a33-22cb-4ac4-b03a-a075acfb5390,api_member_ids,e8bb7691-632b-4e35-afe3-cad46e672610,api_member_ids,42ea6619-6364-4780-859c-bf0139cfea79,d613cc99-afa3-4639-a401-61835a0ce114,6bea3263-f681-479f-801f-1e49c1e425cc,355fd83c-452a-48ce-9391-db389b797b0e
d81ae8bc-41ae-4634-83fc-619c77e3c65e,ipt-goa-grandslam-11-0,Grand Slam 11.0 Goa Edition,Grand Slam,67e84996-8941-496f-b358-fc61f5cc37c6,Men's Advance,Men's,advance,A,group,2026-08-15,13:40,Court 3,2026-08-15T09:02:16.134Z,2026-08-15T09:23:05.417Z,Aditya Jagtap / Krishiv Patel,Adit Patel / Kavin Vendan,Aditya Jagtap,Krishiv Patel,Adit Patel,Kavin Vendan,8-0,1.0,0.0,8.0,0.0,8,0,1.0,,Race to 8,race,completed,Completed,tournament_page,Men's Advance,1,9db40aca-2be2-4bdd-b807-02ad8bb8bf77,api_member_ids,5b3d8985-ba2b-4840-96cb-df23c6bd1347,exact_name_guest_record,cdd858a3-1533-4a7b-bf8b-1b94f0f3b868,api_member_ids,d08e2513-3bf5-441c-aace-831129099cc4,api_member_ids,0b57c173-ccdb-4abe-a95f-acb7769e6cee,2ebd365e-6443-4355-8dab-fcb20aa3c16d,81ed026e-87df-449e-8c04-e1160b3e3198,48287e2d-e81e-45cb-a349-f2d34f37d7c6
50bea470-7911-4325-8336-4668a807a442,ipt-goa-grandslam-11-0,Grand Slam 11.0 Goa Edition,Grand Slam,67e84996-8941-496f-b358-fc61f5cc37c6,Men's Advance,Men's,advance,A,group,2026-08-15,14:20,Court 1,2026-08-15T09:44:34.589Z,2026-08-15T10:18:06.016Z,Karan Medappa / Shane Biddaiah,Varshil Trambadiya / Antariksh Mohandas,Karan Medappa,Shane Biddaiah,Varshil Trambadiya,Antariksh Mohandas,3-8,0.0,1.0,3.0,8.0,3,8,2.0,,Race to 8,race,completed,Completed,tournament_page,Men's Advance,2,09ce181d-c08d-4189-ab36-4d4a706f1bcb,api_member_ids,fde56650-1b21-4853-b436-dd3221ff502d,api_member_ids,783fd411-3a52-446e-90cc-2fcef2baaa51,api_member_ids,8730ad11-d9e2-4028-bd65-065e792eee00,api_member_ids,a4ad0c5c-1464-4ad2-813d-84674ba5d02c,bdf3a645-132a-493a-9761-62097233f23b,500c310b-760d-4757-8927-340d13d0e4ca,e3c0b6dc-f330-4a6f-846e-1a011a51cd66
c9a9044a-141c-4ba4-be58-2f7158951ada,ipt-goa-grandslam-11-0,Grand Slam 11.0 Goa Edition,Grand Slam,67e84996-8941-496f-b358-fc61f5cc37c6,Men's Advance,Men's,advance,QF,knockout,2026-08-15,20:20,Court 2,2026-08-15T15:18:32.156Z,2026-08-15T15:51:56.725Z,Aditya Jagtap / Krishiv Patel,Saish Shelar / Mihir Akolkar,Aditya Jagtap,Krishiv Patel,Saish Shelar,Mihir Akolkar,9-2,1.0,0.0,9.0,2.0,9,2,1.0,,Race to 9,race,completed,Completed,tournament_page,Men's Advance,2,9db40aca-2be2-4bdd-b807-02ad8bb8bf77,api_member_ids,5b3d8985-ba2b-4840-96cb-df23c6bd1347,exact_name_guest_record,6b49f7ef-e989-4036-816e-f0267d3c3ef0,api_member_ids,06a4aeef-aaca-45ef-a83a-cb3c703c9789,api_member_ids,0b57c173-ccdb-4abe-a95f-acb7769e6cee,2ebd365e-6443-4355-8dab-fcb20aa3c16d,f5f99479-496b-45b8-9156-e51d087c7e5c,5d2e25d7-e605-4b7c-a7cc-033414781d8d
fb360a00-46f6-4597-8c54-893506527979,ipt-goa-grandslam-11-0,Grand Slam 11.0 Goa Edition,Grand Slam,67e84996-8941-496f-b358-fc61f5cc37c6,Men's Advance,Men's,advance,QF,knockout,2026-08-15,20:20,Court 3,2026-08-15T15:54:25.626Z,2026-08-15T16:35:51.839Z,Varshil Trambadiya / Antariksh Mohandas,Jasmer Kapany / Paramveer Bajwa,Varshil Trambadiya,Antariksh Mohandas,Jasmer Kapany,Paramveer Bajwa,2-9,0.0,1.0,2.0,9.0,2,9,2.0,,Race to 9,race,completed,Completed,tournament_page,Men's Advance,3,783fd411-3a52-446e-90cc-2fcef2baaa51,api_member_ids,8730ad11-d9e2-4028-bd65-065e792eee00,api_member_ids,ranked-jasmer-kapany,exact_name_guest_record,29e75609-025c-485b-a40a-969d2ce6e6bc,api_member_ids,500c310b-760d-4757-8927-340d13d0e4ca,e3c0b6dc-f330-4a6f-846e-1a011a51cd66,dab712b4-bea8-47ce-9439-f32851fcb5ec,68ea0e01-0532-483a-9213-6b0d8031f1b2
31bff183-822e-4835-a19b-6500b9c61184,ipt-goa-grandslam-11-0,Grand Slam 11.0 Goa Edition,Grand Slam,67e84996-8941-496f-b358-fc61f5cc37c6,Men's Advance,Men's,advance,QF,knockout,2026-08-15,21:00,Court 1,2026-08-15T16:38:31.490Z,2026-08-15T17:23:31.360Z,Aryan Hemdev / Samar Malhotra,Arjun Jashani / Tanay Mehta,Aryan Hemdev,Samar Malhotra,Arjun Jashani,Tanay Mehta,9-5,1.0,0.0,9.0,5.0,9,5,1.0,,Race to 9,race,completed,Completed,tournament_page,Men's Advance,3,531b4b75-e3cf-439f-a0fb-5e83867deff8,api_member_ids,a57ef4ab-a62e-4b71-a4d2-0f267dea2626,api_member_ids,38c72183-eb38-4e6f-a490-fe738e55a30a,api_member_ids,6dc1ecef-b2d9-4579-a1d0-c69e2553a65c,api_member_ids,3c9ef0f2-cd55-4448-96ef-6481f31a6ef1,6c46cabf-ba12-40a2-bc66-75a1b10169a0,daae263c-9ad5-4a64-b08d-6b496ddf4c74,e112a278-540b-4363-b9ee-af1edf66b9a9
65d6d075-f892-4b47-b01b-54582f53f795,ipt-goa-grandslam-11-0,Grand Slam 11.0 Goa Edition,Grand Slam,67e84996-8941-496f-b358-fc61f5cc37c6,Men's Advance,Men's,advance,QF,knockout,2026-08-15,21:00,Court 2,2026-08-15T16:39:50.835Z,2026-08-15T17:29:40.040Z,Rahul Motwani / Ishaan Choubal,Swaraj Deshmukh / Kaivalya Kalamse,Rahul Motwani,Ishaan Choubal,Swaraj Deshmukh,Kaivalya Kalamse,9-3,1.0,0.0,9.0,3.0,9,3,1.0,,Race to 9,race,completed,Completed,tournament_page,Men's Advance,3,5854e023-8f2c-4811-82ed-0e54efaf63ec,api_member_ids,33da4499-d5cc-4c4c-9002-f405f2051d1b,api_member_ids,d53736bd-2d26-4977-9d4f-edb8ddc49ffb,api_member_ids,182f09bb-25ba-4086-99ca-a7f5a52303bf,api_member_ids,0d669bc6-1f40-42d8-9d01-efd41d75406b,00082fbc-7f0f-45ed-9dd0-01ffa8499f94,1327f3f8-d12c-41ee-9ae0-59d55f001302,42fe1cd3-c10d-4276-9c30-4fa6c35aca4f
25bc76f0-f261-4b44-8cc4-72215d17e881,ipt-goa-grandslam-11-0,Grand Slam 11.0 Goa Edition,Grand Slam,67e84996-8941-496f-b358-fc61f5cc37c6,Men's Advance,Men's,advance,SF,knockout,2026-08-16,10:50,Court 2,2026-08-16T05:15:30.957Z,2026-08-16T06:25:20.880Z,Aditya Jagtap / Krishiv Patel,Jasmer Kapany / Paramveer Bajwa,Aditya Jagtap,Krishiv Patel,Jasmer Kapany,Paramveer Bajwa,"7-6(7-5), 6-1",2.0,0.0,13.0,7.0,7 6,6 1,1.0,,Best of 3 sets,sets,completed,Completed,tournament_page,Men's Advance,1,9db40aca-2be2-4bdd-b807-02ad8bb8bf77,api_member_ids,5b3d8985-ba2b-4840-96cb-df23c6bd1347,exact_name_guest_record,ranked-jasmer-kapany,exact_name_guest_record,29e75609-025c-485b-a40a-969d2ce6e6bc,api_member_ids,0b57c173-ccdb-4abe-a95f-acb7769e6cee,2ebd365e-6443-4355-8dab-fcb20aa3c16d,dab712b4-bea8-47ce-9439-f32851fcb5ec,68ea0e01-0532-483a-9213-6b0d8031f1b2
d877e631-33ef-4a50-bb5c-c01be47e1484,ipt-goa-grandslam-11-0,Grand Slam 11.0 Goa Edition,Grand Slam,67e84996-8941-496f-b358-fc61f5cc37c6,Men's Advance,Men's,advance,SF,knockout,2026-08-16,10:50,Court 3,2026-08-16T05:29:54.809Z,2026-08-16T06:52:03.861Z,Aryan Hemdev / Samar Malhotra,Rahul Motwani / Ishaan Choubal,Aryan Hemdev,Samar Malhotra,Rahul Motwani,Ishaan Choubal,"6-4, 7-5",2.0,0.0,13.0,9.0,6 7,4 5,1.0,,Best of 3 sets,sets,completed,Completed,tournament_page,Men's Advance,3,531b4b75-e3cf-439f-a0fb-5e83867deff8,api_member_ids,a57ef4ab-a62e-4b71-a4d2-0f267dea2626,api_member_ids,5854e023-8f2c-4811-82ed-0e54efaf63ec,api_member_ids,33da4499-d5cc-4c4c-9002-f405f2051d1b,api_member_ids,3c9ef0f2-cd55-4448-96ef-6481f31a6ef1,6c46cabf-ba12-40a2-bc66-75a1b10169a0,0d669bc6-1f40-42d8-9d01-efd41d75406b,00082fbc-7f0f-45ed-9dd0-01ffa8499f94
f5ba6f18-0b2c-41fa-bc27-af94a37b5767,ipt-goa-grandslam-11-0,Grand Slam 11.0 Goa Edition,Grand Slam,67e84996-8941-496f-b358-fc61f5cc37c6,Men's Advance,Men's,advance,F,knockout,2026-08-16,20:00,Court 2,2026-08-16T12:41:01.116Z,2026-08-16T14:05:02.787Z,Aditya Jagtap / Krishiv Patel,Aryan Hemdev / Samar Malhotra,Aditya Jagtap,Krishiv Patel,Aryan Hemdev,Samar Malhotra,"3-6, 7-5, 6-1",2.0,1.0,16.0,12.0,3 7 6,6 5 1,1.0,,Best of 3 sets,sets,completed,Completed,tournament_page,Men's Advance,1,9db40aca-2be2-4bdd-b807-02ad8bb8bf77,api_member_ids,5b3d8985-ba2b-4840-96cb-df23c6bd1347,exact_name_guest_record,531b4b75-e3cf-439f-a0fb-5e83867deff8,api_member_ids,a57ef4ab-a62e-4b71-a4d2-0f267dea2626,api_member_ids,0b57c173-ccdb-4abe-a95f-acb7769e6cee,2ebd365e-6443-4355-8dab-fcb20aa3c16d,3c9ef0f2-cd55-4448-96ef-6481f31a6ef1,6c46cabf-ba12-40a2-bc66-75a1b10169a0
a98f84ae-51c7-4d1d-9e17-54713b9205d3,ipt-goa-grandslam-11-0,Grand Slam 11.0 Goa Edition,Grand Slam,91fad129-189f-4d20-aa97-2e79a2f34206,Men's 40+,Men's 40+,open,B,group,2026-08-13,18:40,Court 3,2026-08-13T13:31:17.036Z,2026-08-13T13:54:32.076Z,Premal Javeri / Harshvardhan Sharma,Gagan Singh / Jonas Spinoy,Premal Javeri,Harshvardhan Sharma,Gagan Singh,Jonas Spinoy,8-0,1.0,0.0,8.0,0.0,8,0,1.0,,Race to 8,race,completed,Completed,tournament_page,Men's 40+,4,db64450c-aa4a-4b28-beeb-a84f6a75867b,api_member_ids,60389725-28d6-400f-82ff-ab2e9382e011,api_member_ids,31049438-40d6-4def-9003-dd2997c61ba1,api_member_ids,08fc8e21-4850-4e09-89e9-2ba0c2c8c9ef,api_member_ids,12bbbe21-246e-4446-8f5f-5365cb834fd0,60389725-28d6-400f-82ff-ab2e9382e011,12856cd9-7164-41c8-bab6-036deb424319,de5c8132-99d8-41bc-bd15-0b81327b001e
c3320242-f26f-4712-8728-82f14bc3da9e,ipt-goa-grandslam-11-0,Grand Slam 11.0 Goa Edition,Grand Slam,91fad129-189f-4d20-aa97-2e79a2f34206,Men's 40+,Men's 40+,open,B,group,2026-08-13,20:00,Court 1,2026-08-13T15:01:06.792Z,2026-08-13T15:54:57.284Z,Gagan Singh / Jonas Spinoy,Raj Prajapati / Ashwin Saksena,Gagan Singh,Jonas Spinoy,Raj Prajapati,Ashwin Saksena,7-8,0.0,1.0,7.0,8.0,7,8,2.0,,Race to 8,race,completed,Completed,tournament_page,Men's 40+,4,31049438-40d6-4def-9003-dd2997c61ba1,api_member_ids,08fc8e21-4850-4e09-89e9-2ba0c2c8c9ef,api_member_ids,fe4d1fe1-6ad1-4942-901e-df8580b614d2,api_member_ids,facc6960-33ef-4c75-ab10-4a2a8ad00b6c,api_member_ids,12856cd9-7164-41c8-bab6-036deb424319,de5c8132-99d8-41bc-bd15-0b81327b001e,2155a48c-d2e5-44f3-916c-b8fc9dc940e6,484f1e6f-3422-4211-9993-5b9b5a6b7f50
c9389643-dac4-4ae9-8dbb-5e89ec688736,ipt-goa-grandslam-11-0,Grand Slam 11.0 Goa Edition,Grand Slam,91fad129-189f-4d20-aa97-2e79a2f34206,Men's 40+,Men's 40+,open,B,group,2026-08-13,20:00,Court 3,2026-08-13T14:38:31.716Z,2026-08-13T14:57:13.397Z,Raj Prajapati / Ashwin Saksena,Premal Javeri / Harshvardhan Sharma,Raj Prajapati,Ashwin Saksena,Premal Javeri,Harshvardhan Sharma,0-8,0.0,1.0,0.0,8.0,0,8,2.0,,Race to 8,race,completed,Completed,tournament_page,Men's 40+,4,fe4d1fe1-6ad1-4942-901e-df8580b614d2,api_member_ids,facc6960-33ef-4c75-ab10-4a2a8ad00b6c,api_member_ids,db64450c-aa4a-4b28-beeb-a84f6a75867b,api_member_ids,60389725-28d6-400f-82ff-ab2e9382e011,api_member_ids,2155a48c-d2e5-44f3-916c-b8fc9dc940e6,484f1e6f-3422-4211-9993-5b9b5a6b7f50,12bbbe21-246e-4446-8f5f-5365cb834fd0,60389725-28d6-400f-82ff-ab2e9382e011
2c1ee55d-2e7e-42e2-84e7-88ba0c2c8231,ipt-goa-grandslam-11-0,Grand Slam 11.0 Goa Edition,Grand Slam,91fad129-189f-4d20-aa97-2e79a2f34206,Men's 40+,Men's 40+,open,A,group,2026-08-15,07:40,Court 2,2026-08-15T02:15:30.857Z,2026-08-15T02:59:29.091Z,Vijay Chhabria / Rupen Jhaveri,Saurav Kankaria / Nikhil Khemka,Vijay Chhabria,Rupen Jhaveri,Saurav Kankaria,Nikhil Khemka,8-5,1.0,0.0,8.0,5.0,8,5,1.0,,Race to 8,race,completed,Completed,tournament_page,Men's 40+,4,2c982f04-1a03-4d77-9359-5b44f4e5aed2,api_member_ids,c6ad7320-117c-4e7a-a4a6-e4c99fb34e23,api_member_ids,d195aee3-c907-47fb-a0fa-ee78cb4af2f8,api_member_ids,171f1964-54fa-4532-b6e6-24bae76da0af,api_member_ids,f1f06453-08eb-46f0-93f8-3a45f5411614,74a68433-6d77-4d4f-84e0-77703ce053d4,47570d33-1c51-416c-9e30-b97979d15520,bf8046b6-3d70-4542-98f4-bc029385f571
353b85e8-c69c-4b37-90cb-7cf4cdfbc244,ipt-goa-grandslam-11-0,Grand Slam 11.0 Goa Edition,Grand Slam,91fad129-189f-4d20-aa97-2e79a2f34206,Men's 40+,Men's 40+,open,A,group,2026-08-15,07:40,Court 3,2026-08-15T02:27:36.423Z,2026-08-15T03:05:00.955Z,Sandip Sabharwal / Saurabh Vijewargia,Karan Mehrotra / James Darbar,Sandip Sabharwal,Saurabh Vijewargia,Karan Mehrotra,James Darbar,8-5,1.0,0.0,8.0,5.0,8,5,1.0,,Race to 8,race,completed,Completed,tournament_page,Men's 40+,3,22f71241-5bf4-4dc7-ba33-683a2ea0f75b,api_member_ids,5602dbe5-4321-43e1-8b1c-e558a9fed127,api_member_ids,65b6eb21-de8a-4528-8567-d6834dcfb20b,api_member_ids,3cfbe0a0-f37c-4129-b3a5-157f4bf5b859,api_member_ids,7427b7d8-0176-4c49-b2ed-b4fdfc6ed7b4,6e92db63-90aa-4fbe-a5e2-6972e0e6d318,9d6057f3-e401-416f-a7fa-f7692f0f0a32,fb8733f3-a642-4084-9537-cb76f9265aaf
615dd833-6f0e-4af4-9c93-f1f8a261749d,ipt-goa-grandslam-11-0,Grand Slam 11.0 Goa Edition,Grand Slam,91fad129-189f-4d20-aa97-2e79a2f34206,Men's 40+,Men's 40+,open,A,group,2026-08-15,09:00,Court 2,2026-08-15T03:33:09.954Z,2026-08-15T03:56:09.838Z,Vijay Chhabria / Rupen Jhaveri,Karan Mehrotra / James Darbar,Vijay Chhabria,Rupen Jhaveri,Karan Mehrotra,James Darbar,8-0,1.0,0.0,8.0,0.0,8,0,1.0,,Race to 8,race,completed,Completed,tournament_page,Men's 40+,4,2c982f04-1a03-4d77-9359-5b44f4e5aed2,api_member_ids,c6ad7320-117c-4e7a-a4a6-e4c99fb34e23,api_member_ids,65b6eb21-de8a-4528-8567-d6834dcfb20b,api_member_ids,3cfbe0a0-f37c-4129-b3a5-157f4bf5b859,api_member_ids,f1f06453-08eb-46f0-93f8-3a45f5411614,74a68433-6d77-4d4f-84e0-77703ce053d4,9d6057f3-e401-416f-a7fa-f7692f0f0a32,fb8733f3-a642-4084-9537-cb76f9265aaf
d7903731-3e77-4474-8c8c-2585961c5dfb,ipt-goa-grandslam-11-0,Grand Slam 11.0 Goa Edition,Grand Slam,91fad129-189f-4d20-aa97-2e79a2f34206,Men's 40+,Men's 40+,open,A,group,2026-08-15,09:00,Court 3,2026-08-15T03:43:30.409Z,2026-08-15T04:12:12.484Z,Sandip Sabharwal / Saurabh Vijewargia,Saurav Kankaria / Nikhil Khemka,Sandip Sabharwal,Saurabh Vijewargia,Saurav Kankaria,Nikhil Khemka,2-8,0.0,1.0,2.0,8.0,2,8,2.0,,Race to 8,race,completed,Completed,tournament_page,Men's 40+,3,22f71241-5bf4-4dc7-ba33-683a2ea0f75b,api_member_ids,5602dbe5-4321-43e1-8b1c-e558a9fed127,api_member_ids,d195aee3-c907-47fb-a0fa-ee78cb4af2f8,api_member_ids,171f1964-54fa-4532-b6e6-24bae76da0af,api_member_ids,7427b7d8-0176-4c49-b2ed-b4fdfc6ed7b4,6e92db63-90aa-4fbe-a5e2-6972e0e6d318,47570d33-1c51-416c-9e30-b97979d15520,bf8046b6-3d70-4542-98f4-bc029385f571
2187aa27-a0b8-47b4-96b6-b7bfda6acfed,ipt-goa-grandslam-11-0,Grand Slam 11.0 Goa Edition,Grand Slam,91fad129-189f-4d20-aa97-2e79a2f34206,Men's 40+,Men's 40+,open,A,group,2026-08-15,10:20,Court 2,2026-08-15T04:18:17.455Z,2026-08-15T04:34:21.150Z,Vijay Chhabria / Rupen Jhaveri,Sandip Sabharwal / Saurabh Vijewargia,Vijay Chhabria,Rupen Jhaveri,Sandip Sabharwal,Saurabh Vijewargia,8-1,1.0,0.0,8.0,1.0,8,1,1.0,,Race to 8,race,completed,Completed,tournament_page,Men's 40+,3,2c982f04-1a03-4d77-9359-5b44f4e5aed2,api_member_ids,c6ad7320-117c-4e7a-a4a6-e4c99fb34e23,api_member_ids,22f71241-5bf4-4dc7-ba33-683a2ea0f75b,api_member_ids,5602dbe5-4321-43e1-8b1c-e558a9fed127,api_member_ids,f1f06453-08eb-46f0-93f8-3a45f5411614,74a68433-6d77-4d4f-84e0-77703ce053d4,7427b7d8-0176-4c49-b2ed-b4fdfc6ed7b4,6e92db63-90aa-4fbe-a5e2-6972e0e6d318
08bbaa2c-1ca5-49ee-b723-6da4838c65d3,ipt-goa-grandslam-11-0,Grand Slam 11.0 Goa Edition,Grand Slam,91fad129-189f-4d20-aa97-2e79a2f34206,Men's 40+,Men's 40+,open,A,group,2026-08-15,10:20,Court 3,2026-08-15T05:03:04.168Z,2026-08-15T05:13:30.801Z,Karan Mehrotra / James Darbar,Saurav Kankaria / Nikhil Khemka,Karan Mehrotra,James Darbar,Saurav Kankaria,Nikhil Khemka,1-8,0.0,1.0,1.0,8.0,1,8,2.0,,Race to 8,race,completed,Completed,tournament_page,Men's 40+,4,65b6eb21-de8a-4528-8567-d6834dcfb20b,api_member_ids,3cfbe0a0-f37c-4129-b3a5-157f4bf5b859,api_member_ids,d195aee3-c907-47fb-a0fa-ee78cb4af2f8,api_member_ids,171f1964-54fa-4532-b6e6-24bae76da0af,api_member_ids,9d6057f3-e401-416f-a7fa-f7692f0f0a32,fb8733f3-a642-4084-9537-cb76f9265aaf,47570d33-1c51-416c-9e30-b97979d15520,bf8046b6-3d70-4542-98f4-bc029385f571
95ff666f-ce1b-40f6-88d4-29553a62bf12,ipt-goa-grandslam-11-0,Grand Slam 11.0 Goa Edition,Grand Slam,91fad129-189f-4d20-aa97-2e79a2f34206,Men's 40+,Men's 40+,open,B,group,2026-08-15,15:00,Court 1,2026-08-15T10:21:43.713Z,2026-08-15T10:47:25.322Z,Aditya Maheshwari / Akshay Jalan,Premal Javeri / Harshvardhan Sharma,Aditya Maheshwari,Akshay Jalan,Premal Javeri,Harshvardhan Sharma,8-1,1.0,0.0,8.0,1.0,8,1,1.0,,Race to 8,race,completed,Completed,tournament_page,Men's 40+,3,0df50617-268c-477d-8351-fd6f8ed84a71,api_member_ids,16def632-d48e-4678-81b5-1316aedb049c,api_member_ids,db64450c-aa4a-4b28-beeb-a84f6a75867b,api_member_ids,60389725-28d6-400f-82ff-ab2e9382e011,api_member_ids,c6f16106-b9ab-4599-9dfd-73671a27e7a0,e8ecb454-af9e-4c88-af80-22916e44f4e2,12bbbe21-246e-4446-8f5f-5365cb834fd0,60389725-28d6-400f-82ff-ab2e9382e011
685a90e4-1abc-4493-9cc0-32a7d54ec64e,ipt-goa-grandslam-11-0,Grand Slam 11.0 Goa Edition,Grand Slam,91fad129-189f-4d20-aa97-2e79a2f34206,Men's 40+,Men's 40+,open,B,group,2026-08-15,15:00,Court 2,2026-08-15T10:16:06.530Z,2026-08-15T10:39:57.724Z,Prabhas Sharma / Shashin Shah,Raj Prajapati / Ashwin Saksena,Prabhas Sharma,Shashin Shah,Raj Prajapati,Ashwin Saksena,8-0,1.0,0.0,8.0,0.0,8,0,1.0,,Race to 8,race,completed,Completed,tournament_page,Men's 40+,3,c4e5ac58-b4da-413a-b134-eba55f9a1c56,api_member_ids,9c5bc958-4151-4973-89f7-09068809dfb1,api_member_ids,fe4d1fe1-6ad1-4942-901e-df8580b614d2,api_member_ids,facc6960-33ef-4c75-ab10-4a2a8ad00b6c,api_member_ids,621258fb-35b2-414a-859a-2654ef6f9f18,5898e063-4e27-4cde-bba7-0fa7ca26f399,2155a48c-d2e5-44f3-916c-b8fc9dc940e6,484f1e6f-3422-4211-9993-5b9b5a6b7f50
ebd82c19-21b3-4975-8cc0-f7996272d415,ipt-goa-grandslam-11-0,Grand Slam 11.0 Goa Edition,Grand Slam,91fad129-189f-4d20-aa97-2e79a2f34206,Men's 40+,Men's 40+,open,B,group,2026-08-15,15:40,Court 2,2026-08-15T10:52:14.943Z,2026-08-15T11:09:41.851Z,Aditya Maheshwari / Akshay Jalan,Raj Prajapati / Ashwin Saksena,Aditya Maheshwari,Akshay Jalan,Raj Prajapati,Ashwin Saksena,8-0,1.0,0.0,8.0,0.0,8,0,1.0,,Race to 8,race,completed,Completed,tournament_page,Men's 40+,3,0df50617-268c-477d-8351-fd6f8ed84a71,api_member_ids,16def632-d48e-4678-81b5-1316aedb049c,api_member_ids,fe4d1fe1-6ad1-4942-901e-df8580b614d2,api_member_ids,facc6960-33ef-4c75-ab10-4a2a8ad00b6c,api_member_ids,c6f16106-b9ab-4599-9dfd-73671a27e7a0,e8ecb454-af9e-4c88-af80-22916e44f4e2,2155a48c-d2e5-44f3-916c-b8fc9dc940e6,484f1e6f-3422-4211-9993-5b9b5a6b7f50
0b4d90d9-4ced-49bb-baad-195df103ee22,ipt-goa-grandslam-11-0,Grand Slam 11.0 Goa Edition,Grand Slam,91fad129-189f-4d20-aa97-2e79a2f34206,Men's 40+,Men's 40+,open,B,group,2026-08-15,15:40,Court 3,2026-08-15T11:13:24.679Z,2026-08-15T11:35:15.008Z,Prabhas Sharma / Shashin Shah,Premal Javeri / Harshvardhan Sharma,Prabhas Sharma,Shashin Shah,Premal Javeri,Harshvardhan Sharma,1-8,0.0,1.0,1.0,8.0,1,8,2.0,,Race to 8,race,completed,Completed,tournament_page,Men's 40+,4,c4e5ac58-b4da-413a-b134-eba55f9a1c56,api_member_ids,9c5bc958-4151-4973-89f7-09068809dfb1,api_member_ids,db64450c-aa4a-4b28-beeb-a84f6a75867b,api_member_ids,60389725-28d6-400f-82ff-ab2e9382e011,api_member_ids,621258fb-35b2-414a-859a-2654ef6f9f18,5898e063-4e27-4cde-bba7-0fa7ca26f399,12bbbe21-246e-4446-8f5f-5365cb834fd0,60389725-28d6-400f-82ff-ab2e9382e011
59cca22c-3e0e-48d6-af23-2e6820d09ad7,ipt-goa-grandslam-11-0,Grand Slam 11.0 Goa Edition,Grand Slam,91fad129-189f-4d20-aa97-2e79a2f34206,Men's 40+,Men's 40+,open,B,group,2026-08-15,17:00,Court 2,2026-08-15T12:28:04.818Z,2026-08-15T12:45:30.671Z,Aditya Maheshwari / Akshay Jalan,Gagan Singh / Jonas Spinoy,Aditya Maheshwari,Akshay Jalan,Gagan Singh,Jonas Spinoy,8-1,1.0,0.0,8.0,1.0,8,1,1.0,,Race to 8,race,completed,Completed,tournament_page,Men's 40+,3,0df50617-268c-477d-8351-fd6f8ed84a71,api_member_ids,16def632-d48e-4678-81b5-1316aedb049c,api_member_ids,31049438-40d6-4def-9003-dd2997c61ba1,api_member_ids,08fc8e21-4850-4e09-89e9-2ba0c2c8c9ef,api_member_ids,c6f16106-b9ab-4599-9dfd-73671a27e7a0,e8ecb454-af9e-4c88-af80-22916e44f4e2,12856cd9-7164-41c8-bab6-036deb424319,de5c8132-99d8-41bc-bd15-0b81327b001e
86d79884-6d2e-45ab-aa86-928135db61ab,ipt-goa-grandslam-11-0,Grand Slam 11.0 Goa Edition,Grand Slam,91fad129-189f-4d20-aa97-2e79a2f34206,Men's 40+,Men's 40+,open,B,group,2026-08-15,17:40,Court 3,2026-08-15T12:47:29.012Z,2026-08-15T13:08:52.587Z,Prabhas Sharma / Shashin Shah,Aditya Maheshwari / Akshay Jalan,Prabhas Sharma,Shashin Shah,Aditya Maheshwari,Akshay Jalan,2-8,0.0,1.0,2.0,8.0,2,8,2.0,,Race to 8,race,completed,Completed,tournament_page,Men's 40+,4,c4e5ac58-b4da-413a-b134-eba55f9a1c56,api_member_ids,9c5bc958-4151-4973-89f7-09068809dfb1,api_member_ids,0df50617-268c-477d-8351-fd6f8ed84a71,api_member_ids,16def632-d48e-4678-81b5-1316aedb049c,api_member_ids,621258fb-35b2-414a-859a-2654ef6f9f18,5898e063-4e27-4cde-bba7-0fa7ca26f399,c6f16106-b9ab-4599-9dfd-73671a27e7a0,e8ecb454-af9e-4c88-af80-22916e44f4e2
d915b459-9f70-4d09-b822-508e43eb6311,ipt-goa-grandslam-11-0,Grand Slam 11.0 Goa Edition,Grand Slam,91fad129-189f-4d20-aa97-2e79a2f34206,Men's 40+,Men's 40+,open,B,group,2026-08-15,18:20,Court 3,2026-08-15T13:34:17.048Z,2026-08-15T13:51:49.438Z,Gagan Singh / Jonas Spinoy,Prabhas Sharma / Shashin Shah,Gagan Singh,Jonas Spinoy,Prabhas Sharma,Shashin Shah,1-8,0.0,1.0,1.0,8.0,1,8,2.0,,Race to 8,race,completed,Completed,tournament_page,Men's 40+,4,31049438-40d6-4def-9003-dd2997c61ba1,api_member_ids,08fc8e21-4850-4e09-89e9-2ba0c2c8c9ef,api_member_ids,c4e5ac58-b4da-413a-b134-eba55f9a1c56,api_member_ids,9c5bc958-4151-4973-89f7-09068809dfb1,api_member_ids,12856cd9-7164-41c8-bab6-036deb424319,de5c8132-99d8-41bc-bd15-0b81327b001e,621258fb-35b2-414a-859a-2654ef6f9f18,5898e063-4e27-4cde-bba7-0fa7ca26f399
3de0a482-c380-4b3c-b640-ba433f6051a1,ipt-goa-grandslam-11-0,Grand Slam 11.0 Goa Edition,Grand Slam,91fad129-189f-4d20-aa97-2e79a2f34206,Men's 40+,Men's 40+,open,SF,knockout,2026-08-16,09:50,Court 2,2026-08-16T04:40:06.859Z,2026-08-16T05:08:48.406Z,Vijay Chhabria / Rupen Jhaveri,Premal Javeri / Harshvardhan Sharma,Vijay Chhabria,Rupen Jhaveri,Premal Javeri,Harshvardhan Sharma,"6-0, 6-1",2.0,0.0,12.0,1.0,6 6,0 1,1.0,,Best of 3 sets,sets,completed,Completed,tournament_page,Men's 40+,4,2c982f04-1a03-4d77-9359-5b44f4e5aed2,api_member_ids,c6ad7320-117c-4e7a-a4a6-e4c99fb34e23,api_member_ids,db64450c-aa4a-4b28-beeb-a84f6a75867b,api_member_ids,60389725-28d6-400f-82ff-ab2e9382e011,api_member_ids,f1f06453-08eb-46f0-93f8-3a45f5411614,74a68433-6d77-4d4f-84e0-77703ce053d4,12bbbe21-246e-4446-8f5f-5365cb834fd0,60389725-28d6-400f-82ff-ab2e9382e011
151ea7c7-0045-4d19-b1d9-810c5fbc4ba8,ipt-goa-grandslam-11-0,Grand Slam 11.0 Goa Edition,Grand Slam,91fad129-189f-4d20-aa97-2e79a2f34206,Men's 40+,Men's 40+,open,SF,knockout,2026-08-16,09:50,Court 3,2026-08-16T04:22:07.183Z,2026-08-16T05:24:02.309Z,Aditya Maheshwari / Akshay Jalan,Saurav Kankaria / Nikhil Khemka,Aditya Maheshwari,Akshay Jalan,Saurav Kankaria,Nikhil Khemka,"6-4, 6-4",2.0,0.0,12.0,8.0,6 6,4 4,1.0,,Best of 3 sets,sets,completed,Completed,tournament_page,Men's 40+,4,0df50617-268c-477d-8351-fd6f8ed84a71,api_member_ids,16def632-d48e-4678-81b5-1316aedb049c,api_member_ids,d195aee3-c907-47fb-a0fa-ee78cb4af2f8,api_member_ids,171f1964-54fa-4532-b6e6-24bae76da0af,api_member_ids,c6f16106-b9ab-4599-9dfd-73671a27e7a0,e8ecb454-af9e-4c88-af80-22916e44f4e2,47570d33-1c51-416c-9e30-b97979d15520,bf8046b6-3d70-4542-98f4-bc029385f571
41e3a5e6-955f-434a-aed2-0a11c72770fe,ipt-goa-grandslam-11-0,Grand Slam 11.0 Goa Edition,Grand Slam,91fad129-189f-4d20-aa97-2e79a2f34206,Men's 40+,Men's 40+,open,F,knockout,2026-08-16,15:00,Court 2,2026-08-16T09:37:58.338Z,2026-08-16T10:31:53.659Z,Vijay Chhabria / Rupen Jhaveri,Aditya Maheshwari / Akshay Jalan,Vijay Chhabria,Rupen Jhaveri,Aditya Maheshwari,Akshay Jalan,"6-2, 6-1",2.0,0.0,12.0,3.0,6 6,2 1,1.0,,Best of 3 sets,sets,completed,Completed,tournament_page,Men's 40+,4,2c982f04-1a03-4d77-9359-5b44f4e5aed2,api_member_ids,c6ad7320-117c-4e7a-a4a6-e4c99fb34e23,api_member_ids,0df50617-268c-477d-8351-fd6f8ed84a71,api_member_ids,16def632-d48e-4678-81b5-1316aedb049c,api_member_ids,f1f06453-08eb-46f0-93f8-3a45f5411614,74a68433-6d77-4d4f-84e0-77703ce053d4,c6f16106-b9ab-4599-9dfd-73671a27e7a0,e8ecb454-af9e-4c88-af80-22916e44f4e2
c98c0998-e99a-4227-a6c3-99c12d82120b,ipt-goa-grandslam-11-0,Grand Slam 11.0 Goa Edition,Grand Slam,4e2a9707-4f9e-4841-ac83-3a9f993c4988,Women's Beginner,Women's,beginner,A,group,2026-08-13,17:20,Court 3,2026-08-13T12:04:48.675Z,2026-08-13T12:47:08.362Z,Rhea Mathews / Dinika Thomas,Ritika Choudhary / Nupur Gupta,Rhea Mathews,Dinika Thomas,Ritika Choudhary,Nupur Gupta,8-3,1.0,0.0,8.0,3.0,8,3,1.0,,Race to 8,race,completed,Completed,tournament_page,Women's Beginner,4,7d346033-c0e1-4672-8fd9-7d3361dc8f12,api_member_ids,c756f978-ba35-409f-86be-7892c3b38bea,api_member_ids,fc0eebf1-8d1a-4109-bd09-41bb7b9aedae,api_member_ids,1d670f4c-32a6-4341-9321-cd7d9f173538,api_member_ids,96e1cec3-f5a6-4882-a87e-9e13356f5db8,711f6234-9436-41f0-a42b-e269c5d08ac3,0020c1bc-737b-4c3e-a9a2-a8f720a155d8,baf2581b-cfb8-410f-bf46-a2f0975778bb
1b747b02-55a5-4572-b3ad-f7ef5dae98e2,ipt-goa-grandslam-11-0,Grand Slam 11.0 Goa Edition,Grand Slam,4e2a9707-4f9e-4841-ac83-3a9f993c4988,Women's Beginner,Women's,beginner,A,group,2026-08-14,17:10,Court 2,2026-08-14T12:19:17.934Z,2026-08-14T12:57:43.085Z,Shireen Mahajan / Sukhmani Grewal,Rhea Mathews / Dinika Thomas,Shireen Mahajan,Sukhmani Grewal,Rhea Mathews,Dinika Thomas,8-3,1.0,0.0,8.0,3.0,8,3,1.0,,Race to 8,race,completed,Completed,tournament_page,Women's Beginner,4,591d607a-18da-4552-a761-0a66271a2718,api_member_ids,a6242ca3-df1f-43fa-bde1-8577a761d180,api_member_ids,7d346033-c0e1-4672-8fd9-7d3361dc8f12,api_member_ids,c756f978-ba35-409f-86be-7892c3b38bea,api_member_ids,7526cdc5-4f39-4f24-b12d-5f688132e966,f3245a84-d33a-47ff-aa52-8a656af38267,96e1cec3-f5a6-4882-a87e-9e13356f5db8,711f6234-9436-41f0-a42b-e269c5d08ac3
4e762133-64f7-4cce-ab88-89fa44f8e125,ipt-goa-grandslam-11-0,Grand Slam 11.0 Goa Edition,Grand Slam,4e2a9707-4f9e-4841-ac83-3a9f993c4988,Women's Beginner,Women's,beginner,B,group,2026-08-14,17:10,Court 3,2026-08-14T11:36:20.919Z,2026-08-14T12:23:17.168Z,Sia Chawla / Armaan Mann,Padma Veda Manikonda / Sameeksha Annem,Sia Chawla,Armaan Mann,Padma Veda Manikonda,Sameeksha Annem,4-8,0.0,1.0,4.0,8.0,4,8,2.0,,Race to 8,race,completed,Completed,tournament_page,Women's Beginner,4,2be56e26-cc2a-4ecb-a502-ebb83a8212e3,api_member_ids,6e62c2a4-bd95-41f8-bd17-901a78994ae1,api_member_ids,f24493ea-3fe2-4286-839f-e2d9f227e629,api_member_ids,44b79474-da87-43ad-a4b8-204252d87b30,api_member_ids,bb835d5c-4ac2-4a87-81da-fd9f256ad03e,5200a741-f8ed-4e2e-b4cb-145e03f54188,3e214e58-cb14-49e9-bb28-16a64f7056cb,b29a5917-f8d4-4c5e-ae72-baa37c797a21
946ee148-054e-4f74-a58a-1626ba3218aa,ipt-goa-grandslam-11-0,Grand Slam 11.0 Goa Edition,Grand Slam,4e2a9707-4f9e-4841-ac83-3a9f993c4988,Women's Beginner,Women's,beginner,A,group,2026-08-14,17:50,Court 3,2026-08-14T13:09:48.117Z,2026-08-14T13:42:21.413Z,Ritika Choudhary / Nupur Gupta,Shireen Mahajan / Sukhmani Grewal,Ritika Choudhary,Nupur Gupta,Shireen Mahajan,Sukhmani Grewal,3-8,0.0,1.0,3.0,8.0,3,8,2.0,,Race to 8,race,completed,Completed,tournament_page,Women's Beginner,4,fc0eebf1-8d1a-4109-bd09-41bb7b9aedae,api_member_ids,1d670f4c-32a6-4341-9321-cd7d9f173538,api_member_ids,591d607a-18da-4552-a761-0a66271a2718,api_member_ids,a6242ca3-df1f-43fa-bde1-8577a761d180,api_member_ids,0020c1bc-737b-4c3e-a9a2-a8f720a155d8,baf2581b-cfb8-410f-bf46-a2f0975778bb,7526cdc5-4f39-4f24-b12d-5f688132e966,f3245a84-d33a-47ff-aa52-8a656af38267
ac56fbd7-2fb9-4c1e-836c-d48b127f77ef,ipt-goa-grandslam-11-0,Grand Slam 11.0 Goa Edition,Grand Slam,4e2a9707-4f9e-4841-ac83-3a9f993c4988,Women's Beginner,Women's,beginner,SF,knockout,2026-08-16,09:00,Court 1,2026-08-16T03:33:03.336Z,2026-08-16T04:02:24.149Z,Shireen Mahajan / Sukhmani Grewal,Sia Chawla / Armaan Mann,Shireen Mahajan,Sukhmani Grewal,Sia Chawla,Armaan Mann,9-2,1.0,0.0,9.0,2.0,9,2,1.0,,Race to 9,race,completed,Completed,tournament_page,Women's Beginner,4,591d607a-18da-4552-a761-0a66271a2718,api_member_ids,a6242ca3-df1f-43fa-bde1-8577a761d180,api_member_ids,2be56e26-cc2a-4ecb-a502-ebb83a8212e3,api_member_ids,6e62c2a4-bd95-41f8-bd17-901a78994ae1,api_member_ids,7526cdc5-4f39-4f24-b12d-5f688132e966,f3245a84-d33a-47ff-aa52-8a656af38267,bb835d5c-4ac2-4a87-81da-fd9f256ad03e,5200a741-f8ed-4e2e-b4cb-145e03f54188
f925257e-0247-4516-a027-1455dbb370a6,ipt-goa-grandslam-11-0,Grand Slam 11.0 Goa Edition,Grand Slam,4e2a9707-4f9e-4841-ac83-3a9f993c4988,Women's Beginner,Women's,beginner,SF,knockout,2026-08-16,09:50,Court 1,2026-08-16T04:26:30.443Z,2026-08-16T05:06:42.869Z,Padma Veda Manikonda / Sameeksha Annem,Rhea Mathews / Dinika Thomas,Padma Veda Manikonda,Sameeksha Annem,Rhea Mathews,Dinika Thomas,9-6,1.0,0.0,9.0,6.0,9,6,1.0,,Race to 9,race,completed,Completed,tournament_page,Women's Beginner,4,f24493ea-3fe2-4286-839f-e2d9f227e629,api_member_ids,44b79474-da87-43ad-a4b8-204252d87b30,api_member_ids,7d346033-c0e1-4672-8fd9-7d3361dc8f12,api_member_ids,c756f978-ba35-409f-86be-7892c3b38bea,api_member_ids,3e214e58-cb14-49e9-bb28-16a64f7056cb,b29a5917-f8d4-4c5e-ae72-baa37c797a21,96e1cec3-f5a6-4882-a87e-9e13356f5db8,711f6234-9436-41f0-a42b-e269c5d08ac3
ecef1827-acee-44ab-9da2-7d8b3599c14f,ipt-goa-grandslam-11-0,Grand Slam 11.0 Goa Edition,Grand Slam,4e2a9707-4f9e-4841-ac83-3a9f993c4988,Women's Beginner,Women's,beginner,F,knockout,2026-08-16,17:30,Court 3,2026-08-16T11:35:19.726Z,2026-08-16T12:22:44.934Z,Shireen Mahajan / Sukhmani Grewal,Padma Veda Manikonda / Sameeksha Annem,Shireen Mahajan,Sukhmani Grewal,Padma Veda Manikonda,Sameeksha Annem,"0-6, 3-6",0.0,2.0,3.0,12.0,0 3,6 6,2.0,,Best of 3 sets,sets,completed,Completed,tournament_page,Women's Beginner,4,591d607a-18da-4552-a761-0a66271a2718,api_member_ids,a6242ca3-df1f-43fa-bde1-8577a761d180,api_member_ids,f24493ea-3fe2-4286-839f-e2d9f227e629,api_member_ids,44b79474-da87-43ad-a4b8-204252d87b30,api_member_ids,7526cdc5-4f39-4f24-b12d-5f688132e966,f3245a84-d33a-47ff-aa52-8a656af38267,3e214e58-cb14-49e9-bb28-16a64f7056cb,b29a5917-f8d4-4c5e-ae72-baa37c797a21
39eb1f5f-d217-49a6-8600-469f9433a67b,ipt-goa-grandslam-11-0,Grand Slam 11.0 Goa Edition,Grand Slam,88e88ea0-0f4a-4102-b556-cbff9731ccd3,Women's Intermediate,Women's,intermediate,A,group,2026-08-14,16:30,Court 3,2026-08-14T11:45:48.228Z,2026-08-14T12:30:32.372Z,Tammana Kalra / Anmol Malhotra,Pooja Kharat / Shabri Agarwal,Tammana Kalra,Anmol Malhotra,Pooja Kharat,Shabri Agarwal,4-8,0.0,1.0,4.0,8.0,4,8,2.0,,Race to 8,race,completed,Completed,tournament_page,Women's Intermediate,4,70792b71-1549-46eb-bb7d-9b5f2a787281,api_member_ids,553e7592-683c-4750-be8f-57098fc7d7bd,api_member_ids,78d5d429-c5f3-45a9-896b-b7f9346bbc83,api_member_ids,d0b617f9-dfee-470a-9b18-020c2c90521e,api_member_ids,2814e90a-9337-4fa9-b0c9-ccbe8ca689eb,31095716-641b-4659-998f-2c6b3896e12a,95998469-d474-41c0-9777-e21f9cb8e7b2,88ad0a3b-a118-4a3c-b609-eeccbfe54737
27998dca-6eff-44eb-b6eb-4cd250444f72,ipt-goa-grandslam-11-0,Grand Slam 11.0 Goa Edition,Grand Slam,88e88ea0-0f4a-4102-b556-cbff9731ccd3,Women's Intermediate,Women's,intermediate,A,group,2026-08-14,17:10,Court 1,2026-08-14T11:49:33.874Z,2026-08-14T12:15:46.743Z,Mansi Malhotra / Rubani Sidhu,Suhani Sabharwal / Karina Phipps,Mansi Malhotra,Rubani Sidhu,Suhani Sabharwal,Karina Phipps,8-3,1.0,0.0,8.0,3.0,8,3,1.0,,Race to 8,race,completed,Completed,tournament_page,Women's Intermediate,3,f075566a-ec58-4d8e-b389-4380d75fba34,api_member_ids,89799665-84e8-4c12-bb0d-dd8b4dc58ca2,api_member_ids,1b914254-ef80-4aa1-aae6-196986d10121,api_member_ids,b94c4804-ee1d-427a-a293-f0ab8400515c,api_member_ids,a47ff5da-d193-423e-8b94-2b0beb56bed3,37f11b84-36f6-4e5f-85f8-f834a038b653,d144d7f2-9503-48b7-bfd0-13543bc0bf7f,8ba09626-8f4c-4e3e-be9b-0f8348802ef0
0c28fe55-77aa-493f-9927-458dd5c0b139,ipt-goa-grandslam-11-0,Grand Slam 11.0 Goa Edition,Grand Slam,88e88ea0-0f4a-4102-b556-cbff9731ccd3,Women's Intermediate,Women's,intermediate,A,group,2026-08-14,17:50,Court 1,2026-08-14T12:57:33.823Z,2026-08-14T13:28:23.992Z,Mansi Malhotra / Rubani Sidhu,Pooja Kharat / Shabri Agarwal,Mansi Malhotra,Rubani Sidhu,Pooja Kharat,Shabri Agarwal,8-3,1.0,0.0,8.0,3.0,8,3,1.0,,Race to 8,race,completed,Completed,tournament_page,Women's Intermediate,3,f075566a-ec58-4d8e-b389-4380d75fba34,api_member_ids,89799665-84e8-4c12-bb0d-dd8b4dc58ca2,api_member_ids,78d5d429-c5f3-45a9-896b-b7f9346bbc83,api_member_ids,d0b617f9-dfee-470a-9b18-020c2c90521e,api_member_ids,a47ff5da-d193-423e-8b94-2b0beb56bed3,37f11b84-36f6-4e5f-85f8-f834a038b653,95998469-d474-41c0-9777-e21f9cb8e7b2,88ad0a3b-a118-4a3c-b609-eeccbfe54737
ce9d269c-94d1-4289-8f67-048b314e262b,ipt-goa-grandslam-11-0,Grand Slam 11.0 Goa Edition,Grand Slam,88e88ea0-0f4a-4102-b556-cbff9731ccd3,Women's Intermediate,Women's,intermediate,A,group,2026-08-14,17:50,Court 2,2026-08-14T13:03:35.972Z,2026-08-14T13:36:29.671Z,Tammana Kalra / Anmol Malhotra,Suhani Sabharwal / Karina Phipps,Tammana Kalra,Anmol Malhotra,Suhani Sabharwal,Karina Phipps,3-8,0.0,1.0,3.0,8.0,3,8,2.0,,Race to 8,race,completed,Completed,tournament_page,Women's Intermediate,4,70792b71-1549-46eb-bb7d-9b5f2a787281,api_member_ids,553e7592-683c-4750-be8f-57098fc7d7bd,api_member_ids,1b914254-ef80-4aa1-aae6-196986d10121,api_member_ids,b94c4804-ee1d-427a-a293-f0ab8400515c,api_member_ids,2814e90a-9337-4fa9-b0c9-ccbe8ca689eb,31095716-641b-4659-998f-2c6b3896e12a,d144d7f2-9503-48b7-bfd0-13543bc0bf7f,8ba09626-8f4c-4e3e-be9b-0f8348802ef0
62273f9a-eb12-419b-a3e8-15432b3519a9,ipt-goa-grandslam-11-0,Grand Slam 11.0 Goa Edition,Grand Slam,88e88ea0-0f4a-4102-b556-cbff9731ccd3,Women's Intermediate,Women's,intermediate,A,group,2026-08-14,18:30,Court 3,2026-08-14T13:51:19.866Z,2026-08-14T14:45:13.810Z,Mansi Malhotra / Rubani Sidhu,Tammana Kalra / Anmol Malhotra,Mansi Malhotra,Rubani Sidhu,Tammana Kalra,Anmol Malhotra,7-8,0.0,1.0,7.0,8.0,7,8,2.0,,Race to 8,race,completed,Completed,tournament_page,Women's Intermediate,3,f075566a-ec58-4d8e-b389-4380d75fba34,api_member_ids,89799665-84e8-4c12-bb0d-dd8b4dc58ca2,api_member_ids,70792b71-1549-46eb-bb7d-9b5f2a787281,api_member_ids,553e7592-683c-4750-be8f-57098fc7d7bd,api_member_ids,a47ff5da-d193-423e-8b94-2b0beb56bed3,37f11b84-36f6-4e5f-85f8-f834a038b653,2814e90a-9337-4fa9-b0c9-ccbe8ca689eb,31095716-641b-4659-998f-2c6b3896e12a
1ca64bf6-afd9-4913-98c6-03dfccac1dcf,ipt-goa-grandslam-11-0,Grand Slam 11.0 Goa Edition,Grand Slam,88e88ea0-0f4a-4102-b556-cbff9731ccd3,Women's Intermediate,Women's,intermediate,A,group,2026-08-14,19:10,Court 1,2026-08-14T13:41:17.615Z,2026-08-14T14:12:36.014Z,Pooja Kharat / Shabri Agarwal,Suhani Sabharwal / Karina Phipps,Pooja Kharat,Shabri Agarwal,Suhani Sabharwal,Karina Phipps,4-8,0.0,1.0,4.0,8.0,4,8,2.0,,Race to 8,race,completed,Completed,tournament_page,Women's Intermediate,4,78d5d429-c5f3-45a9-896b-b7f9346bbc83,api_member_ids,d0b617f9-dfee-470a-9b18-020c2c90521e,api_member_ids,1b914254-ef80-4aa1-aae6-196986d10121,api_member_ids,b94c4804-ee1d-427a-a293-f0ab8400515c,api_member_ids,95998469-d474-41c0-9777-e21f9cb8e7b2,88ad0a3b-a118-4a3c-b609-eeccbfe54737,d144d7f2-9503-48b7-bfd0-13543bc0bf7f,8ba09626-8f4c-4e3e-be9b-0f8348802ef0
d11c09f0-8eea-46c7-8232-864205e62696,ipt-goa-grandslam-11-0,Grand Slam 11.0 Goa Edition,Grand Slam,88e88ea0-0f4a-4102-b556-cbff9731ccd3,Women's Intermediate,Women's,intermediate,F,knockout,2026-08-16,20:00,Court 3,2026-08-16T13:50:07.305Z,2026-08-16T14:40:57.874Z,Mansi Malhotra / Rubani Sidhu,Suhani Sabharwal / Karina Phipps,Mansi Malhotra,Rubani Sidhu,Suhani Sabharwal,Karina Phipps,"6-1, 6-2",2.0,0.0,12.0,3.0,6 6,1 2,1.0,,Best of 3 sets,sets,completed,Completed,tournament_page,Women's Intermediate,4,f075566a-ec58-4d8e-b389-4380d75fba34,api_member_ids,89799665-84e8-4c12-bb0d-dd8b4dc58ca2,api_member_ids,1b914254-ef80-4aa1-aae6-196986d10121,api_member_ids,b94c4804-ee1d-427a-a293-f0ab8400515c,api_member_ids,a47ff5da-d193-423e-8b94-2b0beb56bed3,37f11b84-36f6-4e5f-85f8-f834a038b653,d144d7f2-9503-48b7-bfd0-13543bc0bf7f,8ba09626-8f4c-4e3e-be9b-0f8348802ef0
650b6eaf-7ed5-4210-87a4-92b05e477083,ipt-goa-grandslam-11-0,Grand Slam 11.0 Goa Edition,Grand Slam,a3978c78-0644-4553-b1be-1e22e3dedb07,Women's Advance,Women's,advance,A,group,2026-08-15,11:40,Court 2,2026-08-15T06:50:10.301Z,2026-08-15T07:43:33.293Z,Steisha Buddhala / Amy Bundhel,Radhika Vasudeva / Aashna Mehra,Steisha Buddhala,Amy Bundhel,Radhika Vasudeva,Aashna Mehra,8-6,1.0,0.0,8.0,6.0,8,6,1.0,,Race to 8,race,completed,Completed,tournament_page,Women's Advance,1,a8725d43-8928-4958-ace6-183c3a63c538,api_member_ids,c02126c6-4418-4f24-8895-867c3e3c89c2,api_member_ids,124f1292-f3a9-4139-bd9d-f9fa8e1dd983,api_member_ids,808e72ea-16d9-41ac-88af-cdc80de35aa4,api_member_ids,a3d0144e-c7e4-475b-a37f-5ea67120e3b6,c46d6dd8-4acf-4062-ba27-aa8e5df3f9bb,25add8ec-b162-45be-b20f-42080ff56f63,7074221e-1134-46d6-b666-403b5b1a8645
28f4312c-10ea-4d70-805d-6b5fe710c7c9,ipt-goa-grandslam-11-0,Grand Slam 11.0 Goa Edition,Grand Slam,a3978c78-0644-4553-b1be-1e22e3dedb07,Women's Advance,Women's,advance,A,group,2026-08-15,11:40,Court 3,2026-08-15T06:03:04.157Z,2026-08-15T07:00:23.633Z,Tulsi Mehta / Shraddha Damani,Shivani Manjanna / Prarthana Prathap,Tulsi Mehta,Shraddha Damani,Shivani Manjanna,Prarthana Prathap,8-7,1.0,0.0,8.0,7.0,8,7,1.0,,Race to 8,race,completed,Completed,tournament_page,Women's Advance,3,e190ca21-bb25-46b3-965e-bcb2ffcc3fd3,api_member_ids,d7b11e8a-e252-4721-9b62-227fb11e43c2,api_member_ids,8896ebce-7533-4862-a50a-1b22d9ee07fd,api_member_ids,ccedebb9-64af-42b4-bca1-e01d0b2c1ef5,api_member_ids,578e6cef-6e06-4d42-877f-1a5ae1d738ab,0905f186-5d12-4b6e-9314-c125d6101543,9649fd9e-ec6b-4fb2-9205-0b9c802949b2,3d0c1e88-505c-4f52-9f39-bd6bb273deb1
2c2d26e4-aa2b-44a1-8b8b-a7a2f8343d19,ipt-goa-grandslam-11-0,Grand Slam 11.0 Goa Edition,Grand Slam,a3978c78-0644-4553-b1be-1e22e3dedb07,Women's Advance,Women's,advance,A,group,2026-08-15,13:00,Court 2,2026-08-15T07:54:44.520Z,2026-08-15T08:26:27.909Z,Steisha Buddhala / Amy Bundhel,Shivani Manjanna / Prarthana Prathap,Steisha Buddhala,Amy Bundhel,Shivani Manjanna,Prarthana Prathap,8-1,1.0,0.0,8.0,1.0,8,1,1.0,,Race to 8,race,completed,Completed,tournament_page,Women's Advance,2,a8725d43-8928-4958-ace6-183c3a63c538,api_member_ids,c02126c6-4418-4f24-8895-867c3e3c89c2,api_member_ids,8896ebce-7533-4862-a50a-1b22d9ee07fd,api_member_ids,ccedebb9-64af-42b4-bca1-e01d0b2c1ef5,api_member_ids,a3d0144e-c7e4-475b-a37f-5ea67120e3b6,c46d6dd8-4acf-4062-ba27-aa8e5df3f9bb,9649fd9e-ec6b-4fb2-9205-0b9c802949b2,3d0c1e88-505c-4f52-9f39-bd6bb273deb1
2b77c1ce-c2e4-487c-a079-61227a691ddc,ipt-goa-grandslam-11-0,Grand Slam 11.0 Goa Edition,Grand Slam,a3978c78-0644-4553-b1be-1e22e3dedb07,Women's Advance,Women's,advance,A,group,2026-08-15,13:00,Court 3,2026-08-15T08:18:53.047Z,2026-08-15T09:20:23.470Z,Tulsi Mehta / Shraddha Damani,Radhika Vasudeva / Aashna Mehra,Tulsi Mehta,Shraddha Damani,Radhika Vasudeva,Aashna Mehra,8-7,1.0,0.0,8.0,7.0,8,7,1.0,,Race to 8,race,completed,Completed,tournament_page,Women's Advance,3,e190ca21-bb25-46b3-965e-bcb2ffcc3fd3,api_member_ids,d7b11e8a-e252-4721-9b62-227fb11e43c2,api_member_ids,124f1292-f3a9-4139-bd9d-f9fa8e1dd983,api_member_ids,808e72ea-16d9-41ac-88af-cdc80de35aa4,api_member_ids,578e6cef-6e06-4d42-877f-1a5ae1d738ab,0905f186-5d12-4b6e-9314-c125d6101543,25add8ec-b162-45be-b20f-42080ff56f63,7074221e-1134-46d6-b666-403b5b1a8645
6d276a24-c698-41fb-b910-4930ede83bc4,ipt-goa-grandslam-11-0,Grand Slam 11.0 Goa Edition,Grand Slam,a3978c78-0644-4553-b1be-1e22e3dedb07,Women's Advance,Women's,advance,A,group,2026-08-15,14:20,Court 2,2026-08-15T10:21:09.389Z,2026-08-15T11:09:35.923Z,Steisha Buddhala / Amy Bundhel,Tulsi Mehta / Shraddha Damani,Steisha Buddhala,Amy Bundhel,Tulsi Mehta,Shraddha Damani,8-6,1.0,0.0,8.0,6.0,8,6,1.0,,Race to 8,race,completed,Completed,tournament_page,Women's Advance,2,a8725d43-8928-4958-ace6-183c3a63c538,api_member_ids,c02126c6-4418-4f24-8895-867c3e3c89c2,api_member_ids,e190ca21-bb25-46b3-965e-bcb2ffcc3fd3,api_member_ids,d7b11e8a-e252-4721-9b62-227fb11e43c2,api_member_ids,a3d0144e-c7e4-475b-a37f-5ea67120e3b6,c46d6dd8-4acf-4062-ba27-aa8e5df3f9bb,578e6cef-6e06-4d42-877f-1a5ae1d738ab,0905f186-5d12-4b6e-9314-c125d6101543
5628a034-5e39-451b-9fa2-779238ac0d53,ipt-goa-grandslam-11-0,Grand Slam 11.0 Goa Edition,Grand Slam,a3978c78-0644-4553-b1be-1e22e3dedb07,Women's Advance,Women's,advance,A,group,2026-08-15,14:20,Court 3,2026-08-15T09:39:05.937Z,2026-08-15T10:07:01.717Z,Shivani Manjanna / Prarthana Prathap,Radhika Vasudeva / Aashna Mehra,Shivani Manjanna,Prarthana Prathap,Radhika Vasudeva,Aashna Mehra,8-2,1.0,0.0,8.0,2.0,8,2,1.0,,Race to 8,race,completed,Completed,tournament_page,Women's Advance,4,8896ebce-7533-4862-a50a-1b22d9ee07fd,api_member_ids,ccedebb9-64af-42b4-bca1-e01d0b2c1ef5,api_member_ids,124f1292-f3a9-4139-bd9d-f9fa8e1dd983,api_member_ids,808e72ea-16d9-41ac-88af-cdc80de35aa4,api_member_ids,9649fd9e-ec6b-4fb2-9205-0b9c802949b2,3d0c1e88-505c-4f52-9f39-bd6bb273deb1,25add8ec-b162-45be-b20f-42080ff56f63,7074221e-1134-46d6-b666-403b5b1a8645
520800e4-1827-49f6-aebb-5d8bd0a7ccba,ipt-goa-grandslam-11-0,Grand Slam 11.0 Goa Edition,Grand Slam,a3978c78-0644-4553-b1be-1e22e3dedb07,Women's Advance,Women's,advance,B,group,2026-08-15,15:00,Court 3,2026-08-15T09:36:48.068Z,2026-08-15T10:09:30.033Z,Vaibhavi Deshmukh / Namita Bal,Sonashe Bhatnagar / Treta Bhattacharya,Vaibhavi Deshmukh,Namita Bal,Sonashe Bhatnagar,Treta Bhattacharya,8-2,1.0,0.0,8.0,2.0,8,2,1.0,,Race to 8,race,completed,Completed,tournament_page,Women's Advance,3,1c91795e-92c5-444b-aa99-d1e70e063c55,api_member_ids,2ecd3163-09e3-40b5-bd3b-d817112479b0,api_member_ids,ba0bebb9-bb83-4bfc-9c39-a96387beae44,api_member_ids,7a0a5946-601b-4919-858d-8e3667bd4f77,api_member_ids,3ae7972f-c5fc-48a7-94cc-b8271a39c62a,5f4b8b07-afd2-4059-96a0-61466364307f,4fd4f16e-180b-4868-8dcc-bc6f6e99e1e9,f96086e0-fd9e-4e9d-affd-43634a5f635b
fbc00756-0157-4df4-9c71-89dfcd69351d,ipt-goa-grandslam-11-0,Grand Slam 11.0 Goa Edition,Grand Slam,a3978c78-0644-4553-b1be-1e22e3dedb07,Women's Advance,Women's,advance,B,group,2026-08-15,15:40,Court 1,2026-08-15T10:46:05.396Z,2026-08-15T11:18:03.569Z,Estelle Mehta / Anisha Mirchandani,Kyra Pereira / Amaya Kothari,Estelle Mehta,Anisha Mirchandani,Kyra Pereira,Amaya Kothari,8-1,1.0,0.0,8.0,1.0,8,1,1.0,,Race to 8,race,completed,Completed,tournament_page,Women's Advance,2,a8f6711d-8415-49af-afc4-f8f9a3913a3e,api_member_ids,ea8745f7-50a3-4a17-ae4e-5d13d042ceb4,api_member_ids,ebb05833-4e36-4fbc-977b-1973a5845aba,api_member_ids,214fa58d-dcf2-4b0b-888f-f2a2341ae45b,api_member_ids,823006c5-6ab0-4267-bef6-e97654ffc7a7,d7e12f49-4e71-467b-8491-fcf3df0b3a80,d1c4486f-cc09-4106-85b1-fdd47df03e9d,c99f7421-7332-45d5-bc45-4209aae5c965
ddd70da3-68ca-4555-a48c-4f3e8f2fe749,ipt-goa-grandslam-11-0,Grand Slam 11.0 Goa Edition,Grand Slam,a3978c78-0644-4553-b1be-1e22e3dedb07,Women's Advance,Women's,advance,B,group,2026-08-15,16:20,Court 1,2026-08-15T11:26:00.754Z,2026-08-15T11:55:19.874Z,Vaibhavi Deshmukh / Namita Bal,Kyra Pereira / Amaya Kothari,Vaibhavi Deshmukh,Namita Bal,Kyra Pereira,Amaya Kothari,8-3,1.0,0.0,8.0,3.0,8,3,1.0,,Race to 8,race,completed,Completed,tournament_page,Women's Advance,1,1c91795e-92c5-444b-aa99-d1e70e063c55,api_member_ids,2ecd3163-09e3-40b5-bd3b-d817112479b0,api_member_ids,ebb05833-4e36-4fbc-977b-1973a5845aba,api_member_ids,214fa58d-dcf2-4b0b-888f-f2a2341ae45b,api_member_ids,3ae7972f-c5fc-48a7-94cc-b8271a39c62a,5f4b8b07-afd2-4059-96a0-61466364307f,d1c4486f-cc09-4106-85b1-fdd47df03e9d,c99f7421-7332-45d5-bc45-4209aae5c965
d533b386-b463-40b5-92fb-1e7e5969d719,ipt-goa-grandslam-11-0,Grand Slam 11.0 Goa Edition,Grand Slam,a3978c78-0644-4553-b1be-1e22e3dedb07,Women's Advance,Women's,advance,B,group,2026-08-15,16:20,Court 2,2026-08-15T11:40:11.998Z,2026-08-15T12:21:23.888Z,Estelle Mehta / Anisha Mirchandani,Sonashe Bhatnagar / Treta Bhattacharya,Estelle Mehta,Anisha Mirchandani,Sonashe Bhatnagar,Treta Bhattacharya,5-8,0.0,1.0,5.0,8.0,5,8,2.0,,Race to 8,race,completed,Completed,tournament_page,Women's Advance,4,a8f6711d-8415-49af-afc4-f8f9a3913a3e,api_member_ids,ea8745f7-50a3-4a17-ae4e-5d13d042ceb4,api_member_ids,ba0bebb9-bb83-4bfc-9c39-a96387beae44,api_member_ids,7a0a5946-601b-4919-858d-8e3667bd4f77,api_member_ids,823006c5-6ab0-4267-bef6-e97654ffc7a7,d7e12f49-4e71-467b-8491-fcf3df0b3a80,4fd4f16e-180b-4868-8dcc-bc6f6e99e1e9,f96086e0-fd9e-4e9d-affd-43634a5f635b
a4f283e9-74a3-4ca5-801e-f5f9f608896d,ipt-goa-grandslam-11-0,Grand Slam 11.0 Goa Edition,Grand Slam,a3978c78-0644-4553-b1be-1e22e3dedb07,Women's Advance,Women's,advance,B,group,2026-08-15,17:40,Court 1,2026-08-15T13:01:29.417Z,2026-08-15T13:31:35.618Z,Vaibhavi Deshmukh / Namita Bal,Estelle Mehta / Anisha Mirchandani,Vaibhavi Deshmukh,Namita Bal,Estelle Mehta,Anisha Mirchandani,8-2,1.0,0.0,8.0,2.0,8,2,1.0,,Race to 8,race,completed,Completed,tournament_page,Women's Advance,3,1c91795e-92c5-444b-aa99-d1e70e063c55,api_member_ids,2ecd3163-09e3-40b5-bd3b-d817112479b0,api_member_ids,a8f6711d-8415-49af-afc4-f8f9a3913a3e,api_member_ids,ea8745f7-50a3-4a17-ae4e-5d13d042ceb4,api_member_ids,3ae7972f-c5fc-48a7-94cc-b8271a39c62a,5f4b8b07-afd2-4059-96a0-61466364307f,823006c5-6ab0-4267-bef6-e97654ffc7a7,d7e12f49-4e71-467b-8491-fcf3df0b3a80
6a4b3da6-612a-4319-90f5-bbfbf619f323,ipt-goa-grandslam-11-0,Grand Slam 11.0 Goa Edition,Grand Slam,a3978c78-0644-4553-b1be-1e22e3dedb07,Women's Advance,Women's,advance,B,group,2026-08-15,17:40,Court 2,2026-08-15T13:03:51.176Z,2026-08-15T13:31:54.106Z,Kyra Pereira / Amaya Kothari,Sonashe Bhatnagar / Treta Bhattacharya,Kyra Pereira,Amaya Kothari,Sonashe Bhatnagar,Treta Bhattacharya,2-8,0.0,1.0,2.0,8.0,2,8,2.0,,Race to 8,race,completed,Completed,tournament_page,Women's Advance,4,ebb05833-4e36-4fbc-977b-1973a5845aba,api_member_ids,214fa58d-dcf2-4b0b-888f-f2a2341ae45b,api_member_ids,ba0bebb9-bb83-4bfc-9c39-a96387beae44,api_member_ids,7a0a5946-601b-4919-858d-8e3667bd4f77,api_member_ids,d1c4486f-cc09-4106-85b1-fdd47df03e9d,c99f7421-7332-45d5-bc45-4209aae5c965,4fd4f16e-180b-4868-8dcc-bc6f6e99e1e9,f96086e0-fd9e-4e9d-affd-43634a5f635b
9bd87ebc-72a9-41ec-ba25-6464f2e966d3,ipt-goa-grandslam-11-0,Grand Slam 11.0 Goa Edition,Grand Slam,a3978c78-0644-4553-b1be-1e22e3dedb07,Women's Advance,Women's,advance,SF,knockout,2026-08-16,12:00,Court 2,2026-08-16T06:33:08.904Z,2026-08-16T07:42:12.357Z,Steisha Buddhala / Amy Bundhel,Sonashe Bhatnagar / Treta Bhattacharya,Steisha Buddhala,Amy Bundhel,Sonashe Bhatnagar,Treta Bhattacharya,"6-2, 6-2",2.0,0.0,12.0,4.0,6 6,2 2,1.0,,Best of 3 sets,sets,completed,Completed,tournament_page,Women's Advance,2,a8725d43-8928-4958-ace6-183c3a63c538,api_member_ids,c02126c6-4418-4f24-8895-867c3e3c89c2,api_member_ids,ba0bebb9-bb83-4bfc-9c39-a96387beae44,api_member_ids,7a0a5946-601b-4919-858d-8e3667bd4f77,api_member_ids,a3d0144e-c7e4-475b-a37f-5ea67120e3b6,c46d6dd8-4acf-4062-ba27-aa8e5df3f9bb,4fd4f16e-180b-4868-8dcc-bc6f6e99e1e9,f96086e0-fd9e-4e9d-affd-43634a5f635b
f9d168cf-619d-4ea6-a787-587c9b750da9,ipt-goa-grandslam-11-0,Grand Slam 11.0 Goa Edition,Grand Slam,a3978c78-0644-4553-b1be-1e22e3dedb07,Women's Advance,Women's,advance,SF,knockout,2026-08-16,12:00,Court 3,2026-08-16T06:59:12.821Z,2026-08-16T09:48:13.681Z,Vaibhavi Deshmukh / Namita Bal,Tulsi Mehta / Shraddha Damani,Vaibhavi Deshmukh,Namita Bal,Tulsi Mehta,Shraddha Damani,"4-6, 6-3, 6-7(1-7)",1.0,2.0,16.0,16.0,4 6 6,6 3 7,2.0,,Best of 3 sets,sets,completed,Completed,tournament_page,Women's Advance,4,1c91795e-92c5-444b-aa99-d1e70e063c55,api_member_ids,2ecd3163-09e3-40b5-bd3b-d817112479b0,api_member_ids,e190ca21-bb25-46b3-965e-bcb2ffcc3fd3,api_member_ids,d7b11e8a-e252-4721-9b62-227fb11e43c2,api_member_ids,3ae7972f-c5fc-48a7-94cc-b8271a39c62a,5f4b8b07-afd2-4059-96a0-61466364307f,578e6cef-6e06-4d42-877f-1a5ae1d738ab,0905f186-5d12-4b6e-9314-c125d6101543
6eba4cbb-edc5-4695-aa10-5242efd44d7f,ipt-goa-grandslam-11-0,Grand Slam 11.0 Goa Edition,Grand Slam,a3978c78-0644-4553-b1be-1e22e3dedb07,Women's Advance,Women's,advance,F,knockout,2026-08-16,18:30,Court 2,2026-08-16T13:20:17.851Z,2026-08-16T15:23:46.416Z,Steisha Buddhala / Amy Bundhel,Tulsi Mehta / Shraddha Damani,Steisha Buddhala,Amy Bundhel,Tulsi Mehta,Shraddha Damani,"6-3, 5-7, 6-4",2.0,1.0,17.0,14.0,6 5 6,3 7 4,1.0,,Best of 3 sets,sets,completed,Completed,tournament_page,Women's Advance,4,a8725d43-8928-4958-ace6-183c3a63c538,api_member_ids,c02126c6-4418-4f24-8895-867c3e3c89c2,api_member_ids,e190ca21-bb25-46b3-965e-bcb2ffcc3fd3,api_member_ids,d7b11e8a-e252-4721-9b62-227fb11e43c2,api_member_ids,a3d0144e-c7e4-475b-a37f-5ea67120e3b6,c46d6dd8-4acf-4062-ba27-aa8e5df3f9bb,578e6cef-6e06-4d42-877f-1a5ae1d738ab,0905f186-5d12-4b6e-9314-c125d6101543
3aed20fe-7bf8-48f3-8714-3cc87b1798e7,ipt-goa-grandslam-11-0,Grand Slam 11.0 Goa Edition,Grand Slam,c66db273-6ea7-4690-9358-69775a608a6a,Mixed Open,Mixed,open,B,group,2026-08-13,18:00,Court 3,2026-08-13T12:50:31.688Z,2026-08-13T13:27:16.025Z,Ryan Carroll / Ryan Carroll Partner,Anmol Malhotra / Yugantar Malhotra,Ryan Carroll,Ryan Carroll Partner,Anmol Malhotra,Yugantar Malhotra,4-8,0.0,1.0,4.0,8.0,4,8,2.0,,Race to 8,race,completed,Completed,tournament_page,Mixed Open,2,8999c06a-bd38-4d01-bfa6-016c506be79d,api_member_ids,ae8b1a91-6f43-4946-a637-1ff416a7042a,unranked_api_id,553e7592-683c-4750-be8f-57098fc7d7bd,name_over_api_conflict,8f0e0463-82c3-4822-8b7e-58ec37cde83e,name_over_api_conflict,167aea39-e3b1-4160-9125-519337c543a8,ae8b1a91-6f43-4946-a637-1ff416a7042a,314f65d3-a047-478d-b792-f8d4e529ca67,687f0efd-f53e-4611-8264-8efc703cc939
64304167-b11b-4d01-a5ec-77a50b0443c1,ipt-goa-grandslam-11-0,Grand Slam 11.0 Goa Edition,Grand Slam,c66db273-6ea7-4690-9358-69775a608a6a,Mixed Open,Mixed,open,B,group,2026-08-13,19:20,Court 1,2026-08-13T14:37:39.481Z,2026-08-13T15:08:50.786Z,Rhea Mathews / Joel Duarte,Anmol Malhotra / Yugantar Malhotra,Rhea Mathews,Joel Duarte,Anmol Malhotra,Yugantar Malhotra,0-8,0.0,1.0,0.0,8.0,0,8,2.0,,Race to 8,race,completed,Completed,tournament_page,Mixed Open,1,7d346033-c0e1-4672-8fd9-7d3361dc8f12,exact_name,15061bb7-8b57-4367-b302-35d512b70b74,api_member_ids,553e7592-683c-4750-be8f-57098fc7d7bd,name_over_api_conflict,8f0e0463-82c3-4822-8b7e-58ec37cde83e,name_over_api_conflict,c1a8d870-435e-41db-a945-adb33d6b719f,bbb44a68-6cf8-4d98-bd21-543854c3d9e2,314f65d3-a047-478d-b792-f8d4e529ca67,687f0efd-f53e-4611-8264-8efc703cc939
b5aebce7-6175-4021-a390-1a68cc02c686,ipt-goa-grandslam-11-0,Grand Slam 11.0 Goa Edition,Grand Slam,c66db273-6ea7-4690-9358-69775a608a6a,Mixed Open,Mixed,open,C,group,2026-08-13,19:20,Court 2,2026-08-13T14:28:06.011Z,2026-08-13T15:03:50.196Z,Kanchan Sharma / Mikhail Mehra,Suhani Sabharwal / Bhagya Popat,Kanchan Sharma,Mikhail Mehra,Suhani Sabharwal,Bhagya Popat,5-8,0.0,1.0,5.0,8.0,5,8,2.0,,Race to 8,race,completed,Completed,tournament_page,Mixed Open,2,234a0e61-fd70-4505-9c3d-1473898cf1a8,unranked_api_id,acfa1b86-681a-4b86-91f3-09eba5e486f5,api_member_ids,1b914254-ef80-4aa1-aae6-196986d10121,api_member_ids,7078cecf-5699-43ef-aefe-dd1c239e92ba,api_member_ids,c0ffe2f2-5046-42b4-8109-55a11f5a4869,af5c4cfa-557d-4024-b3cd-75586e48c406,15d1facb-6268-490c-9337-5637328304d5,402f985e-d7c8-4781-acc0-690d49d0b518
d0b6aadb-32a7-4342-92a5-c648e1c4f245,ipt-goa-grandslam-11-0,Grand Slam 11.0 Goa Edition,Grand Slam,c66db273-6ea7-4690-9358-69775a608a6a,Mixed Open,Mixed,open,C,group,2026-08-13,19:20,Court 3,2026-08-13T13:59:43.270Z,2026-08-13T14:26:54.223Z,Rhea Jiandani / Mayank Daga,Kyra Pereira / Adhiraj Bhattacharya,Rhea Jiandani,Mayank Daga,Kyra Pereira,Adhiraj Bhattacharya,2-8,0.0,1.0,2.0,8.0,2,8,2.0,,Race to 8,race,completed,Completed,tournament_page,Mixed Open,2,f6e659cb-4a66-4395-9095-16d3ae358fb8,unranked_api_id,15061bb7-8b57-4367-b302-35d512b70b74,exact_name_guest_record,ebb05833-4e36-4fbc-977b-1973a5845aba,api_member_ids,a22aeff4-2486-4ed2-8fed-e4063f29de9f,unranked_api_id,f6e659cb-4a66-4395-9095-16d3ae358fb8,eb244c48-db34-40f6-9c22-5d8b505985f5,e145220b-09e2-4cb9-a4f5-1f97b64c973e,40b07709-edc2-48b1-8ad3-0c3eeba86951
8a563a93-6f78-409b-a144-c311fd927e7a,ipt-goa-grandslam-11-0,Grand Slam 11.0 Goa Edition,Grand Slam,c66db273-6ea7-4690-9358-69775a608a6a,Mixed Open,Mixed,open,C,group,2026-08-13,20:00,Court 2,2026-08-13T15:06:03.716Z,2026-08-13T15:30:43.773Z,Rhea Jiandani / Mayank Daga,Suhani Sabharwal / Bhagya Popat,Rhea Jiandani,Mayank Daga,Suhani Sabharwal,Bhagya Popat,3-8,0.0,1.0,3.0,8.0,3,8,2.0,,Race to 8,race,completed,Completed,tournament_page,Mixed Open,2,f6e659cb-4a66-4395-9095-16d3ae358fb8,unranked_api_id,15061bb7-8b57-4367-b302-35d512b70b74,exact_name_guest_record,1b914254-ef80-4aa1-aae6-196986d10121,api_member_ids,7078cecf-5699-43ef-aefe-dd1c239e92ba,api_member_ids,f6e659cb-4a66-4395-9095-16d3ae358fb8,eb244c48-db34-40f6-9c22-5d8b505985f5,15d1facb-6268-490c-9337-5637328304d5,402f985e-d7c8-4781-acc0-690d49d0b518
47c4fce8-b158-43e7-be57-967f85c3ed6c,ipt-goa-grandslam-11-0,Grand Slam 11.0 Goa Edition,Grand Slam,c66db273-6ea7-4690-9358-69775a608a6a,Mixed Open,Mixed,open,C,group,2026-08-13,20:30,Court 1,2026-08-13T15:09:18.539Z,2026-08-13T16:08:55.487Z,Kanchan Sharma / Mikhail Mehra,Kyra Pereira / Adhiraj Bhattacharya,Kanchan Sharma,Mikhail Mehra,Kyra Pereira,Adhiraj Bhattacharya,4-8,0.0,1.0,4.0,8.0,4,8,2.0,,Race to 8,race,completed,Completed,tournament_page,Mixed Open,3,234a0e61-fd70-4505-9c3d-1473898cf1a8,unranked_api_id,acfa1b86-681a-4b86-91f3-09eba5e486f5,api_member_ids,ebb05833-4e36-4fbc-977b-1973a5845aba,api_member_ids,a22aeff4-2486-4ed2-8fed-e4063f29de9f,unranked_api_id,c0ffe2f2-5046-42b4-8109-55a11f5a4869,af5c4cfa-557d-4024-b3cd-75586e48c406,e145220b-09e2-4cb9-a4f5-1f97b64c973e,40b07709-edc2-48b1-8ad3-0c3eeba86951
481151fa-59c3-4824-9aa7-23bab7683f25,ipt-goa-grandslam-11-0,Grand Slam 11.0 Goa Edition,Grand Slam,c66db273-6ea7-4690-9358-69775a608a6a,Mixed Open,Mixed,open,A,group,2026-08-13,20:30,Court 2,2026-08-13T15:14:34.961Z,2026-08-13T15:42:34.623Z,Amaya Kothari / Parth Bhatia,Ashwati Ramesh / Karan Mehrotra,Amaya Kothari,Parth Bhatia,Ashwati Ramesh,Karan Mehrotra,8-4,1.0,0.0,8.0,4.0,8,4,1.0,,Race to 8,race,completed,Completed,tournament_page,Mixed Open,3,214fa58d-dcf2-4b0b-888f-f2a2341ae45b,api_member_ids,1fe46b92-d550-4c02-81f6-489cb553411b,api_member_ids,5be919fd-b59b-45a5-b31e-8d1f8f20188b,unranked_api_id,65b6eb21-de8a-4528-8567-d6834dcfb20b,api_member_ids,428ed50f-1094-4a20-a48b-8182cf4a12f8,01294a64-ccff-4d69-a73b-09d11ffc6434,9ebc8671-f61d-4fda-af22-66d93b653ef4,3aa5ca0d-50cd-4cd9-ac21-384eafa9ff65
6ac13b36-4e0d-48d5-a899-7d8f30bcd755,ipt-goa-grandslam-11-0,Grand Slam 11.0 Goa Edition,Grand Slam,c66db273-6ea7-4690-9358-69775a608a6a,Mixed Open,Mixed,open,B,group,2026-08-13,20:30,Court 3,2026-08-13T16:29:17.723Z,2026-08-13T16:29:59.359Z,Rhea Mathews / Joel Duarte,Ryan Carroll / Ryan Carroll Partner,Rhea Mathews,Joel Duarte,Ryan Carroll,Ryan Carroll Partner,8-2,1.0,0.0,8.0,2.0,8,2,1.0,,Race to 8,race,completed,Completed,tournament_page,Mixed Open,2,7d346033-c0e1-4672-8fd9-7d3361dc8f12,exact_name,15061bb7-8b57-4367-b302-35d512b70b74,api_member_ids,8999c06a-bd38-4d01-bfa6-016c506be79d,api_member_ids,ae8b1a91-6f43-4946-a637-1ff416a7042a,unranked_api_id,c1a8d870-435e-41db-a945-adb33d6b719f,bbb44a68-6cf8-4d98-bd21-543854c3d9e2,167aea39-e3b1-4160-9125-519337c543a8,ae8b1a91-6f43-4946-a637-1ff416a7042a
22396d1b-d6e9-4505-bbdb-4fd301a691be,ipt-goa-grandslam-11-0,Grand Slam 11.0 Goa Edition,Grand Slam,c66db273-6ea7-4690-9358-69775a608a6a,Mixed Open,Mixed,open,C,group,2026-08-13,21:30,Court 1,2026-08-13T15:56:03.034Z,2026-08-13T16:49:07.260Z,Rhea Jiandani / Mayank Daga,Kanchan Sharma / Mikhail Mehra,Rhea Jiandani,Mayank Daga,Kanchan Sharma,Mikhail Mehra,8-5,1.0,0.0,8.0,5.0,8,5,1.0,,Race to 8,race,completed,Completed,tournament_page,Mixed Open,3,f6e659cb-4a66-4395-9095-16d3ae358fb8,unranked_api_id,15061bb7-8b57-4367-b302-35d512b70b74,exact_name_guest_record,234a0e61-fd70-4505-9c3d-1473898cf1a8,unranked_api_id,acfa1b86-681a-4b86-91f3-09eba5e486f5,api_member_ids,f6e659cb-4a66-4395-9095-16d3ae358fb8,eb244c48-db34-40f6-9c22-5d8b505985f5,c0ffe2f2-5046-42b4-8109-55a11f5a4869,af5c4cfa-557d-4024-b3cd-75586e48c406
00c2a7d5-329c-4d61-bd28-d1a701e6ea4c,ipt-goa-grandslam-11-0,Grand Slam 11.0 Goa Edition,Grand Slam,c66db273-6ea7-4690-9358-69775a608a6a,Mixed Open,Mixed,open,C,group,2026-08-13,21:30,Court 2,2026-08-13T16:11:38.679Z,2026-08-13T16:49:15.885Z,Suhani Sabharwal / Bhagya Popat,Kyra Pereira / Adhiraj Bhattacharya,Suhani Sabharwal,Bhagya Popat,Kyra Pereira,Adhiraj Bhattacharya,8-4,1.0,0.0,8.0,4.0,8,4,1.0,,Race to 8,race,completed,Completed,tournament_page,Mixed Open,3,1b914254-ef80-4aa1-aae6-196986d10121,api_member_ids,7078cecf-5699-43ef-aefe-dd1c239e92ba,api_member_ids,ebb05833-4e36-4fbc-977b-1973a5845aba,api_member_ids,a22aeff4-2486-4ed2-8fed-e4063f29de9f,unranked_api_id,15d1facb-6268-490c-9337-5637328304d5,402f985e-d7c8-4781-acc0-690d49d0b518,e145220b-09e2-4cb9-a4f5-1f97b64c973e,40b07709-edc2-48b1-8ad3-0c3eeba86951
790f9127-9b6d-44e1-b4f1-33c9a9a7de53,ipt-goa-grandslam-11-0,Grand Slam 11.0 Goa Edition,Grand Slam,c66db273-6ea7-4690-9358-69775a608a6a,Mixed Open,Mixed,open,A,group,2026-08-14,18:30,Court 2,2026-08-14T13:37:55.610Z,2026-08-14T14:00:07.716Z,Tulsi Mehta / Samar Malhotra,Amaya Kothari / Parth Bhatia,Tulsi Mehta,Samar Malhotra,Amaya Kothari,Parth Bhatia,8-1,1.0,0.0,8.0,1.0,8,1,1.0,,Race to 8,race,completed,Completed,tournament_page,Mixed Open,1,e190ca21-bb25-46b3-965e-bcb2ffcc3fd3,api_member_ids,a57ef4ab-a62e-4b71-a4d2-0f267dea2626,api_member_ids,214fa58d-dcf2-4b0b-888f-f2a2341ae45b,api_member_ids,1fe46b92-d550-4c02-81f6-489cb553411b,api_member_ids,8143bd59-419b-44e4-802b-f055e7d330ed,ec424333-ff34-4b80-9a41-c044deaa9a8b,428ed50f-1094-4a20-a48b-8182cf4a12f8,01294a64-ccff-4d69-a73b-09d11ffc6434
b420a80b-b005-4704-8b1f-48402e677d40,ipt-goa-grandslam-11-0,Grand Slam 11.0 Goa Edition,Grand Slam,c66db273-6ea7-4690-9358-69775a608a6a,Mixed Open,Mixed,open,A,group,2026-08-14,19:10,Court 3,2026-08-14T14:52:53.214Z,2026-08-14T15:32:00.284Z,Sonashe Bhatnagar / Siddharth Satheesan,Amaya Kothari / Parth Bhatia,Sonashe Bhatnagar,Siddharth Satheesan,Amaya Kothari,Parth Bhatia,8-6,1.0,0.0,8.0,6.0,8,6,1.0,,Race to 8,race,completed,Completed,tournament_page,Mixed Open,2,ba0bebb9-bb83-4bfc-9c39-a96387beae44,api_member_ids,c1fac66c-3ce8-43d8-8c0c-85d463264584,api_member_ids,214fa58d-dcf2-4b0b-888f-f2a2341ae45b,api_member_ids,1fe46b92-d550-4c02-81f6-489cb553411b,api_member_ids,b943bdc0-efdf-4bd2-911d-ac4054c406ac,f053e802-bb32-42a4-bec5-748cdfc37589,428ed50f-1094-4a20-a48b-8182cf4a12f8,01294a64-ccff-4d69-a73b-09d11ffc6434
2a4e077c-805c-48eb-8cc2-501e6fef52d2,ipt-goa-grandslam-11-0,Grand Slam 11.0 Goa Edition,Grand Slam,c66db273-6ea7-4690-9358-69775a608a6a,Mixed Open,Mixed,open,A,group,2026-08-14,19:50,Court 1,2026-08-14T14:02:15.963Z,2026-08-14T14:20:05.502Z,Tulsi Mehta / Samar Malhotra,Ashwati Ramesh / Karan Mehrotra,Tulsi Mehta,Samar Malhotra,Ashwati Ramesh,Karan Mehrotra,8-0,1.0,0.0,8.0,0.0,8,0,1.0,,Race to 8,race,completed,Completed,tournament_page,Mixed Open,2,e190ca21-bb25-46b3-965e-bcb2ffcc3fd3,api_member_ids,a57ef4ab-a62e-4b71-a4d2-0f267dea2626,api_member_ids,5be919fd-b59b-45a5-b31e-8d1f8f20188b,unranked_api_id,65b6eb21-de8a-4528-8567-d6834dcfb20b,api_member_ids,8143bd59-419b-44e4-802b-f055e7d330ed,ec424333-ff34-4b80-9a41-c044deaa9a8b,9ebc8671-f61d-4fda-af22-66d93b653ef4,3aa5ca0d-50cd-4cd9-ac21-384eafa9ff65
78d30b0a-023a-48df-ad9c-2fd01df295da,ipt-goa-grandslam-11-0,Grand Slam 11.0 Goa Edition,Grand Slam,c66db273-6ea7-4690-9358-69775a608a6a,Mixed Open,Mixed,open,B,group,2026-08-14,19:50,Court 2,2026-08-14T14:49:03.304Z,2026-08-14T15:09:50.108Z,Namita Bal / Aditya Jagtap,Ryan Carroll / Ryan Carroll Partner,Namita Bal,Aditya Jagtap,Ryan Carroll,Ryan Carroll Partner,8-0,1.0,0.0,8.0,0.0,8,0,1.0,,Race to 8,race,completed,Completed,tournament_page,Mixed Open,2,2ecd3163-09e3-40b5-bd3b-d817112479b0,api_member_ids,9db40aca-2be2-4bdd-b807-02ad8bb8bf77,api_member_ids,8999c06a-bd38-4d01-bfa6-016c506be79d,api_member_ids,ae8b1a91-6f43-4946-a637-1ff416a7042a,unranked_api_id,4fc6686a-9d80-4c08-bb6f-17fc35bd818c,b14b74fa-fe2d-4f12-816a-b7fc16189281,167aea39-e3b1-4160-9125-519337c543a8,ae8b1a91-6f43-4946-a637-1ff416a7042a
c0d8bf42-9bed-4018-ac2a-f3d48efbc591,ipt-goa-grandslam-11-0,Grand Slam 11.0 Goa Edition,Grand Slam,c66db273-6ea7-4690-9358-69775a608a6a,Mixed Open,Mixed,open,A,group,2026-08-14,20:30,Court 1,2026-08-14T15:45:23.504Z,2026-08-14T16:15:37.860Z,Tulsi Mehta / Samar Malhotra,Sonashe Bhatnagar / Siddharth Satheesan,Tulsi Mehta,Samar Malhotra,Sonashe Bhatnagar,Siddharth Satheesan,8-2,1.0,0.0,8.0,2.0,8,2,1.0,,Race to 8,race,completed,Completed,tournament_page,Mixed Open,2,e190ca21-bb25-46b3-965e-bcb2ffcc3fd3,api_member_ids,a57ef4ab-a62e-4b71-a4d2-0f267dea2626,api_member_ids,ba0bebb9-bb83-4bfc-9c39-a96387beae44,api_member_ids,c1fac66c-3ce8-43d8-8c0c-85d463264584,api_member_ids,8143bd59-419b-44e4-802b-f055e7d330ed,ec424333-ff34-4b80-9a41-c044deaa9a8b,b943bdc0-efdf-4bd2-911d-ac4054c406ac,f053e802-bb32-42a4-bec5-748cdfc37589
2648944f-3758-49fb-9c7d-418236e29de5,ipt-goa-grandslam-11-0,Grand Slam 11.0 Goa Edition,Grand Slam,c66db273-6ea7-4690-9358-69775a608a6a,Mixed Open,Mixed,open,B,group,2026-08-14,20:30,Court 2,2026-08-14T14:20:25.438Z,2026-08-14T14:33:52.309Z,Namita Bal / Aditya Jagtap,Rhea Mathews / Joel Duarte,Namita Bal,Aditya Jagtap,Rhea Mathews,Joel Duarte,8-0,1.0,0.0,8.0,0.0,8,0,1.0,,Race to 8,race,completed,Completed,tournament_page,Mixed Open,1,2ecd3163-09e3-40b5-bd3b-d817112479b0,api_member_ids,9db40aca-2be2-4bdd-b807-02ad8bb8bf77,api_member_ids,7d346033-c0e1-4672-8fd9-7d3361dc8f12,exact_name,15061bb7-8b57-4367-b302-35d512b70b74,api_member_ids,4fc6686a-9d80-4c08-bb6f-17fc35bd818c,b14b74fa-fe2d-4f12-816a-b7fc16189281,c1a8d870-435e-41db-a945-adb33d6b719f,bbb44a68-6cf8-4d98-bd21-543854c3d9e2
f574dec2-a8cc-43d9-a7fc-3487dbb6df1e,ipt-goa-grandslam-11-0,Grand Slam 11.0 Goa Edition,Grand Slam,c66db273-6ea7-4690-9358-69775a608a6a,Mixed Open,Mixed,open,A,group,2026-08-14,21:10,Court 1,2026-08-14T14:25:38.818Z,2026-08-14T14:47:17.179Z,Sonashe Bhatnagar / Siddharth Satheesan,Ashwati Ramesh / Karan Mehrotra,Sonashe Bhatnagar,Siddharth Satheesan,Ashwati Ramesh,Karan Mehrotra,8-1,1.0,0.0,8.0,1.0,8,1,1.0,,Race to 8,race,completed,Completed,tournament_page,Mixed Open,4,ba0bebb9-bb83-4bfc-9c39-a96387beae44,api_member_ids,c1fac66c-3ce8-43d8-8c0c-85d463264584,api_member_ids,5be919fd-b59b-45a5-b31e-8d1f8f20188b,unranked_api_id,65b6eb21-de8a-4528-8567-d6834dcfb20b,api_member_ids,b943bdc0-efdf-4bd2-911d-ac4054c406ac,f053e802-bb32-42a4-bec5-748cdfc37589,9ebc8671-f61d-4fda-af22-66d93b653ef4,3aa5ca0d-50cd-4cd9-ac21-384eafa9ff65
31b24d18-4f8b-40f0-bed3-bd1e20eb7035,ipt-goa-grandslam-11-0,Grand Slam 11.0 Goa Edition,Grand Slam,c66db273-6ea7-4690-9358-69775a608a6a,Mixed Open,Mixed,open,B,group,2026-08-14,21:10,Court 2,2026-08-14T15:12:01.413Z,2026-08-14T15:33:37.519Z,Namita Bal / Aditya Jagtap,Anmol Malhotra / Yugantar Malhotra,Namita Bal,Aditya Jagtap,Anmol Malhotra,Yugantar Malhotra,8-0,1.0,0.0,8.0,0.0,8,0,1.0,,Race to 8,race,completed,Completed,tournament_page,Mixed Open,2,2ecd3163-09e3-40b5-bd3b-d817112479b0,api_member_ids,9db40aca-2be2-4bdd-b807-02ad8bb8bf77,api_member_ids,553e7592-683c-4750-be8f-57098fc7d7bd,name_over_api_conflict,8f0e0463-82c3-4822-8b7e-58ec37cde83e,name_over_api_conflict,4fc6686a-9d80-4c08-bb6f-17fc35bd818c,b14b74fa-fe2d-4f12-816a-b7fc16189281,314f65d3-a047-478d-b792-f8d4e529ca67,687f0efd-f53e-4611-8264-8efc703cc939
1ce84c70-9176-4515-af2d-606ae86b0148,ipt-goa-grandslam-11-0,Grand Slam 11.0 Goa Edition,Grand Slam,c66db273-6ea7-4690-9358-69775a608a6a,Mixed Open,Mixed,open,SF,knockout,2026-08-16,09:00,Court 2,2026-08-16T04:03:27.738Z,2026-08-16T04:18:50.106Z,Tulsi Mehta / Samar Malhotra,Anmol Malhotra / Yugantar Malhotra,Tulsi Mehta,Samar Malhotra,Anmol Malhotra,Yugantar Malhotra,9-2,1.0,0.0,9.0,2.0,9,2,1.0,,Race to 9,race,completed,Completed,tournament_page,Mixed Open,3,e190ca21-bb25-46b3-965e-bcb2ffcc3fd3,api_member_ids,a57ef4ab-a62e-4b71-a4d2-0f267dea2626,api_member_ids,553e7592-683c-4750-be8f-57098fc7d7bd,name_over_api_conflict,8f0e0463-82c3-4822-8b7e-58ec37cde83e,name_over_api_conflict,8143bd59-419b-44e4-802b-f055e7d330ed,ec424333-ff34-4b80-9a41-c044deaa9a8b,314f65d3-a047-478d-b792-f8d4e529ca67,687f0efd-f53e-4611-8264-8efc703cc939
f808762b-a19e-4bc5-8d8b-fd0824c31d18,ipt-goa-grandslam-11-0,Grand Slam 11.0 Goa Edition,Grand Slam,c66db273-6ea7-4690-9358-69775a608a6a,Mixed Open,Mixed,open,SF,knockout,2026-08-16,09:00,Court 3,2026-08-16T03:27:23.709Z,2026-08-16T03:59:51.163Z,Namita Bal / Aditya Jagtap,Suhani Sabharwal / Bhagya Popat,Namita Bal,Aditya Jagtap,Suhani Sabharwal,Bhagya Popat,9-1,1.0,0.0,9.0,1.0,9,1,1.0,,Race to 9,race,completed,Completed,tournament_page,Mixed Open,3,2ecd3163-09e3-40b5-bd3b-d817112479b0,api_member_ids,9db40aca-2be2-4bdd-b807-02ad8bb8bf77,api_member_ids,1b914254-ef80-4aa1-aae6-196986d10121,api_member_ids,7078cecf-5699-43ef-aefe-dd1c239e92ba,api_member_ids,4fc6686a-9d80-4c08-bb6f-17fc35bd818c,b14b74fa-fe2d-4f12-816a-b7fc16189281,15d1facb-6268-490c-9337-5637328304d5,402f985e-d7c8-4781-acc0-690d49d0b518
e8cb5055-d641-4b13-a5bd-6fc4a42a018e,ipt-goa-grandslam-11-0,Grand Slam 11.0 Goa Edition,Grand Slam,c66db273-6ea7-4690-9358-69775a608a6a,Mixed Open,Mixed,open,F,knockout,2026-08-16,16:00,Court 3,2026-08-16T15:32:23.979Z,2026-08-16T15:49:19.470Z,Tulsi Mehta / Samar Malhotra,Namita Bal / Aditya Jagtap,Tulsi Mehta,Samar Malhotra,Namita Bal,Aditya Jagtap,6-2,1.0,0.0,6.0,2.0,6,2,1.0,Retired,Best of 3 sets,sets,completed,Completed,tournament_page,Mixed Open,2,e190ca21-bb25-46b3-965e-bcb2ffcc3fd3,api_member_ids,a57ef4ab-a62e-4b71-a4d2-0f267dea2626,api_member_ids,2ecd3163-09e3-40b5-bd3b-d817112479b0,api_member_ids,9db40aca-2be2-4bdd-b807-02ad8bb8bf77,api_member_ids,8143bd59-419b-44e4-802b-f055e7d330ed,ec424333-ff34-4b80-9a41-c044deaa9a8b,4fc6686a-9d80-4c08-bb6f-17fc35bd818c,b14b74fa-fe2d-4f12-816a-b7fc16189281
fe082a67-50ea-42d5-b22b-cc0470bcf762,ipt-kochi-city-open-2-0,City Open Kochi 2.0,City Open,abc334db-cf5c-4e44-bb58-9bb248a0eb2b,Men's Beginner,Men's,beginner,GROUP A,group,2026-09-11,16:00,Court 1,2026-09-11T10:53:13.247Z,2026-09-11T11:28:23.312Z,Rajveer Patel / Arnav Tanna,Muhammed Ajmal / Aravind Kannan,Rajveer Patel,Arnav Tanna,Muhammed Ajmal,Aravind Kannan,4-8,0.0,1.0,4.0,8.0,4,8,2.0,,Race to 8,race,completed,Completed,tournament_page,Men's Beginner,4,8d79c420-b857-43a4-848f-c52aa91153e7,api_member_ids,6bfd1277-761c-46c8-9e40-cbce3df40c13,api_member_ids,496acea5-21ec-4eba-8eac-68cc9821538c,api_member_ids,d647ebc2-b81c-41ed-a991-3bdac08e4f0b,api_member_ids,7753f83a-1753-49a7-b149-661d5b762715,dcbbe145-7cf5-4241-9cda-e10396440947,35fb039f-4af7-4e8c-80c8-1492a0fb6e08,a3feed4a-a19a-4f94-ba30-7be82b2bd210
39dc5c91-0e03-452c-b287-aab5d44db646,ipt-kochi-city-open-2-0,City Open Kochi 2.0,City Open,abc334db-cf5c-4e44-bb58-9bb248a0eb2b,Men's Beginner,Men's,beginner,GROUP B,group,2026-09-11,16:00,Court 2,2026-09-11T10:55:18.287Z,2026-09-11T11:26:55.493Z,Shaan Shah / Sandip Sabharwal,Vishal Thomas / Terence Thomas,Shaan Shah,Sandip Sabharwal,Vishal Thomas,Terence Thomas,8-2,1.0,0.0,8.0,2.0,8,2,1.0,,Race to 8,race,completed,Completed,tournament_page,Men's Beginner,3,8c72bdc2-6eff-4537-ba3a-ad4eaadd542d,api_member_ids,22f71241-5bf4-4dc7-ba33-683a2ea0f75b,api_member_ids,062f6e2d-dd0e-47b8-a338-386ae1e7ddc2,api_member_ids,5d868212-b694-4b7c-9e87-8bbcdff3a37e,api_member_ids,d776c24b-fd0a-4639-ae56-1d6571233019,612e21ff-8553-41b1-a21f-cbfbc257f5f7,c7aea85d-2c78-46b4-8f6d-32a1b6e1622d,417d5fb0-2551-40a1-9a2d-791ea0a1219e
19fcc9ef-da12-491b-b610-cbe2de6e915c,ipt-kochi-city-open-2-0,City Open Kochi 2.0,City Open,abc334db-cf5c-4e44-bb58-9bb248a0eb2b,Men's Beginner,Men's,beginner,GROUP A,group,2026-09-11,16:40,Court 1,2026-09-11T11:32:18.147Z,2026-09-11T11:55:49.056Z,Frederick Williams / Venkatesh Anilkumar,Sanjay Davis Tony / Savio Zibi,Frederick Williams,Venkatesh Anilkumar,Sanjay Davis Tony,Savio Zibi,8-0,1.0,0.0,8.0,0.0,8,0,1.0,,Race to 8,race,completed,Completed,tournament_page,Men's Beginner,4,e6060460-a028-48da-8565-3f9ab0a3075f,api_member_ids,67831462-6847-49e1-bb2d-fea92e021af6,api_member_ids,8eacc1db-d346-4bac-94af-8e32b002d049,api_member_ids,f1ecb503-6fab-40e8-8bf8-c18947a0125f,api_member_ids,ea51ce73-5535-4f18-a787-137cf7190455,981d3754-7983-4b07-ab50-e2581e4ed243,d45f1672-105a-443f-9346-cbc1106d8d40,7ec9b30f-0ba9-4181-8be0-0b494efe7ea4
aeb8d31c-a284-49fe-8a58-84c758c845e8,ipt-kochi-city-open-2-0,City Open Kochi 2.0,City Open,abc334db-cf5c-4e44-bb58-9bb248a0eb2b,Men's Beginner,Men's,beginner,GROUP B,group,2026-09-11,16:40,Court 2,,2026-09-11T14:15:48.905Z,Raghul Arvind / Subramanian Shivshankaran,Glenn Renny / Renny Chacko,Raghul Arvind,Subramanian Shivshankaran,Glenn Renny,Renny Chacko,1-8,0.0,1.0,1.0,8.0,1,8,2.0,Walkover,Race to 8,race,completed,Completed,tournament_page,Men's Beginner,4,91fe8369-14e1-4871-b264-ff9edce13af8,api_member_ids,aef676e5-8cb2-47d3-a13f-4d68a9085e96,api_member_ids,32a0b562-9232-4c9d-baa5-622161e0b903,api_member_ids,cbb4f436-f8ad-44ca-b38e-fc9f7098ff97,api_member_ids,2426519e-82c2-46dc-b537-7ecbd86276ca,5c4049b7-9189-4962-aeca-f94d7296440a,f2887d3d-9587-48b2-87fe-42aab79f195b,9397d33f-7d0e-42f6-80a4-29300a936908
cb4a5452-e751-46b7-96f9-2716145c34f5,ipt-kochi-city-open-2-0,City Open Kochi 2.0,City Open,abc334db-cf5c-4e44-bb58-9bb248a0eb2b,Men's Beginner,Men's,beginner,GROUP A,group,2026-09-11,17:20,Court 1,2026-09-11T11:57:09.692Z,2026-09-11T12:12:58.779Z,Rajveer Patel / Arnav Tanna,Frederick Williams / Venkatesh Anilkumar,Rajveer Patel,Arnav Tanna,Frederick Williams,Venkatesh Anilkumar,8-0,1.0,0.0,8.0,0.0,8,0,1.0,,Race to 8,race,completed,Completed,tournament_page,Men's Beginner,4,8d79c420-b857-43a4-848f-c52aa91153e7,api_member_ids,6bfd1277-761c-46c8-9e40-cbce3df40c13,api_member_ids,e6060460-a028-48da-8565-3f9ab0a3075f,api_member_ids,67831462-6847-49e1-bb2d-fea92e021af6,api_member_ids,7753f83a-1753-49a7-b149-661d5b762715,dcbbe145-7cf5-4241-9cda-e10396440947,ea51ce73-5535-4f18-a787-137cf7190455,981d3754-7983-4b07-ab50-e2581e4ed243
04df15cd-6adc-4fa3-936f-b86e61306e26,ipt-kochi-city-open-2-0,City Open Kochi 2.0,City Open,abc334db-cf5c-4e44-bb58-9bb248a0eb2b,Men's Beginner,Men's,beginner,GROUP B,group,2026-09-11,17:20,Court 2,2026-09-11T14:16:08.299Z,2026-09-11T14:16:20.861Z,Shaan Shah / Sandip Sabharwal,Raghul Arvind / Subramanian Shivshankaran,Shaan Shah,Sandip Sabharwal,Raghul Arvind,Subramanian Shivshankaran,8-1,1.0,0.0,8.0,1.0,8,1,1.0,Walkover,Race to 8,race,completed,Completed,tournament_page,Men's Beginner,4,8c72bdc2-6eff-4537-ba3a-ad4eaadd542d,api_member_ids,22f71241-5bf4-4dc7-ba33-683a2ea0f75b,api_member_ids,91fe8369-14e1-4871-b264-ff9edce13af8,api_member_ids,aef676e5-8cb2-47d3-a13f-4d68a9085e96,api_member_ids,d776c24b-fd0a-4639-ae56-1d6571233019,612e21ff-8553-41b1-a21f-cbfbc257f5f7,2426519e-82c2-46dc-b537-7ecbd86276ca,5c4049b7-9189-4962-aeca-f94d7296440a
d4b43a95-3bc9-4068-9d0d-14704e48cdf9,ipt-kochi-city-open-2-0,City Open Kochi 2.0,City Open,abc334db-cf5c-4e44-bb58-9bb248a0eb2b,Men's Beginner,Men's,beginner,GROUP A,group,2026-09-11,18:00,Court 1,2026-09-11T12:16:01.195Z,2026-09-11T12:31:17.780Z,Muhammed Ajmal / Aravind Kannan,Sanjay Davis Tony / Savio Zibi,Muhammed Ajmal,Aravind Kannan,Sanjay Davis Tony,Savio Zibi,8-0,1.0,0.0,8.0,0.0,8,0,1.0,,Race to 8,race,completed,Completed,tournament_page,Men's Beginner,4,496acea5-21ec-4eba-8eac-68cc9821538c,api_member_ids,d647ebc2-b81c-41ed-a991-3bdac08e4f0b,api_member_ids,8eacc1db-d346-4bac-94af-8e32b002d049,api_member_ids,f1ecb503-6fab-40e8-8bf8-c18947a0125f,api_member_ids,35fb039f-4af7-4e8c-80c8-1492a0fb6e08,a3feed4a-a19a-4f94-ba30-7be82b2bd210,d45f1672-105a-443f-9346-cbc1106d8d40,7ec9b30f-0ba9-4181-8be0-0b494efe7ea4
99234a0e-d119-48ca-b8ce-baef8ac9e992,ipt-kochi-city-open-2-0,City Open Kochi 2.0,City Open,abc334db-cf5c-4e44-bb58-9bb248a0eb2b,Men's Beginner,Men's,beginner,GROUP B,group,2026-09-11,18:00,Court 2,2026-09-11T11:34:11.421Z,2026-09-11T11:53:51.837Z,Vishal Thomas / Terence Thomas,Glenn Renny / Renny Chacko,Vishal Thomas,Terence Thomas,Glenn Renny,Renny Chacko,8-1,1.0,0.0,8.0,1.0,8,1,1.0,,Race to 8,race,completed,Completed,tournament_page,Men's Beginner,4,062f6e2d-dd0e-47b8-a338-386ae1e7ddc2,api_member_ids,5d868212-b694-4b7c-9e87-8bbcdff3a37e,api_member_ids,32a0b562-9232-4c9d-baa5-622161e0b903,api_member_ids,cbb4f436-f8ad-44ca-b38e-fc9f7098ff97,api_member_ids,c7aea85d-2c78-46b4-8f6d-32a1b6e1622d,417d5fb0-2551-40a1-9a2d-791ea0a1219e,f2887d3d-9587-48b2-87fe-42aab79f195b,9397d33f-7d0e-42f6-80a4-29300a936908
d48db828-cc15-4b88-ac7f-f9bb8febd7d4,ipt-kochi-city-open-2-0,City Open Kochi 2.0,City Open,abc334db-cf5c-4e44-bb58-9bb248a0eb2b,Men's Beginner,Men's,beginner,GROUP A,group,2026-09-11,18:40,Court 1,2026-09-11T12:32:21.364Z,2026-09-11T12:47:48.996Z,Rajveer Patel / Arnav Tanna,Sanjay Davis Tony / Savio Zibi,Rajveer Patel,Arnav Tanna,Sanjay Davis Tony,Savio Zibi,8-0,1.0,0.0,8.0,0.0,8,0,1.0,,Race to 8,race,completed,Completed,tournament_page,Men's Beginner,4,8d79c420-b857-43a4-848f-c52aa91153e7,api_member_ids,6bfd1277-761c-46c8-9e40-cbce3df40c13,api_member_ids,8eacc1db-d346-4bac-94af-8e32b002d049,api_member_ids,f1ecb503-6fab-40e8-8bf8-c18947a0125f,api_member_ids,7753f83a-1753-49a7-b149-661d5b762715,dcbbe145-7cf5-4241-9cda-e10396440947,d45f1672-105a-443f-9346-cbc1106d8d40,7ec9b30f-0ba9-4181-8be0-0b494efe7ea4
839f2df5-8b6f-4146-b77b-4c2ef14864ed,ipt-kochi-city-open-2-0,City Open Kochi 2.0,City Open,abc334db-cf5c-4e44-bb58-9bb248a0eb2b,Men's Beginner,Men's,beginner,GROUP B,group,2026-09-11,18:40,Court 2,2026-09-11T11:58:04.888Z,2026-09-11T12:23:27.024Z,Shaan Shah / Sandip Sabharwal,Glenn Renny / Renny Chacko,Shaan Shah,Sandip Sabharwal,Glenn Renny,Renny Chacko,8-6,1.0,0.0,8.0,6.0,8,6,1.0,,Race to 8,race,completed,Completed,tournament_page,Men's Beginner,4,8c72bdc2-6eff-4537-ba3a-ad4eaadd542d,api_member_ids,22f71241-5bf4-4dc7-ba33-683a2ea0f75b,api_member_ids,32a0b562-9232-4c9d-baa5-622161e0b903,api_member_ids,cbb4f436-f8ad-44ca-b38e-fc9f7098ff97,api_member_ids,d776c24b-fd0a-4639-ae56-1d6571233019,612e21ff-8553-41b1-a21f-cbfbc257f5f7,f2887d3d-9587-48b2-87fe-42aab79f195b,9397d33f-7d0e-42f6-80a4-29300a936908
100aa0c0-037b-400a-aa27-fc201862d829,ipt-kochi-city-open-2-0,City Open Kochi 2.0,City Open,abc334db-cf5c-4e44-bb58-9bb248a0eb2b,Men's Beginner,Men's,beginner,GROUP A,group,2026-09-11,19:20,Court 1,2026-09-11T12:35:24.016Z,2026-09-11T12:55:03.210Z,Muhammed Ajmal / Aravind Kannan,Frederick Williams / Venkatesh Anilkumar,Muhammed Ajmal,Aravind Kannan,Frederick Williams,Venkatesh Anilkumar,8-2,1.0,0.0,8.0,2.0,8,2,1.0,,Race to 8,race,completed,Completed,tournament_page,Men's Beginner,4,496acea5-21ec-4eba-8eac-68cc9821538c,api_member_ids,d647ebc2-b81c-41ed-a991-3bdac08e4f0b,api_member_ids,e6060460-a028-48da-8565-3f9ab0a3075f,api_member_ids,67831462-6847-49e1-bb2d-fea92e021af6,api_member_ids,35fb039f-4af7-4e8c-80c8-1492a0fb6e08,a3feed4a-a19a-4f94-ba30-7be82b2bd210,ea51ce73-5535-4f18-a787-137cf7190455,981d3754-7983-4b07-ab50-e2581e4ed243
46bb7719-eca4-43d3-8f5a-37b123df3eba,ipt-kochi-city-open-2-0,City Open Kochi 2.0,City Open,abc334db-cf5c-4e44-bb58-9bb248a0eb2b,Men's Beginner,Men's,beginner,GROUP B,group,2026-09-11,19:20,Court 2,2026-09-11T14:16:32.794Z,2026-09-11T14:16:42.573Z,Vishal Thomas / Terence Thomas,Raghul Arvind / Subramanian Shivshankaran,Vishal Thomas,Terence Thomas,Raghul Arvind,Subramanian Shivshankaran,8-1,1.0,0.0,8.0,1.0,8,1,1.0,Walkover,Race to 8,race,completed,Completed,tournament_page,Men's Beginner,4,062f6e2d-dd0e-47b8-a338-386ae1e7ddc2,api_member_ids,5d868212-b694-4b7c-9e87-8bbcdff3a37e,api_member_ids,91fe8369-14e1-4871-b264-ff9edce13af8,api_member_ids,aef676e5-8cb2-47d3-a13f-4d68a9085e96,api_member_ids,c7aea85d-2c78-46b4-8f6d-32a1b6e1622d,417d5fb0-2551-40a1-9a2d-791ea0a1219e,2426519e-82c2-46dc-b537-7ecbd86276ca,5c4049b7-9189-4962-aeca-f94d7296440a
ce281b7a-9667-41c8-9405-c6cc68d6f114,ipt-kochi-city-open-2-0,City Open Kochi 2.0,City Open,abc334db-cf5c-4e44-bb58-9bb248a0eb2b,Men's Beginner,Men's,beginner,GROUP C,group,2026-09-12,07:00,Court 1,2026-09-12T01:35:16.876Z,2026-09-12T02:06:16.990Z,Junaiz Odakkal / Aadil Abdul Azeez,Arvind Sriram / Ananth Menon,Junaiz Odakkal,Aadil Abdul Azeez,Arvind Sriram,Ananth Menon,6-8,0.0,1.0,6.0,8.0,6,8,2.0,,Race to 8,race,completed,Completed,tournament_page,Men's Beginner,4,f0f37d22-d27a-4f1a-afed-0f5d3d55f3e0,api_member_ids,b1c844a3-4542-40b3-8abc-7bd5de93f10b,api_member_ids,4326c4fd-cc21-41e2-a50c-dea545efbf2f,api_member_ids,bee8d4fd-f40c-486b-942b-5a4fdfc3306f,api_member_ids,80bbaa0a-418d-4e46-a470-cfed86db492d,5055f2c1-bdcb-4bed-8213-e2377f334ff2,ceaac2d1-ac70-4b9c-bb7d-2ed0e7d0f56e,dce8e5ca-1065-40e8-b384-95b73e0e1680
b833fe8a-b2a1-4a6c-bd96-2ca57c7e6219,ipt-kochi-city-open-2-0,City Open Kochi 2.0,City Open,abc334db-cf5c-4e44-bb58-9bb248a0eb2b,Men's Beginner,Men's,beginner,GROUP D,group,2026-09-12,07:00,Court 2,2026-09-12T01:42:07.173Z,2026-09-12T02:18:02.609Z,Siddhant Gupta / Aman Makan,Royce Raju Beena / James Joseph,Siddhant Gupta,Aman Makan,Royce Raju Beena,James Joseph,8-6,1.0,0.0,8.0,6.0,8,6,1.0,,Race to 8,race,completed,Completed,tournament_page,Men's Beginner,4,f455fd74-d0ee-4f00-b838-363eff4730e6,api_member_ids,501de0a7-5fb6-460c-9209-2cb9e1c6ab7d,api_member_ids,3a4284ac-76b1-42ec-b6e3-a5c4bb489432,api_member_ids,b0670242-4895-4197-85fa-31c10b0953e7,api_member_ids,b9256fa5-c397-469f-862c-42870571aa80,17efaa21-4eb6-4ca8-bb32-cde24a610906,8e3fcbe6-caa0-4f93-ae1f-21e470f8d267,3eb10cef-d753-4fe5-af81-f2cf5e59dd06
8691b18b-20bb-4d9d-8638-93e6eb5c1fd8,ipt-kochi-city-open-2-0,City Open Kochi 2.0,City Open,abc334db-cf5c-4e44-bb58-9bb248a0eb2b,Men's Beginner,Men's,beginner,GROUP C,group,2026-09-12,07:40,Court 1,2026-09-12T02:10:16.272Z,2026-09-12T02:33:40.848Z,Chacko Cherian / Joseph Korah,Basudev Rai / Abhay Biswakarma,Chacko Cherian,Joseph Korah,Basudev Rai,Abhay Biswakarma,8-1,1.0,0.0,8.0,1.0,8,1,1.0,,Race to 8,race,completed,Completed,tournament_page,Men's Beginner,4,b283a295-a9ab-473f-a8f5-ef3c3f5ab0b8,api_member_ids,8af8e92c-8ebb-49ed-80bd-694b441357f8,api_member_ids,68c7916e-0da4-4940-a068-eda6255290cc,api_member_ids,bb5b11da-7bc4-4fed-bcbd-3fa6da36fe28,api_member_ids,4cf9fb91-4461-4786-98bd-a7f6502bc4b6,9c68f757-83ee-4dc2-aee1-39272d2ff567,e716d0e5-39bc-491b-b9a1-4a34bc3cc4d5,5b0b6487-f713-4f6f-8263-9a8ecf34378c
707023f9-626f-40d4-8eda-736dd09b2736,ipt-kochi-city-open-2-0,City Open Kochi 2.0,City Open,abc334db-cf5c-4e44-bb58-9bb248a0eb2b,Men's Beginner,Men's,beginner,GROUP D,group,2026-09-12,07:40,Court 2,2026-09-12T02:26:40.159Z,2026-09-12T03:04:44.328Z,Vikaas Chhabria / Vedanth P Patel,Jinto Varghese / Steve Jacob Franco,Vikaas Chhabria,Vedanth P Patel,Jinto Varghese,Steve Jacob Franco,6-8,0.0,1.0,6.0,8.0,6,8,2.0,,Race to 8,race,completed,Completed,tournament_page,Men's Beginner,4,44dc8a9e-9f0a-4165-b2ce-c4932e2f9eac,api_member_ids,d5e77120-edf1-4cae-b40a-26c7256c3252,api_member_ids,ba51f861-6210-44a0-8210-b9192afbb259,api_member_ids,b4cd5e27-cdcf-4200-82e0-7281922b0411,api_member_ids,217c16e6-d062-4bce-965a-f1cbc80db5ea,ffbe515e-a6fc-43bf-9b57-9069af29d9c3,a75970d8-0bfe-46ee-885d-f6dc3689e3f9,ad3ab629-3d3b-402d-aede-be24ca3be920
024c08f8-f9ee-48ed-9283-4e7f74dda84a,ipt-kochi-city-open-2-0,City Open Kochi 2.0,City Open,abc334db-cf5c-4e44-bb58-9bb248a0eb2b,Men's Beginner,Men's,beginner,GROUP C,group,2026-09-12,08:20,Court 1,2026-09-12T03:52:10.718Z,2026-09-12T04:23:21.996Z,Junaiz Odakkal / Aadil Abdul Azeez,Chacko Cherian / Joseph Korah,Junaiz Odakkal,Aadil Abdul Azeez,Chacko Cherian,Joseph Korah,8-4,1.0,0.0,8.0,4.0,8,4,1.0,,Race to 8,race,completed,Completed,tournament_page,Men's Beginner,4,f0f37d22-d27a-4f1a-afed-0f5d3d55f3e0,api_member_ids,b1c844a3-4542-40b3-8abc-7bd5de93f10b,api_member_ids,b283a295-a9ab-473f-a8f5-ef3c3f5ab0b8,api_member_ids,8af8e92c-8ebb-49ed-80bd-694b441357f8,api_member_ids,80bbaa0a-418d-4e46-a470-cfed86db492d,5055f2c1-bdcb-4bed-8213-e2377f334ff2,4cf9fb91-4461-4786-98bd-a7f6502bc4b6,9c68f757-83ee-4dc2-aee1-39272d2ff567
9eaec017-cb19-4cae-833d-df112e51bba0,ipt-kochi-city-open-2-0,City Open Kochi 2.0,City Open,abc334db-cf5c-4e44-bb58-9bb248a0eb2b,Men's Beginner,Men's,beginner,GROUP D,group,2026-09-12,08:20,Court 2,2026-09-12T04:26:10.253Z,2026-09-12T04:42:11.350Z,Siddhant Gupta / Aman Makan,Vikaas Chhabria / Vedanth P Patel,Siddhant Gupta,Aman Makan,Vikaas Chhabria,Vedanth P Patel,8-0,1.0,0.0,8.0,0.0,8,0,1.0,,Race to 8,race,completed,Completed,tournament_page,Men's Beginner,4,f455fd74-d0ee-4f00-b838-363eff4730e6,api_member_ids,501de0a7-5fb6-460c-9209-2cb9e1c6ab7d,api_member_ids,44dc8a9e-9f0a-4165-b2ce-c4932e2f9eac,api_member_ids,d5e77120-edf1-4cae-b40a-26c7256c3252,api_member_ids,b9256fa5-c397-469f-862c-42870571aa80,17efaa21-4eb6-4ca8-bb32-cde24a610906,217c16e6-d062-4bce-965a-f1cbc80db5ea,ffbe515e-a6fc-43bf-9b57-9069af29d9c3
8e7f1b96-de89-4d15-a748-a14442dcc770,ipt-kochi-city-open-2-0,City Open Kochi 2.0,City Open,abc334db-cf5c-4e44-bb58-9bb248a0eb2b,Men's Beginner,Men's,beginner,GROUP C,group,2026-09-12,09:00,Court 1,2026-09-12T03:33:34.136Z,2026-09-12T03:49:51.947Z,Arvind Sriram / Ananth Menon,Basudev Rai / Abhay Biswakarma,Arvind Sriram,Ananth Menon,Basudev Rai,Abhay Biswakarma,8-2,1.0,0.0,8.0,2.0,8,2,1.0,,Race to 8,race,completed,Completed,tournament_page,Men's Beginner,4,4326c4fd-cc21-41e2-a50c-dea545efbf2f,api_member_ids,bee8d4fd-f40c-486b-942b-5a4fdfc3306f,api_member_ids,68c7916e-0da4-4940-a068-eda6255290cc,api_member_ids,bb5b11da-7bc4-4fed-bcbd-3fa6da36fe28,api_member_ids,ceaac2d1-ac70-4b9c-bb7d-2ed0e7d0f56e,dce8e5ca-1065-40e8-b384-95b73e0e1680,e716d0e5-39bc-491b-b9a1-4a34bc3cc4d5,5b0b6487-f713-4f6f-8263-9a8ecf34378c
7fd50a99-b851-4425-baa7-111e3f4c112d,ipt-kochi-city-open-2-0,City Open Kochi 2.0,City Open,abc334db-cf5c-4e44-bb58-9bb248a0eb2b,Men's Beginner,Men's,beginner,GROUP D,group,2026-09-12,09:00,Court 2,2026-09-12T04:26:44.838Z,2026-09-12T05:10:29.732Z,Royce Raju Beena / James Joseph,Jinto Varghese / Steve Jacob Franco,Royce Raju Beena,James Joseph,Jinto Varghese,Steve Jacob Franco,8-6,1.0,0.0,8.0,6.0,8,6,1.0,,Race to 8,race,completed,Completed,tournament_page,Men's Beginner,4,3a4284ac-76b1-42ec-b6e3-a5c4bb489432,api_member_ids,b0670242-4895-4197-85fa-31c10b0953e7,api_member_ids,ba51f861-6210-44a0-8210-b9192afbb259,api_member_ids,b4cd5e27-cdcf-4200-82e0-7281922b0411,api_member_ids,8e3fcbe6-caa0-4f93-ae1f-21e470f8d267,3eb10cef-d753-4fe5-af81-f2cf5e59dd06,a75970d8-0bfe-46ee-885d-f6dc3689e3f9,ad3ab629-3d3b-402d-aede-be24ca3be920
43478f53-1e57-42c3-ad9f-c36526bea0f9,ipt-kochi-city-open-2-0,City Open Kochi 2.0,City Open,abc334db-cf5c-4e44-bb58-9bb248a0eb2b,Men's Beginner,Men's,beginner,GROUP C,group,2026-09-12,09:40,Court 1,2026-09-12T03:10:10.998Z,2026-09-12T03:27:40.893Z,Junaiz Odakkal / Aadil Abdul Azeez,Basudev Rai / Abhay Biswakarma,Junaiz Odakkal,Aadil Abdul Azeez,Basudev Rai,Abhay Biswakarma,8-0,1.0,0.0,8.0,0.0,8,0,1.0,,Race to 8,race,completed,Completed,tournament_page,Men's Beginner,4,f0f37d22-d27a-4f1a-afed-0f5d3d55f3e0,api_member_ids,b1c844a3-4542-40b3-8abc-7bd5de93f10b,api_member_ids,68c7916e-0da4-4940-a068-eda6255290cc,api_member_ids,bb5b11da-7bc4-4fed-bcbd-3fa6da36fe28,api_member_ids,80bbaa0a-418d-4e46-a470-cfed86db492d,5055f2c1-bdcb-4bed-8213-e2377f334ff2,e716d0e5-39bc-491b-b9a1-4a34bc3cc4d5,5b0b6487-f713-4f6f-8263-9a8ecf34378c
72717ee2-f726-4d2a-abb2-8dc3495917c4,ipt-kochi-city-open-2-0,City Open Kochi 2.0,City Open,abc334db-cf5c-4e44-bb58-9bb248a0eb2b,Men's Beginner,Men's,beginner,GROUP D,group,2026-09-12,09:40,Court 2,2026-09-12T03:09:11.479Z,2026-09-12T03:30:05.712Z,Siddhant Gupta / Aman Makan,Jinto Varghese / Steve Jacob Franco,Siddhant Gupta,Aman Makan,Jinto Varghese,Steve Jacob Franco,8-0,1.0,0.0,8.0,0.0,8,0,1.0,,Race to 8,race,completed,Completed,tournament_page,Men's Beginner,4,f455fd74-d0ee-4f00-b838-363eff4730e6,api_member_ids,501de0a7-5fb6-460c-9209-2cb9e1c6ab7d,api_member_ids,ba51f861-6210-44a0-8210-b9192afbb259,api_member_ids,b4cd5e27-cdcf-4200-82e0-7281922b0411,api_member_ids,b9256fa5-c397-469f-862c-42870571aa80,17efaa21-4eb6-4ca8-bb32-cde24a610906,a75970d8-0bfe-46ee-885d-f6dc3689e3f9,ad3ab629-3d3b-402d-aede-be24ca3be920
c6e88370-f459-4002-8b54-cfc8cef68352,ipt-kochi-city-open-2-0,City Open Kochi 2.0,City Open,abc334db-cf5c-4e44-bb58-9bb248a0eb2b,Men's Beginner,Men's,beginner,GROUP C,group,2026-09-12,10:20,Court 1,2026-09-12T02:37:00.859Z,2026-09-12T03:07:07.272Z,Arvind Sriram / Ananth Menon,Chacko Cherian / Joseph Korah,Arvind Sriram,Ananth Menon,Chacko Cherian,Joseph Korah,8-3,1.0,0.0,8.0,3.0,8,3,1.0,,Race to 8,race,completed,Completed,tournament_page,Men's Beginner,4,4326c4fd-cc21-41e2-a50c-dea545efbf2f,api_member_ids,bee8d4fd-f40c-486b-942b-5a4fdfc3306f,api_member_ids,b283a295-a9ab-473f-a8f5-ef3c3f5ab0b8,api_member_ids,8af8e92c-8ebb-49ed-80bd-694b441357f8,api_member_ids,ceaac2d1-ac70-4b9c-bb7d-2ed0e7d0f56e,dce8e5ca-1065-40e8-b384-95b73e0e1680,4cf9fb91-4461-4786-98bd-a7f6502bc4b6,9c68f757-83ee-4dc2-aee1-39272d2ff567
36afdf01-332e-4b31-acb7-193c0f9954ae,ipt-kochi-city-open-2-0,City Open Kochi 2.0,City Open,abc334db-cf5c-4e44-bb58-9bb248a0eb2b,Men's Beginner,Men's,beginner,GROUP D,group,2026-09-12,10:20,Court 2,2026-09-12T03:34:34.451Z,2026-09-12T04:19:30.797Z,Royce Raju Beena / James Joseph,Vikaas Chhabria / Vedanth P Patel,Royce Raju Beena,James Joseph,Vikaas Chhabria,Vedanth P Patel,7-8,0.0,1.0,7.0,8.0,7,8,2.0,,Race to 8,race,completed,Completed,tournament_page,Men's Beginner,4,3a4284ac-76b1-42ec-b6e3-a5c4bb489432,api_member_ids,b0670242-4895-4197-85fa-31c10b0953e7,api_member_ids,44dc8a9e-9f0a-4165-b2ce-c4932e2f9eac,api_member_ids,d5e77120-edf1-4cae-b40a-26c7256c3252,api_member_ids,8e3fcbe6-caa0-4f93-ae1f-21e470f8d267,3eb10cef-d753-4fe5-af81-f2cf5e59dd06,217c16e6-d062-4bce-965a-f1cbc80db5ea,ffbe515e-a6fc-43bf-9b57-9069af29d9c3
03e3d1fe-fea2-4898-a94f-770efe9d8f00,ipt-kochi-city-open-2-0,City Open Kochi 2.0,City Open,abc334db-cf5c-4e44-bb58-9bb248a0eb2b,Men's Beginner,Men's,beginner,QF,knockout,2026-09-12,19:00,Court 2,2026-09-12T13:36:05.924Z,2026-09-12T14:04:50.440Z,Muhammed Ajmal / Aravind Kannan,Royce Raju Beena / James Joseph,Muhammed Ajmal,Aravind Kannan,Royce Raju Beena,James Joseph,9-2,1.0,0.0,9.0,2.0,9,2,1.0,,Race to 9,race,completed,Completed,tournament_page,Men's Beginner,4,496acea5-21ec-4eba-8eac-68cc9821538c,api_member_ids,d647ebc2-b81c-41ed-a991-3bdac08e4f0b,api_member_ids,3a4284ac-76b1-42ec-b6e3-a5c4bb489432,api_member_ids,b0670242-4895-4197-85fa-31c10b0953e7,api_member_ids,35fb039f-4af7-4e8c-80c8-1492a0fb6e08,a3feed4a-a19a-4f94-ba30-7be82b2bd210,8e3fcbe6-caa0-4f93-ae1f-21e470f8d267,3eb10cef-d753-4fe5-af81-f2cf5e59dd06
da42261d-6e28-4606-99d6-d8a47a483028,ipt-kochi-city-open-2-0,City Open Kochi 2.0,City Open,abc334db-cf5c-4e44-bb58-9bb248a0eb2b,Men's Beginner,Men's,beginner,QF,knockout,2026-09-12,19:40,Court 2,2026-09-12T14:08:09.137Z,2026-09-12T14:50:04.229Z,Siddhant Gupta / Aman Makan,Rajveer Patel / Arnav Tanna,Siddhant Gupta,Aman Makan,Rajveer Patel,Arnav Tanna,9-3,1.0,0.0,9.0,3.0,9,3,1.0,,Race to 9,race,completed,Completed,tournament_page,Men's Beginner,4,f455fd74-d0ee-4f00-b838-363eff4730e6,api_member_ids,501de0a7-5fb6-460c-9209-2cb9e1c6ab7d,api_member_ids,8d79c420-b857-43a4-848f-c52aa91153e7,api_member_ids,6bfd1277-761c-46c8-9e40-cbce3df40c13,api_member_ids,b9256fa5-c397-469f-862c-42870571aa80,17efaa21-4eb6-4ca8-bb32-cde24a610906,7753f83a-1753-49a7-b149-661d5b762715,dcbbe145-7cf5-4241-9cda-e10396440947
8dd71663-d7d8-4e6b-b8ab-cb11057c4675,ipt-kochi-city-open-2-0,City Open Kochi 2.0,City Open,abc334db-cf5c-4e44-bb58-9bb248a0eb2b,Men's Beginner,Men's,beginner,QF,knockout,2026-09-12,20:20,Court 2,2026-09-12T15:00:12.648Z,2026-09-12T15:44:24.912Z,Shaan Shah / Sandip Sabharwal,Junaiz Odakkal / Aadil Abdul Azeez,Shaan Shah,Sandip Sabharwal,Junaiz Odakkal,Aadil Abdul Azeez,4-9,0.0,1.0,4.0,9.0,4,9,2.0,,Race to 9,race,completed,Completed,tournament_page,Men's Beginner,4,8c72bdc2-6eff-4537-ba3a-ad4eaadd542d,api_member_ids,22f71241-5bf4-4dc7-ba33-683a2ea0f75b,api_member_ids,f0f37d22-d27a-4f1a-afed-0f5d3d55f3e0,api_member_ids,b1c844a3-4542-40b3-8abc-7bd5de93f10b,api_member_ids,d776c24b-fd0a-4639-ae56-1d6571233019,612e21ff-8553-41b1-a21f-cbfbc257f5f7,80bbaa0a-418d-4e46-a470-cfed86db492d,5055f2c1-bdcb-4bed-8213-e2377f334ff2
3c072869-7aae-4ffb-b978-daa51d12f024,ipt-kochi-city-open-2-0,City Open Kochi 2.0,City Open,abc334db-cf5c-4e44-bb58-9bb248a0eb2b,Men's Beginner,Men's,beginner,QF,knockout,2026-09-12,21:00,Court 2,2026-09-12T15:49:49.045Z,2026-09-12T16:10:50.864Z,Arvind Sriram / Ananth Menon,Vishal Thomas / Terence Thomas,Arvind Sriram,Ananth Menon,Vishal Thomas,Terence Thomas,9-1,1.0,0.0,9.0,1.0,9,1,1.0,,Race to 9,race,completed,Completed,tournament_page,Men's Beginner,4,4326c4fd-cc21-41e2-a50c-dea545efbf2f,api_member_ids,bee8d4fd-f40c-486b-942b-5a4fdfc3306f,api_member_ids,062f6e2d-dd0e-47b8-a338-386ae1e7ddc2,api_member_ids,5d868212-b694-4b7c-9e87-8bbcdff3a37e,api_member_ids,ceaac2d1-ac70-4b9c-bb7d-2ed0e7d0f56e,dce8e5ca-1065-40e8-b384-95b73e0e1680,c7aea85d-2c78-46b4-8f6d-32a1b6e1622d,417d5fb0-2551-40a1-9a2d-791ea0a1219e
65e45209-0e5a-43e3-9fb6-c442bec81708,ipt-kochi-city-open-2-0,City Open Kochi 2.0,City Open,abc334db-cf5c-4e44-bb58-9bb248a0eb2b,Men's Beginner,Men's,beginner,SF,knockout,2026-09-13,08:00,Court 1,2026-09-13T02:42:27.578Z,2026-09-13T03:29:22.385Z,Muhammed Ajmal / Aravind Kannan,Siddhant Gupta / Aman Makan,Muhammed Ajmal,Aravind Kannan,Siddhant Gupta,Aman Makan,5-9,0.0,1.0,5.0,9.0,5,9,2.0,,Race to 9,race,completed,Completed,tournament_page,Men's Beginner,4,496acea5-21ec-4eba-8eac-68cc9821538c,api_member_ids,d647ebc2-b81c-41ed-a991-3bdac08e4f0b,api_member_ids,f455fd74-d0ee-4f00-b838-363eff4730e6,api_member_ids,501de0a7-5fb6-460c-9209-2cb9e1c6ab7d,api_member_ids,35fb039f-4af7-4e8c-80c8-1492a0fb6e08,a3feed4a-a19a-4f94-ba30-7be82b2bd210,b9256fa5-c397-469f-862c-42870571aa80,17efaa21-4eb6-4ca8-bb32-cde24a610906
e9651de7-cd19-4d31-810c-66e1b3f43b2f,ipt-kochi-city-open-2-0,City Open Kochi 2.0,City Open,abc334db-cf5c-4e44-bb58-9bb248a0eb2b,Men's Beginner,Men's,beginner,SF,knockout,2026-09-13,08:00,Court 2,2026-09-13T02:40:11.273Z,2026-09-13T03:20:46.863Z,Junaiz Odakkal / Aadil Abdul Azeez,Arvind Sriram / Ananth Menon,Junaiz Odakkal,Aadil Abdul Azeez,Arvind Sriram,Ananth Menon,4-9,0.0,1.0,4.0,9.0,4,9,2.0,,Race to 9,race,completed,Completed,tournament_page,Men's Beginner,4,f0f37d22-d27a-4f1a-afed-0f5d3d55f3e0,api_member_ids,b1c844a3-4542-40b3-8abc-7bd5de93f10b,api_member_ids,4326c4fd-cc21-41e2-a50c-dea545efbf2f,api_member_ids,bee8d4fd-f40c-486b-942b-5a4fdfc3306f,api_member_ids,80bbaa0a-418d-4e46-a470-cfed86db492d,5055f2c1-bdcb-4bed-8213-e2377f334ff2,ceaac2d1-ac70-4b9c-bb7d-2ed0e7d0f56e,dce8e5ca-1065-40e8-b384-95b73e0e1680
87daa593-717b-43fe-a33b-b156d1212c06,ipt-kochi-city-open-2-0,City Open Kochi 2.0,City Open,abc334db-cf5c-4e44-bb58-9bb248a0eb2b,Men's Beginner,Men's,beginner,F,knockout,2026-09-13,16:30,Court 2,2026-09-13T11:06:06.714Z,2026-09-13T11:56:05.956Z,Siddhant Gupta / Aman Makan,Arvind Sriram / Ananth Menon,Siddhant Gupta,Aman Makan,Arvind Sriram,Ananth Menon,"6-2, 6-1",2.0,0.0,12.0,3.0,6 6,2 1,1.0,,Best of 3 sets,sets,completed,Completed,tournament_page,Men's Beginner,4,f455fd74-d0ee-4f00-b838-363eff4730e6,api_member_ids,501de0a7-5fb6-460c-9209-2cb9e1c6ab7d,api_member_ids,4326c4fd-cc21-41e2-a50c-dea545efbf2f,api_member_ids,bee8d4fd-f40c-486b-942b-5a4fdfc3306f,api_member_ids,b9256fa5-c397-469f-862c-42870571aa80,17efaa21-4eb6-4ca8-bb32-cde24a610906,ceaac2d1-ac70-4b9c-bb7d-2ed0e7d0f56e,dce8e5ca-1065-40e8-b384-95b73e0e1680
1401801d-5bbd-4a8a-9f4c-d90624375b92,ipt-kochi-city-open-2-0,City Open Kochi 2.0,City Open,3a7fcb0b-23e6-4668-95a8-8ea47b0a7650,Men's Intermediate,Men's,intermediate,GROUP A,group,2026-09-11,08:00,Court 1,,2026-09-11T04:02:15.546Z,Kaiz Jaffer / Varun Dattani,Afdhel Abdul Wahab / Salman Shaji,Kaiz Jaffer,Varun Dattani,Afdhel Abdul Wahab,Salman Shaji,8-4,1.0,0.0,8.0,4.0,8,4,1.0,,Race to 8,race,completed,Completed,tournament_page,Men's Intermediate,4,fc6dc5ba-b4e3-4b91-983b-fdfb62b164f5,api_member_ids,5b6730d4-a1a1-4cd3-97ec-3423545be5cd,api_member_ids,2890603e-2ceb-476a-ac9d-a06c6c37dd8b,api_member_ids,4c97d826-5756-4858-b292-b21827ad555e,api_member_ids,ed9aed58-7dd1-4c57-b7fc-4405d70988f1,babe8b02-dc82-44bf-8116-900fbf2c9e97,83e001e4-6139-46a4-b849-e9a569639b32,15d55f96-1c4c-4c6a-b920-b9c0e1dbc6e9
280fd1a3-0a64-430a-96e4-82ea8239e260,ipt-kochi-city-open-2-0,City Open Kochi 2.0,City Open,3a7fcb0b-23e6-4668-95a8-8ea47b0a7650,Men's Intermediate,Men's,intermediate,GROUP B,group,2026-09-11,08:00,Court 2,,2026-09-11T04:02:37.678Z,Mukund Muthanna / Mukund Muthanna Partner,Pranav Erinjery / Aldrith Fernandez,Mukund Muthanna,Mukund Muthanna Partner,Pranav Erinjery,Aldrith Fernandez,,,,,,,,2.0,Walkover,Race to 8,race,completed,Completed,tournament_page,Men's Intermediate,4,b1863a39-a660-43dd-8e1c-830d77223fe7,api_member_ids,c005054e-b3f8-434d-a338-10ba4fd1b0fb,api_member_ids,30155bc6-d483-414d-8d5e-17eef06c9f9e,api_member_ids,402747a2-1ebf-400b-8f55-50dcfee08030,api_member_ids,bfa5a472-a553-4fa1-9e01-836e29b26d8b,c005054e-b3f8-434d-a338-10ba4fd1b0fb,2f6c85af-4743-4692-a0ff-268260d9d3fe,39508633-c97d-490b-a4a7-7bb2d3fdf5c9
31fe4ab9-5cc5-43c3-b16e-9d20d33e0189,ipt-kochi-city-open-2-0,City Open Kochi 2.0,City Open,3a7fcb0b-23e6-4668-95a8-8ea47b0a7650,Men's Intermediate,Men's,intermediate,GROUP A,group,2026-09-11,08:40,Court 1,,2026-09-11T04:03:14.089Z,Kaiz Jaffer / Varun Dattani,Revano Wilson / Varghese Paul,Kaiz Jaffer,Varun Dattani,Revano Wilson,Varghese Paul,8-1,1.0,0.0,8.0,1.0,8,1,1.0,,Race to 8,race,completed,Completed,tournament_page,Men's Intermediate,4,fc6dc5ba-b4e3-4b91-983b-fdfb62b164f5,api_member_ids,5b6730d4-a1a1-4cd3-97ec-3423545be5cd,api_member_ids,8a61e384-5702-4e17-b42e-f75ce4a27013,api_member_ids,b7281057-4ccf-42d7-bd24-71acc1edaac2,api_member_ids,ed9aed58-7dd1-4c57-b7fc-4405d70988f1,babe8b02-dc82-44bf-8116-900fbf2c9e97,d8260730-08c7-45ca-b21b-fcc412e4b037,f2676e93-caac-40ca-85c1-1d32a79c4759
bb46c168-6626-446c-af22-65884f347b73,ipt-kochi-city-open-2-0,City Open Kochi 2.0,City Open,3a7fcb0b-23e6-4668-95a8-8ea47b0a7650,Men's Intermediate,Men's,intermediate,GROUP B,group,2026-09-11,08:40,Court 2,,2026-09-11T04:03:39.001Z,Mukund Muthanna / Mukund Muthanna Partner,Azhar Seyad / Anoop KR,Mukund Muthanna,Mukund Muthanna Partner,Azhar Seyad,Anoop KR,,,,,,,,2.0,Walkover,Race to 8,race,completed,Completed,tournament_page,Men's Intermediate,4,b1863a39-a660-43dd-8e1c-830d77223fe7,api_member_ids,c005054e-b3f8-434d-a338-10ba4fd1b0fb,api_member_ids,8fc2da14-7503-4602-82ca-a8a418e43d9a,api_member_ids,3c822f5d-2200-464d-bc72-f04612b2ee19,api_member_ids,bfa5a472-a553-4fa1-9e01-836e29b26d8b,c005054e-b3f8-434d-a338-10ba4fd1b0fb,398ccc43-f9a1-405d-9097-7f091562db96,0c1cad31-4025-4073-91ee-85a04a5bbcc0
5541b276-8af1-45de-9ca9-f342a871aaa6,ipt-kochi-city-open-2-0,City Open Kochi 2.0,City Open,3a7fcb0b-23e6-4668-95a8-8ea47b0a7650,Men's Intermediate,Men's,intermediate,GROUP A,group,2026-09-11,09:20,Court 1,2026-09-11T03:54:42.105Z,2026-09-11T04:28:53.940Z,Afdhel Abdul Wahab / Salman Shaji,Revano Wilson / Varghese Paul,Afdhel Abdul Wahab,Salman Shaji,Revano Wilson,Varghese Paul,4-8,0.0,1.0,4.0,8.0,4,8,2.0,,Race to 8,race,completed,Completed,tournament_page,Men's Intermediate,4,2890603e-2ceb-476a-ac9d-a06c6c37dd8b,api_member_ids,4c97d826-5756-4858-b292-b21827ad555e,api_member_ids,8a61e384-5702-4e17-b42e-f75ce4a27013,api_member_ids,b7281057-4ccf-42d7-bd24-71acc1edaac2,api_member_ids,83e001e4-6139-46a4-b849-e9a569639b32,15d55f96-1c4c-4c6a-b920-b9c0e1dbc6e9,d8260730-08c7-45ca-b21b-fcc412e4b037,f2676e93-caac-40ca-85c1-1d32a79c4759
6ce69905-354c-4ccd-84f5-56c0a8047de4,ipt-kochi-city-open-2-0,City Open Kochi 2.0,City Open,3a7fcb0b-23e6-4668-95a8-8ea47b0a7650,Men's Intermediate,Men's,intermediate,GROUP B,group,2026-09-11,09:20,Court 2,,2026-09-11T06:51:07.120Z,Pranav Erinjery / Aldrith Fernandez,Azhar Seyad / Anoop KR,Pranav Erinjery,Aldrith Fernandez,Azhar Seyad,Anoop KR,8-1,1.0,0.0,8.0,1.0,8,1,1.0,,Race to 8,race,completed,Completed,tournament_page,Men's Intermediate,4,30155bc6-d483-414d-8d5e-17eef06c9f9e,api_member_ids,402747a2-1ebf-400b-8f55-50dcfee08030,api_member_ids,8fc2da14-7503-4602-82ca-a8a418e43d9a,api_member_ids,3c822f5d-2200-464d-bc72-f04612b2ee19,api_member_ids,2f6c85af-4743-4692-a0ff-268260d9d3fe,39508633-c97d-490b-a4a7-7bb2d3fdf5c9,398ccc43-f9a1-405d-9097-7f091562db96,0c1cad31-4025-4073-91ee-85a04a5bbcc0
d3fe187c-0d7a-476a-9902-bd356ef60fa5,ipt-kochi-city-open-2-0,City Open Kochi 2.0,City Open,3a7fcb0b-23e6-4668-95a8-8ea47b0a7650,Men's Intermediate,Men's,intermediate,GROUP D,group,2026-09-11,10:00,Court 1,2026-09-11T04:35:50.923Z,2026-09-11T05:16:46.340Z,Akhil Bansal / Nikhil Bansal,Kaushik Gummuluru / Sai Ram Goud,Akhil Bansal,Nikhil Bansal,Kaushik Gummuluru,Sai Ram Goud,8-6,1.0,0.0,8.0,6.0,8,6,1.0,,Race to 8,race,completed,Completed,tournament_page,Men's Intermediate,2,a54ba179-7fc9-4533-9eaa-c2c09da3f061,api_member_ids,ab58ef43-8f50-4f4e-a45b-1087ae59ee35,api_member_ids,2891f3ff-442b-4b5b-b58c-cd458df7ea72,api_member_ids,c1bb2e34-e142-4eb8-b132-d84e8c734bb7,api_member_ids,4ac8bb18-eb7f-4d9c-8f76-13d9baa3be5c,8f4dec61-e18b-4f95-96e8-96ce7cc45db4,013e2363-52f5-45f3-813f-55ef846f94ab,de95f811-88a6-4b6e-8cdf-4d3a9d8a084d
02f87ebf-fcf5-41b9-a321-daad1e769f18,ipt-kochi-city-open-2-0,City Open Kochi 2.0,City Open,3a7fcb0b-23e6-4668-95a8-8ea47b0a7650,Men's Intermediate,Men's,intermediate,GROUP E,group,2026-09-11,10:00,Court 2,,2026-09-11T04:37:33.197Z,Nikhil Kalro / Abhinav Grover,Ayaan Mishra / Viraj Dewan,Nikhil Kalro,Abhinav Grover,Ayaan Mishra,Viraj Dewan,1-8,0.0,1.0,1.0,8.0,1,8,2.0,Walkover,Race to 8,race,completed,Completed,tournament_page,Men's Intermediate,4,8b01652a-7f96-41a5-9402-e3404a390669,api_member_ids,f6c641f1-29cd-45ed-b4df-1421d76f48d3,api_member_ids,c2ae75e9-a8ea-43e9-89b0-df5d44f5fa61,api_member_ids,1f8700c4-6a62-4646-95cd-9b2d456baf65,api_member_ids,b7eaf614-11ca-46ee-ab8b-64bb29fa4d8f,a205ddee-52ec-4b1d-88da-40c8473a18a2,2fe333f9-21f9-4bfe-bdcc-8373d176ccc3,f9713c6f-2291-4eef-b31e-c6d19778da07
cb86b6d0-ede0-4d54-a488-e414b30e074a,ipt-kochi-city-open-2-0,City Open Kochi 2.0,City Open,3a7fcb0b-23e6-4668-95a8-8ea47b0a7650,Men's Intermediate,Men's,intermediate,GROUP D,group,2026-09-11,10:40,Court 1,2026-09-11T05:46:00.413Z,2026-09-11T06:30:10.992Z,Akhil Bansal / Nikhil Bansal,Mohammed Farhan / Azim Yasir,Akhil Bansal,Nikhil Bansal,Mohammed Farhan,Azim Yasir,8-7,1.0,0.0,8.0,7.0,8,7,1.0,,Race to 8,race,completed,Completed,tournament_page,Men's Intermediate,2,a54ba179-7fc9-4533-9eaa-c2c09da3f061,api_member_ids,ab58ef43-8f50-4f4e-a45b-1087ae59ee35,api_member_ids,66f6024c-cf6b-4775-a2ef-3f7f1b0405b3,api_member_ids,0e3ade05-7d67-414c-8e20-c2bbae3a5778,api_member_ids,4ac8bb18-eb7f-4d9c-8f76-13d9baa3be5c,8f4dec61-e18b-4f95-96e8-96ce7cc45db4,9495ae3b-6e88-4876-aaec-ca591fe3948d,3be788fe-fac9-4e3a-b0f9-2fbb33d29910
dd67f9b8-7e63-4536-94e6-f2b42d5b93b1,ipt-kochi-city-open-2-0,City Open Kochi 2.0,City Open,3a7fcb0b-23e6-4668-95a8-8ea47b0a7650,Men's Intermediate,Men's,intermediate,GROUP E,group,2026-09-11,10:40,Court 2,2026-09-11T04:38:00.877Z,2026-09-11T04:38:16.729Z,Nikhil Kalro / Abhinav Grover,Mohamed Anzar / Dirsha Kalliyath,Nikhil Kalro,Abhinav Grover,Mohamed Anzar,Dirsha Kalliyath,1-8,0.0,1.0,1.0,8.0,1,8,2.0,Walkover,Race to 8,race,completed,Completed,tournament_page,Men's Intermediate,4,8b01652a-7f96-41a5-9402-e3404a390669,api_member_ids,f6c641f1-29cd-45ed-b4df-1421d76f48d3,api_member_ids,fed73115-d438-4ece-b3bc-833a35c0af2e,api_member_ids,1dfc79f8-119b-4349-a2f9-a6e7c425a8e9,api_member_ids,b7eaf614-11ca-46ee-ab8b-64bb29fa4d8f,a205ddee-52ec-4b1d-88da-40c8473a18a2,787a0f9a-5db2-4f64-b783-fadce7eb05d0,0789d0db-9123-48e0-b580-819c9969560e
13982dc0-e4fa-436e-b55c-f408332624c4,ipt-kochi-city-open-2-0,City Open Kochi 2.0,City Open,3a7fcb0b-23e6-4668-95a8-8ea47b0a7650,Men's Intermediate,Men's,intermediate,GROUP D,group,2026-09-11,11:20,Court 1,2026-09-11T06:39:47.022Z,2026-09-11T07:11:11.889Z,Kaushik Gummuluru / Sai Ram Goud,Mohammed Farhan / Azim Yasir,Kaushik Gummuluru,Sai Ram Goud,Mohammed Farhan,Azim Yasir,6-8,0.0,1.0,6.0,8.0,6,8,2.0,,Race to 8,race,completed,Completed,tournament_page,Men's Intermediate,4,2891f3ff-442b-4b5b-b58c-cd458df7ea72,api_member_ids,c1bb2e34-e142-4eb8-b132-d84e8c734bb7,api_member_ids,66f6024c-cf6b-4775-a2ef-3f7f1b0405b3,api_member_ids,0e3ade05-7d67-414c-8e20-c2bbae3a5778,api_member_ids,013e2363-52f5-45f3-813f-55ef846f94ab,de95f811-88a6-4b6e-8cdf-4d3a9d8a084d,9495ae3b-6e88-4876-aaec-ca591fe3948d,3be788fe-fac9-4e3a-b0f9-2fbb33d29910
ad547565-1990-477f-919c-bc4437f1fcc1,ipt-kochi-city-open-2-0,City Open Kochi 2.0,City Open,3a7fcb0b-23e6-4668-95a8-8ea47b0a7650,Men's Intermediate,Men's,intermediate,GROUP E,group,2026-09-11,11:20,Court 2,2026-09-11T05:01:46.862Z,2026-09-11T05:28:56.032Z,Ayaan Mishra / Viraj Dewan,Mohamed Anzar / Dirsha Kalliyath,Ayaan Mishra,Viraj Dewan,Mohamed Anzar,Dirsha Kalliyath,4-8,0.0,1.0,4.0,8.0,4,8,2.0,,Race to 8,race,completed,Completed,tournament_page,Men's Intermediate,4,c2ae75e9-a8ea-43e9-89b0-df5d44f5fa61,api_member_ids,1f8700c4-6a62-4646-95cd-9b2d456baf65,api_member_ids,fed73115-d438-4ece-b3bc-833a35c0af2e,api_member_ids,1dfc79f8-119b-4349-a2f9-a6e7c425a8e9,api_member_ids,2fe333f9-21f9-4bfe-bdcc-8373d176ccc3,f9713c6f-2291-4eef-b31e-c6d19778da07,787a0f9a-5db2-4f64-b783-fadce7eb05d0,0789d0db-9123-48e0-b580-819c9969560e
32e2f1fd-a1a6-4932-a63d-8cae457719ed,ipt-kochi-city-open-2-0,City Open Kochi 2.0,City Open,3a7fcb0b-23e6-4668-95a8-8ea47b0a7650,Men's Intermediate,Men's,intermediate,GROUP C,group,2026-09-11,12:00,Court 1,2026-09-11T07:06:00.742Z,2026-09-11T07:31:16.376Z,George Pottamkulam / Amit Krishnan,Bijon Kanabar / Pranay Shetty,George Pottamkulam,Amit Krishnan,Bijon Kanabar,Pranay Shetty,8-2,1.0,0.0,8.0,2.0,8,2,1.0,,Race to 8,race,completed,Completed,tournament_page,Men's Intermediate,4,a0b09769-2ade-400c-ad97-c3f1d6ada866,api_member_ids,26582647-4a0f-456e-86d7-98b5087f3875,api_member_ids,3ebc54e6-ec4a-42bc-bfcb-67c21e71616a,api_member_ids,ff462e1c-14e0-4792-9215-29ecaeed1cfa,api_member_ids,9182b111-a4f7-4cc8-a6db-ea0fa0dafbac,9d39d601-79fa-4c9e-86f3-4b5aaf5dfef1,ff10561d-ad52-4473-8700-4feeae4a5548,f8e3cea2-c49f-4c11-b5b0-b3fad09cb5de
07e45cb7-2688-44e8-801a-da2e0b30f2ee,ipt-kochi-city-open-2-0,City Open Kochi 2.0,City Open,3a7fcb0b-23e6-4668-95a8-8ea47b0a7650,Men's Intermediate,Men's,intermediate,GROUP F,group,2026-09-11,12:00,Court 2,2026-09-11T06:36:49.967Z,2026-09-11T06:57:12.896Z,Arjun Raju / Ganesh Raj,Gopal Mohan / Nikhil George,Arjun Raju,Ganesh Raj,Gopal Mohan,Nikhil George,8-1,1.0,0.0,8.0,1.0,8,1,1.0,,Race to 8,race,completed,Completed,tournament_page,Men's Intermediate,4,74a7e384-3f53-44ee-80d0-059e3fa60e1c,api_member_ids,9a0ca379-deee-41c9-ad19-ab63a46719c4,api_member_ids,eae761c0-dc5e-44fc-acf1-5229a40242dd,api_member_ids,e7f18fca-e2a6-4ee7-9045-df813ab9fd91,api_member_ids,3ae76f11-c427-47b4-bb70-780bf75a3394,adea4896-4ff5-4b04-bc91-f133803d8264,f4d92c80-d465-4594-96a3-f4bf308f42fe,15158ad0-2901-4de2-8174-8695af57f2e5
b2a52d91-deff-4c8e-b442-b5793d94b3f0,ipt-kochi-city-open-2-0,City Open Kochi 2.0,City Open,3a7fcb0b-23e6-4668-95a8-8ea47b0a7650,Men's Intermediate,Men's,intermediate,GROUP C,group,2026-09-11,12:40,Court 1,2026-09-11T07:37:37.216Z,2026-09-11T08:13:29.841Z,George Pottamkulam / Amit Krishnan,Sachin Thomas / Parthiv Anilkumar,George Pottamkulam,Amit Krishnan,Sachin Thomas,Parthiv Anilkumar,8-5,1.0,0.0,8.0,5.0,8,5,1.0,,Race to 8,race,completed,Completed,tournament_page,Men's Intermediate,4,a0b09769-2ade-400c-ad97-c3f1d6ada866,api_member_ids,26582647-4a0f-456e-86d7-98b5087f3875,api_member_ids,ee0a9dcc-acb3-4a06-a301-ba31f2f6c134,api_member_ids,57a2141d-40d8-46f5-80e4-11670644aaca,api_member_ids,9182b111-a4f7-4cc8-a6db-ea0fa0dafbac,9d39d601-79fa-4c9e-86f3-4b5aaf5dfef1,c40a6418-bd1a-44db-a9bc-84dd96b17553,b27d6448-4d00-4cb7-9201-84ff9c43052c
d7131bb9-325e-4ed2-9c3a-a4a7d6f28d24,ipt-kochi-city-open-2-0,City Open Kochi 2.0,City Open,3a7fcb0b-23e6-4668-95a8-8ea47b0a7650,Men's Intermediate,Men's,intermediate,GROUP F,group,2026-09-11,12:40,Court 2,2026-09-11T07:23:23.357Z,2026-09-11T08:06:51.498Z,Arjun Raju / Ganesh Raj,Anthony Grace Fernandes / Adarsh S,Arjun Raju,Ganesh Raj,Anthony Grace Fernandes,Adarsh S,8-6,1.0,0.0,8.0,6.0,8,6,1.0,,Race to 8,race,completed,Completed,tournament_page,Men's Intermediate,4,74a7e384-3f53-44ee-80d0-059e3fa60e1c,api_member_ids,9a0ca379-deee-41c9-ad19-ab63a46719c4,api_member_ids,689f12ba-b99c-4d69-b6f4-80c07ed7ce92,api_member_ids,423c210f-fe3b-42eb-8542-5969c9fa6eec,api_member_ids,3ae76f11-c427-47b4-bb70-780bf75a3394,adea4896-4ff5-4b04-bc91-f133803d8264,35b457b0-b148-4a61-ba36-f3c43376e76d,3ff76770-af6d-4e46-9794-05604155476e
768f0678-f72f-4419-b398-45282170de3e,ipt-kochi-city-open-2-0,City Open Kochi 2.0,City Open,3a7fcb0b-23e6-4668-95a8-8ea47b0a7650,Men's Intermediate,Men's,intermediate,GROUP C,group,2026-09-11,13:20,Court 1,2026-09-11T08:16:21.580Z,2026-09-11T09:15:08.245Z,Bijon Kanabar / Pranay Shetty,Sachin Thomas / Parthiv Anilkumar,Bijon Kanabar,Pranay Shetty,Sachin Thomas,Parthiv Anilkumar,7-8,0.0,1.0,7.0,8.0,7,8,2.0,,Race to 8,race,completed,Completed,tournament_page,Men's Intermediate,4,3ebc54e6-ec4a-42bc-bfcb-67c21e71616a,api_member_ids,ff462e1c-14e0-4792-9215-29ecaeed1cfa,api_member_ids,ee0a9dcc-acb3-4a06-a301-ba31f2f6c134,api_member_ids,57a2141d-40d8-46f5-80e4-11670644aaca,api_member_ids,ff10561d-ad52-4473-8700-4feeae4a5548,f8e3cea2-c49f-4c11-b5b0-b3fad09cb5de,c40a6418-bd1a-44db-a9bc-84dd96b17553,b27d6448-4d00-4cb7-9201-84ff9c43052c
da312eda-67b5-4df0-94b1-228ec49f5dbc,ipt-kochi-city-open-2-0,City Open Kochi 2.0,City Open,3a7fcb0b-23e6-4668-95a8-8ea47b0a7650,Men's Intermediate,Men's,intermediate,GROUP F,group,2026-09-11,13:20,Court 2,2026-09-11T08:14:36.965Z,2026-09-11T08:42:49.454Z,Gopal Mohan / Nikhil George,Anthony Grace Fernandes / Adarsh S,Gopal Mohan,Nikhil George,Anthony Grace Fernandes,Adarsh S,3-8,0.0,1.0,3.0,8.0,3,8,2.0,,Race to 8,race,completed,Completed,tournament_page,Men's Intermediate,4,eae761c0-dc5e-44fc-acf1-5229a40242dd,api_member_ids,e7f18fca-e2a6-4ee7-9045-df813ab9fd91,api_member_ids,689f12ba-b99c-4d69-b6f4-80c07ed7ce92,api_member_ids,423c210f-fe3b-42eb-8542-5969c9fa6eec,api_member_ids,f4d92c80-d465-4594-96a3-f4bf308f42fe,15158ad0-2901-4de2-8174-8695af57f2e5,35b457b0-b148-4a61-ba36-f3c43376e76d,3ff76770-af6d-4e46-9794-05604155476e
656cb675-5f02-48d3-89d1-061ca3267657,ipt-kochi-city-open-2-0,City Open Kochi 2.0,City Open,3a7fcb0b-23e6-4668-95a8-8ea47b0a7650,Men's Intermediate,Men's,intermediate,GROUP G,group,2026-09-11,14:00,Court 1,2026-09-11T08:46:11.234Z,2026-09-11T09:14:57.442Z,John Paul / Falib Jaleel,Sanal K M / Nigel Paul,John Paul,Falib Jaleel,Sanal K M,Nigel Paul,8-4,1.0,0.0,8.0,4.0,8,4,1.0,,Race to 8,race,completed,Completed,tournament_page,Men's Intermediate,4,5e22ce04-3d81-4d0a-ae6b-7fba4bcea448,api_member_ids,5ff0e80a-e07e-4469-a2a2-01d6a9c3f00b,api_member_ids,8bc488d5-c371-499a-b700-0d7a3b96367c,api_member_ids,48382568-087c-4c34-ab92-46d2680916f1,api_member_ids,fd3305e0-0928-4c2d-a611-f91df7c7a7f7,e150946c-867c-40d9-948f-a5e7e50e29e4,e0a47f43-7625-4d52-bcac-fd1a05b765af,48382568-087c-4c34-ab92-46d2680916f1
15ef7bff-541b-4ae6-b583-4914704bd786,ipt-kochi-city-open-2-0,City Open Kochi 2.0,City Open,3a7fcb0b-23e6-4668-95a8-8ea47b0a7650,Men's Intermediate,Men's,intermediate,GROUP H,group,2026-09-11,14:00,Court 2,2026-09-11T09:23:06.742Z,2026-09-11T09:54:57.099Z,Mithun Prabhu / Akshith Thomas,Sonu Vaidyan / Sadic Ashraf,Mithun Prabhu,Akshith Thomas,Sonu Vaidyan,Sadic Ashraf,8-5,1.0,0.0,8.0,5.0,8,5,1.0,,Race to 8,race,completed,Completed,tournament_page,Men's Intermediate,4,68516614-5b90-40ce-b11e-09ad9353da5a,api_member_ids,2bb102f2-5c3a-48b1-ae95-ce7f8d38b17f,api_member_ids,de44689c-c743-460c-a4f5-a04b2819a84b,api_member_ids,871ebc0d-cdac-4056-99c1-8181ed74b338,api_member_ids,8c4cda10-8f0b-4d1e-9368-0863b4e2e0d2,88f63936-02eb-49fc-b481-de9fce8518a4,b03f5b0a-b28f-4ee7-9a01-d6138db1d9e0,ab0a5626-189b-48ec-a23f-f95c28ffbda8
b6294123-9662-414d-8695-a657ae6acb81,ipt-kochi-city-open-2-0,City Open Kochi 2.0,City Open,3a7fcb0b-23e6-4668-95a8-8ea47b0a7650,Men's Intermediate,Men's,intermediate,GROUP G,group,2026-09-11,14:40,Court 1,2026-09-11T09:18:11.672Z,2026-09-11T10:09:05.544Z,John Paul / Falib Jaleel,Muhammed Saleem V / Arun Ratnakaran,John Paul,Falib Jaleel,Muhammed Saleem V,Arun Ratnakaran,8-7,1.0,0.0,8.0,7.0,8,7,1.0,,Race to 8,race,completed,Completed,tournament_page,Men's Intermediate,4,5e22ce04-3d81-4d0a-ae6b-7fba4bcea448,api_member_ids,5ff0e80a-e07e-4469-a2a2-01d6a9c3f00b,api_member_ids,ce5800f0-729e-44e9-a12d-a83a5b771244,api_member_ids,34db59dd-7f59-4b2a-8403-070df3a50fd9,api_member_ids,fd3305e0-0928-4c2d-a611-f91df7c7a7f7,e150946c-867c-40d9-948f-a5e7e50e29e4,39a48cfc-6df7-43b1-b8bd-5920840179c2,0d2b54ee-aaf6-4130-aaa0-2ed5af9e14d6
02602bea-68f9-4752-a0da-d729a79ed5ad,ipt-kochi-city-open-2-0,City Open Kochi 2.0,City Open,3a7fcb0b-23e6-4668-95a8-8ea47b0a7650,Men's Intermediate,Men's,intermediate,GROUP H,group,2026-09-11,14:40,Court 2,2026-09-11T10:01:06.517Z,2026-09-11T10:29:27.718Z,Mithun Prabhu / Akshith Thomas,Raaghav Sharma Bagga / Yuvraj mehta,Mithun Prabhu,Akshith Thomas,Raaghav Sharma Bagga,Yuvraj mehta,2-8,0.0,1.0,2.0,8.0,2,8,2.0,,Race to 8,race,completed,Completed,tournament_page,Men's Intermediate,3,68516614-5b90-40ce-b11e-09ad9353da5a,api_member_ids,2bb102f2-5c3a-48b1-ae95-ce7f8d38b17f,api_member_ids,ae03412d-d2a1-4b89-a934-a895d52f8a9d,api_member_ids,91d8198e-2679-4c96-9b3e-4da14d39b69e,api_member_ids,8c4cda10-8f0b-4d1e-9368-0863b4e2e0d2,88f63936-02eb-49fc-b481-de9fce8518a4,06a3d0ca-1d99-41b7-b951-a8dbdf9bd571,607adddb-f183-437c-a5c6-fef677144841
7f7470be-59ba-4fb9-b76f-bd5bb2c52c36,ipt-kochi-city-open-2-0,City Open Kochi 2.0,City Open,3a7fcb0b-23e6-4668-95a8-8ea47b0a7650,Men's Intermediate,Men's,intermediate,GROUP G,group,2026-09-11,15:20,Court 1,2026-09-11T10:15:58.132Z,2026-09-11T10:45:59.209Z,Sanal K M / Nigel Paul,Muhammed Saleem V / Arun Ratnakaran,Sanal K M,Nigel Paul,Muhammed Saleem V,Arun Ratnakaran,3-8,0.0,1.0,3.0,8.0,3,8,2.0,,Race to 8,race,completed,Completed,tournament_page,Men's Intermediate,4,8bc488d5-c371-499a-b700-0d7a3b96367c,api_member_ids,48382568-087c-4c34-ab92-46d2680916f1,api_member_ids,ce5800f0-729e-44e9-a12d-a83a5b771244,api_member_ids,34db59dd-7f59-4b2a-8403-070df3a50fd9,api_member_ids,e0a47f43-7625-4d52-bcac-fd1a05b765af,48382568-087c-4c34-ab92-46d2680916f1,39a48cfc-6df7-43b1-b8bd-5920840179c2,0d2b54ee-aaf6-4130-aaa0-2ed5af9e14d6
fcdd2916-4e98-4a27-a45c-4e9cae42142a,ipt-kochi-city-open-2-0,City Open Kochi 2.0,City Open,3a7fcb0b-23e6-4668-95a8-8ea47b0a7650,Men's Intermediate,Men's,intermediate,GROUP H,group,2026-09-11,15:20,Court 2,2026-09-11T10:33:54.352Z,2026-09-11T10:52:21.515Z,Sonu Vaidyan / Sadic Ashraf,Raaghav Sharma Bagga / Yuvraj mehta,Sonu Vaidyan,Sadic Ashraf,Raaghav Sharma Bagga,Yuvraj mehta,1-8,0.0,1.0,1.0,8.0,1,8,2.0,,Race to 8,race,completed,Completed,tournament_page,Men's Intermediate,3,de44689c-c743-460c-a4f5-a04b2819a84b,api_member_ids,871ebc0d-cdac-4056-99c1-8181ed74b338,api_member_ids,ae03412d-d2a1-4b89-a934-a895d52f8a9d,api_member_ids,91d8198e-2679-4c96-9b3e-4da14d39b69e,api_member_ids,b03f5b0a-b28f-4ee7-9a01-d6138db1d9e0,ab0a5626-189b-48ec-a23f-f95c28ffbda8,06a3d0ca-1d99-41b7-b951-a8dbdf9bd571,607adddb-f183-437c-a5c6-fef677144841
2addffdf-5d74-4410-9c15-b6d1172cdcaa,ipt-kochi-city-open-2-0,City Open Kochi 2.0,City Open,3a7fcb0b-23e6-4668-95a8-8ea47b0a7650,Men's Intermediate,Men's,intermediate,R16,knockout,2026-09-11,20:00,Court 1,2026-09-11T13:40:08.143Z,2026-09-11T14:36:58.468Z,Kaiz Jaffer / Varun Dattani,Mithun Prabhu / Akshith Thomas,Kaiz Jaffer,Varun Dattani,Mithun Prabhu,Akshith Thomas,9-5,1.0,0.0,9.0,5.0,9,5,1.0,,Race to 9,race,completed,Completed,tournament_page,Men's Intermediate,4,fc6dc5ba-b4e3-4b91-983b-fdfb62b164f5,api_member_ids,5b6730d4-a1a1-4cd3-97ec-3423545be5cd,api_member_ids,68516614-5b90-40ce-b11e-09ad9353da5a,api_member_ids,2bb102f2-5c3a-48b1-ae95-ce7f8d38b17f,api_member_ids,ed9aed58-7dd1-4c57-b7fc-4405d70988f1,babe8b02-dc82-44bf-8116-900fbf2c9e97,8c4cda10-8f0b-4d1e-9368-0863b4e2e0d2,88f63936-02eb-49fc-b481-de9fce8518a4
b530136d-9889-4042-845b-a06f95359c31,ipt-kochi-city-open-2-0,City Open Kochi 2.0,City Open,3a7fcb0b-23e6-4668-95a8-8ea47b0a7650,Men's Intermediate,Men's,intermediate,R16,knockout,2026-09-11,20:00,Court 2,2026-09-11T14:31:27.915Z,2026-09-11T14:55:56.683Z,Raaghav Sharma Bagga / Yuvraj mehta,Revano Wilson / Varghese Paul,Raaghav Sharma Bagga,Yuvraj mehta,Revano Wilson,Varghese Paul,9-2,1.0,0.0,9.0,2.0,9,2,1.0,,Race to 9,race,completed,Completed,tournament_page,Men's Intermediate,3,ae03412d-d2a1-4b89-a934-a895d52f8a9d,api_member_ids,91d8198e-2679-4c96-9b3e-4da14d39b69e,api_member_ids,8a61e384-5702-4e17-b42e-f75ce4a27013,api_member_ids,b7281057-4ccf-42d7-bd24-71acc1edaac2,api_member_ids,06a3d0ca-1d99-41b7-b951-a8dbdf9bd571,607adddb-f183-437c-a5c6-fef677144841,d8260730-08c7-45ca-b21b-fcc412e4b037,f2676e93-caac-40ca-85c1-1d32a79c4759
3cf2b617-81ef-4a6a-8072-26feca265196,ipt-kochi-city-open-2-0,City Open Kochi 2.0,City Open,3a7fcb0b-23e6-4668-95a8-8ea47b0a7650,Men's Intermediate,Men's,intermediate,R16,knockout,2026-09-11,20:40,Court 1,2026-09-11T14:46:22.379Z,2026-09-11T15:10:04.485Z,Akhil Bansal / Nikhil Bansal,Ayaan Mishra / Viraj Dewan,Akhil Bansal,Nikhil Bansal,Ayaan Mishra,Viraj Dewan,9-0,1.0,0.0,9.0,0.0,9,0,1.0,,Race to 9,race,completed,Completed,tournament_page,Men's Intermediate,4,a54ba179-7fc9-4533-9eaa-c2c09da3f061,api_member_ids,ab58ef43-8f50-4f4e-a45b-1087ae59ee35,api_member_ids,c2ae75e9-a8ea-43e9-89b0-df5d44f5fa61,api_member_ids,1f8700c4-6a62-4646-95cd-9b2d456baf65,api_member_ids,4ac8bb18-eb7f-4d9c-8f76-13d9baa3be5c,8f4dec61-e18b-4f95-96e8-96ce7cc45db4,2fe333f9-21f9-4bfe-bdcc-8373d176ccc3,f9713c6f-2291-4eef-b31e-c6d19778da07
b0cb2b62-0e12-409d-9ab0-1ae12eb514d0,ipt-kochi-city-open-2-0,City Open Kochi 2.0,City Open,3a7fcb0b-23e6-4668-95a8-8ea47b0a7650,Men's Intermediate,Men's,intermediate,R16,knockout,2026-09-11,20:40,Court 2,2026-09-11T15:00:05.377Z,2026-09-11T15:35:43.759Z,Mohamed Anzar / Dirsha Kalliyath,Mohammed Farhan / Azim Yasir,Mohamed Anzar,Dirsha Kalliyath,Mohammed Farhan,Azim Yasir,9-4,1.0,0.0,9.0,4.0,9,4,1.0,,Race to 9,race,completed,Completed,tournament_page,Men's Intermediate,4,fed73115-d438-4ece-b3bc-833a35c0af2e,api_member_ids,1dfc79f8-119b-4349-a2f9-a6e7c425a8e9,api_member_ids,66f6024c-cf6b-4775-a2ef-3f7f1b0405b3,api_member_ids,0e3ade05-7d67-414c-8e20-c2bbae3a5778,api_member_ids,787a0f9a-5db2-4f64-b783-fadce7eb05d0,0789d0db-9123-48e0-b580-819c9969560e,9495ae3b-6e88-4876-aaec-ca591fe3948d,3be788fe-fac9-4e3a-b0f9-2fbb33d29910
f0e009e9-0394-4884-9536-31ab4b0da1ae,ipt-kochi-city-open-2-0,City Open Kochi 2.0,City Open,3a7fcb0b-23e6-4668-95a8-8ea47b0a7650,Men's Intermediate,Men's,intermediate,R16,knockout,2026-09-11,21:20,Court 1,2026-09-11T15:14:10.651Z,2026-09-11T16:19:22.749Z,George Pottamkulam / Amit Krishnan,Anthony Grace Fernandes / Adarsh S,George Pottamkulam,Amit Krishnan,Anthony Grace Fernandes,Adarsh S,9-6,1.0,0.0,9.0,6.0,9,6,1.0,,Race to 9,race,completed,Completed,tournament_page,Men's Intermediate,4,a0b09769-2ade-400c-ad97-c3f1d6ada866,api_member_ids,26582647-4a0f-456e-86d7-98b5087f3875,api_member_ids,689f12ba-b99c-4d69-b6f4-80c07ed7ce92,api_member_ids,423c210f-fe3b-42eb-8542-5969c9fa6eec,api_member_ids,9182b111-a4f7-4cc8-a6db-ea0fa0dafbac,9d39d601-79fa-4c9e-86f3-4b5aaf5dfef1,35b457b0-b148-4a61-ba36-f3c43376e76d,3ff76770-af6d-4e46-9794-05604155476e
44d82976-d394-4251-b84c-fb77b879d987,ipt-kochi-city-open-2-0,City Open Kochi 2.0,City Open,3a7fcb0b-23e6-4668-95a8-8ea47b0a7650,Men's Intermediate,Men's,intermediate,R16,knockout,2026-09-11,21:20,Court 2,2026-09-11T15:47:24.974Z,2026-09-11T16:34:59.347Z,Arjun Raju / Ganesh Raj,Sachin Thomas / Parthiv Anilkumar,Arjun Raju,Ganesh Raj,Sachin Thomas,Parthiv Anilkumar,9-5,1.0,0.0,9.0,5.0,9,5,1.0,,Race to 9,race,completed,Completed,tournament_page,Men's Intermediate,4,74a7e384-3f53-44ee-80d0-059e3fa60e1c,api_member_ids,9a0ca379-deee-41c9-ad19-ab63a46719c4,api_member_ids,ee0a9dcc-acb3-4a06-a301-ba31f2f6c134,api_member_ids,57a2141d-40d8-46f5-80e4-11670644aaca,api_member_ids,3ae76f11-c427-47b4-bb70-780bf75a3394,adea4896-4ff5-4b04-bc91-f133803d8264,c40a6418-bd1a-44db-a9bc-84dd96b17553,b27d6448-4d00-4cb7-9201-84ff9c43052c
888b3286-4d38-42e6-a6ec-a50c9c076ff7,ipt-kochi-city-open-2-0,City Open Kochi 2.0,City Open,3a7fcb0b-23e6-4668-95a8-8ea47b0a7650,Men's Intermediate,Men's,intermediate,R16,knockout,2026-09-11,22:00,Court 1,2026-09-11T16:24:10.021Z,2026-09-11T16:57:23.499Z,Pranav Erinjery / Aldrith Fernandez,Muhammed Saleem V / Arun Ratnakaran,Pranav Erinjery,Aldrith Fernandez,Muhammed Saleem V,Arun Ratnakaran,9-0,1.0,0.0,9.0,0.0,9,0,1.0,,Race to 9,race,completed,Completed,tournament_page,Men's Intermediate,4,30155bc6-d483-414d-8d5e-17eef06c9f9e,api_member_ids,402747a2-1ebf-400b-8f55-50dcfee08030,api_member_ids,ce5800f0-729e-44e9-a12d-a83a5b771244,api_member_ids,34db59dd-7f59-4b2a-8403-070df3a50fd9,api_member_ids,2f6c85af-4743-4692-a0ff-268260d9d3fe,39508633-c97d-490b-a4a7-7bb2d3fdf5c9,39a48cfc-6df7-43b1-b8bd-5920840179c2,0d2b54ee-aaf6-4130-aaa0-2ed5af9e14d6
2c1ab141-7979-4275-ad06-201854da2605,ipt-kochi-city-open-2-0,City Open Kochi 2.0,City Open,3a7fcb0b-23e6-4668-95a8-8ea47b0a7650,Men's Intermediate,Men's,intermediate,R16,knockout,2026-09-11,22:00,Court 2,2026-09-11T16:37:40.125Z,2026-09-11T17:22:14.038Z,John Paul / Falib Jaleel,Azhar Seyad / Anoop KR,John Paul,Falib Jaleel,Azhar Seyad,Anoop KR,9-5,1.0,0.0,9.0,5.0,9,5,1.0,,Race to 9,race,completed,Completed,tournament_page,Men's Intermediate,4,5e22ce04-3d81-4d0a-ae6b-7fba4bcea448,api_member_ids,5ff0e80a-e07e-4469-a2a2-01d6a9c3f00b,api_member_ids,8fc2da14-7503-4602-82ca-a8a418e43d9a,api_member_ids,3c822f5d-2200-464d-bc72-f04612b2ee19,api_member_ids,fd3305e0-0928-4c2d-a611-f91df7c7a7f7,e150946c-867c-40d9-948f-a5e7e50e29e4,398ccc43-f9a1-405d-9097-7f091562db96,0c1cad31-4025-4073-91ee-85a04a5bbcc0
fa60cd66-96a4-4dbb-9c18-2ace5b6bbfba,ipt-kochi-city-open-2-0,City Open Kochi 2.0,City Open,3a7fcb0b-23e6-4668-95a8-8ea47b0a7650,Men's Intermediate,Men's,intermediate,QF,knockout,2026-09-12,19:00,Court 1,2026-09-12T13:55:59.873Z,2026-09-12T14:35:51.020Z,Akhil Bansal / Nikhil Bansal,Mohamed Anzar / Dirsha Kalliyath,Akhil Bansal,Nikhil Bansal,Mohamed Anzar,Dirsha Kalliyath,9-6,1.0,0.0,9.0,6.0,9,6,1.0,,Race to 9,race,completed,Completed,tournament_page,Men's Intermediate,4,a54ba179-7fc9-4533-9eaa-c2c09da3f061,api_member_ids,ab58ef43-8f50-4f4e-a45b-1087ae59ee35,api_member_ids,fed73115-d438-4ece-b3bc-833a35c0af2e,api_member_ids,1dfc79f8-119b-4349-a2f9-a6e7c425a8e9,api_member_ids,4ac8bb18-eb7f-4d9c-8f76-13d9baa3be5c,8f4dec61-e18b-4f95-96e8-96ce7cc45db4,787a0f9a-5db2-4f64-b783-fadce7eb05d0,0789d0db-9123-48e0-b580-819c9969560e
1f6af0cd-da17-4f06-a093-2fe76f607814,ipt-kochi-city-open-2-0,City Open Kochi 2.0,City Open,3a7fcb0b-23e6-4668-95a8-8ea47b0a7650,Men's Intermediate,Men's,intermediate,QF,knockout,2026-09-12,19:40,Court 1,2026-09-12T14:49:40.312Z,2026-09-12T15:24:33.503Z,Kaiz Jaffer / Varun Dattani,Raaghav Sharma Bagga / Yuvraj mehta,Kaiz Jaffer,Varun Dattani,Raaghav Sharma Bagga,Yuvraj mehta,2-9,0.0,1.0,2.0,9.0,2,9,2.0,,Race to 9,race,completed,Completed,tournament_page,Men's Intermediate,4,fc6dc5ba-b4e3-4b91-983b-fdfb62b164f5,api_member_ids,5b6730d4-a1a1-4cd3-97ec-3423545be5cd,api_member_ids,ae03412d-d2a1-4b89-a934-a895d52f8a9d,api_member_ids,91d8198e-2679-4c96-9b3e-4da14d39b69e,api_member_ids,ed9aed58-7dd1-4c57-b7fc-4405d70988f1,babe8b02-dc82-44bf-8116-900fbf2c9e97,06a3d0ca-1d99-41b7-b951-a8dbdf9bd571,607adddb-f183-437c-a5c6-fef677144841
e071e752-9fc5-47b3-a983-87773dc673f8,ipt-kochi-city-open-2-0,City Open Kochi 2.0,City Open,3a7fcb0b-23e6-4668-95a8-8ea47b0a7650,Men's Intermediate,Men's,intermediate,QF,knockout,2026-09-12,20:20,Court 1,2026-09-12T15:34:58.405Z,2026-09-12T16:24:13.255Z,George Pottamkulam / Amit Krishnan,Arjun Raju / Ganesh Raj,George Pottamkulam,Amit Krishnan,Arjun Raju,Ganesh Raj,9-5,1.0,0.0,9.0,5.0,9,5,1.0,,Race to 9,race,completed,Completed,tournament_page,Men's Intermediate,4,a0b09769-2ade-400c-ad97-c3f1d6ada866,api_member_ids,26582647-4a0f-456e-86d7-98b5087f3875,api_member_ids,74a7e384-3f53-44ee-80d0-059e3fa60e1c,api_member_ids,9a0ca379-deee-41c9-ad19-ab63a46719c4,api_member_ids,9182b111-a4f7-4cc8-a6db-ea0fa0dafbac,9d39d601-79fa-4c9e-86f3-4b5aaf5dfef1,3ae76f11-c427-47b4-bb70-780bf75a3394,adea4896-4ff5-4b04-bc91-f133803d8264
8e547df4-6004-44c1-a0f1-8b2610bef116,ipt-kochi-city-open-2-0,City Open Kochi 2.0,City Open,3a7fcb0b-23e6-4668-95a8-8ea47b0a7650,Men's Intermediate,Men's,intermediate,QF,knockout,2026-09-12,21:00,Court 1,2026-09-11T17:26:43.248Z,2026-09-11T18:19:33.185Z,Pranav Erinjery / Aldrith Fernandez,John Paul / Falib Jaleel,Pranav Erinjery,Aldrith Fernandez,John Paul,Falib Jaleel,9-7,1.0,0.0,9.0,7.0,9,7,1.0,,Race to 9,race,completed,Completed,tournament_page,Men's Intermediate,4,30155bc6-d483-414d-8d5e-17eef06c9f9e,api_member_ids,402747a2-1ebf-400b-8f55-50dcfee08030,api_member_ids,5e22ce04-3d81-4d0a-ae6b-7fba4bcea448,api_member_ids,5ff0e80a-e07e-4469-a2a2-01d6a9c3f00b,api_member_ids,2f6c85af-4743-4692-a0ff-268260d9d3fe,39508633-c97d-490b-a4a7-7bb2d3fdf5c9,fd3305e0-0928-4c2d-a611-f91df7c7a7f7,e150946c-867c-40d9-948f-a5e7e50e29e4
63cd9cba-191a-4c5e-ab00-0b022e5fb187,ipt-kochi-city-open-2-0,City Open Kochi 2.0,City Open,3a7fcb0b-23e6-4668-95a8-8ea47b0a7650,Men's Intermediate,Men's,intermediate,SF,knockout,2026-09-13,09:00,Court 1,2026-09-13T03:37:46.632Z,2026-09-13T04:57:26.310Z,Raaghav Sharma Bagga / Yuvraj mehta,Akhil Bansal / Nikhil Bansal,Raaghav Sharma Bagga,Yuvraj mehta,Akhil Bansal,Nikhil Bansal,"3-6, 6-1, 10-5",2.0,1.0,19.0,12.0,3 6 10,6 1 5,1.0,,Best of 3 sets,sets,completed,Completed,tournament_page,Men's Intermediate,4,ae03412d-d2a1-4b89-a934-a895d52f8a9d,api_member_ids,91d8198e-2679-4c96-9b3e-4da14d39b69e,api_member_ids,a54ba179-7fc9-4533-9eaa-c2c09da3f061,api_member_ids,ab58ef43-8f50-4f4e-a45b-1087ae59ee35,api_member_ids,06a3d0ca-1d99-41b7-b951-a8dbdf9bd571,607adddb-f183-437c-a5c6-fef677144841,4ac8bb18-eb7f-4d9c-8f76-13d9baa3be5c,8f4dec61-e18b-4f95-96e8-96ce7cc45db4
9c48437f-96c8-4026-bfb3-6f1c79289e66,ipt-kochi-city-open-2-0,City Open Kochi 2.0,City Open,3a7fcb0b-23e6-4668-95a8-8ea47b0a7650,Men's Intermediate,Men's,intermediate,SF,knockout,2026-09-13,09:00,Court 2,2026-09-13T04:38:52.996Z,2026-09-13T04:39:00.907Z,George Pottamkulam / Amit Krishnan,Pranav Erinjery / Aldrith Fernandez,George Pottamkulam,Amit Krishnan,Pranav Erinjery,Aldrith Fernandez,,,,,,,,1.0,Walkover,Best of 3 sets,sets,completed,Completed,tournament_page,Men's Intermediate,4,a0b09769-2ade-400c-ad97-c3f1d6ada866,api_member_ids,26582647-4a0f-456e-86d7-98b5087f3875,api_member_ids,30155bc6-d483-414d-8d5e-17eef06c9f9e,api_member_ids,402747a2-1ebf-400b-8f55-50dcfee08030,api_member_ids,9182b111-a4f7-4cc8-a6db-ea0fa0dafbac,9d39d601-79fa-4c9e-86f3-4b5aaf5dfef1,2f6c85af-4743-4692-a0ff-268260d9d3fe,39508633-c97d-490b-a4a7-7bb2d3fdf5c9
85aaea17-98d6-408e-af3c-8d4787b1e702,ipt-kochi-city-open-2-0,City Open Kochi 2.0,City Open,3a7fcb0b-23e6-4668-95a8-8ea47b0a7650,Men's Intermediate,Men's,intermediate,F,knockout,2026-09-13,14:30,Court 1,2026-09-13T09:38:25.329Z,2026-09-13T10:35:49.220Z,Raaghav Sharma Bagga / Yuvraj mehta,George Pottamkulam / Amit Krishnan,Raaghav Sharma Bagga,Yuvraj mehta,George Pottamkulam,Amit Krishnan,"7-5, 6-1",2.0,0.0,13.0,6.0,7 6,5 1,1.0,,Best of 3 sets,sets,completed,Completed,tournament_page,Men's Intermediate,4,ae03412d-d2a1-4b89-a934-a895d52f8a9d,api_member_ids,91d8198e-2679-4c96-9b3e-4da14d39b69e,api_member_ids,a0b09769-2ade-400c-ad97-c3f1d6ada866,api_member_ids,26582647-4a0f-456e-86d7-98b5087f3875,api_member_ids,06a3d0ca-1d99-41b7-b951-a8dbdf9bd571,607adddb-f183-437c-a5c6-fef677144841,9182b111-a4f7-4cc8-a6db-ea0fa0dafbac,9d39d601-79fa-4c9e-86f3-4b5aaf5dfef1
afa5a3b0-cfa6-4fc4-aa63-c3bb73222ef4,ipt-kochi-city-open-2-0,City Open Kochi 2.0,City Open,e84704d4-5f11-475f-9118-98ea192f167c,Men's Advance,Men's,advance,GROUP A,group,2026-09-12,11:00,Court 1,2026-09-12T05:36:28.920Z,2026-09-12T06:02:43.375Z,Aditya Jagtap / Krishiv Patel,Akash Wagh / Vinayak Kumar,Aditya Jagtap,Krishiv Patel,Akash Wagh,Vinayak Kumar,8-4,1.0,0.0,8.0,4.0,8,4,1.0,,Race to 8,race,completed,Completed,tournament_page,Men's Advance,3,9db40aca-2be2-4bdd-b807-02ad8bb8bf77,api_member_ids,5b3d8985-ba2b-4840-96cb-df23c6bd1347,api_member_ids,c8b84750-cba5-4022-8c4a-b6934fc472ff,api_member_ids,c1049612-6cb9-4c49-bd48-2ffcd3389d45,api_member_ids,0d6e1473-f163-4186-873c-9147463e8fd2,ef661582-b636-4810-a743-3736b9ed0988,c52e356f-17c5-44a4-bade-3beb9f6271e7,a159a48f-4a33-4621-a2ad-a36d0c8c2b27
fae9b9c7-389a-4665-be80-41cc6653bb13,ipt-kochi-city-open-2-0,City Open Kochi 2.0,City Open,e84704d4-5f11-475f-9118-98ea192f167c,Men's Advance,Men's,advance,GROUP B,group,2026-09-12,11:00,Court 2,2026-09-12T05:34:03.736Z,2026-09-12T05:51:39.401Z,Samar Malhotra / Aryan Goveas,Karan Medappa / Shane Biddaiah,Samar Malhotra,Aryan Goveas,Karan Medappa,Shane Biddaiah,8-0,1.0,0.0,8.0,0.0,8,0,1.0,,Race to 8,race,completed,Completed,tournament_page,Men's Advance,3,a57ef4ab-a62e-4b71-a4d2-0f267dea2626,api_member_ids,46d8e856-a32f-4060-bf62-6b24fb9e6a8d,api_member_ids,09ce181d-c08d-4189-ab36-4d4a706f1bcb,api_member_ids,fde56650-1b21-4853-b436-dd3221ff502d,api_member_ids,cd145afc-639a-443f-b265-6f2bc18dac5e,b5eb13db-fc92-4750-943b-997fbbf5be2d,611248dc-b070-4797-8554-d0a31efcb0c1,79dc8a80-5907-4945-9ed2-d6a44af53350
56df6914-2828-444d-9ed7-c82cee9ebb76,ipt-kochi-city-open-2-0,City Open Kochi 2.0,City Open,e84704d4-5f11-475f-9118-98ea192f167c,Men's Advance,Men's,advance,GROUP A,group,2026-09-12,11:40,Court 1,2026-09-12T06:10:13.704Z,2026-09-12T06:51:56.675Z,Naesar Jewoor / Siddharth Dabrai,Varshil Trambadiya / Antariksh Mohandas,Naesar Jewoor,Siddharth Dabrai,Varshil Trambadiya,Antariksh Mohandas,4-8,0.0,1.0,4.0,8.0,4,8,2.0,,Race to 8,race,completed,Completed,tournament_page,Men's Advance,4,2d665cd5-8589-4301-81c6-25e0ba95fe1a,api_member_ids,604edc4e-0143-476a-aec6-c89b715f6949,api_member_ids,783fd411-3a52-446e-90cc-2fcef2baaa51,api_member_ids,8730ad11-d9e2-4028-bd65-065e792eee00,api_member_ids,52ff04c6-dcbf-47b9-b534-30b1099fdba4,6c4a82e4-c6db-4da0-ad66-dbe7baf47b90,757c1df5-78c9-43ed-91d3-2057d81863d1,2317a756-afe9-4762-989e-c7ccad43563f
6836bcb0-1981-484e-a454-737d8e1eb2ee,ipt-kochi-city-open-2-0,City Open Kochi 2.0,City Open,e84704d4-5f11-475f-9118-98ea192f167c,Men's Advance,Men's,advance,GROUP B,group,2026-09-12,11:40,Court 2,2026-09-12T05:57:59.200Z,2026-09-12T06:25:37.160Z,Saish Shelar / Mihir Akolkar,Advait Bahl / Kabir Anand,Saish Shelar,Mihir Akolkar,Advait Bahl,Kabir Anand,8-2,1.0,0.0,8.0,2.0,8,2,1.0,,Race to 8,race,completed,Completed,tournament_page,Men's Advance,4,6b49f7ef-e989-4036-816e-f0267d3c3ef0,api_member_ids,06a4aeef-aaca-45ef-a83a-cb3c703c9789,api_member_ids,13d6188c-cd2e-4152-a5c2-0b82573143b9,api_member_ids,3354c5a3-1dbf-47e7-a264-7a573cd0b8e5,api_member_ids,b2fad7c0-5d72-4785-8070-3fb1f7dd8f8a,8ee7d1a6-57d3-4e7a-a712-a97b1d5b2a88,accc50dc-7588-463d-8370-4fbf86d392e9,2b05b012-68c7-4d4f-ab69-1fa92cd8165b
d3825740-4837-47de-8680-2a1c300e35da,ipt-kochi-city-open-2-0,City Open Kochi 2.0,City Open,e84704d4-5f11-475f-9118-98ea192f167c,Men's Advance,Men's,advance,GROUP A,group,2026-09-12,12:20,Court 1,2026-09-12T07:03:39.365Z,2026-09-12T07:32:50.706Z,Aditya Jagtap / Krishiv Patel,Varshil Trambadiya / Antariksh Mohandas,Aditya Jagtap,Krishiv Patel,Varshil Trambadiya,Antariksh Mohandas,8-4,1.0,0.0,8.0,4.0,8,4,1.0,,Race to 8,race,completed,Completed,tournament_page,Men's Advance,3,9db40aca-2be2-4bdd-b807-02ad8bb8bf77,api_member_ids,5b3d8985-ba2b-4840-96cb-df23c6bd1347,api_member_ids,783fd411-3a52-446e-90cc-2fcef2baaa51,api_member_ids,8730ad11-d9e2-4028-bd65-065e792eee00,api_member_ids,0d6e1473-f163-4186-873c-9147463e8fd2,ef661582-b636-4810-a743-3736b9ed0988,757c1df5-78c9-43ed-91d3-2057d81863d1,2317a756-afe9-4762-989e-c7ccad43563f
e8e338a3-ab95-401c-8aa8-c8d5c476c053,ipt-kochi-city-open-2-0,City Open Kochi 2.0,City Open,e84704d4-5f11-475f-9118-98ea192f167c,Men's Advance,Men's,advance,GROUP B,group,2026-09-12,12:20,Court 2,2026-09-12T06:28:57.584Z,2026-09-12T06:46:00.485Z,Samar Malhotra / Aryan Goveas,Advait Bahl / Kabir Anand,Samar Malhotra,Aryan Goveas,Advait Bahl,Kabir Anand,8-2,1.0,0.0,8.0,2.0,8,2,1.0,,Race to 8,race,completed,Completed,tournament_page,Men's Advance,3,a57ef4ab-a62e-4b71-a4d2-0f267dea2626,api_member_ids,46d8e856-a32f-4060-bf62-6b24fb9e6a8d,api_member_ids,13d6188c-cd2e-4152-a5c2-0b82573143b9,api_member_ids,3354c5a3-1dbf-47e7-a264-7a573cd0b8e5,api_member_ids,cd145afc-639a-443f-b265-6f2bc18dac5e,b5eb13db-fc92-4750-943b-997fbbf5be2d,accc50dc-7588-463d-8370-4fbf86d392e9,2b05b012-68c7-4d4f-ab69-1fa92cd8165b
a84fe58e-7e4b-46b3-979f-6da63d791323,ipt-kochi-city-open-2-0,City Open Kochi 2.0,City Open,e84704d4-5f11-475f-9118-98ea192f167c,Men's Advance,Men's,advance,GROUP A,group,2026-09-12,13:00,Court 1,2026-09-12T07:35:59.297Z,2026-09-12T08:25:01.037Z,Naesar Jewoor / Siddharth Dabrai,Akash Wagh / Vinayak Kumar,Naesar Jewoor,Siddharth Dabrai,Akash Wagh,Vinayak Kumar,8-6,1.0,0.0,8.0,6.0,8,6,1.0,,Race to 8,race,completed,Completed,tournament_page,Men's Advance,4,2d665cd5-8589-4301-81c6-25e0ba95fe1a,api_member_ids,604edc4e-0143-476a-aec6-c89b715f6949,api_member_ids,c8b84750-cba5-4022-8c4a-b6934fc472ff,api_member_ids,c1049612-6cb9-4c49-bd48-2ffcd3389d45,api_member_ids,52ff04c6-dcbf-47b9-b534-30b1099fdba4,6c4a82e4-c6db-4da0-ad66-dbe7baf47b90,c52e356f-17c5-44a4-bade-3beb9f6271e7,a159a48f-4a33-4621-a2ad-a36d0c8c2b27
62ceca22-1bf3-426b-a71c-059df89fe896,ipt-kochi-city-open-2-0,City Open Kochi 2.0,City Open,e84704d4-5f11-475f-9118-98ea192f167c,Men's Advance,Men's,advance,GROUP B,group,2026-09-12,13:00,Court 2,2026-09-12T06:56:34.638Z,2026-09-12T07:30:17.693Z,Saish Shelar / Mihir Akolkar,Karan Medappa / Shane Biddaiah,Saish Shelar,Mihir Akolkar,Karan Medappa,Shane Biddaiah,8-6,1.0,0.0,8.0,6.0,8,6,1.0,,Race to 8,race,completed,Completed,tournament_page,Men's Advance,4,6b49f7ef-e989-4036-816e-f0267d3c3ef0,api_member_ids,06a4aeef-aaca-45ef-a83a-cb3c703c9789,api_member_ids,09ce181d-c08d-4189-ab36-4d4a706f1bcb,api_member_ids,fde56650-1b21-4853-b436-dd3221ff502d,api_member_ids,b2fad7c0-5d72-4785-8070-3fb1f7dd8f8a,8ee7d1a6-57d3-4e7a-a712-a97b1d5b2a88,611248dc-b070-4797-8554-d0a31efcb0c1,79dc8a80-5907-4945-9ed2-d6a44af53350
e0106e13-7adf-45a1-aece-c3e757a62287,ipt-kochi-city-open-2-0,City Open Kochi 2.0,City Open,e84704d4-5f11-475f-9118-98ea192f167c,Men's Advance,Men's,advance,GROUP A,group,2026-09-12,13:40,Court 1,2026-09-12T08:34:56.744Z,2026-09-12T09:11:04.527Z,Varshil Trambadiya / Antariksh Mohandas,Akash Wagh / Vinayak Kumar,Varshil Trambadiya,Antariksh Mohandas,Akash Wagh,Vinayak Kumar,8-6,1.0,0.0,8.0,6.0,8,6,1.0,,Race to 8,race,completed,Completed,tournament_page,Men's Advance,4,783fd411-3a52-446e-90cc-2fcef2baaa51,api_member_ids,8730ad11-d9e2-4028-bd65-065e792eee00,api_member_ids,c8b84750-cba5-4022-8c4a-b6934fc472ff,api_member_ids,c1049612-6cb9-4c49-bd48-2ffcd3389d45,api_member_ids,757c1df5-78c9-43ed-91d3-2057d81863d1,2317a756-afe9-4762-989e-c7ccad43563f,c52e356f-17c5-44a4-bade-3beb9f6271e7,a159a48f-4a33-4621-a2ad-a36d0c8c2b27
fdb3e5aa-eef2-4829-b804-ad695034fdf5,ipt-kochi-city-open-2-0,City Open Kochi 2.0,City Open,e84704d4-5f11-475f-9118-98ea192f167c,Men's Advance,Men's,advance,GROUP B,group,2026-09-12,13:40,Court 2,2026-09-12T07:36:17.327Z,2026-09-12T08:17:13.854Z,Advait Bahl / Kabir Anand,Karan Medappa / Shane Biddaiah,Advait Bahl,Kabir Anand,Karan Medappa,Shane Biddaiah,7-8,0.0,1.0,7.0,8.0,7,8,2.0,,Race to 8,race,completed,Completed,tournament_page,Men's Advance,4,13d6188c-cd2e-4152-a5c2-0b82573143b9,api_member_ids,3354c5a3-1dbf-47e7-a264-7a573cd0b8e5,api_member_ids,09ce181d-c08d-4189-ab36-4d4a706f1bcb,api_member_ids,fde56650-1b21-4853-b436-dd3221ff502d,api_member_ids,accc50dc-7588-463d-8370-4fbf86d392e9,2b05b012-68c7-4d4f-ab69-1fa92cd8165b,611248dc-b070-4797-8554-d0a31efcb0c1,79dc8a80-5907-4945-9ed2-d6a44af53350
d68d7f08-5edc-4b68-b5f2-ff9c3c17d0c1,ipt-kochi-city-open-2-0,City Open Kochi 2.0,City Open,e84704d4-5f11-475f-9118-98ea192f167c,Men's Advance,Men's,advance,GROUP A,group,2026-09-12,14:20,Court 1,2026-09-12T09:01:51.027Z,2026-09-12T09:21:45.766Z,Aditya Jagtap / Krishiv Patel,Naesar Jewoor / Siddharth Dabrai,Aditya Jagtap,Krishiv Patel,Naesar Jewoor,Siddharth Dabrai,8-1,1.0,0.0,8.0,1.0,8,1,1.0,,Race to 8,race,completed,Completed,tournament_page,Men's Advance,3,9db40aca-2be2-4bdd-b807-02ad8bb8bf77,api_member_ids,5b3d8985-ba2b-4840-96cb-df23c6bd1347,api_member_ids,2d665cd5-8589-4301-81c6-25e0ba95fe1a,api_member_ids,604edc4e-0143-476a-aec6-c89b715f6949,api_member_ids,0d6e1473-f163-4186-873c-9147463e8fd2,ef661582-b636-4810-a743-3736b9ed0988,52ff04c6-dcbf-47b9-b534-30b1099fdba4,6c4a82e4-c6db-4da0-ad66-dbe7baf47b90
ef27919c-2820-4044-a083-2a04a52ad48c,ipt-kochi-city-open-2-0,City Open Kochi 2.0,City Open,e84704d4-5f11-475f-9118-98ea192f167c,Men's Advance,Men's,advance,GROUP B,group,2026-09-12,14:20,Court 2,2026-09-12T08:19:19.080Z,2026-09-12T08:47:23.233Z,Samar Malhotra / Aryan Goveas,Saish Shelar / Mihir Akolkar,Samar Malhotra,Aryan Goveas,Saish Shelar,Mihir Akolkar,8-2,1.0,0.0,8.0,2.0,8,2,1.0,,Race to 8,race,completed,Completed,tournament_page,Men's Advance,3,a57ef4ab-a62e-4b71-a4d2-0f267dea2626,api_member_ids,46d8e856-a32f-4060-bf62-6b24fb9e6a8d,api_member_ids,6b49f7ef-e989-4036-816e-f0267d3c3ef0,api_member_ids,06a4aeef-aaca-45ef-a83a-cb3c703c9789,api_member_ids,cd145afc-639a-443f-b265-6f2bc18dac5e,b5eb13db-fc92-4750-943b-997fbbf5be2d,b2fad7c0-5d72-4785-8070-3fb1f7dd8f8a,8ee7d1a6-57d3-4e7a-a712-a97b1d5b2a88
fd952ca0-cc3a-4431-97ac-b839910ea92a,ipt-kochi-city-open-2-0,City Open Kochi 2.0,City Open,e84704d4-5f11-475f-9118-98ea192f167c,Men's Advance,Men's,advance,GROUP C,group,2026-09-12,15:00,Court 2,2026-09-12T09:37:21.068Z,2026-09-12T10:11:29.328Z,Swaraj Deshmukh / Kaivalya Kalamse,Famas Shanavas / Naeem Shahul,Swaraj Deshmukh,Kaivalya Kalamse,Famas Shanavas,Naeem Shahul,8-2,1.0,0.0,8.0,2.0,8,2,1.0,,Race to 8,race,completed,Completed,tournament_page,Men's Advance,3,d53736bd-2d26-4977-9d4f-edb8ddc49ffb,api_member_ids,182f09bb-25ba-4086-99ca-a7f5a52303bf,api_member_ids,f627335f-f154-4e08-9481-07dffc3a7d35,api_member_ids,6920ba87-de99-461a-9af7-74a07b08c305,api_member_ids,82491623-1577-44ba-a09b-fc189480ea9f,3c408d72-9397-4c38-a175-372c5f850db9,8cc004a1-dd90-4cf6-aac2-079aabff0af1,492caac8-e161-47fc-9e42-3ab9b46dbf65
42d526cf-abfc-45ea-a2d5-9b40721e31c1,ipt-kochi-city-open-2-0,City Open Kochi 2.0,City Open,e84704d4-5f11-475f-9118-98ea192f167c,Men's Advance,Men's,advance,GROUP C,group,2026-09-12,15:40,Court 2,2026-09-12T10:22:40.612Z,2026-09-12T11:06:11.160Z,Adit Patel / Kavin Vendan,Syed Imran Yusoof / Kunal Premnarayan,Adit Patel,Kavin Vendan,Syed Imran Yusoof,Kunal Premnarayan,8-5,1.0,0.0,8.0,5.0,8,5,1.0,,Race to 8,race,completed,Completed,tournament_page,Men's Advance,1,cdd858a3-1533-4a7b-bf8b-1b94f0f3b868,api_member_ids,d08e2513-3bf5-441c-aace-831129099cc4,api_member_ids,b4c1f987-ed1c-41b2-bed1-839e3b47d5ff,api_member_ids,7f57a645-a475-4ec7-9b29-0b7812a9931d,api_member_ids,b9dd59d7-aa70-41f0-a6db-1984ae367edf,0b0fef38-aec9-4dc0-ba88-de75367cdbd6,2feb24a6-a1cd-4fcd-b34c-50714d9a0b3b,250f3b75-a20b-42ef-bbab-bb7b93a55a05
bb5d09bd-73f0-49bc-b11e-5d4b51f11ba0,ipt-kochi-city-open-2-0,City Open Kochi 2.0,City Open,e84704d4-5f11-475f-9118-98ea192f167c,Men's Advance,Men's,advance,GROUP C,group,2026-09-12,16:20,Court 2,2026-09-12T11:53:59.328Z,2026-09-12T12:34:23.769Z,Swaraj Deshmukh / Kaivalya Kalamse,Syed Imran Yusoof / Kunal Premnarayan,Swaraj Deshmukh,Kaivalya Kalamse,Syed Imran Yusoof,Kunal Premnarayan,8-6,1.0,0.0,8.0,6.0,8,6,1.0,,Race to 8,race,completed,Completed,tournament_page,Men's Advance,3,d53736bd-2d26-4977-9d4f-edb8ddc49ffb,api_member_ids,182f09bb-25ba-4086-99ca-a7f5a52303bf,api_member_ids,b4c1f987-ed1c-41b2-bed1-839e3b47d5ff,api_member_ids,7f57a645-a475-4ec7-9b29-0b7812a9931d,api_member_ids,82491623-1577-44ba-a09b-fc189480ea9f,3c408d72-9397-4c38-a175-372c5f850db9,2feb24a6-a1cd-4fcd-b34c-50714d9a0b3b,250f3b75-a20b-42ef-bbab-bb7b93a55a05
881a2820-3902-4ef5-b05a-9c2ebee3c4a3,ipt-kochi-city-open-2-0,City Open Kochi 2.0,City Open,e84704d4-5f11-475f-9118-98ea192f167c,Men's Advance,Men's,advance,GROUP C,group,2026-09-12,17:00,Court 2,2026-09-12T11:12:34.247Z,2026-09-12T11:42:32.512Z,Adit Patel / Kavin Vendan,Famas Shanavas / Naeem Shahul,Adit Patel,Kavin Vendan,Famas Shanavas,Naeem Shahul,8-2,1.0,0.0,8.0,2.0,8,2,1.0,,Race to 8,race,completed,Completed,tournament_page,Men's Advance,4,cdd858a3-1533-4a7b-bf8b-1b94f0f3b868,api_member_ids,d08e2513-3bf5-441c-aace-831129099cc4,api_member_ids,f627335f-f154-4e08-9481-07dffc3a7d35,api_member_ids,6920ba87-de99-461a-9af7-74a07b08c305,api_member_ids,b9dd59d7-aa70-41f0-a6db-1984ae367edf,0b0fef38-aec9-4dc0-ba88-de75367cdbd6,8cc004a1-dd90-4cf6-aac2-079aabff0af1,492caac8-e161-47fc-9e42-3ab9b46dbf65
b4228995-c60b-45ab-aad7-9fea718fd52c,ipt-kochi-city-open-2-0,City Open Kochi 2.0,City Open,e84704d4-5f11-475f-9118-98ea192f167c,Men's Advance,Men's,advance,GROUP C,group,2026-09-12,17:40,Court 2,2026-09-12T12:42:15.965Z,2026-09-12T13:04:48.703Z,Syed Imran Yusoof / Kunal Premnarayan,Famas Shanavas / Naeem Shahul,Syed Imran Yusoof,Kunal Premnarayan,Famas Shanavas,Naeem Shahul,8-1,1.0,0.0,8.0,1.0,8,1,1.0,,Race to 8,race,completed,Completed,tournament_page,Men's Advance,4,b4c1f987-ed1c-41b2-bed1-839e3b47d5ff,api_member_ids,7f57a645-a475-4ec7-9b29-0b7812a9931d,api_member_ids,f627335f-f154-4e08-9481-07dffc3a7d35,api_member_ids,6920ba87-de99-461a-9af7-74a07b08c305,api_member_ids,2feb24a6-a1cd-4fcd-b34c-50714d9a0b3b,250f3b75-a20b-42ef-bbab-bb7b93a55a05,8cc004a1-dd90-4cf6-aac2-079aabff0af1,492caac8-e161-47fc-9e42-3ab9b46dbf65
4679b382-8cae-4ac8-99b8-427f869ad967,ipt-kochi-city-open-2-0,City Open Kochi 2.0,City Open,e84704d4-5f11-475f-9118-98ea192f167c,Men's Advance,Men's,advance,GROUP C,group,2026-09-12,18:20,Court 2,2026-09-12T13:09:11.111Z,2026-09-12T13:44:25.348Z,Swaraj Deshmukh / Kaivalya Kalamse,Adit Patel / Kavin Vendan,Swaraj Deshmukh,Kaivalya Kalamse,Adit Patel,Kavin Vendan,6-8,0.0,1.0,6.0,8.0,6,8,2.0,,Race to 8,race,completed,Completed,tournament_page,Men's Advance,4,d53736bd-2d26-4977-9d4f-edb8ddc49ffb,api_member_ids,182f09bb-25ba-4086-99ca-a7f5a52303bf,api_member_ids,cdd858a3-1533-4a7b-bf8b-1b94f0f3b868,api_member_ids,d08e2513-3bf5-441c-aace-831129099cc4,api_member_ids,82491623-1577-44ba-a09b-fc189480ea9f,3c408d72-9397-4c38-a175-372c5f850db9,b9dd59d7-aa70-41f0-a6db-1984ae367edf,0b0fef38-aec9-4dc0-ba88-de75367cdbd6
da789459-5359-4362-8f95-5401c118bd17,ipt-kochi-city-open-2-0,City Open Kochi 2.0,City Open,e84704d4-5f11-475f-9118-98ea192f167c,Men's Advance,Men's,advance,QF,knockout,2026-09-12,21:40,Court 1,2026-09-12T16:18:50.507Z,2026-09-12T16:45:58.110Z,Aditya Jagtap / Krishiv Patel,Karan Medappa / Shane Biddaiah,Aditya Jagtap,Krishiv Patel,Karan Medappa,Shane Biddaiah,9-1,1.0,0.0,9.0,1.0,9,1,1.0,,Race to 9,race,completed,Completed,tournament_page,Men's Advance,4,9db40aca-2be2-4bdd-b807-02ad8bb8bf77,api_member_ids,5b3d8985-ba2b-4840-96cb-df23c6bd1347,api_member_ids,09ce181d-c08d-4189-ab36-4d4a706f1bcb,api_member_ids,fde56650-1b21-4853-b436-dd3221ff502d,api_member_ids,0d6e1473-f163-4186-873c-9147463e8fd2,ef661582-b636-4810-a743-3736b9ed0988,611248dc-b070-4797-8554-d0a31efcb0c1,79dc8a80-5907-4945-9ed2-d6a44af53350
30936912-272f-46a2-8756-3da8c56140d8,ipt-kochi-city-open-2-0,City Open Kochi 2.0,City Open,e84704d4-5f11-475f-9118-98ea192f167c,Men's Advance,Men's,advance,QF,knockout,2026-09-12,21:40,Court 2,2026-09-12T17:31:35.638Z,2026-09-12T18:18:50.146Z,Saish Shelar / Mihir Akolkar,Swaraj Deshmukh / Kaivalya Kalamse,Saish Shelar,Mihir Akolkar,Swaraj Deshmukh,Kaivalya Kalamse,7-9,0.0,1.0,7.0,9.0,7,9,2.0,,Race to 9,race,completed,Completed,tournament_page,Men's Advance,4,6b49f7ef-e989-4036-816e-f0267d3c3ef0,api_member_ids,06a4aeef-aaca-45ef-a83a-cb3c703c9789,api_member_ids,d53736bd-2d26-4977-9d4f-edb8ddc49ffb,api_member_ids,182f09bb-25ba-4086-99ca-a7f5a52303bf,api_member_ids,b2fad7c0-5d72-4785-8070-3fb1f7dd8f8a,8ee7d1a6-57d3-4e7a-a712-a97b1d5b2a88,82491623-1577-44ba-a09b-fc189480ea9f,3c408d72-9397-4c38-a175-372c5f850db9
6dafb7fc-1e8a-420f-8894-33c6879cd0ce,ipt-kochi-city-open-2-0,City Open Kochi 2.0,City Open,e84704d4-5f11-475f-9118-98ea192f167c,Men's Advance,Men's,advance,QF,knockout,2026-09-12,22:20,Court 1,2026-09-12T16:51:09.135Z,2026-09-12T17:18:30.755Z,Samar Malhotra / Aryan Goveas,Syed Imran Yusoof / Kunal Premnarayan,Samar Malhotra,Aryan Goveas,Syed Imran Yusoof,Kunal Premnarayan,9-0,1.0,0.0,9.0,0.0,9,0,1.0,,Race to 9,race,completed,Completed,tournament_page,Men's Advance,4,a57ef4ab-a62e-4b71-a4d2-0f267dea2626,api_member_ids,46d8e856-a32f-4060-bf62-6b24fb9e6a8d,api_member_ids,b4c1f987-ed1c-41b2-bed1-839e3b47d5ff,api_member_ids,7f57a645-a475-4ec7-9b29-0b7812a9931d,api_member_ids,cd145afc-639a-443f-b265-6f2bc18dac5e,b5eb13db-fc92-4750-943b-997fbbf5be2d,2feb24a6-a1cd-4fcd-b34c-50714d9a0b3b,250f3b75-a20b-42ef-bbab-bb7b93a55a05
f0abf730-1ec1-4a0c-9005-c63fa90bd30a,ipt-kochi-city-open-2-0,City Open Kochi 2.0,City Open,e84704d4-5f11-475f-9118-98ea192f167c,Men's Advance,Men's,advance,QF,knockout,2026-09-12,22:20,Court 2,2026-09-12T16:28:10.154Z,2026-09-12T17:24:29.672Z,Adit Patel / Kavin Vendan,Varshil Trambadiya / Antariksh Mohandas,Adit Patel,Kavin Vendan,Varshil Trambadiya,Antariksh Mohandas,5-9,0.0,1.0,5.0,9.0,5,9,2.0,,Race to 9,race,completed,Completed,tournament_page,Men's Advance,4,cdd858a3-1533-4a7b-bf8b-1b94f0f3b868,api_member_ids,d08e2513-3bf5-441c-aace-831129099cc4,api_member_ids,783fd411-3a52-446e-90cc-2fcef2baaa51,api_member_ids,8730ad11-d9e2-4028-bd65-065e792eee00,api_member_ids,b9dd59d7-aa70-41f0-a6db-1984ae367edf,0b0fef38-aec9-4dc0-ba88-de75367cdbd6,757c1df5-78c9-43ed-91d3-2057d81863d1,2317a756-afe9-4762-989e-c7ccad43563f
3299e9e4-93f1-44c7-bc08-760b8d5152f2,ipt-kochi-city-open-2-0,City Open Kochi 2.0,City Open,e84704d4-5f11-475f-9118-98ea192f167c,Men's Advance,Men's,advance,SF,knockout,2026-09-13,10:30,Court 1,2026-09-13T05:14:12.253Z,2026-09-13T05:59:46.440Z,Aditya Jagtap / Krishiv Patel,Swaraj Deshmukh / Kaivalya Kalamse,Aditya Jagtap,Krishiv Patel,Swaraj Deshmukh,Kaivalya Kalamse,"6-3, 6-2",2.0,0.0,12.0,5.0,6 6,3 2,1.0,,Best of 3 sets,sets,completed,Completed,tournament_page,Men's Advance,4,9db40aca-2be2-4bdd-b807-02ad8bb8bf77,api_member_ids,5b3d8985-ba2b-4840-96cb-df23c6bd1347,api_member_ids,d53736bd-2d26-4977-9d4f-edb8ddc49ffb,api_member_ids,182f09bb-25ba-4086-99ca-a7f5a52303bf,api_member_ids,0d6e1473-f163-4186-873c-9147463e8fd2,ef661582-b636-4810-a743-3736b9ed0988,82491623-1577-44ba-a09b-fc189480ea9f,3c408d72-9397-4c38-a175-372c5f850db9
2d8cbdbf-5ade-4e36-83af-909f44dfa581,ipt-kochi-city-open-2-0,City Open Kochi 2.0,City Open,e84704d4-5f11-475f-9118-98ea192f167c,Men's Advance,Men's,advance,SF,knockout,2026-09-13,10:30,Court 2,2026-09-13T05:05:25.154Z,2026-09-13T06:02:06.891Z,Samar Malhotra / Aryan Goveas,Varshil Trambadiya / Antariksh Mohandas,Samar Malhotra,Aryan Goveas,Varshil Trambadiya,Antariksh Mohandas,"6-4, 6-3",2.0,0.0,12.0,7.0,6 6,4 3,1.0,,Best of 3 sets,sets,completed,Completed,tournament_page,Men's Advance,4,a57ef4ab-a62e-4b71-a4d2-0f267dea2626,api_member_ids,46d8e856-a32f-4060-bf62-6b24fb9e6a8d,api_member_ids,783fd411-3a52-446e-90cc-2fcef2baaa51,api_member_ids,8730ad11-d9e2-4028-bd65-065e792eee00,api_member_ids,cd145afc-639a-443f-b265-6f2bc18dac5e,b5eb13db-fc92-4750-943b-997fbbf5be2d,757c1df5-78c9-43ed-91d3-2057d81863d1,2317a756-afe9-4762-989e-c7ccad43563f
1a2d6c10-9644-4f62-922d-8721a74b8fcc,ipt-kochi-city-open-2-0,City Open Kochi 2.0,City Open,e84704d4-5f11-475f-9118-98ea192f167c,Men's Advance,Men's,advance,F,knockout,2026-09-13,18:00,Court 2,2026-09-13T12:43:26.923Z,2026-09-13T13:30:50.029Z,Aditya Jagtap / Krishiv Patel,Samar Malhotra / Aryan Goveas,Aditya Jagtap,Krishiv Patel,Samar Malhotra,Aryan Goveas,"1-6, 4-6",0.0,2.0,5.0,12.0,1 4,6 6,2.0,,Best of 3 sets,sets,completed,Completed,tournament_page,Men's Advance,4,9db40aca-2be2-4bdd-b807-02ad8bb8bf77,api_member_ids,5b3d8985-ba2b-4840-96cb-df23c6bd1347,api_member_ids,a57ef4ab-a62e-4b71-a4d2-0f267dea2626,api_member_ids,46d8e856-a32f-4060-bf62-6b24fb9e6a8d,api_member_ids,0d6e1473-f163-4186-873c-9147463e8fd2,ef661582-b636-4810-a743-3736b9ed0988,cd145afc-639a-443f-b265-6f2bc18dac5e,b5eb13db-fc92-4750-943b-997fbbf5be2d
f3580957-0ee2-4958-8949-2b1a217a5e27,ipt-kochi-city-open-2-0,City Open Kochi 2.0,City Open,eddfa46b-59fb-464f-93d7-a6d83f5e40a8,Men's 40+,Men's 40+,open,Round 1,group,2026-09-12,15:00,Court 1,,2026-09-12T10:32:21.603Z,Arun Chery Jacob / Abhilash Joshi,Syed Imran Yusoof / Kunal Premnarayan,Arun Chery Jacob,Abhilash Joshi,Syed Imran Yusoof,Kunal Premnarayan,2-8,0.0,1.0,2.0,8.0,2,8,2.0,,Race to 8,race,completed,Completed,tournament_page,Men's 40+,2,fa06f6d6-52b5-4d4f-a829-ff09c88c33d2,api_member_ids,46f5ebb2-2b23-4e22-9c71-46c842dd2653,api_member_ids,b4c1f987-ed1c-41b2-bed1-839e3b47d5ff,api_member_ids,7f57a645-a475-4ec7-9b29-0b7812a9931d,api_member_ids,6adcf00c-f014-4759-a374-45af4887df51,febd469f-7b19-47f4-ae09-c63bc604590e,2feb24a6-a1cd-4fcd-b34c-50714d9a0b3b,250f3b75-a20b-42ef-bbab-bb7b93a55a05
abbe0a20-2e6c-4dad-a383-e91315342dd7,ipt-kochi-city-open-2-0,City Open Kochi 2.0,City Open,eddfa46b-59fb-464f-93d7-a6d83f5e40a8,Men's 40+,Men's 40+,open,Round 1,group,2026-09-12,15:40,Court 1,2026-09-12T10:25:58.537Z,2026-09-12T11:09:03.416Z,Rajiv Dutt / Mahesh Shinde,Sandeep Louis / Vivek Venugopal,Rajiv Dutt,Mahesh Shinde,Sandeep Louis,Vivek Venugopal,8-6,1.0,0.0,8.0,6.0,8,6,1.0,,Race to 8,race,completed,Completed,tournament_page,Men's 40+,4,fa1fe9c8-1531-42da-8355-e7a0052ab3a2,api_member_ids,3fec5bf1-2cb9-4cd6-a965-e0bb6f7079d8,api_member_ids,f7839dcf-c6f8-47ef-ab89-7261268a37a2,api_member_ids,cf4e6dfa-ee51-4ee3-8b1c-cd6173e3955f,api_member_ids,0e5f2df3-e761-48e4-baf0-f279e4a626e7,dc5b1b70-f98f-42c5-9ca3-8b02eb6d9278,870c7bb4-4e22-4abf-a4ee-b54bdd541ae1,d82b2fa0-d148-481b-ac37-1fd1bbb9eb3b
aec0d41f-15dc-4d8d-9679-aae89ba81453,ipt-kochi-city-open-2-0,City Open Kochi 2.0,City Open,eddfa46b-59fb-464f-93d7-a6d83f5e40a8,Men's 40+,Men's 40+,open,Round 3,group,2026-09-12,16:20,Court 1,2026-09-12T11:14:49.563Z,2026-09-12T11:40:46.305Z,Sandeep Louis / Vivek Venugopal,Syed Imran Yusoof / Kunal Premnarayan,Sandeep Louis,Vivek Venugopal,Syed Imran Yusoof,Kunal Premnarayan,1-8,0.0,1.0,1.0,8.0,1,8,2.0,,Race to 8,race,completed,Completed,tournament_page,Men's 40+,4,f7839dcf-c6f8-47ef-ab89-7261268a37a2,api_member_ids,cf4e6dfa-ee51-4ee3-8b1c-cd6173e3955f,api_member_ids,b4c1f987-ed1c-41b2-bed1-839e3b47d5ff,api_member_ids,7f57a645-a475-4ec7-9b29-0b7812a9931d,api_member_ids,870c7bb4-4e22-4abf-a4ee-b54bdd541ae1,d82b2fa0-d148-481b-ac37-1fd1bbb9eb3b,2feb24a6-a1cd-4fcd-b34c-50714d9a0b3b,250f3b75-a20b-42ef-bbab-bb7b93a55a05
894fa6e5-93e6-4d4e-86a4-d34b9b61e257,ipt-kochi-city-open-2-0,City Open Kochi 2.0,City Open,eddfa46b-59fb-464f-93d7-a6d83f5e40a8,Men's 40+,Men's 40+,open,Round 3,group,2026-09-12,17:00,Court 1,2026-09-12T11:54:09.719Z,2026-09-12T12:37:28.227Z,Arun Chery Jacob / Abhilash Joshi,Rajiv Dutt / Mahesh Shinde,Arun Chery Jacob,Abhilash Joshi,Rajiv Dutt,Mahesh Shinde,5-8,0.0,1.0,5.0,8.0,5,8,2.0,,Race to 8,race,completed,Completed,tournament_page,Men's 40+,4,fa06f6d6-52b5-4d4f-a829-ff09c88c33d2,api_member_ids,46f5ebb2-2b23-4e22-9c71-46c842dd2653,api_member_ids,fa1fe9c8-1531-42da-8355-e7a0052ab3a2,api_member_ids,3fec5bf1-2cb9-4cd6-a965-e0bb6f7079d8,api_member_ids,6adcf00c-f014-4759-a374-45af4887df51,febd469f-7b19-47f4-ae09-c63bc604590e,0e5f2df3-e761-48e4-baf0-f279e4a626e7,dc5b1b70-f98f-42c5-9ca3-8b02eb6d9278
34985dbb-dd09-402c-9bd4-ca8ac1e6bd7e,ipt-kochi-city-open-2-0,City Open Kochi 2.0,City Open,eddfa46b-59fb-464f-93d7-a6d83f5e40a8,Men's 40+,Men's 40+,open,Round 2,group,2026-09-12,17:40,Court 1,,2026-09-12T13:58:05.126Z,Syed Imran Yusoof / Kunal Premnarayan,Rajiv Dutt / Mahesh Shinde,Syed Imran Yusoof,Kunal Premnarayan,Rajiv Dutt,Mahesh Shinde,,,,,,,,1.0,Walkover,Race to 8,race,completed,Completed,tournament_page,Men's 40+,4,b4c1f987-ed1c-41b2-bed1-839e3b47d5ff,api_member_ids,7f57a645-a475-4ec7-9b29-0b7812a9931d,api_member_ids,fa1fe9c8-1531-42da-8355-e7a0052ab3a2,api_member_ids,3fec5bf1-2cb9-4cd6-a965-e0bb6f7079d8,api_member_ids,2feb24a6-a1cd-4fcd-b34c-50714d9a0b3b,250f3b75-a20b-42ef-bbab-bb7b93a55a05,0e5f2df3-e761-48e4-baf0-f279e4a626e7,dc5b1b70-f98f-42c5-9ca3-8b02eb6d9278
6cb85dab-0ff4-449d-a241-89b8999588ad,ipt-kochi-city-open-2-0,City Open Kochi 2.0,City Open,eddfa46b-59fb-464f-93d7-a6d83f5e40a8,Men's 40+,Men's 40+,open,Round 2,group,2026-09-12,18:20,Court 1,2026-09-12T12:47:07.067Z,2026-09-12T13:16:35.487Z,Arun Chery Jacob / Abhilash Joshi,Sandeep Louis / Vivek Venugopal,Arun Chery Jacob,Abhilash Joshi,Sandeep Louis,Vivek Venugopal,8-4,1.0,0.0,8.0,4.0,8,4,1.0,,Race to 8,race,completed,Completed,tournament_page,Men's 40+,4,fa06f6d6-52b5-4d4f-a829-ff09c88c33d2,api_member_ids,46f5ebb2-2b23-4e22-9c71-46c842dd2653,api_member_ids,f7839dcf-c6f8-47ef-ab89-7261268a37a2,api_member_ids,cf4e6dfa-ee51-4ee3-8b1c-cd6173e3955f,api_member_ids,6adcf00c-f014-4759-a374-45af4887df51,febd469f-7b19-47f4-ae09-c63bc604590e,870c7bb4-4e22-4abf-a4ee-b54bdd541ae1,d82b2fa0-d148-481b-ac37-1fd1bbb9eb3b
ed465153-ab2e-4909-8f1f-c70dfbbfd4cf,ipt-kochi-city-open-2-0,City Open Kochi 2.0,City Open,eddfa46b-59fb-464f-93d7-a6d83f5e40a8,Men's 40+,Men's 40+,open,F,knockout,2026-09-13,17:20,Court 2,2026-09-13T06:41:58.538Z,2026-09-13T07:44:13.707Z,Syed Imran Yusoof / Kunal Premnarayan,Rajiv Dutt / Mahesh Shinde,Syed Imran Yusoof,Kunal Premnarayan,Rajiv Dutt,Mahesh Shinde,"6-1, 6-3",2.0,0.0,12.0,4.0,6 6,1 3,1.0,,Best of 3 sets,sets,completed,Completed,tournament_page,Men's 40+,4,b4c1f987-ed1c-41b2-bed1-839e3b47d5ff,api_member_ids,7f57a645-a475-4ec7-9b29-0b7812a9931d,api_member_ids,fa1fe9c8-1531-42da-8355-e7a0052ab3a2,api_member_ids,3fec5bf1-2cb9-4cd6-a965-e0bb6f7079d8,api_member_ids,2feb24a6-a1cd-4fcd-b34c-50714d9a0b3b,250f3b75-a20b-42ef-bbab-bb7b93a55a05,0e5f2df3-e761-48e4-baf0-f279e4a626e7,dc5b1b70-f98f-42c5-9ca3-8b02eb6d9278
3bfc94ec-cbee-4620-b8de-ebed2729f9e5,ipt-kochi-city-open-2-0,City Open Kochi 2.0,City Open,74d2fc05-66b9-4a70-aa12-7df46d66dc21,Women's Beginner,Women's,beginner,GROUP A,group,2026-09-13,12:30,Court 1,2026-09-13T07:05:23.602Z,2026-09-13T07:27:47.791Z,Niti Mehta / Alisha Aggarwal,Raksha Bhaskar / Gayatri Nair,Niti Mehta,Alisha Aggarwal,Raksha Bhaskar,Gayatri Nair,8-2,1.0,0.0,8.0,2.0,8,2,1.0,,Race to 8,race,completed,Completed,tournament_page,Women's Beginner,4,4ea58301-befa-4fac-8bca-101214a186c8,api_member_ids,ed4faf6e-8a73-488d-a79c-8333c5c5b276,api_member_ids,0d1e6d6a-d91e-406e-9088-b28c062da1fc,api_member_ids,7141790d-4b03-4a8c-b605-9a3273191dcd,api_member_ids,0a5144f4-11d9-4b5d-84cd-388bb1e3e345,5530ce88-3248-4581-afd5-ac6b85faad16,6385db95-6364-478e-b6b3-5cd7d48e29a4,83ba0d2b-0c2e-45c3-90be-843af4b448a7
4efd1c25-c502-471c-97d0-6388485dc590,ipt-kochi-city-open-2-0,City Open Kochi 2.0,City Open,74d2fc05-66b9-4a70-aa12-7df46d66dc21,Women's Beginner,Women's,beginner,GROUP A,group,2026-09-13,13:10,Court 1,,2026-09-13T08:23:19.912Z,Devi Nayar / Aswti Mannali,Anna Biju / Meghna Biju,Devi Nayar,Aswti Mannali,Anna Biju,Meghna Biju,,,,,,,,1.0,Walkover,Race to 8,race,completed,Completed,tournament_page,Women's Beginner,4,ada1590f-1a1e-4731-8de2-57450fdc001d,api_member_ids,906ad64f-35a3-46f3-ae7f-daab378c1e5c,api_member_ids,dfcae58c-6114-4a58-ae65-0da63e435421,api_member_ids,daca6104-e707-4880-85fe-ff16d3da0c57,api_member_ids,8a13174d-a350-461b-943d-e5229d9c8f4d,4591d2ee-4ca1-47fe-9560-0a2cc36392d2,80d07312-dd0a-4c4a-8465-582a6fca67f4,968511fd-f852-4f2b-971e-d1c0906600b8
98bdde72-766a-4194-9fc6-ad074747233a,ipt-kochi-city-open-2-0,City Open Kochi 2.0,City Open,74d2fc05-66b9-4a70-aa12-7df46d66dc21,Women's Beginner,Women's,beginner,GROUP A,group,2026-09-13,13:50,Court 1,2026-09-13T06:33:38.588Z,2026-09-13T06:50:29.589Z,Niti Mehta / Alisha Aggarwal,Devi Nayar / Aswti Mannali,Niti Mehta,Alisha Aggarwal,Devi Nayar,Aswti Mannali,8-0,1.0,0.0,8.0,0.0,8,0,1.0,,Race to 8,race,completed,Completed,tournament_page,Women's Beginner,4,4ea58301-befa-4fac-8bca-101214a186c8,api_member_ids,ed4faf6e-8a73-488d-a79c-8333c5c5b276,api_member_ids,ada1590f-1a1e-4731-8de2-57450fdc001d,api_member_ids,906ad64f-35a3-46f3-ae7f-daab378c1e5c,api_member_ids,0a5144f4-11d9-4b5d-84cd-388bb1e3e345,5530ce88-3248-4581-afd5-ac6b85faad16,8a13174d-a350-461b-943d-e5229d9c8f4d,4591d2ee-4ca1-47fe-9560-0a2cc36392d2
dfcb11e7-7275-42e0-bba1-f719ca39cb4d,ipt-kochi-city-open-2-0,City Open Kochi 2.0,City Open,74d2fc05-66b9-4a70-aa12-7df46d66dc21,Women's Beginner,Women's,beginner,GROUP A,group,2026-09-13,14:30,Court 1,,2026-09-13T08:23:27.332Z,Raksha Bhaskar / Gayatri Nair,Anna Biju / Meghna Biju,Raksha Bhaskar,Gayatri Nair,Anna Biju,Meghna Biju,,,,,,,,1.0,Walkover,Race to 8,race,completed,Completed,tournament_page,Women's Beginner,4,0d1e6d6a-d91e-406e-9088-b28c062da1fc,api_member_ids,7141790d-4b03-4a8c-b605-9a3273191dcd,api_member_ids,dfcae58c-6114-4a58-ae65-0da63e435421,api_member_ids,daca6104-e707-4880-85fe-ff16d3da0c57,api_member_ids,6385db95-6364-478e-b6b3-5cd7d48e29a4,83ba0d2b-0c2e-45c3-90be-843af4b448a7,80d07312-dd0a-4c4a-8465-582a6fca67f4,968511fd-f852-4f2b-971e-d1c0906600b8
2db86115-7621-4fa8-bbb9-ec7bddc68a32,ipt-kochi-city-open-2-0,City Open Kochi 2.0,City Open,74d2fc05-66b9-4a70-aa12-7df46d66dc21,Women's Beginner,Women's,beginner,GROUP A,group,2026-09-13,15:10,Court 1,2026-09-13T07:59:30.227Z,2026-09-13T08:14:21.934Z,Niti Mehta / Alisha Aggarwal,Anna Biju / Meghna Biju,Niti Mehta,Alisha Aggarwal,Anna Biju,Meghna Biju,8-0,1.0,0.0,8.0,0.0,8,0,1.0,,Race to 8,race,completed,Completed,tournament_page,Women's Beginner,4,4ea58301-befa-4fac-8bca-101214a186c8,api_member_ids,ed4faf6e-8a73-488d-a79c-8333c5c5b276,api_member_ids,dfcae58c-6114-4a58-ae65-0da63e435421,api_member_ids,daca6104-e707-4880-85fe-ff16d3da0c57,api_member_ids,0a5144f4-11d9-4b5d-84cd-388bb1e3e345,5530ce88-3248-4581-afd5-ac6b85faad16,80d07312-dd0a-4c4a-8465-582a6fca67f4,968511fd-f852-4f2b-971e-d1c0906600b8
9e28f510-b71a-4e59-9281-89c55e6954b4,ipt-kochi-city-open-2-0,City Open Kochi 2.0,City Open,74d2fc05-66b9-4a70-aa12-7df46d66dc21,Women's Beginner,Women's,beginner,GROUP A,group,2026-09-13,15:50,Court 1,2026-09-13T07:32:49.337Z,2026-09-13T07:55:10.899Z,Raksha Bhaskar / Gayatri Nair,Devi Nayar / Aswti Mannali,Raksha Bhaskar,Gayatri Nair,Devi Nayar,Aswti Mannali,8-0,1.0,0.0,8.0,0.0,8,0,1.0,,Race to 8,race,completed,Completed,tournament_page,Women's Beginner,4,0d1e6d6a-d91e-406e-9088-b28c062da1fc,api_member_ids,7141790d-4b03-4a8c-b605-9a3273191dcd,api_member_ids,ada1590f-1a1e-4731-8de2-57450fdc001d,api_member_ids,906ad64f-35a3-46f3-ae7f-daab378c1e5c,api_member_ids,6385db95-6364-478e-b6b3-5cd7d48e29a4,83ba0d2b-0c2e-45c3-90be-843af4b448a7,8a13174d-a350-461b-943d-e5229d9c8f4d,4591d2ee-4ca1-47fe-9560-0a2cc36392d2
fa44e95c-37f6-4d29-a4e0-30b3488d196c,ipt-kochi-city-open-2-0,City Open Kochi 2.0,City Open,74d2fc05-66b9-4a70-aa12-7df46d66dc21,Women's Beginner,Women's,beginner,F,knockout,2026-09-13,19:20,Court 1,2026-09-13T08:36:16.493Z,2026-09-13T09:31:51.214Z,Niti Mehta / Alisha Aggarwal,Raksha Bhaskar / Gayatri Nair,Niti Mehta,Alisha Aggarwal,Raksha Bhaskar,Gayatri Nair,"6-0, 6-4",2.0,0.0,12.0,4.0,6 6,0 4,1.0,,Best of 3 sets,sets,completed,Completed,tournament_page,Women's Beginner,4,4ea58301-befa-4fac-8bca-101214a186c8,api_member_ids,ed4faf6e-8a73-488d-a79c-8333c5c5b276,api_member_ids,0d1e6d6a-d91e-406e-9088-b28c062da1fc,api_member_ids,7141790d-4b03-4a8c-b605-9a3273191dcd,api_member_ids,0a5144f4-11d9-4b5d-84cd-388bb1e3e345,5530ce88-3248-4581-afd5-ac6b85faad16,6385db95-6364-478e-b6b3-5cd7d48e29a4,83ba0d2b-0c2e-45c3-90be-843af4b448a7
5cb8c9d5-4109-4a82-9a2d-bb615764008a,ipt-kochi-city-open-2-0,City Open Kochi 2.0,City Open,a971a4c8-74da-47f2-b293-b678434d8f45,Women's Intermediate,Women's,intermediate,GROUP A,group,2026-09-13,12:30,Court 2,2026-09-13T07:55:59.777Z,2026-09-13T08:23:06.186Z,Neeti Nayak / Urmi Kothari,Sareeka John / Shubha Abhilash,Neeti Nayak,Urmi Kothari,Sareeka John,Shubha Abhilash,2-8,0.0,1.0,2.0,8.0,2,8,2.0,,Race to 8,race,completed,Completed,tournament_page,Women's Intermediate,4,209435a7-517e-45e7-808c-3040c999398d,api_member_ids,516fd38b-6201-44a3-8106-4f7f7425fe74,api_member_ids,2063b58b-76ed-4ada-9d3d-31709f9a26db,api_member_ids,985b2093-d841-4049-8765-cc0340751f8c,api_member_ids,585a396d-7204-4f3d-8522-410093de0a31,8a0da92c-3547-41ff-a13b-0f0a0594102e,b86df96f-e629-4060-97af-71b84bc9a065,9fb74172-db62-4156-814e-97efe5159406
440d6fb3-4d19-493d-b576-05ac6ddfb9c0,ipt-kochi-city-open-2-0,City Open Kochi 2.0,City Open,a971a4c8-74da-47f2-b293-b678434d8f45,Women's Intermediate,Women's,intermediate,GROUP A,group,2026-09-13,13:10,Court 2,2026-09-13T08:32:01.850Z,2026-09-13T09:13:19.219Z,Neeti Nayak / Urmi Kothari,Rebecca Puthumana / Deepthi J S,Neeti Nayak,Urmi Kothari,Rebecca Puthumana,Deepthi J S,6-8,0.0,1.0,6.0,8.0,6,8,2.0,,Race to 8,race,completed,Completed,tournament_page,Women's Intermediate,4,209435a7-517e-45e7-808c-3040c999398d,api_member_ids,516fd38b-6201-44a3-8106-4f7f7425fe74,api_member_ids,b50974c2-24ef-4080-bd3d-e76b22b7e05e,api_member_ids,5b68e925-0f23-4eb8-9dc9-c3f13a8a8813,api_member_ids,585a396d-7204-4f3d-8522-410093de0a31,8a0da92c-3547-41ff-a13b-0f0a0594102e,13f35a3e-c119-4ba3-b150-b010d0394c2f,104be1b3-8dcc-49e3-9c5c-e23794d28017
f1f1b62c-83a5-4e7c-9faf-d351a20466c0,ipt-kochi-city-open-2-0,City Open Kochi 2.0,City Open,a971a4c8-74da-47f2-b293-b678434d8f45,Women's Intermediate,Women's,intermediate,GROUP A,group,2026-09-13,13:50,Court 2,2026-09-13T09:23:43.777Z,2026-09-13T09:24:07.618Z,Sareeka John / Shubha Abhilash,Rebecca Puthumana / Deepthi J S,Sareeka John,Shubha Abhilash,Rebecca Puthumana,Deepthi J S,1-8,0.0,1.0,1.0,8.0,1,8,2.0,Walkover,Race to 8,race,completed,Completed,tournament_page,Women's Intermediate,4,2063b58b-76ed-4ada-9d3d-31709f9a26db,api_member_ids,985b2093-d841-4049-8765-cc0340751f8c,api_member_ids,b50974c2-24ef-4080-bd3d-e76b22b7e05e,api_member_ids,5b68e925-0f23-4eb8-9dc9-c3f13a8a8813,api_member_ids,b86df96f-e629-4060-97af-71b84bc9a065,9fb74172-db62-4156-814e-97efe5159406,13f35a3e-c119-4ba3-b150-b010d0394c2f,104be1b3-8dcc-49e3-9c5c-e23794d28017
b953b67f-570f-4f9d-978e-18521f0044c0,ipt-kochi-city-open-2-0,City Open Kochi 2.0,City Open,a971a4c8-74da-47f2-b293-b678434d8f45,Women's Intermediate,Women's,intermediate,F,knockout,2026-09-13,16:00,Court 1,2026-09-13T10:53:24.961Z,2026-09-13T12:15:35.358Z,Rebecca Puthumana / Deepthi J S,Sareeka John / Shubha Abhilash,Rebecca Puthumana,Deepthi J S,Sareeka John,Shubha Abhilash,"6-4, 6-4",2.0,0.0,12.0,8.0,6 6,4 4,1.0,,Best of 3 sets,sets,completed,Completed,tournament_page,Women's Intermediate,4,b50974c2-24ef-4080-bd3d-e76b22b7e05e,api_member_ids,5b68e925-0f23-4eb8-9dc9-c3f13a8a8813,api_member_ids,2063b58b-76ed-4ada-9d3d-31709f9a26db,api_member_ids,985b2093-d841-4049-8765-cc0340751f8c,api_member_ids,13f35a3e-c119-4ba3-b150-b010d0394c2f,104be1b3-8dcc-49e3-9c5c-e23794d28017,b86df96f-e629-4060-97af-71b84bc9a065,9fb74172-db62-4156-814e-97efe5159406
3dd059a8-f720-41be-8c50-443c04b2cfb1,mumbai-city-open-5-01,City Open Mumbai 5.0,City Open,80928227-6bd5-4afc-9f48-9132a58a3be1,Men's Beginner,Men's,beginner,D,group,2026-07-31,07:00,COURT 1,2026-07-31T01:37:24.200Z,2026-07-31T02:01:13.046Z,Rahil Patel / Rajveer Patel,Abhishek Yadev / Priyank Makwana,Rahil Patel,Rajveer Patel,Abhishek Yadev,Priyank Makwana,2-8,0.0,1.0,2.0,8.0,2,8,2.0,,Race to 8,race,completed,Completed,tournament_page,Men's Beginner,3,7b2f6fd9-392c-477e-8c2e-ee3878c1f0e8,api_member_ids,8d79c420-b857-43a4-848f-c52aa91153e7,api_member_ids,94c4c35e-7619-4848-99bc-6a986912e931,api_member_ids,63668ef8-aaa9-4524-9827-c84f3f2d757e,api_member_ids,b7eb6e34-c7d7-483f-8944-2ed799c54e67,bdb4d15a-5b54-454d-b943-4f4d474d94b6,61170ad3-660e-4f67-831f-4a515d6bc358,f4a95444-f0df-4061-92bf-e0848af9e558
fc284433-4413-4c91-8a64-9da568fa3c86,mumbai-city-open-5-01,City Open Mumbai 5.0,City Open,80928227-6bd5-4afc-9f48-9132a58a3be1,Men's Beginner,Men's,beginner,B,group,2026-07-31,07:00,COURT 2,,2026-07-31T01:56:03.396Z,Sahil Sharma / Umesh Padwal,Shaan Javeri / Arjun Malhotra,Sahil Sharma,Umesh Padwal,Shaan Javeri,Arjun Malhotra,1-8,0.0,1.0,1.0,8.0,1,8,2.0,Walkover,Race to 8,race,completed,Completed,tournament_page,Men's Beginner,4,26ba9e18-b56b-4e13-b403-bd9cce25671d,api_member_ids,222a0e4a-457f-42ef-bedc-cea1892b3280,api_member_ids,57930f5b-8782-4de1-b779-d757f0540e52,api_member_ids,f890ec3e-8c23-439c-9ea1-cbb778891771,api_member_ids,0e6876e1-df1d-4bb3-b715-8ca20b8cf10f,ee14f9ed-a086-49a4-bdc2-e24c7c38ce87,d6c136e0-edaf-4d68-88c0-271f37027d69,452cd752-1bc5-4ffa-93aa-a7ecab90d9d2
2dccb055-2f9f-47fd-be73-f6ee2be6591d,mumbai-city-open-5-01,City Open Mumbai 5.0,City Open,80928227-6bd5-4afc-9f48-9132a58a3be1,Men's Beginner,Men's,beginner,C,group,2026-07-31,07:00,COURT 3,2026-07-31T01:36:10.753Z,2026-07-31T02:22:23.665Z,Bhavik Talreja / Rohan Maniar,Shaan Shah / Kushe Bahl,Bhavik Talreja,Rohan Maniar,Shaan Shah,Kushe Bahl,8-7,1.0,0.0,8.0,7.0,8,7,1.0,,Race to 8,race,completed,Completed,tournament_page,Men's Beginner,2,56d2d7ff-1ad3-488b-9496-772430716c16,api_member_ids,b5542378-9f9f-457b-a71a-d59aef310080,api_member_ids,8c72bdc2-6eff-4537-ba3a-ad4eaadd542d,api_member_ids,6892cafd-242b-468e-a1aa-cd2523e083a6,api_member_ids,7cabad1e-66cc-44f9-8eff-442977e1f3e0,c75c8f77-4064-4236-8159-f456dd189593,215379e5-e28e-4bb2-ae78-4818aee4223a,c49942a5-e0b7-4a47-998a-e9c7a3ffbe51
ade6d3dc-838c-4708-98a1-637aab8022c1,mumbai-city-open-5-01,City Open Mumbai 5.0,City Open,80928227-6bd5-4afc-9f48-9132a58a3be1,Men's Beginner,Men's,beginner,D,group,2026-07-31,07:40,COURT 1,2026-07-31T02:19:06.930Z,2026-07-31T02:42:51.996Z,Aahan Jhaveri / Devansh Somani,Rashank Kuckreja / Pratikraj Singh,Aahan Jhaveri,Devansh Somani,Rashank Kuckreja,Pratikraj Singh,4-8,0.0,1.0,4.0,8.0,4,8,2.0,,Race to 8,race,completed,Completed,tournament_page,Men's Beginner,4,c83a9f33-0d4f-4f6d-b21f-1cfc425dfe69,api_member_ids,18098d77-da96-47f5-8a0d-23460d6bdca8,api_member_ids,92c80f2d-5dc8-4614-b205-953fbef21e55,api_member_ids,bf1b649e-2d63-4872-979d-273bc66eb576,api_member_ids,b163e682-f4b4-4491-b8fe-d20f23af1b52,659f8b2b-72b8-4ee8-91ab-aca305dd7786,dd4b90d0-c0dd-4812-b0af-da46b8b3bb17,24179c76-ed95-403b-bc5f-787643ad39be
3fa447bb-dcc7-4d3f-af61-c79588f46361,mumbai-city-open-5-01,City Open Mumbai 5.0,City Open,80928227-6bd5-4afc-9f48-9132a58a3be1,Men's Beginner,Men's,beginner,B,group,2026-07-31,07:40,COURT 2,2026-07-31T03:04:11.951Z,2026-07-31T03:44:07.509Z,Prem Mirchandani / Bipin Grewal,Siddhant Gupta / Naville Prakash,Prem Mirchandani,Bipin Grewal,Siddhant Gupta,Naville Prakash,6-8,0.0,1.0,6.0,8.0,6,8,2.0,,Race to 8,race,completed,Completed,tournament_page,Men's Beginner,3,f98b87d6-af21-4087-a820-178b4220e325,api_member_ids,3480aff3-e63a-4c82-bc4d-d37555b3f964,api_member_ids,f455fd74-d0ee-4f00-b838-363eff4730e6,api_member_ids,82aba01f-d352-48ba-a4dc-7f5974a5ffde,api_member_ids,76898a68-9cd7-49ef-a01d-269f6d6147f4,a3cef93b-bb20-4024-af14-884bd326dc51,39c46144-eec3-44f7-bfb8-d53fc3ac6cc2,80fe75d5-33ca-4a66-a27c-196bd7d20526
a5352c91-8068-42c9-822b-acb4e699195b,mumbai-city-open-5-01,City Open Mumbai 5.0,City Open,80928227-6bd5-4afc-9f48-9132a58a3be1,Men's Beginner,Men's,beginner,C,group,2026-07-31,07:40,COURT 3,2026-07-31T02:28:34.459Z,2026-07-31T02:45:22.537Z,Arjun Batra / Jashan Singh Arora,Kriish Sakhuja / Jai Sakhuja,Arjun Batra,Jashan Singh Arora,Kriish Sakhuja,Jai Sakhuja,8-1,1.0,0.0,8.0,1.0,8,1,1.0,,Race to 8,race,completed,Completed,tournament_page,Men's Beginner,4,27f580ae-22a7-4519-a7e9-f48e69c6eed0,api_member_ids,48e4e396-7184-498c-a7be-2edc05971b23,api_member_ids,628c5ffa-e7aa-4c81-99eb-542a07475659,api_member_ids,88577d45-624b-4cdb-9557-13653e446860,api_member_ids,cb982678-86b8-4887-b6b1-fbd6d7345e63,661617d9-163a-4a97-bd88-d80a36e5df06,e0eae2c8-b2f1-4ea7-8a46-b7a708eaecfc,0b6191bd-6a8b-4e72-95ca-86e9c2cae88b
716eb0b5-61ba-4b6e-b730-38f20f0f1679,mumbai-city-open-5-01,City Open Mumbai 5.0,City Open,80928227-6bd5-4afc-9f48-9132a58a3be1,Men's Beginner,Men's,beginner,D,group,2026-07-31,08:20,COURT 1,2026-07-31T02:47:07.648Z,2026-07-31T03:22:12.732Z,Rahil Patel / Rajveer Patel,Aahan Jhaveri / Devansh Somani,Rahil Patel,Rajveer Patel,Aahan Jhaveri,Devansh Somani,8-6,1.0,0.0,8.0,6.0,8,6,1.0,Retired,Race to 8,race,completed,Completed,tournament_page,Men's Beginner,4,7b2f6fd9-392c-477e-8c2e-ee3878c1f0e8,api_member_ids,8d79c420-b857-43a4-848f-c52aa91153e7,api_member_ids,c83a9f33-0d4f-4f6d-b21f-1cfc425dfe69,api_member_ids,18098d77-da96-47f5-8a0d-23460d6bdca8,api_member_ids,b7eb6e34-c7d7-483f-8944-2ed799c54e67,bdb4d15a-5b54-454d-b943-4f4d474d94b6,b163e682-f4b4-4491-b8fe-d20f23af1b52,659f8b2b-72b8-4ee8-91ab-aca305dd7786
8b35ac60-4af9-480a-862d-1b31e058bdc4,mumbai-city-open-5-01,City Open Mumbai 5.0,City Open,80928227-6bd5-4afc-9f48-9132a58a3be1,Men's Beginner,Men's,beginner,B,group,2026-07-31,08:20,COURT 2,2026-07-31T04:22:02.847Z,2026-07-31T04:22:23.446Z,Sahil Sharma / Umesh Padwal,Prem Mirchandani / Bipin Grewal,Sahil Sharma,Umesh Padwal,Prem Mirchandani,Bipin Grewal,1-8,0.0,1.0,1.0,8.0,1,8,2.0,Walkover,Race to 8,race,completed,Completed,tournament_page,Men's Beginner,4,26ba9e18-b56b-4e13-b403-bd9cce25671d,api_member_ids,222a0e4a-457f-42ef-bedc-cea1892b3280,api_member_ids,f98b87d6-af21-4087-a820-178b4220e325,api_member_ids,3480aff3-e63a-4c82-bc4d-d37555b3f964,api_member_ids,0e6876e1-df1d-4bb3-b715-8ca20b8cf10f,ee14f9ed-a086-49a4-bdc2-e24c7c38ce87,76898a68-9cd7-49ef-a01d-269f6d6147f4,a3cef93b-bb20-4024-af14-884bd326dc51
7bf8d2f0-af3b-425b-a013-b82dace10520,mumbai-city-open-5-01,City Open Mumbai 5.0,City Open,80928227-6bd5-4afc-9f48-9132a58a3be1,Men's Beginner,Men's,beginner,C,group,2026-07-31,08:20,COURT 3,2026-07-31T02:53:52.307Z,2026-07-31T03:25:24.791Z,Bhavik Talreja / Rohan Maniar,Arjun Batra / Jashan Singh Arora,Bhavik Talreja,Rohan Maniar,Arjun Batra,Jashan Singh Arora,8-6,1.0,0.0,8.0,6.0,8,6,1.0,,Race to 8,race,completed,Completed,tournament_page,Men's Beginner,4,56d2d7ff-1ad3-488b-9496-772430716c16,api_member_ids,b5542378-9f9f-457b-a71a-d59aef310080,api_member_ids,27f580ae-22a7-4519-a7e9-f48e69c6eed0,api_member_ids,48e4e396-7184-498c-a7be-2edc05971b23,api_member_ids,7cabad1e-66cc-44f9-8eff-442977e1f3e0,c75c8f77-4064-4236-8159-f456dd189593,cb982678-86b8-4887-b6b1-fbd6d7345e63,661617d9-163a-4a97-bd88-d80a36e5df06
bab4ca70-885d-4b25-b83e-eef8c510f7e1,mumbai-city-open-5-01,City Open Mumbai 5.0,City Open,80928227-6bd5-4afc-9f48-9132a58a3be1,Men's Beginner,Men's,beginner,D,group,2026-07-31,09:00,COURT 1,2026-07-31T03:42:10.785Z,2026-07-31T04:12:34.799Z,Abhishek Yadev / Priyank Makwana,Rashank Kuckreja / Pratikraj Singh,Abhishek Yadev,Priyank Makwana,Rashank Kuckreja,Pratikraj Singh,5-8,0.0,1.0,5.0,8.0,5,8,2.0,,Race to 8,race,completed,Completed,tournament_page,Men's Beginner,4,94c4c35e-7619-4848-99bc-6a986912e931,api_member_ids,63668ef8-aaa9-4524-9827-c84f3f2d757e,api_member_ids,92c80f2d-5dc8-4614-b205-953fbef21e55,api_member_ids,bf1b649e-2d63-4872-979d-273bc66eb576,api_member_ids,61170ad3-660e-4f67-831f-4a515d6bc358,f4a95444-f0df-4061-92bf-e0848af9e558,dd4b90d0-c0dd-4812-b0af-da46b8b3bb17,24179c76-ed95-403b-bc5f-787643ad39be
bb1c1ff3-019c-41f5-abe3-2fddb157090e,mumbai-city-open-5-01,City Open Mumbai 5.0,City Open,80928227-6bd5-4afc-9f48-9132a58a3be1,Men's Beginner,Men's,beginner,B,group,2026-07-31,09:00,COURT 2,2026-07-31T03:51:56.778Z,2026-07-31T04:16:01.013Z,Shaan Javeri / Arjun Malhotra,Siddhant Gupta / Naville Prakash,Shaan Javeri,Arjun Malhotra,Siddhant Gupta,Naville Prakash,1-8,0.0,1.0,1.0,8.0,1,8,2.0,,Race to 8,race,completed,Completed,tournament_page,Men's Beginner,3,57930f5b-8782-4de1-b779-d757f0540e52,api_member_ids,f890ec3e-8c23-439c-9ea1-cbb778891771,api_member_ids,f455fd74-d0ee-4f00-b838-363eff4730e6,api_member_ids,82aba01f-d352-48ba-a4dc-7f5974a5ffde,api_member_ids,d6c136e0-edaf-4d68-88c0-271f37027d69,452cd752-1bc5-4ffa-93aa-a7ecab90d9d2,39c46144-eec3-44f7-bfb8-d53fc3ac6cc2,80fe75d5-33ca-4a66-a27c-196bd7d20526
763ce122-e1fb-4195-a994-705c181d19c8,mumbai-city-open-5-01,City Open Mumbai 5.0,City Open,80928227-6bd5-4afc-9f48-9132a58a3be1,Men's Beginner,Men's,beginner,C,group,2026-07-31,09:00,COURT 3,2026-07-31T03:33:26.174Z,2026-07-31T03:48:35.044Z,Shaan Shah / Kushe Bahl,Kriish Sakhuja / Jai Sakhuja,Shaan Shah,Kushe Bahl,Kriish Sakhuja,Jai Sakhuja,8-1,1.0,0.0,8.0,1.0,8,1,1.0,,Race to 8,race,completed,Completed,tournament_page,Men's Beginner,3,8c72bdc2-6eff-4537-ba3a-ad4eaadd542d,api_member_ids,6892cafd-242b-468e-a1aa-cd2523e083a6,api_member_ids,628c5ffa-e7aa-4c81-99eb-542a07475659,api_member_ids,88577d45-624b-4cdb-9557-13653e446860,api_member_ids,215379e5-e28e-4bb2-ae78-4818aee4223a,c49942a5-e0b7-4a47-998a-e9c7a3ffbe51,e0eae2c8-b2f1-4ea7-8a46-b7a708eaecfc,0b6191bd-6a8b-4e72-95ca-86e9c2cae88b
bf319351-d4f0-46b7-a0d3-acb3961e78c4,mumbai-city-open-5-01,City Open Mumbai 5.0,City Open,80928227-6bd5-4afc-9f48-9132a58a3be1,Men's Beginner,Men's,beginner,D,group,2026-07-31,09:40,COURT 1,2026-07-31T04:15:39.773Z,2026-07-31T04:38:16.034Z,Rahil Patel / Rajveer Patel,Rashank Kuckreja / Pratikraj Singh,Rahil Patel,Rajveer Patel,Rashank Kuckreja,Pratikraj Singh,1-8,0.0,1.0,1.0,8.0,1,8,2.0,,Race to 8,race,completed,Completed,tournament_page,Men's Beginner,4,7b2f6fd9-392c-477e-8c2e-ee3878c1f0e8,api_member_ids,8d79c420-b857-43a4-848f-c52aa91153e7,api_member_ids,92c80f2d-5dc8-4614-b205-953fbef21e55,api_member_ids,bf1b649e-2d63-4872-979d-273bc66eb576,api_member_ids,b7eb6e34-c7d7-483f-8944-2ed799c54e67,bdb4d15a-5b54-454d-b943-4f4d474d94b6,dd4b90d0-c0dd-4812-b0af-da46b8b3bb17,24179c76-ed95-403b-bc5f-787643ad39be
f03a591f-6612-4742-8e76-4444329378ec,mumbai-city-open-5-01,City Open Mumbai 5.0,City Open,80928227-6bd5-4afc-9f48-9132a58a3be1,Men's Beginner,Men's,beginner,B,group,2026-07-31,09:40,COURT 2,2026-07-31T04:22:42.586Z,2026-07-31T04:22:56.284Z,Sahil Sharma / Umesh Padwal,Siddhant Gupta / Naville Prakash,Sahil Sharma,Umesh Padwal,Siddhant Gupta,Naville Prakash,1-8,0.0,1.0,1.0,8.0,1,8,2.0,Walkover,Race to 8,race,completed,Completed,tournament_page,Men's Beginner,3,26ba9e18-b56b-4e13-b403-bd9cce25671d,api_member_ids,222a0e4a-457f-42ef-bedc-cea1892b3280,api_member_ids,f455fd74-d0ee-4f00-b838-363eff4730e6,api_member_ids,82aba01f-d352-48ba-a4dc-7f5974a5ffde,api_member_ids,0e6876e1-df1d-4bb3-b715-8ca20b8cf10f,ee14f9ed-a086-49a4-bdc2-e24c7c38ce87,39c46144-eec3-44f7-bfb8-d53fc3ac6cc2,80fe75d5-33ca-4a66-a27c-196bd7d20526
f2639af2-86a7-40be-8273-584a812de6bc,mumbai-city-open-5-01,City Open Mumbai 5.0,City Open,80928227-6bd5-4afc-9f48-9132a58a3be1,Men's Beginner,Men's,beginner,C,group,2026-07-31,09:40,COURT 3,2026-07-31T03:52:20.865Z,2026-07-31T04:06:56.673Z,Bhavik Talreja / Rohan Maniar,Kriish Sakhuja / Jai Sakhuja,Bhavik Talreja,Rohan Maniar,Kriish Sakhuja,Jai Sakhuja,8-0,1.0,0.0,8.0,0.0,8,0,1.0,,Race to 8,race,completed,Completed,tournament_page,Men's Beginner,4,56d2d7ff-1ad3-488b-9496-772430716c16,api_member_ids,b5542378-9f9f-457b-a71a-d59aef310080,api_member_ids,628c5ffa-e7aa-4c81-99eb-542a07475659,api_member_ids,88577d45-624b-4cdb-9557-13653e446860,api_member_ids,7cabad1e-66cc-44f9-8eff-442977e1f3e0,c75c8f77-4064-4236-8159-f456dd189593,e0eae2c8-b2f1-4ea7-8a46-b7a708eaecfc,0b6191bd-6a8b-4e72-95ca-86e9c2cae88b
e9697426-935e-4b70-b244-4d37774fc75c,mumbai-city-open-5-01,City Open Mumbai 5.0,City Open,80928227-6bd5-4afc-9f48-9132a58a3be1,Men's Beginner,Men's,beginner,D,group,2026-07-31,10:20,COURT 1,,2026-07-31T05:11:12.673Z,Abhishek Yadev / Priyank Makwana,Aahan Jhaveri / Devansh Somani,Abhishek Yadev,Priyank Makwana,Aahan Jhaveri,Devansh Somani,8-1,1.0,0.0,8.0,1.0,8,1,1.0,Walkover,Race to 8,race,completed,Completed,tournament_page,Men's Beginner,4,94c4c35e-7619-4848-99bc-6a986912e931,api_member_ids,63668ef8-aaa9-4524-9827-c84f3f2d757e,api_member_ids,c83a9f33-0d4f-4f6d-b21f-1cfc425dfe69,api_member_ids,18098d77-da96-47f5-8a0d-23460d6bdca8,api_member_ids,61170ad3-660e-4f67-831f-4a515d6bc358,f4a95444-f0df-4061-92bf-e0848af9e558,b163e682-f4b4-4491-b8fe-d20f23af1b52,659f8b2b-72b8-4ee8-91ab-aca305dd7786
322bc724-5ff4-41be-9829-44c36fa287ab,mumbai-city-open-5-01,City Open Mumbai 5.0,City Open,80928227-6bd5-4afc-9f48-9132a58a3be1,Men's Beginner,Men's,beginner,B,group,2026-07-31,10:20,COURT 2,2026-07-31T02:08:15.667Z,2026-07-31T02:53:32.963Z,Shaan Javeri / Arjun Malhotra,Prem Mirchandani / Bipin Grewal,Shaan Javeri,Arjun Malhotra,Prem Mirchandani,Bipin Grewal,8-7,1.0,0.0,8.0,7.0,8,7,1.0,,Race to 8,race,completed,Completed,tournament_page,Men's Beginner,4,57930f5b-8782-4de1-b779-d757f0540e52,api_member_ids,f890ec3e-8c23-439c-9ea1-cbb778891771,api_member_ids,f98b87d6-af21-4087-a820-178b4220e325,api_member_ids,3480aff3-e63a-4c82-bc4d-d37555b3f964,api_member_ids,d6c136e0-edaf-4d68-88c0-271f37027d69,452cd752-1bc5-4ffa-93aa-a7ecab90d9d2,76898a68-9cd7-49ef-a01d-269f6d6147f4,a3cef93b-bb20-4024-af14-884bd326dc51
0c067bfd-c5bf-4b2b-8d9e-71c52f13dab8,mumbai-city-open-5-01,City Open Mumbai 5.0,City Open,80928227-6bd5-4afc-9f48-9132a58a3be1,Men's Beginner,Men's,beginner,C,group,2026-07-31,10:20,COURT 3,2026-07-31T04:55:16.714Z,2026-07-31T05:37:22.128Z,Shaan Shah / Kushe Bahl,Arjun Batra / Jashan Singh Arora,Shaan Shah,Kushe Bahl,Arjun Batra,Jashan Singh Arora,8-6,1.0,0.0,8.0,6.0,8,6,1.0,,Race to 8,race,completed,Completed,tournament_page,Men's Beginner,3,8c72bdc2-6eff-4537-ba3a-ad4eaadd542d,api_member_ids,6892cafd-242b-468e-a1aa-cd2523e083a6,api_member_ids,27f580ae-22a7-4519-a7e9-f48e69c6eed0,api_member_ids,48e4e396-7184-498c-a7be-2edc05971b23,api_member_ids,215379e5-e28e-4bb2-ae78-4818aee4223a,c49942a5-e0b7-4a47-998a-e9c7a3ffbe51,cb982678-86b8-4887-b6b1-fbd6d7345e63,661617d9-163a-4a97-bd88-d80a36e5df06
742f185f-f8b3-43bd-bc28-ccff9c5dd663,mumbai-city-open-5-01,City Open Mumbai 5.0,City Open,80928227-6bd5-4afc-9f48-9132a58a3be1,Men's Beginner,Men's,beginner,A,group,2026-07-31,11:00,COURT 1,2026-07-31T05:47:25.488Z,2026-07-31T06:14:32.484Z,Ronak Daftary / Anirudh Jain,Chirag Gaikwad / Harman Singh Tur,Ronak Daftary,Anirudh Jain,Chirag Gaikwad,Harman Singh Tur,4-8,0.0,1.0,4.0,8.0,4,8,2.0,,Race to 8,race,completed,Completed,tournament_page,Men's Beginner,4,e3869e84-3ac2-4379-98af-296be1b0d317,api_member_ids,fb63a62c-b1a0-4af6-b540-9ba4ba276976,api_member_ids,25302fe3-7403-440f-bd2a-3d5be3a3f0a1,api_member_ids,7c42f3a3-ec0a-44a1-8fa3-3cd5b58569c0,api_member_ids,7f0c4992-b39e-4c14-b402-d93266bd9101,817f8f78-01af-4ac8-809d-6e8f2f9a6728,1c4e2e0d-7722-4369-b82f-e756615d78ae,74b0dc50-43cc-4942-a437-66b22c25a49b
8665635f-e1e9-4951-a911-5222e1f8b351,mumbai-city-open-5-01,City Open Mumbai 5.0,City Open,80928227-6bd5-4afc-9f48-9132a58a3be1,Men's Beginner,Men's,beginner,A,group,2026-07-31,11:40,COURT 1,2026-07-31T06:23:25.564Z,2026-07-31T06:40:23.402Z,Burhan Contractor / Advaith Anoop,Rahul Sachdeva / Jason Pereira,Burhan Contractor,Advaith Anoop,Rahul Sachdeva,Jason Pereira,8-1,1.0,0.0,8.0,1.0,8,1,1.0,,Race to 8,race,completed,Completed,tournament_page,Men's Beginner,4,16b8462e-31e2-4614-9a5f-57ee20aefb03,api_member_ids,0a0db4ab-db0a-4dd7-a8d3-7a40715b83bd,api_member_ids,4f7ba08a-4a68-434d-9eeb-bec99296fe6f,api_member_ids,ef4d0083-3ad2-492d-8070-1d27cb8fa67d,api_member_ids,f94def06-e163-4ce7-a186-3ad93bb90387,7f144927-bb8b-4eef-a183-a5ca2911ff76,52a6c9aa-bf48-4820-9f1f-39c4a4bd2ac4,0c2d704e-2f2c-4c1d-9890-dcc0b67bf279
ffce9f07-41df-4185-839d-beddaa18310e,mumbai-city-open-5-01,City Open Mumbai 5.0,City Open,80928227-6bd5-4afc-9f48-9132a58a3be1,Men's Beginner,Men's,beginner,A,group,2026-07-31,12:20,COURT 1,2026-07-31T06:43:28.601Z,2026-07-31T07:21:13.137Z,Ronak Daftary / Anirudh Jain,Burhan Contractor / Advaith Anoop,Ronak Daftary,Anirudh Jain,Burhan Contractor,Advaith Anoop,7-8,0.0,1.0,7.0,8.0,7,8,2.0,,Race to 8,race,completed,Completed,tournament_page,Men's Beginner,4,e3869e84-3ac2-4379-98af-296be1b0d317,api_member_ids,fb63a62c-b1a0-4af6-b540-9ba4ba276976,api_member_ids,16b8462e-31e2-4614-9a5f-57ee20aefb03,api_member_ids,0a0db4ab-db0a-4dd7-a8d3-7a40715b83bd,api_member_ids,7f0c4992-b39e-4c14-b402-d93266bd9101,817f8f78-01af-4ac8-809d-6e8f2f9a6728,f94def06-e163-4ce7-a186-3ad93bb90387,7f144927-bb8b-4eef-a183-a5ca2911ff76
620eb58e-d91d-4a90-b5e2-8f8bb682963d,mumbai-city-open-5-01,City Open Mumbai 5.0,City Open,80928227-6bd5-4afc-9f48-9132a58a3be1,Men's Beginner,Men's,beginner,A,group,2026-07-31,13:00,COURT 1,2026-07-31T07:25:09.020Z,2026-07-31T07:42:16.322Z,Chirag Gaikwad / Harman Singh Tur,Rahul Sachdeva / Jason Pereira,Chirag Gaikwad,Harman Singh Tur,Rahul Sachdeva,Jason Pereira,8-1,1.0,0.0,8.0,1.0,8,1,1.0,,Race to 8,race,completed,Completed,tournament_page,Men's Beginner,4,25302fe3-7403-440f-bd2a-3d5be3a3f0a1,api_member_ids,7c42f3a3-ec0a-44a1-8fa3-3cd5b58569c0,api_member_ids,4f7ba08a-4a68-434d-9eeb-bec99296fe6f,api_member_ids,ef4d0083-3ad2-492d-8070-1d27cb8fa67d,api_member_ids,1c4e2e0d-7722-4369-b82f-e756615d78ae,74b0dc50-43cc-4942-a437-66b22c25a49b,52a6c9aa-bf48-4820-9f1f-39c4a4bd2ac4,0c2d704e-2f2c-4c1d-9890-dcc0b67bf279
2f275c7b-6a18-47f3-b8f9-e38c675e37d7,mumbai-city-open-5-01,City Open Mumbai 5.0,City Open,80928227-6bd5-4afc-9f48-9132a58a3be1,Men's Beginner,Men's,beginner,A,group,2026-07-31,13:40,COURT 1,2026-07-31T07:43:44.444Z,2026-07-31T07:59:14.008Z,Ronak Daftary / Anirudh Jain,Rahul Sachdeva / Jason Pereira,Ronak Daftary,Anirudh Jain,Rahul Sachdeva,Jason Pereira,8-1,1.0,0.0,8.0,1.0,8,1,1.0,,Race to 8,race,completed,Completed,tournament_page,Men's Beginner,4,e3869e84-3ac2-4379-98af-296be1b0d317,api_member_ids,fb63a62c-b1a0-4af6-b540-9ba4ba276976,api_member_ids,4f7ba08a-4a68-434d-9eeb-bec99296fe6f,api_member_ids,ef4d0083-3ad2-492d-8070-1d27cb8fa67d,api_member_ids,7f0c4992-b39e-4c14-b402-d93266bd9101,817f8f78-01af-4ac8-809d-6e8f2f9a6728,52a6c9aa-bf48-4820-9f1f-39c4a4bd2ac4,0c2d704e-2f2c-4c1d-9890-dcc0b67bf279
f0021e79-8ebd-4edb-93f8-494bcef70a57,mumbai-city-open-5-01,City Open Mumbai 5.0,City Open,80928227-6bd5-4afc-9f48-9132a58a3be1,Men's Beginner,Men's,beginner,A,group,2026-07-31,14:20,COURT 1,2026-07-31T08:06:01.967Z,2026-07-31T08:35:46.280Z,Chirag Gaikwad / Harman Singh Tur,Burhan Contractor / Advaith Anoop,Chirag Gaikwad,Harman Singh Tur,Burhan Contractor,Advaith Anoop,4-8,0.0,1.0,4.0,8.0,4,8,2.0,,Race to 8,race,completed,Completed,tournament_page,Men's Beginner,4,25302fe3-7403-440f-bd2a-3d5be3a3f0a1,api_member_ids,7c42f3a3-ec0a-44a1-8fa3-3cd5b58569c0,api_member_ids,16b8462e-31e2-4614-9a5f-57ee20aefb03,api_member_ids,0a0db4ab-db0a-4dd7-a8d3-7a40715b83bd,api_member_ids,1c4e2e0d-7722-4369-b82f-e756615d78ae,74b0dc50-43cc-4942-a437-66b22c25a49b,f94def06-e163-4ce7-a186-3ad93bb90387,7f144927-bb8b-4eef-a183-a5ca2911ff76
3f1cf144-11ae-44d3-bdd4-89aa1d163ebf,mumbai-city-open-5-01,City Open Mumbai 5.0,City Open,80928227-6bd5-4afc-9f48-9132a58a3be1,Men's Beginner,Men's,beginner,QF,knockout,2026-07-31,19:00,COURT 3,2026-07-31T13:44:14.140Z,2026-07-31T14:29:14.544Z,Burhan Contractor / Advaith Anoop,Abhishek Yadev / Priyank Makwana,Burhan Contractor,Advaith Anoop,Abhishek Yadev,Priyank Makwana,7-9,0.0,1.0,7.0,9.0,7,9,2.0,,Race to 9,race,completed,Completed,tournament_page,Men's Beginner,4,16b8462e-31e2-4614-9a5f-57ee20aefb03,api_member_ids,0a0db4ab-db0a-4dd7-a8d3-7a40715b83bd,api_member_ids,94c4c35e-7619-4848-99bc-6a986912e931,api_member_ids,63668ef8-aaa9-4524-9827-c84f3f2d757e,api_member_ids,f94def06-e163-4ce7-a186-3ad93bb90387,7f144927-bb8b-4eef-a183-a5ca2911ff76,61170ad3-660e-4f67-831f-4a515d6bc358,f4a95444-f0df-4061-92bf-e0848af9e558
58dcf08c-5b45-4b6a-a92d-029fb3c43e95,mumbai-city-open-5-01,City Open Mumbai 5.0,City Open,80928227-6bd5-4afc-9f48-9132a58a3be1,Men's Beginner,Men's,beginner,QF,knockout,2026-07-31,19:40,COURT 3,2026-07-31T15:15:59.987Z,2026-07-31T15:56:52.158Z,Shaan Javeri / Arjun Malhotra,Bhavik Talreja / Rohan Maniar,Shaan Javeri,Arjun Malhotra,Bhavik Talreja,Rohan Maniar,5-9,0.0,1.0,5.0,9.0,5,9,2.0,,Race to 9,race,completed,Completed,tournament_page,Men's Beginner,4,57930f5b-8782-4de1-b779-d757f0540e52,api_member_ids,f890ec3e-8c23-439c-9ea1-cbb778891771,api_member_ids,56d2d7ff-1ad3-488b-9496-772430716c16,api_member_ids,b5542378-9f9f-457b-a71a-d59aef310080,api_member_ids,d6c136e0-edaf-4d68-88c0-271f37027d69,452cd752-1bc5-4ffa-93aa-a7ecab90d9d2,7cabad1e-66cc-44f9-8eff-442977e1f3e0,c75c8f77-4064-4236-8159-f456dd189593
2cd5c61a-a7f9-4158-b4d3-62df619a360f,mumbai-city-open-5-01,City Open Mumbai 5.0,City Open,80928227-6bd5-4afc-9f48-9132a58a3be1,Men's Beginner,Men's,beginner,QF,knockout,2026-07-31,20:20,COURT 3,2026-07-31T14:36:53.668Z,2026-07-31T15:06:59.048Z,Siddhant Gupta / Naville Prakash,Shaan Shah / Kushe Bahl,Siddhant Gupta,Naville Prakash,Shaan Shah,Kushe Bahl,9-0,1.0,0.0,9.0,0.0,9,0,1.0,,Race to 9,race,completed,Completed,tournament_page,Men's Beginner,2,f455fd74-d0ee-4f00-b838-363eff4730e6,api_member_ids,82aba01f-d352-48ba-a4dc-7f5974a5ffde,api_member_ids,8c72bdc2-6eff-4537-ba3a-ad4eaadd542d,api_member_ids,6892cafd-242b-468e-a1aa-cd2523e083a6,api_member_ids,39c46144-eec3-44f7-bfb8-d53fc3ac6cc2,80fe75d5-33ca-4a66-a27c-196bd7d20526,215379e5-e28e-4bb2-ae78-4818aee4223a,c49942a5-e0b7-4a47-998a-e9c7a3ffbe51
337588f8-7f5a-49fb-822d-45b32379d4da,mumbai-city-open-5-01,City Open Mumbai 5.0,City Open,80928227-6bd5-4afc-9f48-9132a58a3be1,Men's Beginner,Men's,beginner,QF,knockout,2026-07-31,21:00,COURT 3,2026-07-31T14:58:01.132Z,2026-07-31T15:18:13.642Z,Chirag Gaikwad / Harman Singh Tur,Rashank Kuckreja / Pratikraj Singh,Chirag Gaikwad,Harman Singh Tur,Rashank Kuckreja,Pratikraj Singh,9-0,1.0,0.0,9.0,0.0,9,0,1.0,,Race to 9,race,completed,Completed,tournament_page,Men's Beginner,4,25302fe3-7403-440f-bd2a-3d5be3a3f0a1,api_member_ids,7c42f3a3-ec0a-44a1-8fa3-3cd5b58569c0,api_member_ids,92c80f2d-5dc8-4614-b205-953fbef21e55,api_member_ids,bf1b649e-2d63-4872-979d-273bc66eb576,api_member_ids,1c4e2e0d-7722-4369-b82f-e756615d78ae,74b0dc50-43cc-4942-a437-66b22c25a49b,dd4b90d0-c0dd-4812-b0af-da46b8b3bb17,24179c76-ed95-403b-bc5f-787643ad39be
0b3a26c9-0524-46de-a2c1-06861a10f03d,mumbai-city-open-5-01,City Open Mumbai 5.0,City Open,80928227-6bd5-4afc-9f48-9132a58a3be1,Men's Beginner,Men's,beginner,SF,knockout,2026-08-02,09:00,COURT 3,2026-08-02T03:34:58.635Z,2026-08-02T04:16:50.403Z,Abhishek Yadev / Priyank Makwana,Bhavik Talreja / Rohan Maniar,Abhishek Yadev,Priyank Makwana,Bhavik Talreja,Rohan Maniar,"6-2, 6-0",2.0,0.0,12.0,2.0,6 6,2 0,1.0,,Best of 3 sets,sets,completed,Completed,tournament_page,Men's Beginner,4,94c4c35e-7619-4848-99bc-6a986912e931,api_member_ids,63668ef8-aaa9-4524-9827-c84f3f2d757e,api_member_ids,56d2d7ff-1ad3-488b-9496-772430716c16,api_member_ids,b5542378-9f9f-457b-a71a-d59aef310080,api_member_ids,61170ad3-660e-4f67-831f-4a515d6bc358,f4a95444-f0df-4061-92bf-e0848af9e558,7cabad1e-66cc-44f9-8eff-442977e1f3e0,c75c8f77-4064-4236-8159-f456dd189593
f8be09e9-8b4b-48f2-a71d-10da5d125131,mumbai-city-open-5-01,City Open Mumbai 5.0,City Open,80928227-6bd5-4afc-9f48-9132a58a3be1,Men's Beginner,Men's,beginner,SF,knockout,2026-08-02,10:30,COURT 3,2026-08-02T04:37:09.429Z,2026-08-02T06:09:58.456Z,Siddhant Gupta / Naville Prakash,Chirag Gaikwad / Harman Singh Tur,Siddhant Gupta,Naville Prakash,Chirag Gaikwad,Harman Singh Tur,"6-7(1-7), 6-7(5-7)",0.0,2.0,12.0,14.0,6 6,7 7,2.0,,Best of 3 sets,sets,completed,Completed,tournament_page,Men's Beginner,3,f455fd74-d0ee-4f00-b838-363eff4730e6,api_member_ids,82aba01f-d352-48ba-a4dc-7f5974a5ffde,api_member_ids,25302fe3-7403-440f-bd2a-3d5be3a3f0a1,api_member_ids,7c42f3a3-ec0a-44a1-8fa3-3cd5b58569c0,api_member_ids,39c46144-eec3-44f7-bfb8-d53fc3ac6cc2,80fe75d5-33ca-4a66-a27c-196bd7d20526,1c4e2e0d-7722-4369-b82f-e756615d78ae,74b0dc50-43cc-4942-a437-66b22c25a49b
9ba05bf2-805b-4002-a8b5-693821aa9173,mumbai-city-open-5-01,City Open Mumbai 5.0,City Open,80928227-6bd5-4afc-9f48-9132a58a3be1,Men's Beginner,Men's,beginner,F,knockout,2026-08-02,15:00,COURT 3,2026-08-02T09:40:03.730Z,2026-08-02T10:35:16.314Z,Abhishek Yadev / Priyank Makwana,Chirag Gaikwad / Harman Singh Tur,Abhishek Yadev,Priyank Makwana,Chirag Gaikwad,Harman Singh Tur,"2-6, 4-6",0.0,2.0,6.0,12.0,2 4,6 6,2.0,,Best of 3 sets,sets,completed,Completed,tournament_page,Men's Beginner,4,94c4c35e-7619-4848-99bc-6a986912e931,api_member_ids,63668ef8-aaa9-4524-9827-c84f3f2d757e,api_member_ids,25302fe3-7403-440f-bd2a-3d5be3a3f0a1,api_member_ids,7c42f3a3-ec0a-44a1-8fa3-3cd5b58569c0,api_member_ids,61170ad3-660e-4f67-831f-4a515d6bc358,f4a95444-f0df-4061-92bf-e0848af9e558,1c4e2e0d-7722-4369-b82f-e756615d78ae,74b0dc50-43cc-4942-a437-66b22c25a49b
ca1f6e45-f25e-432e-b7c6-0ae9f58d19e5,mumbai-city-open-5-01,City Open Mumbai 5.0,City Open,7d488f63-c212-40f7-8f63-b3723273dc6f,Men's Intermediate,Men's,intermediate,A,group,2026-07-31,11:00,COURT 2,2026-07-31T05:28:33.839Z,2026-07-31T05:41:35.528Z,Neville Wadia / Kabir Anand,Jimit Sanghani / Rohit S,Neville Wadia,Kabir Anand,Jimit Sanghani,Rohit S,8-0,1.0,0.0,8.0,0.0,8,0,1.0,,Race to 8,race,completed,Completed,tournament_page,Men's Intermediate,3,ce749702-5f83-4cd5-b821-45aeaf7f9848,api_member_ids,3354c5a3-1dbf-47e7-a264-7a573cd0b8e5,api_member_ids,c15288d2-2aa6-4007-b2f0-9871ff97b432,api_member_ids,ec5f0519-a767-4bff-976f-62cac2d931c5,api_member_ids,05e6425e-dfa4-49f9-b168-4ed18294a8e8,73b7a825-e44c-4add-96bf-5adc5ca084a1,dd36418d-3add-4393-8bee-e7ba147bfe61,3198fe08-444b-4ab9-949d-5c37baff9609
30a3cbad-478c-4935-9d0f-f8e30b5fe9cc,mumbai-city-open-5-01,City Open Mumbai 5.0,City Open,7d488f63-c212-40f7-8f63-b3723273dc6f,Men's Intermediate,Men's,intermediate,B,group,2026-07-31,11:00,COURT 3,2026-07-31T05:46:50.168Z,2026-07-31T06:22:20.188Z,Samkit Shah / Rahul Chandwani,Junaid Sopariwala / Tabrez Sopariwala,Samkit Shah,Rahul Chandwani,Junaid Sopariwala,Tabrez Sopariwala,8-4,1.0,0.0,8.0,4.0,8,4,1.0,,Race to 8,race,completed,Completed,tournament_page,Men's Intermediate,3,6cdc4da7-096f-4c21-a48e-4183e606d2ef,api_member_ids,ea36ad45-24c2-4b1d-b812-8ebcf72eb5b2,api_member_ids,c510921b-3d7b-42b1-8671-86a367a752e3,api_member_ids,e4099cdf-1b05-4993-afa7-214dcbc071b1,api_member_ids,46e04f2f-ac7c-4b09-8ea7-4abaab5117cf,795bdbe9-d498-403e-8567-90c85f6fa899,61656ad5-e8b7-4e2f-8259-cb122d732304,bbc7c9c9-4e89-4637-a9e6-64e2f14f88c9
485491bb-b924-4c9f-84f3-abcd5d9e7f33,mumbai-city-open-5-01,City Open Mumbai 5.0,City Open,7d488f63-c212-40f7-8f63-b3723273dc6f,Men's Intermediate,Men's,intermediate,A,group,2026-07-31,11:40,COURT 2,2026-07-31T06:09:39.214Z,2026-07-31T06:43:13.764Z,Neville Wadia / Kabir Anand,Rishabh Rajani / Manav Shah,Neville Wadia,Kabir Anand,Rishabh Rajani,Manav Shah,8-3,1.0,0.0,8.0,3.0,8,3,1.0,,Race to 8,race,completed,Completed,tournament_page,Men's Intermediate,3,ce749702-5f83-4cd5-b821-45aeaf7f9848,api_member_ids,3354c5a3-1dbf-47e7-a264-7a573cd0b8e5,api_member_ids,911948ff-358b-481e-aba0-d93156ba6b31,api_member_ids,8ebec8b6-ee3d-445c-ba14-05bc8879c4d3,api_member_ids,05e6425e-dfa4-49f9-b168-4ed18294a8e8,73b7a825-e44c-4add-96bf-5adc5ca084a1,58d332ca-4c0b-4f7b-86fd-8abd6bf3818f,8ebec8b6-ee3d-445c-ba14-05bc8879c4d3
a1068c5f-a738-4e64-a520-c9fe65c26ab9,mumbai-city-open-5-01,City Open Mumbai 5.0,City Open,7d488f63-c212-40f7-8f63-b3723273dc6f,Men's Intermediate,Men's,intermediate,B,group,2026-07-31,11:40,COURT 3,2026-07-31T07:00:06.440Z,2026-07-31T07:17:40.345Z,Samkit Shah / Rahul Chandwani,Mishal Mehta / Khushish Jain,Samkit Shah,Rahul Chandwani,Mishal Mehta,Khushish Jain,8-2,1.0,0.0,8.0,2.0,8,2,1.0,,Race to 8,race,completed,Completed,tournament_page,Men's Intermediate,3,6cdc4da7-096f-4c21-a48e-4183e606d2ef,api_member_ids,ea36ad45-24c2-4b1d-b812-8ebcf72eb5b2,api_member_ids,1dbeeee2-b41a-4bec-8948-8f661c573861,api_member_ids,3ede0ffc-93a8-4fc8-b30b-11c2c07a8598,api_member_ids,46e04f2f-ac7c-4b09-8ea7-4abaab5117cf,795bdbe9-d498-403e-8567-90c85f6fa899,5cedab48-a784-4468-94ca-a38ab26fe427,48e2b35c-2899-40bb-abc1-76a6544b72b0
bf24492d-dd01-4f4f-90f6-ad6f5340b957,mumbai-city-open-5-01,City Open Mumbai 5.0,City Open,7d488f63-c212-40f7-8f63-b3723273dc6f,Men's Intermediate,Men's,intermediate,A,group,2026-07-31,12:20,COURT 2,2026-07-31T06:46:31.758Z,2026-07-31T07:10:26.560Z,Jimit Sanghani / Rohit S,Rishabh Rajani / Manav Shah,Jimit Sanghani,Rohit S,Rishabh Rajani,Manav Shah,2-8,0.0,1.0,2.0,8.0,2,8,2.0,,Race to 8,race,completed,Completed,tournament_page,Men's Intermediate,4,c15288d2-2aa6-4007-b2f0-9871ff97b432,api_member_ids,ec5f0519-a767-4bff-976f-62cac2d931c5,api_member_ids,911948ff-358b-481e-aba0-d93156ba6b31,api_member_ids,8ebec8b6-ee3d-445c-ba14-05bc8879c4d3,api_member_ids,dd36418d-3add-4393-8bee-e7ba147bfe61,3198fe08-444b-4ab9-949d-5c37baff9609,58d332ca-4c0b-4f7b-86fd-8abd6bf3818f,8ebec8b6-ee3d-445c-ba14-05bc8879c4d3
887df84a-c482-4827-a9dd-8d8c059d0455,mumbai-city-open-5-01,City Open Mumbai 5.0,City Open,7d488f63-c212-40f7-8f63-b3723273dc6f,Men's Intermediate,Men's,intermediate,B,group,2026-07-31,12:20,COURT 3,2026-07-31T06:38:13.672Z,2026-07-31T06:53:16.668Z,Junaid Sopariwala / Tabrez Sopariwala,Mishal Mehta / Khushish Jain,Junaid Sopariwala,Tabrez Sopariwala,Mishal Mehta,Khushish Jain,8-2,1.0,0.0,8.0,2.0,8,2,1.0,,Race to 8,race,completed,Completed,tournament_page,Men's Intermediate,4,c510921b-3d7b-42b1-8671-86a367a752e3,api_member_ids,e4099cdf-1b05-4993-afa7-214dcbc071b1,api_member_ids,1dbeeee2-b41a-4bec-8948-8f661c573861,api_member_ids,3ede0ffc-93a8-4fc8-b30b-11c2c07a8598,api_member_ids,61656ad5-e8b7-4e2f-8259-cb122d732304,bbc7c9c9-4e89-4637-a9e6-64e2f14f88c9,5cedab48-a784-4468-94ca-a38ab26fe427,48e2b35c-2899-40bb-abc1-76a6544b72b0
fe183e6f-53b5-46ce-bfa3-cff7e4fe7f15,mumbai-city-open-5-01,City Open Mumbai 5.0,City Open,7d488f63-c212-40f7-8f63-b3723273dc6f,Men's Intermediate,Men's,intermediate,C,group,2026-07-31,13:00,COURT 2,2026-07-31T07:39:37.157Z,2026-07-31T07:59:34.333Z,Nandish Shah / Farhan Patrawala,Habib Latif / Salman Damani,Nandish Shah,Farhan Patrawala,Habib Latif,Salman Damani,8-0,1.0,0.0,8.0,0.0,8,0,1.0,,Race to 8,race,completed,Completed,tournament_page,Men's Intermediate,4,7a806e55-76b1-406f-b870-2ed511dccdc9,api_member_ids,7af61236-508f-4495-a2ee-a840e590d19a,api_member_ids,716df803-2711-44e0-99a3-c5d59dfde298,api_member_ids,58e20dcc-ea00-430a-b0bb-ca3e7f99ec7d,api_member_ids,cef238fa-becc-4c37-841e-a3d7a133e4ae,2e7dcdff-0d19-476b-bdac-41ce80e9d809,2217e994-be5e-4663-a70e-082ded0f330f,4cb36527-858c-4f19-a372-951776a12b4e
7e0362bc-2aab-4591-856a-294db771143e,mumbai-city-open-5-01,City Open Mumbai 5.0,City Open,7d488f63-c212-40f7-8f63-b3723273dc6f,Men's Intermediate,Men's,intermediate,D,group,2026-07-31,13:00,COURT 3,2026-07-31T07:39:23.760Z,2026-07-31T08:16:19.694Z,Arnav Tanna / Qahhar Padamsee,Ankit Bhalwankar / Rajesh Shing,Arnav Tanna,Qahhar Padamsee,Ankit Bhalwankar,Rajesh Shing,7-8,0.0,1.0,7.0,8.0,7,8,2.0,,Race to 8,race,completed,Completed,tournament_page,Men's Intermediate,4,6bfd1277-761c-46c8-9e40-cbce3df40c13,api_member_ids,9809aae4-939b-4443-9dd8-bfe1d06ca943,api_member_ids,a74d7503-db0f-4bca-a110-dd6096dd51a3,api_member_ids,f5db5ed7-b6ba-4ce3-bce7-b0593ce1d8d5,api_member_ids,057a212c-eb39-4a2a-9f2d-03d3fd854866,542fc051-871c-4b92-9b8e-471e3eaca7ef,1083a15b-611e-499f-8092-c9fb1330c333,f4fdf30a-e441-4045-9d20-4854106cf6ad
a0cb1272-bda5-48e9-bb41-147f547bdf21,mumbai-city-open-5-01,City Open Mumbai 5.0,City Open,7d488f63-c212-40f7-8f63-b3723273dc6f,Men's Intermediate,Men's,intermediate,C,group,2026-07-31,13:40,COURT 2,2026-07-31T08:16:36.473Z,2026-07-31T09:08:04.711Z,Nandish Shah / Farhan Patrawala,Yashvardhan Sarda / Yash Maliwal,Nandish Shah,Farhan Patrawala,Yashvardhan Sarda,Yash Maliwal,8-7,1.0,0.0,8.0,7.0,8,7,1.0,,Race to 8,race,completed,Completed,tournament_page,Men's Intermediate,3,7a806e55-76b1-406f-b870-2ed511dccdc9,api_member_ids,7af61236-508f-4495-a2ee-a840e590d19a,api_member_ids,33e396ff-a084-4b28-b360-ff47e5b98714,api_member_ids,297053cf-9f92-4115-a09d-1a55c66b6433,api_member_ids,cef238fa-becc-4c37-841e-a3d7a133e4ae,2e7dcdff-0d19-476b-bdac-41ce80e9d809,552c8d84-bfa6-4866-9fb0-ad3ce7b7dc18,3d27fba7-5b03-48d6-bd0a-d509aa65daf0
1c94b7fc-d8fb-4192-924a-7a889150984d,mumbai-city-open-5-01,City Open Mumbai 5.0,City Open,7d488f63-c212-40f7-8f63-b3723273dc6f,Men's Intermediate,Men's,intermediate,D,group,2026-07-31,13:40,COURT 3,2026-07-31T08:28:32.562Z,2026-07-31T08:56:34.027Z,Arnav Tanna / Qahhar Padamsee,Vansh Bhagtani / Yash Nagdev,Arnav Tanna,Qahhar Padamsee,Vansh Bhagtani,Yash Nagdev,4-8,0.0,1.0,4.0,8.0,4,8,2.0,,Race to 8,race,completed,Completed,tournament_page,Men's Intermediate,4,6bfd1277-761c-46c8-9e40-cbce3df40c13,api_member_ids,9809aae4-939b-4443-9dd8-bfe1d06ca943,api_member_ids,b8eb1e10-ea5c-4422-835e-d6b7bf8f381f,api_member_ids,0346bf27-30fb-409c-8bd4-bdbb1f7119cd,api_member_ids,057a212c-eb39-4a2a-9f2d-03d3fd854866,542fc051-871c-4b92-9b8e-471e3eaca7ef,b491812f-d0f7-40b0-a9a3-35acafbf1dde,64a2086c-fab7-42f9-b735-ccdfd9cdbb17
8b6dcfa9-56c3-4dd3-9316-a7e32e515cb8,mumbai-city-open-5-01,City Open Mumbai 5.0,City Open,7d488f63-c212-40f7-8f63-b3723273dc6f,Men's Intermediate,Men's,intermediate,C,group,2026-07-31,14:20,COURT 2,2026-07-31T09:11:15.346Z,2026-07-31T09:45:33.090Z,Habib Latif / Salman Damani,Yashvardhan Sarda / Yash Maliwal,Habib Latif,Salman Damani,Yashvardhan Sarda,Yash Maliwal,8-7,1.0,0.0,8.0,7.0,8,7,1.0,,Race to 8,race,completed,Completed,tournament_page,Men's Intermediate,3,716df803-2711-44e0-99a3-c5d59dfde298,api_member_ids,58e20dcc-ea00-430a-b0bb-ca3e7f99ec7d,api_member_ids,33e396ff-a084-4b28-b360-ff47e5b98714,api_member_ids,297053cf-9f92-4115-a09d-1a55c66b6433,api_member_ids,2217e994-be5e-4663-a70e-082ded0f330f,4cb36527-858c-4f19-a372-951776a12b4e,552c8d84-bfa6-4866-9fb0-ad3ce7b7dc18,3d27fba7-5b03-48d6-bd0a-d509aa65daf0
a4079a0d-e715-46c7-90bf-b2a5ced67308,mumbai-city-open-5-01,City Open Mumbai 5.0,City Open,7d488f63-c212-40f7-8f63-b3723273dc6f,Men's Intermediate,Men's,intermediate,D,group,2026-07-31,14:20,COURT 3,2026-07-31T09:04:17.473Z,2026-07-31T09:22:42.357Z,Ankit Bhalwankar / Rajesh Shing,Vansh Bhagtani / Yash Nagdev,Ankit Bhalwankar,Rajesh Shing,Vansh Bhagtani,Yash Nagdev,2-8,0.0,1.0,2.0,8.0,2,8,2.0,,Race to 8,race,completed,Completed,tournament_page,Men's Intermediate,4,a74d7503-db0f-4bca-a110-dd6096dd51a3,api_member_ids,f5db5ed7-b6ba-4ce3-bce7-b0593ce1d8d5,api_member_ids,b8eb1e10-ea5c-4422-835e-d6b7bf8f381f,api_member_ids,0346bf27-30fb-409c-8bd4-bdbb1f7119cd,api_member_ids,1083a15b-611e-499f-8092-c9fb1330c333,f4fdf30a-e441-4045-9d20-4854106cf6ad,b491812f-d0f7-40b0-a9a3-35acafbf1dde,64a2086c-fab7-42f9-b735-ccdfd9cdbb17
16f039f2-99dc-4a87-9f5a-16a15cc3850f,mumbai-city-open-5-01,City Open Mumbai 5.0,City Open,7d488f63-c212-40f7-8f63-b3723273dc6f,Men's Intermediate,Men's,intermediate,E,group,2026-07-31,15:00,COURT 1,2026-07-31T09:34:17.434Z,2026-07-31T09:56:11.702Z,Anshul Gosavi / Ronak Talati,Pratik Bhatia / Kaustubh Thakur,Anshul Gosavi,Ronak Talati,Pratik Bhatia,Kaustubh Thakur,1-8,0.0,1.0,1.0,8.0,1,8,2.0,,Race to 8,race,completed,Completed,tournament_page,Men's Intermediate,3,5fb018f5-d23c-474c-9d85-c7acd4b03f0f,api_member_ids,042630ef-be7b-401e-9a56-2bdbd27b005b,api_member_ids,523ad7a9-7183-4c35-ab10-58045485d4bb,api_member_ids,ranked-kaustubh-thakur,exact_name_guest_record,00570ea2-b175-4d10-b334-791897883bd9,008504ce-1ca5-4ded-81fd-5c7b78ce1ba6,45030cf7-7758-4a1f-8e58-9c0ddca6295c,b2b3606b-575f-4761-a3ef-819898f6cac0
80bc7e35-f267-4d2b-8f2a-0c0439abe7b3,mumbai-city-open-5-01,City Open Mumbai 5.0,City Open,7d488f63-c212-40f7-8f63-b3723273dc6f,Men's Intermediate,Men's,intermediate,F,group,2026-07-31,15:00,COURT 2,2026-07-31T09:48:00.013Z,2026-07-31T10:21:15.575Z,Karan Tandon / Anjan Vachhani,Ahmed Merchant / Abdul Rehman,Karan Tandon,Anjan Vachhani,Ahmed Merchant,Abdul Rehman,8-5,1.0,0.0,8.0,5.0,8,5,1.0,,Race to 8,race,completed,Completed,tournament_page,Men's Intermediate,4,f20c5650-e73d-4731-a1b5-5b89be6d623d,api_member_ids,c440118a-4188-4779-ac49-e31b9bd9398d,api_member_ids,ad7a226c-306a-42ae-ad22-7cdd8beb4077,api_member_ids,ab6b85a1-dd20-44e5-893f-e488cc31bb88,api_member_ids,7986aa69-ef66-4a53-b368-7b99b5d4d4ec,64697761-bcbd-4ddf-a14b-c19ef8bd8874,97f0aca3-388e-460f-85c0-8c125c41896c,47acab17-8ca6-444c-90ef-74eeb6873ae3
e2cb90e4-5852-4dc4-84cd-9a699a193604,mumbai-city-open-5-01,City Open Mumbai 5.0,City Open,7d488f63-c212-40f7-8f63-b3723273dc6f,Men's Intermediate,Men's,intermediate,G,group,2026-07-31,15:00,COURT 3,2026-07-31T09:30:42.463Z,2026-07-31T10:08:23.376Z,Siddharth Sanghai / Annanya Agarwal,Rohan Dhoot / Karan Daftary,Siddharth Sanghai,Annanya Agarwal,Rohan Dhoot,Karan Daftary,8-4,1.0,0.0,8.0,4.0,8,4,1.0,,Race to 8,race,completed,Completed,tournament_page,Men's Intermediate,4,b45f586c-585b-494e-a806-5f9abfe242fb,api_member_ids,cc2048b8-ce98-46c7-9918-b3dbdf5b0385,api_member_ids,2bde84bf-0871-496d-836c-05d90139b08d,api_member_ids,dacff7ad-842d-4f12-8adb-bf190bfb6eb2,api_member_ids,00e90fa9-62d4-403b-92df-8e5b999d6f1b,f5e68d14-0852-43fe-80d9-21dbce949584,f00e1131-a4f6-4b36-9aea-ce67f49e5edd,1fc60681-6625-4493-bfd4-802068bd5de4
c61e7e51-74f2-4cd7-b2ff-ca098491f1f8,mumbai-city-open-5-01,City Open Mumbai 5.0,City Open,7d488f63-c212-40f7-8f63-b3723273dc6f,Men's Intermediate,Men's,intermediate,E,group,2026-07-31,15:40,COURT 1,2026-07-31T10:04:57.655Z,2026-07-31T10:34:03.202Z,Anshul Gosavi / Ronak Talati,Aldrith Fernandez / Dhruva Madhavan,Anshul Gosavi,Ronak Talati,Aldrith Fernandez,Dhruva Madhavan,1-8,0.0,1.0,1.0,8.0,1,8,2.0,,Race to 8,race,completed,Completed,tournament_page,Men's Intermediate,3,5fb018f5-d23c-474c-9d85-c7acd4b03f0f,api_member_ids,042630ef-be7b-401e-9a56-2bdbd27b005b,api_member_ids,402747a2-1ebf-400b-8f55-50dcfee08030,api_member_ids,c0f4df56-a4e6-4c62-a9da-90e308737ffc,api_member_ids,00570ea2-b175-4d10-b334-791897883bd9,008504ce-1ca5-4ded-81fd-5c7b78ce1ba6,c28ae178-f987-47e1-bd54-2d1225c4d5ad,efd15101-086a-40a7-9131-99f620d193ff
897a1ba8-cea5-4781-badd-474c2243a7fc,mumbai-city-open-5-01,City Open Mumbai 5.0,City Open,7d488f63-c212-40f7-8f63-b3723273dc6f,Men's Intermediate,Men's,intermediate,F,group,2026-07-31,15:40,COURT 2,2026-07-31T10:29:31.217Z,2026-07-31T10:54:09.508Z,Karan Tandon / Anjan Vachhani,Ishan Maitreya / Anuj Vaghani,Karan Tandon,Anjan Vachhani,Ishan Maitreya,Anuj Vaghani,2-8,0.0,1.0,2.0,8.0,2,8,2.0,,Race to 8,race,completed,Completed,tournament_page,Men's Intermediate,2,f20c5650-e73d-4731-a1b5-5b89be6d623d,api_member_ids,c440118a-4188-4779-ac49-e31b9bd9398d,api_member_ids,5938a1b7-dfbe-4c9a-8eb1-4debd778d000,api_member_ids,a49f1be2-0fd0-4ea7-81e9-c04f42d129ed,api_member_ids,7986aa69-ef66-4a53-b368-7b99b5d4d4ec,64697761-bcbd-4ddf-a14b-c19ef8bd8874,902e8ad5-f2f0-484b-a9fe-90643c103b62,3d4c19e8-6b9d-4ffc-a9dd-b5c7ed512d8b
27547e1f-ce07-4fbf-9754-17ebc4e9fc4e,mumbai-city-open-5-01,City Open Mumbai 5.0,City Open,7d488f63-c212-40f7-8f63-b3723273dc6f,Men's Intermediate,Men's,intermediate,G,group,2026-07-31,15:40,COURT 3,2026-07-31T10:16:34.046Z,2026-07-31T10:39:54.274Z,Siddharth Sanghai / Annanya Agarwal,Rahil Gala / Tanmay Anand,Siddharth Sanghai,Annanya Agarwal,Rahil Gala,Tanmay Anand,8-2,1.0,0.0,8.0,2.0,8,2,1.0,,Race to 8,race,completed,Completed,tournament_page,Men's Intermediate,4,b45f586c-585b-494e-a806-5f9abfe242fb,api_member_ids,cc2048b8-ce98-46c7-9918-b3dbdf5b0385,api_member_ids,8515d030-3139-4b21-95ed-d7f4cbe438ae,api_member_ids,65e48ebf-0f26-4abe-b2c3-6629ab689249,api_member_ids,00e90fa9-62d4-403b-92df-8e5b999d6f1b,f5e68d14-0852-43fe-80d9-21dbce949584,59b6024c-171b-4219-9536-b1a00abbe6dd,6f3073c3-4a15-49db-88fa-f6f44f4ec88a
2204f2d8-942c-484e-b7f0-65fecab6957a,mumbai-city-open-5-01,City Open Mumbai 5.0,City Open,7d488f63-c212-40f7-8f63-b3723273dc6f,Men's Intermediate,Men's,intermediate,E,group,2026-07-31,16:20,COURT 1,2026-07-31T10:45:42.750Z,2026-07-31T11:20:59.460Z,Pratik Bhatia / Kaustubh Thakur,Aldrith Fernandez / Dhruva Madhavan,Pratik Bhatia,Kaustubh Thakur,Aldrith Fernandez,Dhruva Madhavan,8-3,1.0,0.0,8.0,3.0,8,3,1.0,,Race to 8,race,completed,Completed,tournament_page,Men's Intermediate,3,523ad7a9-7183-4c35-ab10-58045485d4bb,api_member_ids,ranked-kaustubh-thakur,exact_name_guest_record,402747a2-1ebf-400b-8f55-50dcfee08030,api_member_ids,c0f4df56-a4e6-4c62-a9da-90e308737ffc,api_member_ids,45030cf7-7758-4a1f-8e58-9c0ddca6295c,b2b3606b-575f-4761-a3ef-819898f6cac0,c28ae178-f987-47e1-bd54-2d1225c4d5ad,efd15101-086a-40a7-9131-99f620d193ff
46f5dbe8-469f-410a-b690-471befb2cb36,mumbai-city-open-5-01,City Open Mumbai 5.0,City Open,7d488f63-c212-40f7-8f63-b3723273dc6f,Men's Intermediate,Men's,intermediate,F,group,2026-07-31,16:20,COURT 2,2026-07-31T10:59:37.233Z,2026-07-31T11:13:25.058Z,Ahmed Merchant / Abdul Rehman,Ishan Maitreya / Anuj Vaghani,Ahmed Merchant,Abdul Rehman,Ishan Maitreya,Anuj Vaghani,0-8,0.0,1.0,0.0,8.0,0,8,2.0,,Race to 8,race,completed,Completed,tournament_page,Men's Intermediate,4,ad7a226c-306a-42ae-ad22-7cdd8beb4077,api_member_ids,ab6b85a1-dd20-44e5-893f-e488cc31bb88,api_member_ids,5938a1b7-dfbe-4c9a-8eb1-4debd778d000,api_member_ids,a49f1be2-0fd0-4ea7-81e9-c04f42d129ed,api_member_ids,97f0aca3-388e-460f-85c0-8c125c41896c,47acab17-8ca6-444c-90ef-74eeb6873ae3,902e8ad5-f2f0-484b-a9fe-90643c103b62,3d4c19e8-6b9d-4ffc-a9dd-b5c7ed512d8b
5a3a3b83-f67a-495a-bab8-f018fdd6fa30,mumbai-city-open-5-01,City Open Mumbai 5.0,City Open,7d488f63-c212-40f7-8f63-b3723273dc6f,Men's Intermediate,Men's,intermediate,G,group,2026-07-31,16:20,COURT 3,2026-07-31T10:41:15.537Z,2026-07-31T11:12:33.780Z,Rohan Dhoot / Karan Daftary,Rahil Gala / Tanmay Anand,Rohan Dhoot,Karan Daftary,Rahil Gala,Tanmay Anand,8-5,1.0,0.0,8.0,5.0,8,5,1.0,,Race to 8,race,completed,Completed,tournament_page,Men's Intermediate,4,2bde84bf-0871-496d-836c-05d90139b08d,api_member_ids,dacff7ad-842d-4f12-8adb-bf190bfb6eb2,api_member_ids,8515d030-3139-4b21-95ed-d7f4cbe438ae,api_member_ids,65e48ebf-0f26-4abe-b2c3-6629ab689249,api_member_ids,f00e1131-a4f6-4b36-9aea-ce67f49e5edd,1fc60681-6625-4493-bfd4-802068bd5de4,59b6024c-171b-4219-9536-b1a00abbe6dd,6f3073c3-4a15-49db-88fa-f6f44f4ec88a
b88c3c6e-dd47-4a18-80bd-cb4507f88641,mumbai-city-open-5-01,City Open Mumbai 5.0,City Open,7d488f63-c212-40f7-8f63-b3723273dc6f,Men's Intermediate,Men's,intermediate,H,group,2026-07-31,17:00,COURT 3,2026-07-31T11:19:11.197Z,2026-07-31T12:08:17.540Z,Siddharth Kadam / Ishan Jindal,Rahul Parkash / Ishaan Choksi,Siddharth Kadam,Ishan Jindal,Rahul Parkash,Ishaan Choksi,8-6,1.0,0.0,8.0,6.0,8,6,1.0,,Race to 8,race,completed,Completed,tournament_page,Men's Intermediate,4,61d2b099-ebaa-47de-8a92-2a080317a0a7,api_member_ids,e9405a6b-358f-49d5-8f1e-b1104d1f6a95,api_member_ids,c175f136-838a-48d3-9f95-cb8f568a8355,api_member_ids,7f9b1fbf-d6db-428b-9117-7a8b136e2a63,api_member_ids,49641586-7a2f-4e94-a309-7e0b709c8801,5b3e8dfb-5099-487b-87a9-22e011583bb2,72d062ff-b599-45ce-a4ad-ca0d4cdb4d72,75aff92a-b648-42ac-beba-85aabbc67da3
a8b4a721-7ff6-40b9-a525-4a0ef34d4862,mumbai-city-open-5-01,City Open Mumbai 5.0,City Open,7d488f63-c212-40f7-8f63-b3723273dc6f,Men's Intermediate,Men's,intermediate,H,group,2026-07-31,17:40,COURT 3,2026-07-31T12:15:17.622Z,2026-07-31T12:43:09.480Z,Siddharth Kadam / Ishan Jindal,Virel Agarwal / Yugant Gupta,Siddharth Kadam,Ishan Jindal,Virel Agarwal,Yugant Gupta,8-3,1.0,0.0,8.0,3.0,8,3,1.0,,Race to 8,race,completed,Completed,tournament_page,Men's Intermediate,4,61d2b099-ebaa-47de-8a92-2a080317a0a7,api_member_ids,e9405a6b-358f-49d5-8f1e-b1104d1f6a95,api_member_ids,6023f7fb-b00d-4093-ab62-cc6d12726cce,api_member_ids,6ce84d69-d4a3-4a09-91c3-ac921016a281,api_member_ids,49641586-7a2f-4e94-a309-7e0b709c8801,5b3e8dfb-5099-487b-87a9-22e011583bb2,158a952f-27f3-4577-b00a-ec11b0eba40a,16b343c4-24b7-4f89-a7f4-882a18972594
7736a7b1-f073-4d05-a8f5-995acea2b91a,mumbai-city-open-5-01,City Open Mumbai 5.0,City Open,7d488f63-c212-40f7-8f63-b3723273dc6f,Men's Intermediate,Men's,intermediate,H,group,2026-07-31,18:20,COURT 3,2026-07-31T12:49:48.099Z,2026-07-31T13:24:11.606Z,Rahul Parkash / Ishaan Choksi,Virel Agarwal / Yugant Gupta,Rahul Parkash,Ishaan Choksi,Virel Agarwal,Yugant Gupta,8-5,1.0,0.0,8.0,5.0,8,5,1.0,,Race to 8,race,completed,Completed,tournament_page,Men's Intermediate,4,c175f136-838a-48d3-9f95-cb8f568a8355,api_member_ids,7f9b1fbf-d6db-428b-9117-7a8b136e2a63,api_member_ids,6023f7fb-b00d-4093-ab62-cc6d12726cce,api_member_ids,6ce84d69-d4a3-4a09-91c3-ac921016a281,api_member_ids,72d062ff-b599-45ce-a4ad-ca0d4cdb4d72,75aff92a-b648-42ac-beba-85aabbc67da3,158a952f-27f3-4577-b00a-ec11b0eba40a,16b343c4-24b7-4f89-a7f4-882a18972594
59e6f032-1ac8-4ef7-8d4d-de658e4c23f7,mumbai-city-open-5-01,City Open Mumbai 5.0,City Open,7d488f63-c212-40f7-8f63-b3723273dc6f,Men's Intermediate,Men's,intermediate,QF,knockout,2026-08-01,19:00,COURT 3,2026-08-01T13:25:19.961Z,2026-08-01T13:56:43.857Z,Neville Wadia / Kabir Anand,Siddharth Kadam / Ishan Jindal,Neville Wadia,Kabir Anand,Siddharth Kadam,Ishan Jindal,3-9,0.0,1.0,3.0,9.0,3,9,2.0,,Race to 9,race,completed,Completed,tournament_page,Men's Intermediate,3,ce749702-5f83-4cd5-b821-45aeaf7f9848,api_member_ids,3354c5a3-1dbf-47e7-a264-7a573cd0b8e5,api_member_ids,61d2b099-ebaa-47de-8a92-2a080317a0a7,api_member_ids,e9405a6b-358f-49d5-8f1e-b1104d1f6a95,api_member_ids,05e6425e-dfa4-49f9-b168-4ed18294a8e8,73b7a825-e44c-4add-96bf-5adc5ca084a1,49641586-7a2f-4e94-a309-7e0b709c8801,5b3e8dfb-5099-487b-87a9-22e011583bb2
0b0f0ff8-9304-459a-998d-5c0ce28e2227,mumbai-city-open-5-01,City Open Mumbai 5.0,City Open,7d488f63-c212-40f7-8f63-b3723273dc6f,Men's Intermediate,Men's,intermediate,QF,knockout,2026-08-01,19:40,COURT 3,2026-08-01T14:09:29.346Z,2026-08-01T15:12:35.030Z,Vansh Bhagtani / Yash Nagdev,Pratik Bhatia / Kaustubh Thakur,Vansh Bhagtani,Yash Nagdev,Pratik Bhatia,Kaustubh Thakur,8-9,0.0,1.0,8.0,9.0,8,9,2.0,,Race to 9,race,completed,Completed,tournament_page,Men's Intermediate,3,b8eb1e10-ea5c-4422-835e-d6b7bf8f381f,api_member_ids,0346bf27-30fb-409c-8bd4-bdbb1f7119cd,api_member_ids,523ad7a9-7183-4c35-ab10-58045485d4bb,api_member_ids,ranked-kaustubh-thakur,exact_name_guest_record,b491812f-d0f7-40b0-a9a3-35acafbf1dde,64a2086c-fab7-42f9-b735-ccdfd9cdbb17,45030cf7-7758-4a1f-8e58-9c0ddca6295c,b2b3606b-575f-4761-a3ef-819898f6cac0
3b0e4c13-c133-41ac-9ae8-c2f9b1436b72,mumbai-city-open-5-01,City Open Mumbai 5.0,City Open,7d488f63-c212-40f7-8f63-b3723273dc6f,Men's Intermediate,Men's,intermediate,QF,knockout,2026-08-01,20:20,COURT 3,,2026-08-01T15:23:30.592Z,Nandish Shah / Farhan Patrawala,Ishan Maitreya / Anuj Vaghani,Nandish Shah,Farhan Patrawala,Ishan Maitreya,Anuj Vaghani,9-3,1.0,0.0,9.0,3.0,9,3,1.0,Retired,Race to 9,race,completed,Completed,tournament_page,Men's Intermediate,4,7a806e55-76b1-406f-b870-2ed511dccdc9,api_member_ids,7af61236-508f-4495-a2ee-a840e590d19a,api_member_ids,5938a1b7-dfbe-4c9a-8eb1-4debd778d000,api_member_ids,a49f1be2-0fd0-4ea7-81e9-c04f42d129ed,api_member_ids,cef238fa-becc-4c37-841e-a3d7a133e4ae,2e7dcdff-0d19-476b-bdac-41ce80e9d809,902e8ad5-f2f0-484b-a9fe-90643c103b62,3d4c19e8-6b9d-4ffc-a9dd-b5c7ed512d8b
394d3fb0-836b-4dc6-8c81-2e198bbffd37,mumbai-city-open-5-01,City Open Mumbai 5.0,City Open,7d488f63-c212-40f7-8f63-b3723273dc6f,Men's Intermediate,Men's,intermediate,QF,knockout,2026-08-01,21:00,COURT 3,2026-08-01T15:37:18.258Z,2026-08-01T16:06:17.298Z,Samkit Shah / Rahul Chandwani,Siddharth Sanghai / Annanya Agarwal,Samkit Shah,Rahul Chandwani,Siddharth Sanghai,Annanya Agarwal,9-5,1.0,0.0,9.0,5.0,9,5,1.0,,Race to 9,race,completed,Completed,tournament_page,Men's Intermediate,3,6cdc4da7-096f-4c21-a48e-4183e606d2ef,api_member_ids,ea36ad45-24c2-4b1d-b812-8ebcf72eb5b2,api_member_ids,b45f586c-585b-494e-a806-5f9abfe242fb,api_member_ids,cc2048b8-ce98-46c7-9918-b3dbdf5b0385,api_member_ids,46e04f2f-ac7c-4b09-8ea7-4abaab5117cf,795bdbe9-d498-403e-8567-90c85f6fa899,00e90fa9-62d4-403b-92df-8e5b999d6f1b,f5e68d14-0852-43fe-80d9-21dbce949584
5e3b1bb4-d557-47c5-93eb-4f454d414336,mumbai-city-open-5-01,City Open Mumbai 5.0,City Open,7d488f63-c212-40f7-8f63-b3723273dc6f,Men's Intermediate,Men's,intermediate,SF,knockout,2026-08-02,12:00,COURT 3,2026-08-02T06:17:12.059Z,2026-08-02T07:29:38.283Z,Siddharth Kadam / Ishan Jindal,Pratik Bhatia / Kaustubh Thakur,Siddharth Kadam,Ishan Jindal,Pratik Bhatia,Kaustubh Thakur,"3-6, 4-6",0.0,2.0,7.0,12.0,3 4,6 6,2.0,,Best of 3 sets,sets,completed,Completed,tournament_page,Men's Intermediate,3,61d2b099-ebaa-47de-8a92-2a080317a0a7,api_member_ids,e9405a6b-358f-49d5-8f1e-b1104d1f6a95,api_member_ids,523ad7a9-7183-4c35-ab10-58045485d4bb,api_member_ids,ranked-kaustubh-thakur,exact_name_guest_record,49641586-7a2f-4e94-a309-7e0b709c8801,5b3e8dfb-5099-487b-87a9-22e011583bb2,45030cf7-7758-4a1f-8e58-9c0ddca6295c,b2b3606b-575f-4761-a3ef-819898f6cac0
7e05827c-f89f-4451-97b4-8e36b0dc6b1e,mumbai-city-open-5-01,City Open Mumbai 5.0,City Open,7d488f63-c212-40f7-8f63-b3723273dc6f,Men's Intermediate,Men's,intermediate,SF,knockout,2026-08-02,13:30,COURT 3,2026-08-02T08:13:19.838Z,2026-08-02T09:01:56.684Z,Nandish Shah / Farhan Patrawala,Samkit Shah / Rahul Chandwani,Nandish Shah,Farhan Patrawala,Samkit Shah,Rahul Chandwani,"6-4, 6-1",2.0,0.0,12.0,5.0,6 6,4 1,1.0,,Best of 3 sets,sets,completed,Completed,tournament_page,Men's Intermediate,4,7a806e55-76b1-406f-b870-2ed511dccdc9,api_member_ids,7af61236-508f-4495-a2ee-a840e590d19a,api_member_ids,6cdc4da7-096f-4c21-a48e-4183e606d2ef,api_member_ids,ea36ad45-24c2-4b1d-b812-8ebcf72eb5b2,api_member_ids,cef238fa-becc-4c37-841e-a3d7a133e4ae,2e7dcdff-0d19-476b-bdac-41ce80e9d809,46e04f2f-ac7c-4b09-8ea7-4abaab5117cf,795bdbe9-d498-403e-8567-90c85f6fa899
f68b8040-7822-4f7c-9477-c20c0588a55b,mumbai-city-open-5-01,City Open Mumbai 5.0,City Open,7d488f63-c212-40f7-8f63-b3723273dc6f,Men's Intermediate,Men's,intermediate,F,knockout,2026-08-02,19:00,COURT 3,2026-08-02T13:23:06.857Z,2026-08-02T14:15:20.468Z,Pratik Bhatia / Kaustubh Thakur,Nandish Shah / Farhan Patrawala,Pratik Bhatia,Kaustubh Thakur,Nandish Shah,Farhan Patrawala,"0-6, 3-6",0.0,2.0,3.0,12.0,0 3,6 6,2.0,,Best of 3 sets,sets,completed,Completed,tournament_page,Men's Intermediate,3,523ad7a9-7183-4c35-ab10-58045485d4bb,api_member_ids,ranked-kaustubh-thakur,exact_name_guest_record,7a806e55-76b1-406f-b870-2ed511dccdc9,api_member_ids,7af61236-508f-4495-a2ee-a840e590d19a,api_member_ids,45030cf7-7758-4a1f-8e58-9c0ddca6295c,b2b3606b-575f-4761-a3ef-819898f6cac0,cef238fa-becc-4c37-841e-a3d7a133e4ae,2e7dcdff-0d19-476b-bdac-41ce80e9d809
42b78c2a-26fc-43dd-819e-7768138e6a17,mumbai-city-open-5-01,City Open Mumbai 5.0,City Open,b7b770be-18d5-4609-bdf5-585a4c25ec2b,Men's Advance,Men's,advance,A,group,2026-08-01,07:00,COURT 1,2026-08-01T01:45:50.792Z,2026-08-01T01:59:43.859Z,Chaitanya Shah / Aditya Jagtap,Advait Bahl / Bhagya Popat,Chaitanya Shah,Aditya Jagtap,Advait Bahl,Bhagya Popat,8-0,1.0,0.0,8.0,0.0,8,0,1.0,,Race to 8,race,completed,Completed,tournament_page,Men's Advance,1,5efe3810-7452-45ba-9911-ef58eb490a3f,api_member_ids,9db40aca-2be2-4bdd-b807-02ad8bb8bf77,api_member_ids,13d6188c-cd2e-4152-a5c2-0b82573143b9,api_member_ids,7078cecf-5699-43ef-aefe-dd1c239e92ba,api_member_ids,7110e895-a220-4a54-bd4f-0fa8492d43e0,986cf64c-cd5a-47db-a4ae-aa1898e83e17,b54fc92b-ccd7-49d6-abb4-6dac5ba45af4,48dca4c5-9e5b-4eeb-838c-e65fcf8a90b1
ed22db3a-7120-4f96-a35b-bb1de7888956,mumbai-city-open-5-01,City Open Mumbai 5.0,City Open,b7b770be-18d5-4609-bdf5-585a4c25ec2b,Men's Advance,Men's,advance,B,group,2026-08-01,07:00,COURT 2,2026-08-01T01:42:37.042Z,2026-08-01T02:22:28.588Z,Rahul Motwani / Aryan Goveas,Adit Patel / Abhishek Gupta,Rahul Motwani,Aryan Goveas,Adit Patel,Abhishek Gupta,6-8,0.0,1.0,6.0,8.0,6,8,2.0,,Race to 8,race,completed,Completed,tournament_page,Men's Advance,1,5854e023-8f2c-4811-82ed-0e54efaf63ec,api_member_ids,46d8e856-a32f-4060-bf62-6b24fb9e6a8d,api_member_ids,cdd858a3-1533-4a7b-bf8b-1b94f0f3b868,api_member_ids,9140618c-3629-4b96-9a53-39084fc8aa5e,api_member_ids,ea83aaef-ced3-4a99-9bd1-603725fa12b5,4c1b53be-0190-4a67-a37f-1b15f232375a,110a8e94-c9a2-4a77-b604-1d8d4d998593,acca8958-2dc2-40df-b13e-b197f42543e1
e5aa0083-9b14-4933-a27c-999a33134484,mumbai-city-open-5-01,City Open Mumbai 5.0,City Open,b7b770be-18d5-4609-bdf5-585a4c25ec2b,Men's Advance,Men's,advance,C,group,2026-08-01,07:00,COURT 3,2026-08-01T01:47:27.525Z,2026-08-01T02:18:26.648Z,Taran Mundkar / Samar Malhotra,Parikshit Somani / Paramveer Singh Bajwa,Taran Mundkar,Samar Malhotra,Parikshit Somani,Paramveer Singh Bajwa,6-8,0.0,1.0,6.0,8.0,6,8,2.0,,Race to 8,race,completed,Completed,tournament_page,Men's Advance,2,433ad480-92da-44d3-b432-953719fa8ea3,api_member_ids,a57ef4ab-a62e-4b71-a4d2-0f267dea2626,api_member_ids,bf973053-492f-4dca-a909-7310fa8693f9,api_member_ids,29e75609-025c-485b-a40a-969d2ce6e6bc,api_member_ids,e3fd1a7e-4a0c-41c5-967c-a034d3681ebe,bff6b332-5966-4d5b-86e6-c04a59ea7bb0,bca59b61-2791-4b4c-86d1-8d11bf0f8c0f,40c0fe06-dfb6-4bfd-bee6-1c1c63fa37d5
74ccd074-ec97-4cec-9874-42508a9d870b,mumbai-city-open-5-01,City Open Mumbai 5.0,City Open,b7b770be-18d5-4609-bdf5-585a4c25ec2b,Men's Advance,Men's,advance,A,group,2026-08-01,07:40,COURT 1,2026-08-01T02:10:28.198Z,2026-08-01T02:29:11.017Z,Swaraj D / Kaivalya Kalamse,Rahil Saboo / Rehan Malik,Swaraj D,Kaivalya Kalamse,Rahil Saboo,Rehan Malik,8-1,1.0,0.0,8.0,1.0,8,1,1.0,,Race to 8,race,completed,Completed,tournament_page,Men's Advance,2,d53736bd-2d26-4977-9d4f-edb8ddc49ffb,api_member_ids,182f09bb-25ba-4086-99ca-a7f5a52303bf,api_member_ids,75773700-bff1-4aaf-93a5-59442aac5c0d,api_member_ids,3c8b6bfa-05d8-417f-bd24-a3edf965c004,api_member_ids,5a133814-8cdc-4e87-a226-7656aa73c24a,b86941fd-f76a-445c-a44a-403b05dd8042,38a6179c-f06e-49c7-bfaa-473543ab9f5b,64e21377-d5b6-4ab5-964b-b569294842ff
c2dc1105-a267-423e-a981-719c1cb7f2af,mumbai-city-open-5-01,City Open Mumbai 5.0,City Open,b7b770be-18d5-4609-bdf5-585a4c25ec2b,Men's Advance,Men's,advance,B,group,2026-08-01,07:40,COURT 2,2026-08-01T02:31:35.761Z,2026-08-01T03:01:21.659Z,Shashank Mittal / Tanay Gabhawala,Aryaman Jajodia / Ankit Agarwal,Shashank Mittal,Tanay Gabhawala,Aryaman Jajodia,Ankit Agarwal,8-3,1.0,0.0,8.0,3.0,8,3,1.0,,Race to 8,race,completed,Completed,tournament_page,Men's Advance,4,25361116-4f57-4024-b424-a8246e491c54,api_member_ids,310f748b-4718-461d-aa46-f7537fcfa9e5,api_member_ids,2973535a-1a87-4eb9-85af-f8d5c2f523c2,api_member_ids,d4d1cf44-7849-4baa-b956-c56e4613995b,api_member_ids,19b1e4ca-6271-4bda-86c6-a1512dcff757,488df525-381a-4d45-9ec2-ceb9d6e320ea,f8b83d85-8de2-4747-9593-c26b63cdd7d9,e71d9a06-c99a-4de7-9252-23e9224d1fc0
7529be38-3c30-4c0e-b3f2-4e47e1b68a3c,mumbai-city-open-5-01,City Open Mumbai 5.0,City Open,b7b770be-18d5-4609-bdf5-585a4c25ec2b,Men's Advance,Men's,advance,C,group,2026-08-01,07:40,COURT 3,2026-08-01T02:30:16.467Z,2026-08-01T02:57:24.519Z,Varshil Trambadiya / Antariksh Mohandas,Aakarsh Gulati / Yash Shah,Varshil Trambadiya,Antariksh Mohandas,Aakarsh Gulati,Yash Shah,8-2,1.0,0.0,8.0,2.0,8,2,1.0,,Race to 8,race,completed,Completed,tournament_page,Men's Advance,2,783fd411-3a52-446e-90cc-2fcef2baaa51,api_member_ids,8730ad11-d9e2-4028-bd65-065e792eee00,api_member_ids,888d1ad6-14e8-4deb-92d1-40d24f2cb4f1,api_member_ids,98d6496b-f094-4f7b-abfa-811d3f4a34b6,api_member_ids,f2e807af-81b6-4aa6-9528-db80dc6116c8,295659ad-814c-4dd6-bd76-d3dfbed60f9e,629701ab-5426-43a9-bc6b-f1f4a936247b,42b2c01f-5f96-4d2b-bb33-acd3a9be8580
44aab662-0045-4736-86f9-268d9e58ebac,mumbai-city-open-5-01,City Open Mumbai 5.0,City Open,b7b770be-18d5-4609-bdf5-585a4c25ec2b,Men's Advance,Men's,advance,A,group,2026-08-01,08:20,COURT 1,2026-08-01T02:37:19.020Z,2026-08-01T03:07:28.795Z,Chaitanya Shah / Aditya Jagtap,Swaraj D / Kaivalya Kalamse,Chaitanya Shah,Aditya Jagtap,Swaraj D,Kaivalya Kalamse,8-3,1.0,0.0,8.0,3.0,8,3,1.0,,Race to 8,race,completed,Completed,tournament_page,Men's Advance,1,5efe3810-7452-45ba-9911-ef58eb490a3f,api_member_ids,9db40aca-2be2-4bdd-b807-02ad8bb8bf77,api_member_ids,d53736bd-2d26-4977-9d4f-edb8ddc49ffb,api_member_ids,182f09bb-25ba-4086-99ca-a7f5a52303bf,api_member_ids,7110e895-a220-4a54-bd4f-0fa8492d43e0,986cf64c-cd5a-47db-a4ae-aa1898e83e17,5a133814-8cdc-4e87-a226-7656aa73c24a,b86941fd-f76a-445c-a44a-403b05dd8042
ed4b0ce5-d9eb-488d-bcc6-5cbf6f5bfda4,mumbai-city-open-5-01,City Open Mumbai 5.0,City Open,b7b770be-18d5-4609-bdf5-585a4c25ec2b,Men's Advance,Men's,advance,B,group,2026-08-01,08:20,COURT 2,2026-08-01T03:06:18.626Z,2026-08-01T03:22:46.331Z,Rahul Motwani / Aryan Goveas,Shashank Mittal / Tanay Gabhawala,Rahul Motwani,Aryan Goveas,Shashank Mittal,Tanay Gabhawala,8-1,1.0,0.0,8.0,1.0,8,1,1.0,,Race to 8,race,completed,Completed,tournament_page,Men's Advance,2,5854e023-8f2c-4811-82ed-0e54efaf63ec,api_member_ids,46d8e856-a32f-4060-bf62-6b24fb9e6a8d,api_member_ids,25361116-4f57-4024-b424-a8246e491c54,api_member_ids,310f748b-4718-461d-aa46-f7537fcfa9e5,api_member_ids,ea83aaef-ced3-4a99-9bd1-603725fa12b5,4c1b53be-0190-4a67-a37f-1b15f232375a,19b1e4ca-6271-4bda-86c6-a1512dcff757,488df525-381a-4d45-9ec2-ceb9d6e320ea
d1b0ab9b-ff8e-4c2f-9653-5db688ba0903,mumbai-city-open-5-01,City Open Mumbai 5.0,City Open,b7b770be-18d5-4609-bdf5-585a4c25ec2b,Men's Advance,Men's,advance,C,group,2026-08-01,08:20,COURT 3,2026-08-01T03:31:47.111Z,2026-08-01T04:01:24.243Z,Taran Mundkar / Samar Malhotra,Varshil Trambadiya / Antariksh Mohandas,Taran Mundkar,Samar Malhotra,Varshil Trambadiya,Antariksh Mohandas,8-5,1.0,0.0,8.0,5.0,8,5,1.0,,Race to 8,race,completed,Completed,tournament_page,Men's Advance,1,433ad480-92da-44d3-b432-953719fa8ea3,api_member_ids,a57ef4ab-a62e-4b71-a4d2-0f267dea2626,api_member_ids,783fd411-3a52-446e-90cc-2fcef2baaa51,api_member_ids,8730ad11-d9e2-4028-bd65-065e792eee00,api_member_ids,e3fd1a7e-4a0c-41c5-967c-a034d3681ebe,bff6b332-5966-4d5b-86e6-c04a59ea7bb0,f2e807af-81b6-4aa6-9528-db80dc6116c8,295659ad-814c-4dd6-bd76-d3dfbed60f9e
d2fb5c0e-33ce-4df1-ab80-43e885603c75,mumbai-city-open-5-01,City Open Mumbai 5.0,City Open,b7b770be-18d5-4609-bdf5-585a4c25ec2b,Men's Advance,Men's,advance,A,group,2026-08-01,09:00,COURT 1,2026-08-01T03:16:58.049Z,2026-08-01T04:01:58.328Z,Advait Bahl / Bhagya Popat,Rahil Saboo / Rehan Malik,Advait Bahl,Bhagya Popat,Rahil Saboo,Rehan Malik,7-8,0.0,1.0,7.0,8.0,7,8,2.0,,Race to 8,race,completed,Completed,tournament_page,Men's Advance,2,13d6188c-cd2e-4152-a5c2-0b82573143b9,api_member_ids,7078cecf-5699-43ef-aefe-dd1c239e92ba,api_member_ids,75773700-bff1-4aaf-93a5-59442aac5c0d,api_member_ids,3c8b6bfa-05d8-417f-bd24-a3edf965c004,api_member_ids,b54fc92b-ccd7-49d6-abb4-6dac5ba45af4,48dca4c5-9e5b-4eeb-838c-e65fcf8a90b1,38a6179c-f06e-49c7-bfaa-473543ab9f5b,64e21377-d5b6-4ab5-964b-b569294842ff
a9af1cfe-b257-4c08-a6a4-d3d0f14ee75a,mumbai-city-open-5-01,City Open Mumbai 5.0,City Open,b7b770be-18d5-4609-bdf5-585a4c25ec2b,Men's Advance,Men's,advance,B,group,2026-08-01,09:00,COURT 2,2026-08-01T03:28:56.188Z,2026-08-01T04:18:56.221Z,Adit Patel / Abhishek Gupta,Aryaman Jajodia / Ankit Agarwal,Adit Patel,Abhishek Gupta,Aryaman Jajodia,Ankit Agarwal,8-7,1.0,0.0,8.0,7.0,8,7,1.0,,Race to 8,race,completed,Completed,tournament_page,Men's Advance,3,cdd858a3-1533-4a7b-bf8b-1b94f0f3b868,api_member_ids,9140618c-3629-4b96-9a53-39084fc8aa5e,api_member_ids,2973535a-1a87-4eb9-85af-f8d5c2f523c2,api_member_ids,d4d1cf44-7849-4baa-b956-c56e4613995b,api_member_ids,110a8e94-c9a2-4a77-b604-1d8d4d998593,acca8958-2dc2-40df-b13e-b197f42543e1,f8b83d85-8de2-4747-9593-c26b63cdd7d9,e71d9a06-c99a-4de7-9252-23e9224d1fc0
bb2d42de-e64d-417b-952e-920b31994222,mumbai-city-open-5-01,City Open Mumbai 5.0,City Open,b7b770be-18d5-4609-bdf5-585a4c25ec2b,Men's Advance,Men's,advance,C,group,2026-08-01,09:00,COURT 3,2026-08-01T03:04:47.698Z,2026-08-01T03:21:58.444Z,Parikshit Somani / Paramveer Singh Bajwa,Aakarsh Gulati / Yash Shah,Parikshit Somani,Paramveer Singh Bajwa,Aakarsh Gulati,Yash Shah,8-0,1.0,0.0,8.0,0.0,8,0,1.0,,Race to 8,race,completed,Completed,tournament_page,Men's Advance,3,bf973053-492f-4dca-a909-7310fa8693f9,api_member_ids,29e75609-025c-485b-a40a-969d2ce6e6bc,api_member_ids,888d1ad6-14e8-4deb-92d1-40d24f2cb4f1,api_member_ids,98d6496b-f094-4f7b-abfa-811d3f4a34b6,api_member_ids,bca59b61-2791-4b4c-86d1-8d11bf0f8c0f,40c0fe06-dfb6-4bfd-bee6-1c1c63fa37d5,629701ab-5426-43a9-bc6b-f1f4a936247b,42b2c01f-5f96-4d2b-bb33-acd3a9be8580
da940779-d6ac-40ca-aac0-b26f38ff8b42,mumbai-city-open-5-01,City Open Mumbai 5.0,City Open,b7b770be-18d5-4609-bdf5-585a4c25ec2b,Men's Advance,Men's,advance,A,group,2026-08-01,09:40,COURT 1,2026-08-01T04:14:25.711Z,2026-08-01T04:33:43.995Z,Chaitanya Shah / Aditya Jagtap,Rahil Saboo / Rehan Malik,Chaitanya Shah,Aditya Jagtap,Rahil Saboo,Rehan Malik,8-3,1.0,0.0,8.0,3.0,8,3,1.0,,Race to 8,race,completed,Completed,tournament_page,Men's Advance,3,5efe3810-7452-45ba-9911-ef58eb490a3f,api_member_ids,9db40aca-2be2-4bdd-b807-02ad8bb8bf77,api_member_ids,75773700-bff1-4aaf-93a5-59442aac5c0d,api_member_ids,3c8b6bfa-05d8-417f-bd24-a3edf965c004,api_member_ids,7110e895-a220-4a54-bd4f-0fa8492d43e0,986cf64c-cd5a-47db-a4ae-aa1898e83e17,38a6179c-f06e-49c7-bfaa-473543ab9f5b,64e21377-d5b6-4ab5-964b-b569294842ff
ae0980c7-64e7-423a-bbfa-198343369b0f,mumbai-city-open-5-01,City Open Mumbai 5.0,City Open,b7b770be-18d5-4609-bdf5-585a4c25ec2b,Men's Advance,Men's,advance,C,group,2026-08-01,09:40,COURT 3,2026-08-01T04:07:47.426Z,2026-08-01T04:35:04.427Z,Taran Mundkar / Samar Malhotra,Aakarsh Gulati / Yash Shah,Taran Mundkar,Samar Malhotra,Aakarsh Gulati,Yash Shah,8-5,1.0,0.0,8.0,5.0,8,5,1.0,,Race to 8,race,completed,Completed,tournament_page,Men's Advance,3,433ad480-92da-44d3-b432-953719fa8ea3,api_member_ids,a57ef4ab-a62e-4b71-a4d2-0f267dea2626,api_member_ids,888d1ad6-14e8-4deb-92d1-40d24f2cb4f1,api_member_ids,98d6496b-f094-4f7b-abfa-811d3f4a34b6,api_member_ids,e3fd1a7e-4a0c-41c5-967c-a034d3681ebe,bff6b332-5966-4d5b-86e6-c04a59ea7bb0,629701ab-5426-43a9-bc6b-f1f4a936247b,42b2c01f-5f96-4d2b-bb33-acd3a9be8580
d653aa4a-ecc7-4f6c-95da-ee9657d4109e,mumbai-city-open-5-01,City Open Mumbai 5.0,City Open,b7b770be-18d5-4609-bdf5-585a4c25ec2b,Men's Advance,Men's,advance,B,group,2026-08-01,09:40,COURT 2,2026-08-01T04:23:43.927Z,2026-08-01T04:43:30.945Z,Rahul Motwani / Aryan Goveas,Aryaman Jajodia / Ankit Agarwal,Rahul Motwani,Aryan Goveas,Aryaman Jajodia,Ankit Agarwal,8-1,1.0,0.0,8.0,1.0,8,1,1.0,,Race to 8,race,completed,Completed,tournament_page,Men's Advance,2,5854e023-8f2c-4811-82ed-0e54efaf63ec,api_member_ids,46d8e856-a32f-4060-bf62-6b24fb9e6a8d,api_member_ids,2973535a-1a87-4eb9-85af-f8d5c2f523c2,api_member_ids,d4d1cf44-7849-4baa-b956-c56e4613995b,api_member_ids,ea83aaef-ced3-4a99-9bd1-603725fa12b5,4c1b53be-0190-4a67-a37f-1b15f232375a,f8b83d85-8de2-4747-9593-c26b63cdd7d9,e71d9a06-c99a-4de7-9252-23e9224d1fc0
47942c3e-17bf-48e8-9b1b-51a1b3e04a34,mumbai-city-open-5-01,City Open Mumbai 5.0,City Open,b7b770be-18d5-4609-bdf5-585a4c25ec2b,Men's Advance,Men's,advance,A,group,2026-08-01,10:20,COURT 1,2026-08-01T04:39:25.128Z,2026-08-01T05:04:10.797Z,Advait Bahl / Bhagya Popat,Swaraj D / Kaivalya Kalamse,Advait Bahl,Bhagya Popat,Swaraj D,Kaivalya Kalamse,1-8,0.0,1.0,1.0,8.0,1,8,2.0,,Race to 8,race,completed,Completed,tournament_page,Men's Advance,0,13d6188c-cd2e-4152-a5c2-0b82573143b9,api_member_ids,7078cecf-5699-43ef-aefe-dd1c239e92ba,api_member_ids,d53736bd-2d26-4977-9d4f-edb8ddc49ffb,api_member_ids,182f09bb-25ba-4086-99ca-a7f5a52303bf,api_member_ids,b54fc92b-ccd7-49d6-abb4-6dac5ba45af4,48dca4c5-9e5b-4eeb-838c-e65fcf8a90b1,5a133814-8cdc-4e87-a226-7656aa73c24a,b86941fd-f76a-445c-a44a-403b05dd8042
7fa86192-fcc1-46ed-a222-65787bf24e09,mumbai-city-open-5-01,City Open Mumbai 5.0,City Open,b7b770be-18d5-4609-bdf5-585a4c25ec2b,Men's Advance,Men's,advance,B,group,2026-08-01,10:20,COURT 2,2026-08-01T04:50:31.004Z,2026-08-01T05:19:43.558Z,Adit Patel / Abhishek Gupta,Shashank Mittal / Tanay Gabhawala,Adit Patel,Abhishek Gupta,Shashank Mittal,Tanay Gabhawala,8-4,1.0,0.0,8.0,4.0,8,4,1.0,,Race to 8,race,completed,Completed,tournament_page,Men's Advance,3,cdd858a3-1533-4a7b-bf8b-1b94f0f3b868,api_member_ids,9140618c-3629-4b96-9a53-39084fc8aa5e,api_member_ids,25361116-4f57-4024-b424-a8246e491c54,api_member_ids,310f748b-4718-461d-aa46-f7537fcfa9e5,api_member_ids,110a8e94-c9a2-4a77-b604-1d8d4d998593,acca8958-2dc2-40df-b13e-b197f42543e1,19b1e4ca-6271-4bda-86c6-a1512dcff757,488df525-381a-4d45-9ec2-ceb9d6e320ea
f13e89c4-ae00-4d7f-9c99-d3f4eefe964f,mumbai-city-open-5-01,City Open Mumbai 5.0,City Open,b7b770be-18d5-4609-bdf5-585a4c25ec2b,Men's Advance,Men's,advance,C,group,2026-08-01,10:20,COURT 3,2026-08-01T04:42:08.525Z,2026-08-01T05:10:13.611Z,Parikshit Somani / Paramveer Singh Bajwa,Varshil Trambadiya / Antariksh Mohandas,Parikshit Somani,Paramveer Singh Bajwa,Varshil Trambadiya,Antariksh Mohandas,8-3,1.0,0.0,8.0,3.0,8,3,1.0,,Race to 8,race,completed,Completed,tournament_page,Men's Advance,1,bf973053-492f-4dca-a909-7310fa8693f9,api_member_ids,29e75609-025c-485b-a40a-969d2ce6e6bc,api_member_ids,783fd411-3a52-446e-90cc-2fcef2baaa51,api_member_ids,8730ad11-d9e2-4028-bd65-065e792eee00,api_member_ids,bca59b61-2791-4b4c-86d1-8d11bf0f8c0f,40c0fe06-dfb6-4bfd-bee6-1c1c63fa37d5,f2e807af-81b6-4aa6-9528-db80dc6116c8,295659ad-814c-4dd6-bd76-d3dfbed60f9e
f80a7c18-5b62-4194-a70c-01ccae2bc161,mumbai-city-open-5-01,City Open Mumbai 5.0,City Open,b7b770be-18d5-4609-bdf5-585a4c25ec2b,Men's Advance,Men's,advance,D,group,2026-08-01,11:00,COURT 1,2026-08-01T05:43:16.436Z,2026-08-01T06:12:34.587Z,Aryan Hemdev / Porus Shroff,Manav Sreekumar / Omar Sumar,Aryan Hemdev,Porus Shroff,Manav Sreekumar,Omar Sumar,8-3,1.0,0.0,8.0,3.0,8,3,1.0,,Race to 8,race,completed,Completed,tournament_page,Men's Advance,3,531b4b75-e3cf-439f-a0fb-5e83867deff8,api_member_ids,d1274dd2-48b5-46b9-9049-6a6bcc38fd2e,api_member_ids,e9aef618-db1c-42e9-a0ed-c3050a376e4f,api_member_ids,b0ab65aa-1c74-4f18-943e-2e151c440ef4,api_member_ids,3d1f9f05-0842-4fd3-8b6d-78a7b4b514f0,6f9835de-578e-484e-8433-bd7e6cadd56b,ad7d512a-8bca-488c-95ef-897cca7f5a68,c228be28-d6aa-4e59-a3d0-494ef89b04c8
5351a31b-a369-4cee-a079-af028e83d787,mumbai-city-open-5-01,City Open Mumbai 5.0,City Open,b7b770be-18d5-4609-bdf5-585a4c25ec2b,Men's Advance,Men's,advance,D,group,2026-08-01,11:40,COURT 1,2026-08-01T06:21:01.364Z,2026-08-01T07:05:42.031Z,Mihir Akolkar / Saish Shelkar,Tanay Mehta / Jehan Mehta,Mihir Akolkar,Saish Shelkar,Tanay Mehta,Jehan Mehta,3-8,0.0,1.0,3.0,8.0,3,8,2.0,,Race to 8,race,completed,Completed,tournament_page,Men's Advance,1,06a4aeef-aaca-45ef-a83a-cb3c703c9789,api_member_ids,6b49f7ef-e989-4036-816e-f0267d3c3ef0,api_member_ids,6dc1ecef-b2d9-4579-a1d0-c69e2553a65c,api_member_ids,5864aa85-bcf0-49c8-b62e-15c7d244e576,api_member_ids,9fcc7f9a-1a5c-473f-8372-be3d1ddfe6e8,21db2aa9-98a5-4afe-b897-d5e242236e21,927d05ab-aa0d-4f16-acde-a02f8f6c8f7e,a65006b1-b0a1-4558-ab47-994dd9df34f7
828509a6-8087-4f22-aec9-e14d1755fef3,mumbai-city-open-5-01,City Open Mumbai 5.0,City Open,b7b770be-18d5-4609-bdf5-585a4c25ec2b,Men's Advance,Men's,advance,D,group,2026-08-01,12:20,COURT 1,2026-08-01T07:09:24.931Z,2026-08-01T07:35:23.570Z,Aryan Hemdev / Porus Shroff,Mihir Akolkar / Saish Shelkar,Aryan Hemdev,Porus Shroff,Mihir Akolkar,Saish Shelkar,8-1,1.0,0.0,8.0,1.0,8,1,1.0,,Race to 8,race,completed,Completed,tournament_page,Men's Advance,1,531b4b75-e3cf-439f-a0fb-5e83867deff8,api_member_ids,d1274dd2-48b5-46b9-9049-6a6bcc38fd2e,api_member_ids,06a4aeef-aaca-45ef-a83a-cb3c703c9789,api_member_ids,6b49f7ef-e989-4036-816e-f0267d3c3ef0,api_member_ids,3d1f9f05-0842-4fd3-8b6d-78a7b4b514f0,6f9835de-578e-484e-8433-bd7e6cadd56b,9fcc7f9a-1a5c-473f-8372-be3d1ddfe6e8,21db2aa9-98a5-4afe-b897-d5e242236e21
d39726c0-f0ae-480c-a453-8de3b8cc55ae,mumbai-city-open-5-01,City Open Mumbai 5.0,City Open,b7b770be-18d5-4609-bdf5-585a4c25ec2b,Men's Advance,Men's,advance,D,group,2026-08-01,13:00,COURT 1,2026-08-01T07:47:55.595Z,2026-08-01T08:28:31.050Z,Manav Sreekumar / Omar Sumar,Tanay Mehta / Jehan Mehta,Manav Sreekumar,Omar Sumar,Tanay Mehta,Jehan Mehta,6-8,0.0,1.0,6.0,8.0,6,8,2.0,,Race to 8,race,completed,Completed,tournament_page,Men's Advance,3,e9aef618-db1c-42e9-a0ed-c3050a376e4f,api_member_ids,b0ab65aa-1c74-4f18-943e-2e151c440ef4,api_member_ids,6dc1ecef-b2d9-4579-a1d0-c69e2553a65c,api_member_ids,5864aa85-bcf0-49c8-b62e-15c7d244e576,api_member_ids,ad7d512a-8bca-488c-95ef-897cca7f5a68,c228be28-d6aa-4e59-a3d0-494ef89b04c8,927d05ab-aa0d-4f16-acde-a02f8f6c8f7e,a65006b1-b0a1-4558-ab47-994dd9df34f7
21531498-a30e-4829-8692-652b9a4bb49f,mumbai-city-open-5-01,City Open Mumbai 5.0,City Open,b7b770be-18d5-4609-bdf5-585a4c25ec2b,Men's Advance,Men's,advance,D,group,2026-08-01,13:40,COURT 1,2026-08-01T08:46:02.748Z,2026-08-01T09:19:31.721Z,Aryan Hemdev / Porus Shroff,Tanay Mehta / Jehan Mehta,Aryan Hemdev,Porus Shroff,Tanay Mehta,Jehan Mehta,8-3,1.0,0.0,8.0,3.0,8,3,1.0,,Race to 8,race,completed,Completed,tournament_page,Men's Advance,3,531b4b75-e3cf-439f-a0fb-5e83867deff8,api_member_ids,d1274dd2-48b5-46b9-9049-6a6bcc38fd2e,api_member_ids,6dc1ecef-b2d9-4579-a1d0-c69e2553a65c,api_member_ids,5864aa85-bcf0-49c8-b62e-15c7d244e576,api_member_ids,3d1f9f05-0842-4fd3-8b6d-78a7b4b514f0,6f9835de-578e-484e-8433-bd7e6cadd56b,927d05ab-aa0d-4f16-acde-a02f8f6c8f7e,a65006b1-b0a1-4558-ab47-994dd9df34f7
1f97db07-67f9-4200-9399-271f5d1449d4,mumbai-city-open-5-01,City Open Mumbai 5.0,City Open,b7b770be-18d5-4609-bdf5-585a4c25ec2b,Men's Advance,Men's,advance,D,group,2026-08-01,14:20,COURT 1,2026-08-01T08:48:46.329Z,2026-08-01T09:17:16.492Z,Manav Sreekumar / Omar Sumar,Mihir Akolkar / Saish Shelkar,Manav Sreekumar,Omar Sumar,Mihir Akolkar,Saish Shelkar,5-8,0.0,1.0,5.0,8.0,5,8,2.0,,Race to 8,race,completed,Completed,tournament_page,Men's Advance,2,e9aef618-db1c-42e9-a0ed-c3050a376e4f,api_member_ids,b0ab65aa-1c74-4f18-943e-2e151c440ef4,api_member_ids,06a4aeef-aaca-45ef-a83a-cb3c703c9789,api_member_ids,6b49f7ef-e989-4036-816e-f0267d3c3ef0,api_member_ids,ad7d512a-8bca-488c-95ef-897cca7f5a68,c228be28-d6aa-4e59-a3d0-494ef89b04c8,9fcc7f9a-1a5c-473f-8372-be3d1ddfe6e8,21db2aa9-98a5-4afe-b897-d5e242236e21
c6ae8149-1550-47c8-a901-feba51a9eddd,mumbai-city-open-5-01,City Open Mumbai 5.0,City Open,b7b770be-18d5-4609-bdf5-585a4c25ec2b,Men's Advance,Men's,advance,QF,knockout,2026-08-01,19:00,COURT 1,2026-08-01T15:21:34.023Z,2026-08-01T16:07:43.545Z,Rahul Motwani / Aryan Goveas,Parikshit Somani / Paramveer Singh Bajwa,Rahul Motwani,Aryan Goveas,Parikshit Somani,Paramveer Singh Bajwa,7-9,0.0,1.0,7.0,9.0,7,9,2.0,,Race to 9,race,completed,Completed,tournament_page,Men's Advance,1,5854e023-8f2c-4811-82ed-0e54efaf63ec,api_member_ids,46d8e856-a32f-4060-bf62-6b24fb9e6a8d,api_member_ids,bf973053-492f-4dca-a909-7310fa8693f9,api_member_ids,29e75609-025c-485b-a40a-969d2ce6e6bc,api_member_ids,ea83aaef-ced3-4a99-9bd1-603725fa12b5,4c1b53be-0190-4a67-a37f-1b15f232375a,bca59b61-2791-4b4c-86d1-8d11bf0f8c0f,40c0fe06-dfb6-4bfd-bee6-1c1c63fa37d5
285971da-8e91-4f9c-8415-28fb85c611ef,mumbai-city-open-5-01,City Open Mumbai 5.0,City Open,b7b770be-18d5-4609-bdf5-585a4c25ec2b,Men's Advance,Men's,advance,QF,knockout,2026-08-01,19:00,COURT 2,2026-08-01T13:48:55.472Z,2026-08-01T14:19:21.545Z,Chaitanya Shah / Aditya Jagtap,Tanay Mehta / Jehan Mehta,Chaitanya Shah,Aditya Jagtap,Tanay Mehta,Jehan Mehta,9-3,1.0,0.0,9.0,3.0,9,3,1.0,,Race to 9,race,completed,Completed,tournament_page,Men's Advance,3,5efe3810-7452-45ba-9911-ef58eb490a3f,api_member_ids,9db40aca-2be2-4bdd-b807-02ad8bb8bf77,api_member_ids,6dc1ecef-b2d9-4579-a1d0-c69e2553a65c,api_member_ids,5864aa85-bcf0-49c8-b62e-15c7d244e576,api_member_ids,7110e895-a220-4a54-bd4f-0fa8492d43e0,986cf64c-cd5a-47db-a4ae-aa1898e83e17,927d05ab-aa0d-4f16-acde-a02f8f6c8f7e,a65006b1-b0a1-4558-ab47-994dd9df34f7
eac2866a-f6d4-4013-82c2-4d2101bb37a4,mumbai-city-open-5-01,City Open Mumbai 5.0,City Open,b7b770be-18d5-4609-bdf5-585a4c25ec2b,Men's Advance,Men's,advance,QF,knockout,2026-08-01,20:00,COURT 1,2026-08-01T14:38:24.972Z,2026-08-01T15:13:47.890Z,Swaraj D / Kaivalya Kalamse,Aryan Hemdev / Porus Shroff,Swaraj D,Kaivalya Kalamse,Aryan Hemdev,Porus Shroff,4-9,0.0,1.0,4.0,9.0,4,9,2.0,,Race to 9,race,completed,Completed,tournament_page,Men's Advance,1,d53736bd-2d26-4977-9d4f-edb8ddc49ffb,api_member_ids,182f09bb-25ba-4086-99ca-a7f5a52303bf,api_member_ids,531b4b75-e3cf-439f-a0fb-5e83867deff8,api_member_ids,d1274dd2-48b5-46b9-9049-6a6bcc38fd2e,api_member_ids,5a133814-8cdc-4e87-a226-7656aa73c24a,b86941fd-f76a-445c-a44a-403b05dd8042,3d1f9f05-0842-4fd3-8b6d-78a7b4b514f0,6f9835de-578e-484e-8433-bd7e6cadd56b
44abe18a-107e-4713-8d8c-b46bd1da9949,mumbai-city-open-5-01,City Open Mumbai 5.0,City Open,b7b770be-18d5-4609-bdf5-585a4c25ec2b,Men's Advance,Men's,advance,QF,knockout,2026-08-01,20:00,COURT 2,2026-08-01T13:37:43.535Z,2026-08-01T14:25:10.354Z,Adit Patel / Abhishek Gupta,Taran Mundkar / Samar Malhotra,Adit Patel,Abhishek Gupta,Taran Mundkar,Samar Malhotra,6-9,0.0,1.0,6.0,9.0,6,9,2.0,,Race to 9,race,completed,Completed,tournament_page,Men's Advance,2,cdd858a3-1533-4a7b-bf8b-1b94f0f3b868,api_member_ids,9140618c-3629-4b96-9a53-39084fc8aa5e,api_member_ids,433ad480-92da-44d3-b432-953719fa8ea3,api_member_ids,a57ef4ab-a62e-4b71-a4d2-0f267dea2626,api_member_ids,110a8e94-c9a2-4a77-b604-1d8d4d998593,acca8958-2dc2-40df-b13e-b197f42543e1,e3fd1a7e-4a0c-41c5-967c-a034d3681ebe,bff6b332-5966-4d5b-86e6-c04a59ea7bb0
ed8e0387-173c-4e5b-8f98-af151fa97562,mumbai-city-open-5-01,City Open Mumbai 5.0,City Open,b7b770be-18d5-4609-bdf5-585a4c25ec2b,Men's Advance,Men's,advance,SF,knockout,2026-08-02,15:00,COURT 1,2026-08-02T09:32:25.344Z,2026-08-02T11:44:32.622Z,Chaitanya Shah / Aditya Jagtap,Parikshit Somani / Paramveer Singh Bajwa,Chaitanya Shah,Aditya Jagtap,Parikshit Somani,Paramveer Singh Bajwa,"6-7(5-7), 6-2, 6-7(10-12)",1.0,2.0,18.0,16.0,6 6 6,7 2 7,2.0,,Best of 3 sets,sets,completed,Completed,tournament_page,Men's Advance,2,5efe3810-7452-45ba-9911-ef58eb490a3f,api_member_ids,9db40aca-2be2-4bdd-b807-02ad8bb8bf77,api_member_ids,bf973053-492f-4dca-a909-7310fa8693f9,api_member_ids,29e75609-025c-485b-a40a-969d2ce6e6bc,api_member_ids,7110e895-a220-4a54-bd4f-0fa8492d43e0,986cf64c-cd5a-47db-a4ae-aa1898e83e17,bca59b61-2791-4b4c-86d1-8d11bf0f8c0f,40c0fe06-dfb6-4bfd-bee6-1c1c63fa37d5
ff025360-1780-4fb5-a40e-7652fa86f6b8,mumbai-city-open-5-01,City Open Mumbai 5.0,City Open,b7b770be-18d5-4609-bdf5-585a4c25ec2b,Men's Advance,Men's,advance,SF,knockout,2026-08-02,15:00,COURT 2,2026-08-02T09:43:24.773Z,2026-08-02T10:47:49.377Z,Taran Mundkar / Samar Malhotra,Aryan Hemdev / Porus Shroff,Taran Mundkar,Samar Malhotra,Aryan Hemdev,Porus Shroff,"6-4, 6-4",2.0,0.0,12.0,8.0,6 6,4 4,1.0,,Best of 3 sets,sets,completed,Completed,tournament_page,Men's Advance,2,433ad480-92da-44d3-b432-953719fa8ea3,api_member_ids,a57ef4ab-a62e-4b71-a4d2-0f267dea2626,api_member_ids,531b4b75-e3cf-439f-a0fb-5e83867deff8,api_member_ids,d1274dd2-48b5-46b9-9049-6a6bcc38fd2e,api_member_ids,e3fd1a7e-4a0c-41c5-967c-a034d3681ebe,bff6b332-5966-4d5b-86e6-c04a59ea7bb0,3d1f9f05-0842-4fd3-8b6d-78a7b4b514f0,6f9835de-578e-484e-8433-bd7e6cadd56b
fa1fc63c-3df0-4a36-98cc-29c4c27bccfd,mumbai-city-open-5-01,City Open Mumbai 5.0,City Open,b7b770be-18d5-4609-bdf5-585a4c25ec2b,Men's Advance,Men's,advance,F,knockout,2026-08-02,19:00,COURT 2,2026-08-02T14:45:03.153Z,2026-08-02T16:12:46.636Z,Parikshit Somani / Paramveer Singh Bajwa,Taran Mundkar / Samar Malhotra,Parikshit Somani,Paramveer Singh Bajwa,Taran Mundkar,Samar Malhotra,"6-2, 1-6, 6-4",2.0,1.0,13.0,12.0,6 1 6,2 6 4,1.0,,Best of 3 sets,sets,completed,Completed,tournament_page,Men's Advance,2,bf973053-492f-4dca-a909-7310fa8693f9,api_member_ids,29e75609-025c-485b-a40a-969d2ce6e6bc,api_member_ids,433ad480-92da-44d3-b432-953719fa8ea3,api_member_ids,a57ef4ab-a62e-4b71-a4d2-0f267dea2626,api_member_ids,bca59b61-2791-4b4c-86d1-8d11bf0f8c0f,40c0fe06-dfb6-4bfd-bee6-1c1c63fa37d5,e3fd1a7e-4a0c-41c5-967c-a034d3681ebe,bff6b332-5966-4d5b-86e6-c04a59ea7bb0
dbf72f6c-06c3-4dcf-903f-a5ee6edc1a68,mumbai-city-open-5-01,City Open Mumbai 5.0,City Open,e54739e7-ded4-40c8-a33b-ebd2aa7d43f7,Men's 40+,Men's 40+,open,A,group,2026-07-31,17:00,COURT 1,2026-07-31T11:29:29.396Z,2026-07-31T12:05:54.116Z,Vijay Chhabria / Sidraj Shah,Navroze Marshall / Subal Anand,Vijay Chhabria,Sidraj Shah,Navroze Marshall,Subal Anand,8-5,1.0,0.0,8.0,5.0,8,5,1.0,,Race to 8,race,completed,Completed,tournament_page,Men's 40+,3,2c982f04-1a03-4d77-9359-5b44f4e5aed2,api_member_ids,b63ed71b-e58d-4b28-a67e-2d0c64ed5f62,api_member_ids,552316ca-e9d1-4efc-a4a6-c8cfec01f68d,api_member_ids,9b9ab185-d5f9-4822-9f86-98dcee737260,api_member_ids,ae67605a-dd05-4f82-a0b6-46f7b3985192,0481c3cf-e045-4eb5-81f8-da5517e3b32a,1f098bad-8f8b-46b8-9fbd-4627cd378184,0407deab-3ee5-4782-a6d6-49f13d0e24b9
0bbb5549-9861-4161-8d22-afc109a902a2,mumbai-city-open-5-01,City Open Mumbai 5.0,City Open,e54739e7-ded4-40c8-a33b-ebd2aa7d43f7,Men's 40+,Men's 40+,open,B,group,2026-07-31,17:00,COURT 2,2026-07-31T11:27:54.713Z,2026-07-31T12:04:47.265Z,Akshay Jalan / Navin Shewakramani,Ankit Zaveri / Viral Somaiya,Akshay Jalan,Navin Shewakramani,Ankit Zaveri,Viral Somaiya,8-5,1.0,0.0,8.0,5.0,8,5,1.0,,Race to 8,race,completed,Completed,tournament_page,Men's 40+,3,16def632-d48e-4678-81b5-1316aedb049c,api_member_ids,3f2fcf21-952f-4b68-9b43-539d6b1ade27,api_member_ids,4a3ed922-b521-4c51-9346-83d47b493813,api_member_ids,1ba7872b-25a9-4395-b046-84d1fdeff538,api_member_ids,5ce76dd0-807e-46d9-828b-377ff2839981,cd27ee38-7cc4-4a9f-a76f-9252de68a5c5,edc65a9a-cd38-4909-950b-244fb84ae15f,3eb96e8e-a44d-4156-997c-750b5dba6ae5
7401bd43-1300-49b6-a846-d1548ed7ab61,mumbai-city-open-5-01,City Open Mumbai 5.0,City Open,e54739e7-ded4-40c8-a33b-ebd2aa7d43f7,Men's 40+,Men's 40+,open,A,group,2026-07-31,17:40,COURT 1,2026-07-31T12:16:13.712Z,2026-07-31T12:41:21.018Z,Vijay Chhabria / Sidraj Shah,Praneet Chawla / Sidharth Ugrankar,Vijay Chhabria,Sidraj Shah,Praneet Chawla,Sidharth Ugrankar,8-1,1.0,0.0,8.0,1.0,8,1,1.0,,Race to 8,race,completed,Completed,tournament_page,Men's 40+,3,2c982f04-1a03-4d77-9359-5b44f4e5aed2,api_member_ids,b63ed71b-e58d-4b28-a67e-2d0c64ed5f62,api_member_ids,aa07326e-0383-4295-8cde-4e336a0dd7f7,api_member_ids,38994d00-4888-4d00-a61c-1a89cd8f69a5,api_member_ids,ae67605a-dd05-4f82-a0b6-46f7b3985192,0481c3cf-e045-4eb5-81f8-da5517e3b32a,b603f764-b103-4329-ae63-0d06a1597492,1918506a-afe2-4a3c-b56b-f8faa326dec9
0b29eb33-933c-4d34-9e0b-73657958fbcd,mumbai-city-open-5-01,City Open Mumbai 5.0,City Open,e54739e7-ded4-40c8-a33b-ebd2aa7d43f7,Men's 40+,Men's 40+,open,B,group,2026-07-31,17:40,COURT 2,2026-07-31T12:34:28.295Z,2026-07-31T12:52:06.878Z,Akshay Jalan / Navin Shewakramani,Atik Luthria / Ram Raheja,Akshay Jalan,Navin Shewakramani,Atik Luthria,Ram Raheja,8-2,1.0,0.0,8.0,2.0,8,2,1.0,,Race to 8,race,completed,Completed,tournament_page,Men's 40+,3,16def632-d48e-4678-81b5-1316aedb049c,api_member_ids,3f2fcf21-952f-4b68-9b43-539d6b1ade27,api_member_ids,f9cbf2db-691e-4851-81e6-be9e05cc4c01,api_member_ids,1515a4f5-2ef1-4436-8c7b-4f92b1118f82,api_member_ids,5ce76dd0-807e-46d9-828b-377ff2839981,cd27ee38-7cc4-4a9f-a76f-9252de68a5c5,4e3d339c-90d0-4d17-9227-ba034ed4689a,ddd8f354-899e-4470-ba8f-58a67010c4da
ad502ae1-3666-479b-ae46-7681fbbf7db8,mumbai-city-open-5-01,City Open Mumbai 5.0,City Open,e54739e7-ded4-40c8-a33b-ebd2aa7d43f7,Men's 40+,Men's 40+,open,A,group,2026-07-31,18:20,COURT 1,2026-07-31T12:45:32.721Z,2026-07-31T13:10:14.924Z,Navroze Marshall / Subal Anand,Praneet Chawla / Sidharth Ugrankar,Navroze Marshall,Subal Anand,Praneet Chawla,Sidharth Ugrankar,8-3,1.0,0.0,8.0,3.0,8,3,1.0,,Race to 8,race,completed,Completed,tournament_page,Men's 40+,4,552316ca-e9d1-4efc-a4a6-c8cfec01f68d,api_member_ids,9b9ab185-d5f9-4822-9f86-98dcee737260,api_member_ids,aa07326e-0383-4295-8cde-4e336a0dd7f7,api_member_ids,38994d00-4888-4d00-a61c-1a89cd8f69a5,api_member_ids,1f098bad-8f8b-46b8-9fbd-4627cd378184,0407deab-3ee5-4782-a6d6-49f13d0e24b9,b603f764-b103-4329-ae63-0d06a1597492,1918506a-afe2-4a3c-b56b-f8faa326dec9
93367412-16b1-446c-ad2f-3e4a0fa151c2,mumbai-city-open-5-01,City Open Mumbai 5.0,City Open,e54739e7-ded4-40c8-a33b-ebd2aa7d43f7,Men's 40+,Men's 40+,open,B,group,2026-07-31,18:20,COURT 2,2026-07-31T12:14:14.486Z,2026-07-31T12:28:20.789Z,Ankit Zaveri / Viral Somaiya,Atik Luthria / Ram Raheja,Ankit Zaveri,Viral Somaiya,Atik Luthria,Ram Raheja,8-0,1.0,0.0,8.0,0.0,8,0,1.0,,Race to 8,race,completed,Completed,tournament_page,Men's 40+,4,4a3ed922-b521-4c51-9346-83d47b493813,api_member_ids,1ba7872b-25a9-4395-b046-84d1fdeff538,api_member_ids,f9cbf2db-691e-4851-81e6-be9e05cc4c01,api_member_ids,1515a4f5-2ef1-4436-8c7b-4f92b1118f82,api_member_ids,edc65a9a-cd38-4909-950b-244fb84ae15f,3eb96e8e-a44d-4156-997c-750b5dba6ae5,4e3d339c-90d0-4d17-9227-ba034ed4689a,ddd8f354-899e-4470-ba8f-58a67010c4da
e545e100-5426-4b35-9e42-c7bcf3e0952c,mumbai-city-open-5-01,City Open Mumbai 5.0,City Open,e54739e7-ded4-40c8-a33b-ebd2aa7d43f7,Men's 40+,Men's 40+,open,C,group,2026-07-31,19:00,COURT 1,2026-07-31T13:23:43.868Z,2026-07-31T13:56:55.408Z,Syed Imran Yusoof / Kunal Premnarayen,Aditya Maheshwari / Anand kothari,Syed Imran Yusoof,Kunal Premnarayen,Aditya Maheshwari,Anand kothari,4-8,0.0,1.0,4.0,8.0,4,8,2.0,,Race to 8,race,completed,Completed,tournament_page,Men's 40+,1,b4c1f987-ed1c-41b2-bed1-839e3b47d5ff,api_member_ids,7f57a645-a475-4ec7-9b29-0b7812a9931d,api_member_ids,0df50617-268c-477d-8351-fd6f8ed84a71,api_member_ids,8e2d5864-afb0-4dac-88da-4ff402bee428,api_member_ids,66fa8f30-e21f-42d2-b11a-1f70e3acd7aa,fc2bda81-e6e6-4657-8f56-9a5fef0525fd,e5c055fb-e379-4110-8b5b-4889c3460188,0e07788c-80cc-404c-99ca-cba5a250cb77
e69eb33e-8e3a-4032-b77b-6a61941ad09c,mumbai-city-open-5-01,City Open Mumbai 5.0,City Open,e54739e7-ded4-40c8-a33b-ebd2aa7d43f7,Men's 40+,Men's 40+,open,D,group,2026-07-31,19:00,COURT 2,2026-07-31T13:15:43.609Z,2026-07-31T14:16:38.978Z,Pratik Doshi / Harsh Parekh,Atul Gupta / Ankit Doshi,Pratik Doshi,Harsh Parekh,Atul Gupta,Ankit Doshi,8-7,1.0,0.0,8.0,7.0,8,7,1.0,,Race to 8,race,completed,Completed,tournament_page,Men's 40+,4,3b3fe796-88b7-4a76-a7e3-e67f0a4a5b7a,api_member_ids,6ec925af-f358-475a-9fd4-37dfcbb1795d,api_member_ids,a66e6971-acb3-41a9-afd1-95c516c348ea,api_member_ids,6878b0c2-2144-404e-ad97-45159eca8fc8,api_member_ids,7606f1d3-0a85-47f9-a108-7d47a714d7ff,097caaef-6612-47dd-a6e1-85ae5a195d79,6424bdd0-ca5a-495c-b218-4879374b3037,1f7f2131-44a0-427c-bf31-79cc74d9ed81
b8bdcbc0-af73-4e96-9922-3ca9f8bb1870,mumbai-city-open-5-01,City Open Mumbai 5.0,City Open,e54739e7-ded4-40c8-a33b-ebd2aa7d43f7,Men's 40+,Men's 40+,open,C,group,2026-07-31,19:40,COURT 1,2026-07-31T14:05:22.317Z,2026-07-31T14:21:12.439Z,Syed Imran Yusoof / Kunal Premnarayen,Hamir Desai / Arun Hemdev,Syed Imran Yusoof,Kunal Premnarayen,Hamir Desai,Arun Hemdev,8-0,1.0,0.0,8.0,0.0,8,0,1.0,,Race to 8,race,completed,Completed,tournament_page,Men's 40+,2,b4c1f987-ed1c-41b2-bed1-839e3b47d5ff,api_member_ids,7f57a645-a475-4ec7-9b29-0b7812a9931d,api_member_ids,7cc8e1d3-0f7c-475e-aa64-eb5739c7d6f9,api_member_ids,cff6eb07-908a-4412-9f28-3ab5692a2977,api_member_ids,66fa8f30-e21f-42d2-b11a-1f70e3acd7aa,fc2bda81-e6e6-4657-8f56-9a5fef0525fd,c834e82b-755a-4b94-89a4-786cbe2d8aae,cff6eb07-908a-4412-9f28-3ab5692a2977
f2dc0bce-d751-4d49-80f8-3e0e2d85cf26,mumbai-city-open-5-01,City Open Mumbai 5.0,City Open,e54739e7-ded4-40c8-a33b-ebd2aa7d43f7,Men's 40+,Men's 40+,open,D,group,2026-07-31,19:40,COURT 2,2026-07-31T14:29:29.682Z,2026-07-31T15:13:51.340Z,Pratik Doshi / Harsh Parekh,Priyesh Desai / Ryan Tham,Pratik Doshi,Harsh Parekh,Priyesh Desai,Ryan Tham,8-6,1.0,0.0,8.0,6.0,8,6,1.0,,Race to 8,race,completed,Completed,tournament_page,Men's 40+,4,3b3fe796-88b7-4a76-a7e3-e67f0a4a5b7a,api_member_ids,6ec925af-f358-475a-9fd4-37dfcbb1795d,api_member_ids,33ba8a38-6ea6-4a24-a6c2-539cda4a6089,api_member_ids,557faef2-dc4d-4dc3-bee0-5516fc58358f,api_member_ids,7606f1d3-0a85-47f9-a108-7d47a714d7ff,097caaef-6612-47dd-a6e1-85ae5a195d79,bde4eaa6-f4f2-4b8b-90d2-5b1e2bc1142c,765c1fce-621b-43e2-bb9e-9cd14a4e305b
eebe308f-da47-497a-a88b-e0b05b560710,mumbai-city-open-5-01,City Open Mumbai 5.0,City Open,e54739e7-ded4-40c8-a33b-ebd2aa7d43f7,Men's 40+,Men's 40+,open,C,group,2026-07-31,20:20,COURT 1,2026-07-31T14:21:56.364Z,2026-07-31T14:35:45.138Z,Aditya Maheshwari / Anand kothari,Hamir Desai / Arun Hemdev,Aditya Maheshwari,Anand kothari,Hamir Desai,Arun Hemdev,8-0,1.0,0.0,8.0,0.0,8,0,1.0,,Race to 8,race,completed,Completed,tournament_page,Men's 40+,3,0df50617-268c-477d-8351-fd6f8ed84a71,api_member_ids,8e2d5864-afb0-4dac-88da-4ff402bee428,api_member_ids,7cc8e1d3-0f7c-475e-aa64-eb5739c7d6f9,api_member_ids,cff6eb07-908a-4412-9f28-3ab5692a2977,api_member_ids,e5c055fb-e379-4110-8b5b-4889c3460188,0e07788c-80cc-404c-99ca-cba5a250cb77,c834e82b-755a-4b94-89a4-786cbe2d8aae,cff6eb07-908a-4412-9f28-3ab5692a2977
2c84a691-0c5c-4b3c-ad57-7a88a7449a77,mumbai-city-open-5-01,City Open Mumbai 5.0,City Open,e54739e7-ded4-40c8-a33b-ebd2aa7d43f7,Men's 40+,Men's 40+,open,D,group,2026-07-31,20:20,COURT 2,2026-07-31T15:17:01.498Z,2026-07-31T15:36:45.822Z,Atul Gupta / Ankit Doshi,Priyesh Desai / Ryan Tham,Atul Gupta,Ankit Doshi,Priyesh Desai,Ryan Tham,8-2,1.0,0.0,8.0,2.0,8,2,1.0,,Race to 8,race,completed,Completed,tournament_page,Men's 40+,4,a66e6971-acb3-41a9-afd1-95c516c348ea,api_member_ids,6878b0c2-2144-404e-ad97-45159eca8fc8,api_member_ids,33ba8a38-6ea6-4a24-a6c2-539cda4a6089,api_member_ids,557faef2-dc4d-4dc3-bee0-5516fc58358f,api_member_ids,6424bdd0-ca5a-495c-b218-4879374b3037,1f7f2131-44a0-427c-bf31-79cc74d9ed81,bde4eaa6-f4f2-4b8b-90d2-5b1e2bc1142c,765c1fce-621b-43e2-bb9e-9cd14a4e305b
b86b1a48-66a6-4e3e-85a2-6ded8775adc5,mumbai-city-open-5-01,City Open Mumbai 5.0,City Open,e54739e7-ded4-40c8-a33b-ebd2aa7d43f7,Men's 40+,Men's 40+,open,SF,knockout,2026-08-02,09:00,COURT 1,2026-08-02T03:46:03.195Z,2026-08-02T04:26:03.847Z,Vijay Chhabria / Sidraj Shah,Pratik Doshi / Harsh Parekh,Vijay Chhabria,Sidraj Shah,Pratik Doshi,Harsh Parekh,"6-0, 6-4",2.0,0.0,12.0,4.0,6 6,0 4,1.0,,Best of 3 sets,sets,completed,Completed,tournament_page,Men's 40+,3,2c982f04-1a03-4d77-9359-5b44f4e5aed2,api_member_ids,b63ed71b-e58d-4b28-a67e-2d0c64ed5f62,api_member_ids,3b3fe796-88b7-4a76-a7e3-e67f0a4a5b7a,api_member_ids,6ec925af-f358-475a-9fd4-37dfcbb1795d,api_member_ids,ae67605a-dd05-4f82-a0b6-46f7b3985192,0481c3cf-e045-4eb5-81f8-da5517e3b32a,7606f1d3-0a85-47f9-a108-7d47a714d7ff,097caaef-6612-47dd-a6e1-85ae5a195d79
af3d35ea-c094-420a-9e2e-a47b4d7d80a0,mumbai-city-open-5-01,City Open Mumbai 5.0,City Open,e54739e7-ded4-40c8-a33b-ebd2aa7d43f7,Men's 40+,Men's 40+,open,SF,knockout,2026-08-02,09:00,COURT 2,2026-08-02T03:48:44.852Z,2026-08-02T05:46:37.499Z,Akshay Jalan / Navin Shewakramani,Aditya Maheshwari / Anand kothari,Akshay Jalan,Navin Shewakramani,Aditya Maheshwari,Anand kothari,"6-4, 6-7(5-7), 4-6",1.0,2.0,16.0,17.0,6 6 4,4 7 6,2.0,,Best of 3 sets,sets,completed,Completed,tournament_page,Men's 40+,2,16def632-d48e-4678-81b5-1316aedb049c,api_member_ids,3f2fcf21-952f-4b68-9b43-539d6b1ade27,api_member_ids,0df50617-268c-477d-8351-fd6f8ed84a71,api_member_ids,8e2d5864-afb0-4dac-88da-4ff402bee428,api_member_ids,5ce76dd0-807e-46d9-828b-377ff2839981,cd27ee38-7cc4-4a9f-a76f-9252de68a5c5,e5c055fb-e379-4110-8b5b-4889c3460188,0e07788c-80cc-404c-99ca-cba5a250cb77
924fbe38-6ab7-41eb-abad-53d35e48f06f,mumbai-city-open-5-01,City Open Mumbai 5.0,City Open,e54739e7-ded4-40c8-a33b-ebd2aa7d43f7,Men's 40+,Men's 40+,open,F,knockout,2026-08-02,16:30,COURT 2,2026-08-02T11:56:04.985Z,2026-08-02T13:02:31.666Z,Vijay Chhabria / Sidraj Shah,Aditya Maheshwari / Anand kothari,Vijay Chhabria,Sidraj Shah,Aditya Maheshwari,Anand kothari,"4-6, 1-6",0.0,2.0,5.0,12.0,4 1,6 6,2.0,,Best of 3 sets,sets,completed,Completed,tournament_page,Men's 40+,3,2c982f04-1a03-4d77-9359-5b44f4e5aed2,api_member_ids,b63ed71b-e58d-4b28-a67e-2d0c64ed5f62,api_member_ids,0df50617-268c-477d-8351-fd6f8ed84a71,api_member_ids,8e2d5864-afb0-4dac-88da-4ff402bee428,api_member_ids,ae67605a-dd05-4f82-a0b6-46f7b3985192,0481c3cf-e045-4eb5-81f8-da5517e3b32a,e5c055fb-e379-4110-8b5b-4889c3460188,0e07788c-80cc-404c-99ca-cba5a250cb77
fc70ffe7-a636-4f18-b434-7f88ef1e390e,mumbai-city-open-5-01,City Open Mumbai 5.0,City Open,eaf2866f-1c18-4ef1-ac54-d34fb0ac7bde,Women's Beginner,Women's,beginner,B,group,2026-08-01,15:00,COURT 2,2026-08-01T09:30:23.983Z,2026-08-01T09:56:56.130Z,Gehna Datwani / Sanaya Sabharwal,Manvi Chaudhary / Kimberly Fernandez,Gehna Datwani,Sanaya Sabharwal,Manvi Chaudhary,Kimberly Fernandez,2-8,0.0,1.0,2.0,8.0,2,8,2.0,,Race to 8,race,completed,Completed,tournament_page,Women's Beginner,4,cc0d0226-d2bc-4c4a-ab6f-9225b03becc6,api_member_ids,bc94050e-cb46-4042-90af-59816fe42f5b,api_member_ids,82a22690-4c94-47e8-99c1-8e1c89f71916,api_member_ids,97f6ab71-c2c1-47e8-a0b0-6b2a1eeef2c8,api_member_ids,d5a65350-f915-4ed2-b604-20546c4dc307,07bfe355-e14e-4d62-a15f-9616b862b080,cc94550b-e3bf-480a-98b2-d80baff9a731,bd4f46fe-fd3c-46ca-b27b-75d8248103b6
b66f2731-a78d-4362-8caf-59be4e4d2cdb,mumbai-city-open-5-01,City Open Mumbai 5.0,City Open,eaf2866f-1c18-4ef1-ac54-d34fb0ac7bde,Women's Beginner,Women's,beginner,A,group,2026-08-01,15:00,COURT 3,2026-08-01T09:41:52.484Z,2026-08-01T10:11:23.072Z,Anam Sumar / Rasha Sumar,Janita Bhandari / Tara Alisha Berry,Anam Sumar,Rasha Sumar,Janita Bhandari,Tara Alisha Berry,8-3,1.0,0.0,8.0,3.0,8,3,1.0,,Race to 8,race,completed,Completed,tournament_page,Women's Beginner,4,e6544941-7855-4961-9952-2ab8b4731763,api_member_ids,14a281a9-7a22-4c0a-bf96-f19abc4a6bd1,api_member_ids,7ddc1ace-4a2d-41ea-89a5-f37a29752e63,api_member_ids,9802f076-2946-4c70-b7af-2160f581c889,api_member_ids,f0321c9b-4b58-4a60-996a-6efabd80fd88,ff08ebf4-3f17-4f72-8d0e-6afcd09a579f,0a578dcb-f6b0-44b2-ba0b-d1c8fecfc7a4,cf5352fa-af99-4100-9eee-7294bdf83ab4
ec406bc0-c591-43c5-86db-f5dba7d68e11,mumbai-city-open-5-01,City Open Mumbai 5.0,City Open,eaf2866f-1c18-4ef1-ac54-d34fb0ac7bde,Women's Beginner,Women's,beginner,B,group,2026-08-01,15:40,COURT 2,2026-08-01T10:06:03.330Z,2026-08-01T10:56:35.738Z,Pooja Bhammer / Ishita Dharnidharka,Veda Bhambhani / Vedika Chamria,Pooja Bhammer,Ishita Dharnidharka,Veda Bhambhani,Vedika Chamria,7-8,0.0,1.0,7.0,8.0,7,8,2.0,,Race to 8,race,completed,Completed,tournament_page,Women's Beginner,4,a84c245a-00fe-4ed3-b3a4-75028b634941,api_member_ids,ad10e469-9f1c-4814-a624-01e88f087c2e,api_member_ids,ae91f022-a8d7-4512-9c62-7ad7beb36a5c,api_member_ids,f56cac73-53ea-4e6c-86a7-9ab52222f4a0,api_member_ids,0d91aeb9-fd5a-435f-8700-9d94075f16e8,4b0f54bf-4f12-4ade-9275-188d23445037,0f50076b-7e22-4f5d-86ba-e1c58b74d76c,679954d3-625b-412e-a544-40d1c9954e9b
0e432ae9-5a13-47fe-b532-c9e0b66e2f86,mumbai-city-open-5-01,City Open Mumbai 5.0,City Open,eaf2866f-1c18-4ef1-ac54-d34fb0ac7bde,Women's Beginner,Women's,beginner,A,group,2026-08-01,15:40,COURT 3,2026-08-01T10:15:13.849Z,2026-08-01T10:42:16.649Z,Gayathri Sanjeev / Sunaina Vasudev,Nikita Hingorani / Dheeya Somaiya,Gayathri Sanjeev,Sunaina Vasudev,Nikita Hingorani,Dheeya Somaiya,1-8,0.0,1.0,1.0,8.0,1,8,2.0,,Race to 8,race,completed,Completed,tournament_page,Women's Beginner,4,a89dd697-d603-4ea7-a6b6-610d8328aabe,api_member_ids,c70940a7-129d-4162-abf3-eec1f85f502c,api_member_ids,e96f99c4-060b-4dc8-8800-155d8e8fdbbc,api_member_ids,9e152937-edcc-4e21-b44d-ae8474746725,api_member_ids,211c32a3-b9ae-4df7-a018-01a80e6ab358,2daf60dd-e564-4134-9f69-0e783845a3f2,940e2908-5ad0-4292-b653-62c8b63f0628,44253bfa-94ea-408e-ba20-1b09da87c102
27493bd5-a163-47e3-b3c3-bed27f3a623c,mumbai-city-open-5-01,City Open Mumbai 5.0,City Open,eaf2866f-1c18-4ef1-ac54-d34fb0ac7bde,Women's Beginner,Women's,beginner,B,group,2026-08-01,16:20,COURT 2,2026-08-01T11:04:06.563Z,2026-08-01T11:28:03.406Z,Gehna Datwani / Sanaya Sabharwal,Pooja Bhammer / Ishita Dharnidharka,Gehna Datwani,Sanaya Sabharwal,Pooja Bhammer,Ishita Dharnidharka,8-2,1.0,0.0,8.0,2.0,8,2,1.0,,Race to 8,race,completed,Completed,tournament_page,Women's Beginner,4,cc0d0226-d2bc-4c4a-ab6f-9225b03becc6,api_member_ids,bc94050e-cb46-4042-90af-59816fe42f5b,api_member_ids,a84c245a-00fe-4ed3-b3a4-75028b634941,api_member_ids,ad10e469-9f1c-4814-a624-01e88f087c2e,api_member_ids,d5a65350-f915-4ed2-b604-20546c4dc307,07bfe355-e14e-4d62-a15f-9616b862b080,0d91aeb9-fd5a-435f-8700-9d94075f16e8,4b0f54bf-4f12-4ade-9275-188d23445037
d828bc6b-341b-4d92-84c4-b56c530855fc,mumbai-city-open-5-01,City Open Mumbai 5.0,City Open,eaf2866f-1c18-4ef1-ac54-d34fb0ac7bde,Women's Beginner,Women's,beginner,A,group,2026-08-01,16:20,COURT 3,2026-08-01T10:51:47.504Z,2026-08-01T13:06:53.670Z,Anam Sumar / Rasha Sumar,Gayathri Sanjeev / Sunaina Vasudev,Anam Sumar,Rasha Sumar,Gayathri Sanjeev,Sunaina Vasudev,8-1,1.0,0.0,8.0,1.0,8,1,1.0,,Race to 8,race,completed,Completed,tournament_page,Women's Beginner,4,e6544941-7855-4961-9952-2ab8b4731763,api_member_ids,14a281a9-7a22-4c0a-bf96-f19abc4a6bd1,api_member_ids,a89dd697-d603-4ea7-a6b6-610d8328aabe,api_member_ids,c70940a7-129d-4162-abf3-eec1f85f502c,api_member_ids,f0321c9b-4b58-4a60-996a-6efabd80fd88,ff08ebf4-3f17-4f72-8d0e-6afcd09a579f,211c32a3-b9ae-4df7-a018-01a80e6ab358,2daf60dd-e564-4134-9f69-0e783845a3f2
abed3b08-19c0-45f8-a620-b7652db44c0d,mumbai-city-open-5-01,City Open Mumbai 5.0,City Open,eaf2866f-1c18-4ef1-ac54-d34fb0ac7bde,Women's Beginner,Women's,beginner,B,group,2026-08-01,17:00,COURT 2,2026-08-01T11:32:17.911Z,2026-08-01T12:07:19.545Z,Manvi Chaudhary / Kimberly Fernandez,Veda Bhambhani / Vedika Chamria,Manvi Chaudhary,Kimberly Fernandez,Veda Bhambhani,Vedika Chamria,8-6,1.0,0.0,8.0,6.0,8,6,1.0,,Race to 8,race,completed,Completed,tournament_page,Women's Beginner,4,82a22690-4c94-47e8-99c1-8e1c89f71916,api_member_ids,97f6ab71-c2c1-47e8-a0b0-6b2a1eeef2c8,api_member_ids,ae91f022-a8d7-4512-9c62-7ad7beb36a5c,api_member_ids,f56cac73-53ea-4e6c-86a7-9ab52222f4a0,api_member_ids,cc94550b-e3bf-480a-98b2-d80baff9a731,bd4f46fe-fd3c-46ca-b27b-75d8248103b6,0f50076b-7e22-4f5d-86ba-e1c58b74d76c,679954d3-625b-412e-a544-40d1c9954e9b
c11d0483-84c9-4915-8a6e-6fe5feef2b5b,mumbai-city-open-5-01,City Open Mumbai 5.0,City Open,eaf2866f-1c18-4ef1-ac54-d34fb0ac7bde,Women's Beginner,Women's,beginner,A,group,2026-08-01,17:00,COURT 3,2026-08-01T12:03:43.276Z,2026-08-01T12:33:18.802Z,Janita Bhandari / Tara Alisha Berry,Nikita Hingorani / Dheeya Somaiya,Janita Bhandari,Tara Alisha Berry,Nikita Hingorani,Dheeya Somaiya,3-8,0.0,1.0,3.0,8.0,3,8,2.0,,Race to 8,race,completed,Completed,tournament_page,Women's Beginner,4,7ddc1ace-4a2d-41ea-89a5-f37a29752e63,api_member_ids,9802f076-2946-4c70-b7af-2160f581c889,api_member_ids,e96f99c4-060b-4dc8-8800-155d8e8fdbbc,api_member_ids,9e152937-edcc-4e21-b44d-ae8474746725,api_member_ids,0a578dcb-f6b0-44b2-ba0b-d1c8fecfc7a4,cf5352fa-af99-4100-9eee-7294bdf83ab4,940e2908-5ad0-4292-b653-62c8b63f0628,44253bfa-94ea-408e-ba20-1b09da87c102
972711ab-07af-48b2-b015-b11d6af742b4,mumbai-city-open-5-01,City Open Mumbai 5.0,City Open,eaf2866f-1c18-4ef1-ac54-d34fb0ac7bde,Women's Beginner,Women's,beginner,B,group,2026-08-01,17:40,COURT 2,2026-08-01T12:13:51.154Z,2026-08-01T12:39:04.907Z,Gehna Datwani / Sanaya Sabharwal,Veda Bhambhani / Vedika Chamria,Gehna Datwani,Sanaya Sabharwal,Veda Bhambhani,Vedika Chamria,8-3,1.0,0.0,8.0,3.0,8,3,1.0,,Race to 8,race,completed,Completed,tournament_page,Women's Beginner,4,cc0d0226-d2bc-4c4a-ab6f-9225b03becc6,api_member_ids,bc94050e-cb46-4042-90af-59816fe42f5b,api_member_ids,ae91f022-a8d7-4512-9c62-7ad7beb36a5c,api_member_ids,f56cac73-53ea-4e6c-86a7-9ab52222f4a0,api_member_ids,d5a65350-f915-4ed2-b604-20546c4dc307,07bfe355-e14e-4d62-a15f-9616b862b080,0f50076b-7e22-4f5d-86ba-e1c58b74d76c,679954d3-625b-412e-a544-40d1c9954e9b
7c17ae7a-a234-4ff5-b12c-2f0b6d8b2fa8,mumbai-city-open-5-01,City Open Mumbai 5.0,City Open,eaf2866f-1c18-4ef1-ac54-d34fb0ac7bde,Women's Beginner,Women's,beginner,A,group,2026-08-01,17:40,COURT 3,2026-08-01T11:01:23.366Z,2026-08-01T11:21:18.386Z,Anam Sumar / Rasha Sumar,Nikita Hingorani / Dheeya Somaiya,Anam Sumar,Rasha Sumar,Nikita Hingorani,Dheeya Somaiya,5-8,0.0,1.0,5.0,8.0,5,8,2.0,,Race to 8,race,completed,Completed,tournament_page,Women's Beginner,4,e6544941-7855-4961-9952-2ab8b4731763,api_member_ids,14a281a9-7a22-4c0a-bf96-f19abc4a6bd1,api_member_ids,e96f99c4-060b-4dc8-8800-155d8e8fdbbc,api_member_ids,9e152937-edcc-4e21-b44d-ae8474746725,api_member_ids,f0321c9b-4b58-4a60-996a-6efabd80fd88,ff08ebf4-3f17-4f72-8d0e-6afcd09a579f,940e2908-5ad0-4292-b653-62c8b63f0628,44253bfa-94ea-408e-ba20-1b09da87c102
1223d022-4a06-47a7-9a0c-bddb8eb3b9b0,mumbai-city-open-5-01,City Open Mumbai 5.0,City Open,eaf2866f-1c18-4ef1-ac54-d34fb0ac7bde,Women's Beginner,Women's,beginner,B,group,2026-08-01,18:20,COURT 2,2026-08-01T12:40:54.741Z,2026-08-01T13:13:14.998Z,Manvi Chaudhary / Kimberly Fernandez,Pooja Bhammer / Ishita Dharnidharka,Manvi Chaudhary,Kimberly Fernandez,Pooja Bhammer,Ishita Dharnidharka,8-5,1.0,0.0,8.0,5.0,8,5,1.0,,Race to 8,race,completed,Completed,tournament_page,Women's Beginner,4,82a22690-4c94-47e8-99c1-8e1c89f71916,api_member_ids,97f6ab71-c2c1-47e8-a0b0-6b2a1eeef2c8,api_member_ids,a84c245a-00fe-4ed3-b3a4-75028b634941,api_member_ids,ad10e469-9f1c-4814-a624-01e88f087c2e,api_member_ids,cc94550b-e3bf-480a-98b2-d80baff9a731,bd4f46fe-fd3c-46ca-b27b-75d8248103b6,0d91aeb9-fd5a-435f-8700-9d94075f16e8,4b0f54bf-4f12-4ade-9275-188d23445037
06250efe-35a5-47af-9ada-c76020ebf27e,mumbai-city-open-5-01,City Open Mumbai 5.0,City Open,eaf2866f-1c18-4ef1-ac54-d34fb0ac7bde,Women's Beginner,Women's,beginner,A,group,2026-08-01,18:20,COURT 3,2026-08-01T11:23:47.475Z,2026-08-01T11:59:24.254Z,Janita Bhandari / Tara Alisha Berry,Gayathri Sanjeev / Sunaina Vasudev,Janita Bhandari,Tara Alisha Berry,Gayathri Sanjeev,Sunaina Vasudev,8-3,1.0,0.0,8.0,3.0,8,3,1.0,,Race to 8,race,completed,Completed,tournament_page,Women's Beginner,4,7ddc1ace-4a2d-41ea-89a5-f37a29752e63,api_member_ids,9802f076-2946-4c70-b7af-2160f581c889,api_member_ids,a89dd697-d603-4ea7-a6b6-610d8328aabe,api_member_ids,c70940a7-129d-4162-abf3-eec1f85f502c,api_member_ids,0a578dcb-f6b0-44b2-ba0b-d1c8fecfc7a4,cf5352fa-af99-4100-9eee-7294bdf83ab4,211c32a3-b9ae-4df7-a018-01a80e6ab358,2daf60dd-e564-4134-9f69-0e783845a3f2
9d82e9f2-86bb-49ce-971b-8aecc1e5af25,mumbai-city-open-5-01,City Open Mumbai 5.0,City Open,eaf2866f-1c18-4ef1-ac54-d34fb0ac7bde,Women's Beginner,Women's,beginner,SF,knockout,2026-08-02,12:00,COURT 1,2026-08-02T06:28:32.773Z,2026-08-02T07:10:28.468Z,Nikita Hingorani / Dheeya Somaiya,Gehna Datwani / Sanaya Sabharwal,Nikita Hingorani,Dheeya Somaiya,Gehna Datwani,Sanaya Sabharwal,"6-2, 2-6, 7-10",1.0,2.0,15.0,18.0,6 2 7,2 6 10,2.0,,Best of 3 sets,sets,completed,Completed,tournament_page,Women's Beginner,4,e96f99c4-060b-4dc8-8800-155d8e8fdbbc,api_member_ids,9e152937-edcc-4e21-b44d-ae8474746725,api_member_ids,cc0d0226-d2bc-4c4a-ab6f-9225b03becc6,api_member_ids,bc94050e-cb46-4042-90af-59816fe42f5b,api_member_ids,940e2908-5ad0-4292-b653-62c8b63f0628,44253bfa-94ea-408e-ba20-1b09da87c102,d5a65350-f915-4ed2-b604-20546c4dc307,07bfe355-e14e-4d62-a15f-9616b862b080
27c97394-60ce-406a-a8e4-e00b76b49ac8,mumbai-city-open-5-01,City Open Mumbai 5.0,City Open,eaf2866f-1c18-4ef1-ac54-d34fb0ac7bde,Women's Beginner,Women's,beginner,SF,knockout,2026-08-02,12:00,COURT 2,2026-08-02T07:18:13.078Z,2026-08-02T08:20:10.740Z,Manvi Chaudhary / Kimberly Fernandez,Anam Sumar / Rasha Sumar,Manvi Chaudhary,Kimberly Fernandez,Anam Sumar,Rasha Sumar,"6-4, 6-3",2.0,0.0,12.0,7.0,6 6,4 3,1.0,,Best of 3 sets,sets,completed,Completed,tournament_page,Women's Beginner,4,82a22690-4c94-47e8-99c1-8e1c89f71916,api_member_ids,97f6ab71-c2c1-47e8-a0b0-6b2a1eeef2c8,api_member_ids,e6544941-7855-4961-9952-2ab8b4731763,api_member_ids,14a281a9-7a22-4c0a-bf96-f19abc4a6bd1,api_member_ids,cc94550b-e3bf-480a-98b2-d80baff9a731,bd4f46fe-fd3c-46ca-b27b-75d8248103b6,f0321c9b-4b58-4a60-996a-6efabd80fd88,ff08ebf4-3f17-4f72-8d0e-6afcd09a579f
dd421e1d-491c-4813-8691-10662aa5d36a,mumbai-city-open-5-01,City Open Mumbai 5.0,City Open,eaf2866f-1c18-4ef1-ac54-d34fb0ac7bde,Women's Beginner,Women's,beginner,F,knockout,2026-08-02,17:00,COURT 3,2026-08-02T10:46:53.352Z,2026-08-02T11:55:06.101Z,Gehna Datwani / Sanaya Sabharwal,Manvi Chaudhary / Kimberly Fernandez,Gehna Datwani,Sanaya Sabharwal,Manvi Chaudhary,Kimberly Fernandez,"6-3, 7-5",2.0,0.0,13.0,8.0,6 7,3 5,1.0,,Best of 3 sets,sets,completed,Completed,tournament_page,Women's Beginner,4,cc0d0226-d2bc-4c4a-ab6f-9225b03becc6,api_member_ids,bc94050e-cb46-4042-90af-59816fe42f5b,api_member_ids,82a22690-4c94-47e8-99c1-8e1c89f71916,api_member_ids,97f6ab71-c2c1-47e8-a0b0-6b2a1eeef2c8,api_member_ids,d5a65350-f915-4ed2-b604-20546c4dc307,07bfe355-e14e-4d62-a15f-9616b862b080,cc94550b-e3bf-480a-98b2-d80baff9a731,bd4f46fe-fd3c-46ca-b27b-75d8248103b6
3ca860b8-c09e-4375-8b44-2659949f3da6,mumbai-city-open-5-01,City Open Mumbai 5.0,City Open,a8021667-5e8f-4369-838c-efb8dd18b5b7,Women's Intermediate,Women's,intermediate,A,group,2026-08-01,11:00,COURT 2,2026-08-01T05:34:31.222Z,2026-08-01T05:55:57.177Z,Sanya Khan / Sonia Rathee,Vanshika Kaji / Priyanka Kapadia,Sanya Khan,Sonia Rathee,Vanshika Kaji,Priyanka Kapadia,8-2,1.0,0.0,8.0,2.0,8,2,1.0,,Race to 8,race,completed,Completed,tournament_page,Women's Intermediate,4,cf8b7d94-b472-4c15-b10e-a112da1d3143,api_member_ids,76c439ce-ed6a-4d86-b384-38a843b6a4ee,api_member_ids,477f11d3-787d-4419-b0f5-23b7f94a4a51,api_member_ids,fb9074c7-a16f-471f-89f8-13ead764d055,api_member_ids,c8269431-a93a-4c13-801f-063ac1ea5e3f,3f7e26b1-d628-408c-af81-3e7be804cca6,b0635729-bf94-42f7-bdfd-dbf96190e955,ceafa7a3-80a9-431e-9ff5-fa4528f92a08
e096b85b-74ae-49fa-b1a1-c6e62de405dc,mumbai-city-open-5-01,City Open Mumbai 5.0,City Open,a8021667-5e8f-4369-838c-efb8dd18b5b7,Women's Intermediate,Women's,intermediate,B,group,2026-08-01,11:00,COURT 3,2026-08-01T05:47:22.749Z,2026-08-01T06:15:40.150Z,Vera desai / Tanushri Biyani,Leesha Shah / Diu Somani,Vera desai,Tanushri Biyani,Leesha Shah,Diu Somani,8-5,1.0,0.0,8.0,5.0,8,5,1.0,,Race to 8,race,completed,Completed,tournament_page,Women's Intermediate,4,27971b18-d7dd-4eff-8ce5-6ecc8ead85b0,api_member_ids,f4728606-c9b2-4973-b3b5-68149311c1bc,api_member_ids,7a23263c-f0d4-4b39-a8ea-16d1a195f91e,api_member_ids,1729d84b-2971-4f94-b903-afcce8dc4619,api_member_ids,f72b011a-9e23-447f-9746-5e5f0659ad66,bce2ecb2-b9e2-4178-b8aa-793e15bb6134,2d56a1ef-e938-4e7b-85fd-9fc7984d0692,29711dc3-9b50-4d6f-8567-89c271e41fd1
2bdb9416-b055-4eab-8850-09fcb562eb10,mumbai-city-open-5-01,City Open Mumbai 5.0,City Open,a8021667-5e8f-4369-838c-efb8dd18b5b7,Women's Intermediate,Women's,intermediate,A,group,2026-08-01,11:40,COURT 2,2026-08-01T06:12:21.628Z,2026-08-01T06:41:39.889Z,Sanya Khan / Sonia Rathee,Gabriella Demetriades / Amaya Kothari,Sanya Khan,Sonia Rathee,Gabriella Demetriades,Amaya Kothari,8-5,1.0,0.0,8.0,5.0,8,5,1.0,,Race to 8,race,completed,Completed,tournament_page,Women's Intermediate,3,cf8b7d94-b472-4c15-b10e-a112da1d3143,api_member_ids,76c439ce-ed6a-4d86-b384-38a843b6a4ee,api_member_ids,aa66801a-85de-41fe-b8d3-c5deb7346bbe,api_member_ids,214fa58d-dcf2-4b0b-888f-f2a2341ae45b,api_member_ids,c8269431-a93a-4c13-801f-063ac1ea5e3f,3f7e26b1-d628-408c-af81-3e7be804cca6,bbbe2d22-bdcf-413a-88e3-06a3358c796a,69ef6b1d-28d4-4e2a-aa21-e2f0670f7160
e6593a0f-4b44-4602-a50e-83b0bcd9c179,mumbai-city-open-5-01,City Open Mumbai 5.0,City Open,a8021667-5e8f-4369-838c-efb8dd18b5b7,Women's Intermediate,Women's,intermediate,B,group,2026-08-01,11:40,COURT 3,2026-08-01T06:23:58.490Z,2026-08-01T06:42:20.426Z,Vera desai / Tanushri Biyani,Anandita Parekh / Trishina Kirpalani,Vera desai,Tanushri Biyani,Anandita Parekh,Trishina Kirpalani,8-1,1.0,0.0,8.0,1.0,8,1,1.0,,Race to 8,race,completed,Completed,tournament_page,Women's Intermediate,4,27971b18-d7dd-4eff-8ce5-6ecc8ead85b0,api_member_ids,f4728606-c9b2-4973-b3b5-68149311c1bc,api_member_ids,0ac8bb0a-d25b-4a0d-8506-8955617d72fa,api_member_ids,5e45411e-b0ef-4bea-b23f-c9a559a727dc,api_member_ids,f72b011a-9e23-447f-9746-5e5f0659ad66,bce2ecb2-b9e2-4178-b8aa-793e15bb6134,756fbd54-a7cc-4f9d-a9af-677140f833db,cb54c1f1-272e-4c03-a101-e781ca7abfce
ffa2a444-c60d-4978-a937-4c37f0857430,mumbai-city-open-5-01,City Open Mumbai 5.0,City Open,a8021667-5e8f-4369-838c-efb8dd18b5b7,Women's Intermediate,Women's,intermediate,A,group,2026-08-01,12:20,COURT 2,2026-08-01T06:50:54.735Z,2026-08-01T07:12:47.426Z,Vanshika Kaji / Priyanka Kapadia,Gabriella Demetriades / Amaya Kothari,Vanshika Kaji,Priyanka Kapadia,Gabriella Demetriades,Amaya Kothari,2-8,0.0,1.0,2.0,8.0,2,8,2.0,,Race to 8,race,completed,Completed,tournament_page,Women's Intermediate,3,477f11d3-787d-4419-b0f5-23b7f94a4a51,api_member_ids,fb9074c7-a16f-471f-89f8-13ead764d055,api_member_ids,aa66801a-85de-41fe-b8d3-c5deb7346bbe,api_member_ids,214fa58d-dcf2-4b0b-888f-f2a2341ae45b,api_member_ids,b0635729-bf94-42f7-bdfd-dbf96190e955,ceafa7a3-80a9-431e-9ff5-fa4528f92a08,bbbe2d22-bdcf-413a-88e3-06a3358c796a,69ef6b1d-28d4-4e2a-aa21-e2f0670f7160
c58191c9-4ccc-4eaa-9d22-98d48e4460fa,mumbai-city-open-5-01,City Open Mumbai 5.0,City Open,a8021667-5e8f-4369-838c-efb8dd18b5b7,Women's Intermediate,Women's,intermediate,B,group,2026-08-01,12:20,COURT 3,2026-08-01T06:48:53.579Z,2026-08-01T07:20:45.663Z,Leesha Shah / Diu Somani,Anandita Parekh / Trishina Kirpalani,Leesha Shah,Diu Somani,Anandita Parekh,Trishina Kirpalani,8-5,1.0,0.0,8.0,5.0,8,5,1.0,,Race to 8,race,completed,Completed,tournament_page,Women's Intermediate,4,7a23263c-f0d4-4b39-a8ea-16d1a195f91e,api_member_ids,1729d84b-2971-4f94-b903-afcce8dc4619,api_member_ids,0ac8bb0a-d25b-4a0d-8506-8955617d72fa,api_member_ids,5e45411e-b0ef-4bea-b23f-c9a559a727dc,api_member_ids,2d56a1ef-e938-4e7b-85fd-9fc7984d0692,29711dc3-9b50-4d6f-8567-89c271e41fd1,756fbd54-a7cc-4f9d-a9af-677140f833db,cb54c1f1-272e-4c03-a101-e781ca7abfce
c3e05fd7-0253-4167-86c1-caf87ae0e1cc,mumbai-city-open-5-01,City Open Mumbai 5.0,City Open,a8021667-5e8f-4369-838c-efb8dd18b5b7,Women's Intermediate,Women's,intermediate,C,group,2026-08-01,13:00,COURT 2,2026-08-01T07:25:33.465Z,2026-08-01T07:54:12.232Z,Roshni Dadachanji / Shahnaz Dubash,Pooja Kharat / Diya Chopra,Roshni Dadachanji,Shahnaz Dubash,Pooja Kharat,Diya Chopra,8-3,1.0,0.0,8.0,3.0,8,3,1.0,,Race to 8,race,completed,Completed,tournament_page,Women's Intermediate,4,481f14a2-6a1c-4826-a67c-e8c50be8bc51,api_member_ids,f8b29fd9-6a1b-4c15-b501-63a633a7daa2,api_member_ids,78d5d429-c5f3-45a9-896b-b7f9346bbc83,api_member_ids,dd73b3c0-a4c1-4c57-87f1-25fac864cce8,api_member_ids,4badd15c-2db8-4ff4-9a6a-21c033bde341,e5a7bd21-ef06-4923-b320-f635c0677fb4,3242cc0a-0bed-41e8-b63c-5be064231d0f,eb4a3b7a-21e2-4a2a-b15f-43e21d621a75
124e740f-52cb-4729-913f-57c9639504ed,mumbai-city-open-5-01,City Open Mumbai 5.0,City Open,a8021667-5e8f-4369-838c-efb8dd18b5b7,Women's Intermediate,Women's,intermediate,D,group,2026-08-01,13:00,COURT 3,2026-08-01T07:31:18.427Z,2026-08-01T08:02:32.973Z,Sahitra Ghurye / Ashwita Hosbettu,Aashna Sanghvi / Ashni Kothari,Sahitra Ghurye,Ashwita Hosbettu,Aashna Sanghvi,Ashni Kothari,8-5,1.0,0.0,8.0,5.0,8,5,1.0,,Race to 8,race,completed,Completed,tournament_page,Women's Intermediate,4,739a853c-ae03-4719-ba64-a326c87ccd84,api_member_ids,f2db3b3d-1aef-4968-a928-0797453d1f8b,api_member_ids,d2d7929c-5515-4860-bcc3-871b25fdf56e,api_member_ids,ee6b37d2-ebd5-4a1f-8287-6205907b6fe4,api_member_ids,1ea4084a-0bc6-4787-9253-e86d09a3ae93,4557d0aa-7675-4640-b49d-c12223b04002,e8dafdf8-c335-432f-8645-c91bad2e4994,3b841ebb-376b-4830-b803-348b59c4e173
65347441-d253-4712-a50c-41e936e8df4e,mumbai-city-open-5-01,City Open Mumbai 5.0,City Open,a8021667-5e8f-4369-838c-efb8dd18b5b7,Women's Intermediate,Women's,intermediate,C,group,2026-08-01,13:40,COURT 2,,2026-08-01T08:14:43.232Z,Roshni Dadachanji / Shahnaz Dubash,Ishna Byramjee / Aditi Dugar,Roshni Dadachanji,Shahnaz Dubash,Ishna Byramjee,Aditi Dugar,8-1,1.0,0.0,8.0,1.0,8,1,1.0,Walkover,Race to 8,race,completed,Completed,tournament_page,Women's Intermediate,4,481f14a2-6a1c-4826-a67c-e8c50be8bc51,api_member_ids,f8b29fd9-6a1b-4c15-b501-63a633a7daa2,api_member_ids,5ecfdc1f-7bc4-4015-8d74-cd6d823ba635,api_member_ids,fe2baf14-65fa-488a-aa52-602e4fa852e3,api_member_ids,4badd15c-2db8-4ff4-9a6a-21c033bde341,e5a7bd21-ef06-4923-b320-f635c0677fb4,358167f8-d176-4b98-84c2-ed0ba794cea8,8542b4cc-6e4f-4690-ac0b-2a8c4b7b9e64
3962c093-d977-44ab-afe0-17345507f8e5,mumbai-city-open-5-01,City Open Mumbai 5.0,City Open,a8021667-5e8f-4369-838c-efb8dd18b5b7,Women's Intermediate,Women's,intermediate,D,group,2026-08-01,13:40,COURT 3,2026-08-01T08:15:34.272Z,2026-08-01T08:52:20.483Z,Sahitra Ghurye / Ashwita Hosbettu,Erika Lobo / Anisha Aibara,Sahitra Ghurye,Ashwita Hosbettu,Erika Lobo,Anisha Aibara,4-8,0.0,1.0,4.0,8.0,4,8,2.0,,Race to 8,race,completed,Completed,tournament_page,Women's Intermediate,4,739a853c-ae03-4719-ba64-a326c87ccd84,api_member_ids,f2db3b3d-1aef-4968-a928-0797453d1f8b,api_member_ids,b25938a4-d80d-442e-a68b-01ed3b1c27b9,api_member_ids,1f24a3aa-b8df-4886-bedf-6f62693316b9,api_member_ids,1ea4084a-0bc6-4787-9253-e86d09a3ae93,4557d0aa-7675-4640-b49d-c12223b04002,a846a10c-8412-4bee-9cf0-8cd82ce2c1e9,d4073531-b21e-4a5a-99c2-e73b6b69d758
369ae7fe-8062-4032-b136-8b5425050c64,mumbai-city-open-5-01,City Open Mumbai 5.0,City Open,a8021667-5e8f-4369-838c-efb8dd18b5b7,Women's Intermediate,Women's,intermediate,C,group,2026-08-01,14:20,COURT 2,2026-08-01T08:14:58.673Z,2026-08-01T08:15:13.962Z,Pooja Kharat / Diya Chopra,Ishna Byramjee / Aditi Dugar,Pooja Kharat,Diya Chopra,Ishna Byramjee,Aditi Dugar,8-1,1.0,0.0,8.0,1.0,8,1,1.0,Walkover,Race to 8,race,completed,Completed,tournament_page,Women's Intermediate,4,78d5d429-c5f3-45a9-896b-b7f9346bbc83,api_member_ids,dd73b3c0-a4c1-4c57-87f1-25fac864cce8,api_member_ids,5ecfdc1f-7bc4-4015-8d74-cd6d823ba635,api_member_ids,fe2baf14-65fa-488a-aa52-602e4fa852e3,api_member_ids,3242cc0a-0bed-41e8-b63c-5be064231d0f,eb4a3b7a-21e2-4a2a-b15f-43e21d621a75,358167f8-d176-4b98-84c2-ed0ba794cea8,8542b4cc-6e4f-4690-ac0b-2a8c4b7b9e64
e31f7636-99d0-44f9-acf2-2c5c8793f9cf,mumbai-city-open-5-01,City Open Mumbai 5.0,City Open,a8021667-5e8f-4369-838c-efb8dd18b5b7,Women's Intermediate,Women's,intermediate,D,group,2026-08-01,14:20,COURT 3,2026-08-01T09:02:01.236Z,2026-08-01T09:30:53.609Z,Aashna Sanghvi / Ashni Kothari,Erika Lobo / Anisha Aibara,Aashna Sanghvi,Ashni Kothari,Erika Lobo,Anisha Aibara,4-8,0.0,1.0,4.0,8.0,4,8,2.0,,Race to 8,race,completed,Completed,tournament_page,Women's Intermediate,4,d2d7929c-5515-4860-bcc3-871b25fdf56e,api_member_ids,ee6b37d2-ebd5-4a1f-8287-6205907b6fe4,api_member_ids,b25938a4-d80d-442e-a68b-01ed3b1c27b9,api_member_ids,1f24a3aa-b8df-4886-bedf-6f62693316b9,api_member_ids,e8dafdf8-c335-432f-8645-c91bad2e4994,3b841ebb-376b-4830-b803-348b59c4e173,a846a10c-8412-4bee-9cf0-8cd82ce2c1e9,d4073531-b21e-4a5a-99c2-e73b6b69d758
f8843aa6-9b39-4e76-ae47-ff1629d0e2b8,mumbai-city-open-5-01,City Open Mumbai 5.0,City Open,a8021667-5e8f-4369-838c-efb8dd18b5b7,Women's Intermediate,Women's,intermediate,SF,knockout,2026-08-02,13:30,COURT 1,2026-08-02T08:29:03.625Z,2026-08-02T09:01:19.267Z,Sanya Khan / Sonia Rathee,Erika Lobo / Anisha Aibara,Sanya Khan,Sonia Rathee,Erika Lobo,Anisha Aibara,"6-0, 6-0",2.0,0.0,12.0,0.0,6 6,0 0,1.0,,Best of 3 sets,sets,completed,Completed,tournament_page,Women's Intermediate,4,cf8b7d94-b472-4c15-b10e-a112da1d3143,api_member_ids,76c439ce-ed6a-4d86-b384-38a843b6a4ee,api_member_ids,b25938a4-d80d-442e-a68b-01ed3b1c27b9,api_member_ids,1f24a3aa-b8df-4886-bedf-6f62693316b9,api_member_ids,c8269431-a93a-4c13-801f-063ac1ea5e3f,3f7e26b1-d628-408c-af81-3e7be804cca6,a846a10c-8412-4bee-9cf0-8cd82ce2c1e9,d4073531-b21e-4a5a-99c2-e73b6b69d758
10b1588c-08ed-4df3-b37f-66e43d24f1fc,mumbai-city-open-5-01,City Open Mumbai 5.0,City Open,a8021667-5e8f-4369-838c-efb8dd18b5b7,Women's Intermediate,Women's,intermediate,SF,knockout,2026-08-02,13:30,COURT 2,2026-08-02T08:02:49.742Z,2026-08-02T08:51:26.108Z,Vera desai / Tanushri Biyani,Roshni Dadachanji / Shahnaz Dubash,Vera desai,Tanushri Biyani,Roshni Dadachanji,Shahnaz Dubash,"3-6, 2-6",0.0,2.0,5.0,12.0,3 2,6 6,2.0,,Best of 3 sets,sets,completed,Completed,tournament_page,Women's Intermediate,4,27971b18-d7dd-4eff-8ce5-6ecc8ead85b0,api_member_ids,f4728606-c9b2-4973-b3b5-68149311c1bc,api_member_ids,481f14a2-6a1c-4826-a67c-e8c50be8bc51,api_member_ids,f8b29fd9-6a1b-4c15-b501-63a633a7daa2,api_member_ids,f72b011a-9e23-447f-9746-5e5f0659ad66,bce2ecb2-b9e2-4178-b8aa-793e15bb6134,4badd15c-2db8-4ff4-9a6a-21c033bde341,e5a7bd21-ef06-4923-b320-f635c0677fb4
bb31b30c-aad7-488f-adcd-8ff41ab394c3,mumbai-city-open-5-01,City Open Mumbai 5.0,City Open,a8021667-5e8f-4369-838c-efb8dd18b5b7,Women's Intermediate,Women's,intermediate,F,knockout,2026-08-02,16:30,COURT 1,2026-08-02T11:12:13.472Z,2026-08-02T12:01:10.055Z,Sanya Khan / Sonia Rathee,Roshni Dadachanji / Shahnaz Dubash,Sanya Khan,Sonia Rathee,Roshni Dadachanji,Shahnaz Dubash,"6-2, 6-1",2.0,0.0,12.0,3.0,6 6,2 1,1.0,,Best of 3 sets,sets,completed,Completed,tournament_page,Women's Intermediate,4,cf8b7d94-b472-4c15-b10e-a112da1d3143,api_member_ids,76c439ce-ed6a-4d86-b384-38a843b6a4ee,api_member_ids,481f14a2-6a1c-4826-a67c-e8c50be8bc51,api_member_ids,f8b29fd9-6a1b-4c15-b501-63a633a7daa2,api_member_ids,c8269431-a93a-4c13-801f-063ac1ea5e3f,3f7e26b1-d628-408c-af81-3e7be804cca6,4badd15c-2db8-4ff4-9a6a-21c033bde341,e5a7bd21-ef06-4923-b320-f635c0677fb4
51f1b368-1389-46c9-aa3b-f9f6ff4d218b,mumbai-city-open-5-01,City Open Mumbai 5.0,City Open,9f67b0fe-211f-4ae5-87e9-b06ee47a5cb0,Women's Advance,Women's,advance,A,group,2026-08-01,15:00,COURT 1,2026-08-01T09:37:14.718Z,2026-08-01T10:03:38.224Z,Shraddha Damani / Tulsi Mehta,Tishya Sagar / Suhani Sabharwal,Shraddha Damani,Tulsi Mehta,Tishya Sagar,Suhani Sabharwal,8-3,1.0,0.0,8.0,3.0,8,3,1.0,,Race to 8,race,completed,Completed,tournament_page,Women's Advance,1,d7b11e8a-e252-4721-9b62-227fb11e43c2,api_member_ids,e190ca21-bb25-46b3-965e-bcb2ffcc3fd3,api_member_ids,261c3899-f32d-4861-a046-8b36ccf6123a,api_member_ids,1b914254-ef80-4aa1-aae6-196986d10121,api_member_ids,96d33dfb-38f7-43fe-8b5d-3f4d79e3efb4,c6f406b8-0e38-4321-8155-b4c18c7f0ae3,9db4304e-f80f-4f6d-b8d7-a068ad1f6063,1b66e647-fc1f-4105-9719-674fa9eb641b
d5acc7f4-507f-4015-96bb-abf35857dae3,mumbai-city-open-5-01,City Open Mumbai 5.0,City Open,9f67b0fe-211f-4ae5-87e9-b06ee47a5cb0,Women's Advance,Women's,advance,A,group,2026-08-01,15:40,COURT 1,2026-08-01T10:17:39.410Z,2026-08-01T10:45:08.488Z,Shraddha Damani / Tulsi Mehta,Neha Mehta / Nikhila Palat,Shraddha Damani,Tulsi Mehta,Neha Mehta,Nikhila Palat,8-4,1.0,0.0,8.0,4.0,8,4,1.0,,Race to 8,race,completed,Completed,tournament_page,Women's Advance,2,d7b11e8a-e252-4721-9b62-227fb11e43c2,api_member_ids,e190ca21-bb25-46b3-965e-bcb2ffcc3fd3,api_member_ids,84bbf8bb-72b8-4471-bb81-4899711ae519,api_member_ids,9f517b47-d5b5-40bf-b85e-7f0f4f5d3a31,api_member_ids,96d33dfb-38f7-43fe-8b5d-3f4d79e3efb4,c6f406b8-0e38-4321-8155-b4c18c7f0ae3,cbeb4818-ab73-4d20-8ddf-664763299ca0,3b6092be-6e8d-4437-af03-a20b580ec356
b1cc436d-5382-4c14-93cd-80c4187ec8a3,mumbai-city-open-5-01,City Open Mumbai 5.0,City Open,9f67b0fe-211f-4ae5-87e9-b06ee47a5cb0,Women's Advance,Women's,advance,A,group,2026-08-01,16:20,COURT 1,2026-08-01T10:53:47.813Z,2026-08-01T11:34:17.913Z,Tishya Sagar / Suhani Sabharwal,Neha Mehta / Nikhila Palat,Tishya Sagar,Suhani Sabharwal,Neha Mehta,Nikhila Palat,5-8,0.0,1.0,5.0,8.0,5,8,2.0,,Race to 8,race,completed,Completed,tournament_page,Women's Advance,3,261c3899-f32d-4861-a046-8b36ccf6123a,api_member_ids,1b914254-ef80-4aa1-aae6-196986d10121,api_member_ids,84bbf8bb-72b8-4471-bb81-4899711ae519,api_member_ids,9f517b47-d5b5-40bf-b85e-7f0f4f5d3a31,api_member_ids,9db4304e-f80f-4f6d-b8d7-a068ad1f6063,1b66e647-fc1f-4105-9719-674fa9eb641b,cbeb4818-ab73-4d20-8ddf-664763299ca0,3b6092be-6e8d-4437-af03-a20b580ec356
d573ae06-0b71-42de-8278-b58b136c8dd4,mumbai-city-open-5-01,City Open Mumbai 5.0,City Open,9f67b0fe-211f-4ae5-87e9-b06ee47a5cb0,Women's Advance,Women's,advance,B,group,2026-08-01,17:00,COURT 1,2026-08-01T11:37:51.622Z,2026-08-01T12:18:40.878Z,Estelle Mehta / Anisha Mirchandani,Kimaya Mehta / Pia Kothari,Estelle Mehta,Anisha Mirchandani,Kimaya Mehta,Pia Kothari,8-5,1.0,0.0,8.0,5.0,8,5,1.0,,Race to 8,race,completed,Completed,tournament_page,Women's Advance,2,a8f6711d-8415-49af-afc4-f8f9a3913a3e,api_member_ids,ea8745f7-50a3-4a17-ae4e-5d13d042ceb4,api_member_ids,dbd6997d-2211-4a51-9d0e-0676e2966060,api_member_ids,f5dad384-ffe0-451a-8d85-b6deaa46885b,api_member_ids,cad9e405-7777-400b-80e5-c939a6584fb9,748fb1bd-ee4f-4c64-8e5d-3192682857e7,e9134905-d4dc-45b6-958b-d23af9ceb117,7c6625a8-1c27-4c70-9450-677257a20cd4
62b8fab9-fd99-4133-831e-503c22a36888,mumbai-city-open-5-01,City Open Mumbai 5.0,City Open,9f67b0fe-211f-4ae5-87e9-b06ee47a5cb0,Women's Advance,Women's,advance,B,group,2026-08-01,17:40,COURT 1,2026-08-01T12:29:53.032Z,2026-08-01T12:59:59.328Z,Estelle Mehta / Anisha Mirchandani,Sonashe Bhatnagar / Dhwani Kumar,Estelle Mehta,Anisha Mirchandani,Sonashe Bhatnagar,Dhwani Kumar,8-3,1.0,0.0,8.0,3.0,8,3,1.0,,Race to 8,race,completed,Completed,tournament_page,Women's Advance,3,a8f6711d-8415-49af-afc4-f8f9a3913a3e,api_member_ids,ea8745f7-50a3-4a17-ae4e-5d13d042ceb4,api_member_ids,ba0bebb9-bb83-4bfc-9c39-a96387beae44,api_member_ids,a8716cfd-5d35-417a-bf7f-cc12277c615b,api_member_ids,cad9e405-7777-400b-80e5-c939a6584fb9,748fb1bd-ee4f-4c64-8e5d-3192682857e7,d96ff2b2-3ac7-4937-bd30-823e55da29de,c20dbe87-b646-4cee-bfe5-bb8fa0da164b
1f6997a5-4271-404b-ad04-58cc5b3d5267,mumbai-city-open-5-01,City Open Mumbai 5.0,City Open,9f67b0fe-211f-4ae5-87e9-b06ee47a5cb0,Women's Advance,Women's,advance,B,group,2026-08-01,18:20,COURT 1,2026-08-01T13:07:07.264Z,2026-08-01T13:38:06.372Z,Kimaya Mehta / Pia Kothari,Sonashe Bhatnagar / Dhwani Kumar,Kimaya Mehta,Pia Kothari,Sonashe Bhatnagar,Dhwani Kumar,8-4,1.0,0.0,8.0,4.0,8,4,1.0,,Race to 8,race,completed,Completed,tournament_page,Women's Advance,3,dbd6997d-2211-4a51-9d0e-0676e2966060,api_member_ids,f5dad384-ffe0-451a-8d85-b6deaa46885b,api_member_ids,ba0bebb9-bb83-4bfc-9c39-a96387beae44,api_member_ids,a8716cfd-5d35-417a-bf7f-cc12277c615b,api_member_ids,e9134905-d4dc-45b6-958b-d23af9ceb117,7c6625a8-1c27-4c70-9450-677257a20cd4,d96ff2b2-3ac7-4937-bd30-823e55da29de,c20dbe87-b646-4cee-bfe5-bb8fa0da164b
1964eb29-aafd-4181-a92b-5d06baaa35d7,mumbai-city-open-5-01,City Open Mumbai 5.0,City Open,9f67b0fe-211f-4ae5-87e9-b06ee47a5cb0,Women's Advance,Women's,advance,SF,knockout,2026-08-02,10:30,COURT 1,2026-08-02T05:04:20.906Z,2026-08-02T06:06:26.288Z,Shraddha Damani / Tulsi Mehta,Kimaya Mehta / Pia Kothari,Shraddha Damani,Tulsi Mehta,Kimaya Mehta,Pia Kothari,"6-3, 6-4",2.0,0.0,12.0,7.0,6 6,3 4,1.0,,Best of 3 sets,sets,completed,Completed,tournament_page,Women's Advance,2,d7b11e8a-e252-4721-9b62-227fb11e43c2,api_member_ids,e190ca21-bb25-46b3-965e-bcb2ffcc3fd3,api_member_ids,dbd6997d-2211-4a51-9d0e-0676e2966060,api_member_ids,f5dad384-ffe0-451a-8d85-b6deaa46885b,api_member_ids,96d33dfb-38f7-43fe-8b5d-3f4d79e3efb4,c6f406b8-0e38-4321-8155-b4c18c7f0ae3,e9134905-d4dc-45b6-958b-d23af9ceb117,7c6625a8-1c27-4c70-9450-677257a20cd4
9ad09a70-a50b-4a87-96b0-bb6ca1f1f6f2,mumbai-city-open-5-01,City Open Mumbai 5.0,City Open,9f67b0fe-211f-4ae5-87e9-b06ee47a5cb0,Women's Advance,Women's,advance,SF,knockout,2026-08-02,10:30,COURT 2,2026-08-02T04:42:32.974Z,2026-08-02T07:31:26.647Z,Estelle Mehta / Anisha Mirchandani,Neha Mehta / Nikhila Palat,Estelle Mehta,Anisha Mirchandani,Neha Mehta,Nikhila Palat,"7-6(7-5), 7-5",2.0,0.0,14.0,11.0,7 7,6 5,1.0,,Best of 3 sets,sets,completed,Completed,tournament_page,Women's Advance,4,a8f6711d-8415-49af-afc4-f8f9a3913a3e,api_member_ids,ea8745f7-50a3-4a17-ae4e-5d13d042ceb4,api_member_ids,84bbf8bb-72b8-4471-bb81-4899711ae519,api_member_ids,9f517b47-d5b5-40bf-b85e-7f0f4f5d3a31,api_member_ids,cad9e405-7777-400b-80e5-c939a6584fb9,748fb1bd-ee4f-4c64-8e5d-3192682857e7,cbeb4818-ab73-4d20-8ddf-664763299ca0,3b6092be-6e8d-4437-af03-a20b580ec356
adbb6c00-a8ba-4375-9587-69d1cca2a654,mumbai-city-open-5-01,City Open Mumbai 5.0,City Open,9f67b0fe-211f-4ae5-87e9-b06ee47a5cb0,Women's Advance,Women's,advance,F,knockout,2026-08-02,19:00,COURT 1,2026-08-02T14:28:43.198Z,2026-08-02T15:36:13.912Z,Shraddha Damani / Tulsi Mehta,Estelle Mehta / Anisha Mirchandani,Shraddha Damani,Tulsi Mehta,Estelle Mehta,Anisha Mirchandani,"6-4, 6-2",2.0,0.0,12.0,6.0,6 6,4 2,1.0,,Best of 3 sets,sets,completed,Completed,tournament_page,Women's Advance,3,d7b11e8a-e252-4721-9b62-227fb11e43c2,api_member_ids,e190ca21-bb25-46b3-965e-bcb2ffcc3fd3,api_member_ids,a8f6711d-8415-49af-afc4-f8f9a3913a3e,api_member_ids,ea8745f7-50a3-4a17-ae4e-5d13d042ceb4,api_member_ids,96d33dfb-38f7-43fe-8b5d-3f4d79e3efb4,c6f406b8-0e38-4321-8155-b4c18c7f0ae3,cad9e405-7777-400b-80e5-c939a6584fb9,748fb1bd-ee4f-4c64-8e5d-3192682857e7
