player_id,user_uuid,name,category,rank,rank_move,points,win_pct,career_matches,wins,losses,last30_wins,last30_matches,titles,runner_up,defending_points,best_rank,current_streak,longest_streak,career_points,events,url,ranked_categories,profile_name,profile_category,profile_rank,profile_points,profile_mismatch,api_is_guest,api_best_rank,api_events,id_form,sum_counting_points,points_check
00726336-208f-428b-927c-e58df86ca58f,,Tasveer Sohi,,,,,0,0,0,0,0,0,0,0,0,,0.0,0.0,0,,https://indianpadeltour.in/players/00726336-208f-428b-927c-e58df86ca58f,,Tasveer Sohi,Women's Beginner,,0,False,False,,ipt-chandigarh-city-open-2-0,api_player,,
01641f10-7928-42b3-ae2d-6c62c67c9b7a,,Viraj Bhargava,Men's,188.0,-10.0,30.0,0,0,0,0,0,0,1,0,30,110.0,0.0,0.0,30,1.0,https://indianpadeltour.in/players/01641f10-7928-42b3-ae2d-6c62c67c9b7a,Men's,Viraj Bhargava,Men's,188.0,30,False,False,110.0,ipt-chandigarh-city-open-2-0,uuid,30.0,True
0179cc16-9672-4799-952f-5170933feabc,0179cc16-9672-4799-952f-5170933feabc,Venctexa Burye,Men's,459.0,-36.0,0.0,33,3,1,2,0,0,0,0,0,423.0,1.0,1.0,0,1.0,https://indianpadeltour.in/players/0179cc16-9672-4799-952f-5170933feabc,Men's,Venctexa Burye,Men's,459.0,0,False,False,423.0,ipt-goa-grandslam-11-0,uuid,0.0,True
0298159c-98dd-4226-9378-f404152d21ae,,Vishnu,,,,,0,0,0,0,0,0,0,0,0,,0.0,0.0,0,,https://indianpadeltour.in/players/0298159c-98dd-4226-9378-f404152d21ae,,Vishnu,Men's Advance,,0,False,False,,ipt-hyderabad-city-grandslam-12-0,api_player,,
0346bf27-30fb-409c-8bd4-bdbb1f7119cd,0346bf27-30fb-409c-8bd4-bdbb1f7119cd,Yash Nagdev,Men's,385.0,-14.0,9.0,67,3,2,1,0,0,0,0,9,346.0,0.0,2.0,9,1.0,https://indianpadeltour.in/players/0346bf27-30fb-409c-8bd4-bdbb1f7119cd,Men's,Yash Nagdev,Men's,385.0,9,False,False,346.0,mumbai-city-open-5-01,uuid,9.0,True
039b6f1f-08ac-4b35-aa67-f58555e6e99d,,Ashish Jha,,,,,0,0,0,0,0,0,0,0,0,,0.0,0.0,0,,https://indianpadeltour.in/players/039b6f1f-08ac-4b35-aa67-f58555e6e99d,,Ashish Jha,Men's Intermediate,,0,False,False,,ipt-hyderabad-city-grandslam-12-0,api_player,,
03ae0e04-e984-4ecc-9a6c-6a8eaf8d056a,,Rahul Gupta,,,,,0,0,0,0,0,0,0,0,0,,0.0,0.0,0,,https://indianpadeltour.in/players/03ae0e04-e984-4ecc-9a6c-6a8eaf8d056a,,Rahul Gupta,Men's Intermediate,,0,False,,,,uuid,,
03c0ac66-cca8-403b-956f-08fe4c08cebe,03c0ac66-cca8-403b-956f-08fe4c08cebe,Pranay Merchant,Men's,459.0,-36.0,0.0,33,3,1,2,0,0,0,0,0,423.0,1.0,1.0,0,1.0,https://indianpadeltour.in/players/03c0ac66-cca8-403b-956f-08fe4c08cebe,Men's,Pranay Merchant,Men's,459.0,0,False,False,423.0,ipt-goa-grandslam-11-0,uuid,0.0,True
042630ef-be7b-401e-9a56-2bdbd27b005b,042630ef-be7b-401e-9a56-2bdbd27b005b,Ronak Talati,Men's,150.0,-8.0,45.0,0,2,0,2,0,0,0,1,45,1.0,0.0,0.0,51,4.0,https://indianpadeltour.in/players/042630ef-be7b-401e-9a56-2bdbd27b005b,Men's,Ronak Talati,Men's,150.0,45,False,False,1.0,mumbai-city-open-5-01,uuid,45.0,True
0529e91a-d7f2-4809-9131-153e204a3f43,,Puneet Sharma,,,,,0,0,0,0,0,0,0,0,0,,0.0,0.0,0,,https://indianpadeltour.in/players/0529e91a-d7f2-4809-9131-153e204a3f43,,Puneet Sharma,Men's Beginner,,0,False,,,,uuid,,
062f6e2d-dd0e-47b8-a338-386ae1e7ddc2,062f6e2d-dd0e-47b8-a338-386ae1e7ddc2,Vishal Thomas,Men's,436.0,,5.0,50,4,2,2,2,4,0,0,5,436.0,0.0,2.0,5,1.0,https://indianpadeltour.in/players/062f6e2d-dd0e-47b8-a338-386ae1e7ddc2,Men's,Vishal Thomas,Men's,436.0,5,False,False,436.0,ipt-kochi-city-open-2-0,uuid,5.0,True
064584fa-2f7f-4667-a2af-d418765fdf1c,,Akchhat Bothra,,,,,0,0,0,0,0,0,0,0,0,,0.0,0.0,0,,https://indianpadeltour.in/players/064584fa-2f7f-4667-a2af-d418765fdf1c,,Akchhat Bothra,Men's Beginner,,0,False,False,,ipt-hyderabad-city-grandslam-12-0,api_player,,
06a4aeef-aaca-45ef-a83a-cb3c703c9789,06a4aeef-aaca-45ef-a83a-cb3c703c9789,Mihir Akolkar,Men's,40.0,6.0,286.0,45,11,5,6,2,4,1,0,286,1.0,0.0,3.0,292,6.0,https://indianpadeltour.in/players/06a4aeef-aaca-45ef-a83a-cb3c703c9789,Men's,Mihir Akolkar,Men's,40.0,286,False,False,1.0,"ipt-hyderabad-city-grandslam-12-0, ipt-kochi-city-open-2-0, ipt-goa-grandslam-11-0, mumbai-city-open-5-01",uuid,286.0,True
071330ea-c4ec-4770-b5ee-0f4996cfbd5c,,Sahil Mahajan,,,,,0,0,0,0,0,0,0,0,0,,0.0,0.0,0,,https://indianpadeltour.in/players/071330ea-c4ec-4770-b5ee-0f4996cfbd5c,,Sahil Mahajan,Men's Beginner,,0,False,False,,ipt-chandigarh-city-open-2-0,api_player,,
08c756f4-9b1a-41af-96b5-b7041d812156,,Ikrab Ghai,Men's,188.0,-10.0,30.0,0,0,0,0,0,0,0,0,30,160.0,0.0,0.0,30,1.0,https://indianpadeltour.in/players/08c756f4-9b1a-41af-96b5-b7041d812156,Men's,Ikrab Ghai,Men's,188.0,30,False,False,160.0,ipt-chandigarh-city-open-2-0,uuid,30.0,True
08fc8e21-4850-4e09-89e9-2ba0c2c8c9ef,08fc8e21-4850-4e09-89e9-2ba0c2c8c9ef,Jonas Spinoy,Men's 40+,35.0,-2.0,0.0,0,4,0,4,0,0,0,0,0,33.0,0.0,0.0,0,1.0,https://indianpadeltour.in/players/08fc8e21-4850-4e09-89e9-2ba0c2c8c9ef,Men's 40+,Jonas Spinoy,Men's 40+,35.0,0,False,False,33.0,ipt-goa-grandslam-11-0,uuid,0.0,True
09ce181d-c08d-4189-ab36-4d4a706f1bcb,09ce181d-c08d-4189-ab36-4d4a706f1bcb,Karan Medappa,Men's,123.0,300.0,54.0,14,7,1,6,1,4,0,0,54,123.0,0.0,1.0,54,2.0,https://indianpadeltour.in/players/09ce181d-c08d-4189-ab36-4d4a706f1bcb,Men's,Karan Medappa,Men's,123.0,54,False,False,123.0,"ipt-hyderabad-city-grandslam-12-0, ipt-kochi-city-open-2-0, ipt-goa-grandslam-11-0",uuid,54.0,True
0a0db4ab-db0a-4dd7-a8d3-7a40715b83bd,0a0db4ab-db0a-4dd7-a8d3-7a40715b83bd,Advaith Anoop,Men's,436.0,-18.0,5.0,75,4,3,1,0,0,0,0,5,381.0,0.0,3.0,5,1.0,https://indianpadeltour.in/players/0a0db4ab-db0a-4dd7-a8d3-7a40715b83bd,Men's,Advaith Anoop,Men's,436.0,5,False,False,381.0,mumbai-city-open-5-01,uuid,5.0,True
0a615f94-73f5-473e-876d-d793bd1b16fc,,Akshay Suhag,,,,,0,0,0,0,0,0,0,0,0,,0.0,0.0,0,,https://indianpadeltour.in/players/0a615f94-73f5-473e-876d-d793bd1b16fc,,Akshay Suhag,Men's Intermediate,,0,False,False,,ipt-hyderabad-city-grandslam-12-0,api_player,,
0ac8bb0a-d25b-4a0d-8506-8955617d72fa,0ac8bb0a-d25b-4a0d-8506-8955617d72fa,Anandita Parekh,Women's,115.0,-7.0,0.0,0,2,0,2,0,0,0,1,0,1.0,0.0,0.0,18,2.0,https://indianpadeltour.in/players/0ac8bb0a-d25b-4a0d-8506-8955617d72fa,Women's,Anandita Parekh,Women's,115.0,0,False,False,1.0,mumbai-city-open-5-01,uuid,0.0,True
0c568934-bec2-451a-91c5-d0d4d068a8af,,Sehaj Sehgal,,,,,0,0,0,0,0,0,0,0,0,,0.0,0.0,0,,https://indianpadeltour.in/players/0c568934-bec2-451a-91c5-d0d4d068a8af,,Sehaj Sehgal,Men's Intermediate,,0,False,False,,ipt-chandigarh-city-open-2-0,api_player,,
0d1e6d6a-d91e-406e-9088-b28c062da1fc,0d1e6d6a-d91e-406e-9088-b28c062da1fc,Raksha Bhaskar,Women's,52.0,9.0,39.0,50,4,2,2,2,4,0,1,39,36.0,0.0,2.0,39,2.0,https://indianpadeltour.in/players/0d1e6d6a-d91e-406e-9088-b28c062da1fc,Women's,Raksha Bhaskar,Women's,52.0,39,False,False,36.0,ipt-kochi-city-open-2-0,uuid,39.0,True
0df50617-268c-477d-8351-fd6f8ed84a71,0df50617-268c-477d-8351-fd6f8ed84a71,Aditya Maheshwari,Men's 40+,4.0,0.0,1060.0,90,10,9,1,0,0,1,1,1060,4.0,0.0,9.0,1060,4.0,https://indianpadeltour.in/players/0df50617-268c-477d-8351-fd6f8ed84a71,"Men's, Men's 40+",Aditya Maheshwari,Men's 40+,4.0,1060,False,False,4.0,"ipt-goa-grandslam-11-0, mumbai-city-open-5-01",uuid,1060.0,True
0e3ade05-7d67-414c-8e20-c2bbae3a5778,0e3ade05-7d67-414c-8e20-c2bbae3a5778,Azim Yasir,Men's,436.0,,5.0,33,3,1,2,1,3,0,0,5,436.0,0.0,1.0,5,1.0,https://indianpadeltour.in/players/0e3ade05-7d67-414c-8e20-c2bbae3a5778,Men's,Azim Yasir,Men's,436.0,5,False,False,436.0,ipt-kochi-city-open-2-0,uuid,5.0,True
0ebbdd60-8ff3-4395-9149-dd285e62f9e1,,Likhitha Reddy,,,,,0,0,0,0,0,0,0,0,0,,0.0,0.0,0,,https://indianpadeltour.in/players/0ebbdd60-8ff3-4395-9149-dd285e62f9e1,,Likhitha Reddy,Women's Intermediate,,0,False,,,,draw_entry,,
0f389fa2-10ac-4ea7-9834-75925cd03e1f,,Priyanka Mahajan,,,,,0,0,0,0,0,0,0,0,0,,0.0,0.0,0,,https://indianpadeltour.in/players/0f389fa2-10ac-4ea7-9834-75925cd03e1f,,Priyanka,Women's Beginner,,0,False,False,,ipt-chandigarh-city-open-2-0,api_player,,
0fd115b3-0fce-4f9b-93c9-13e6c268e5cb,,Madhav Bajaj,Men's,133.0,-5.0,50.0,0,0,0,0,0,0,1,0,50,120.0,0.0,0.0,50,1.0,https://indianpadeltour.in/players/0fd115b3-0fce-4f9b-93c9-13e6c268e5cb,Men's,Madhav Bajaj,Men's,133.0,50,False,False,120.0,ipt-chandigarh-city-open-2-0,uuid,50.0,True
1018859e-41e3-43fa-9b25-14cefabbfb64,,Zia Sen,,,,,0,0,0,0,0,0,0,0,0,,0.0,0.0,0,,https://indianpadeltour.in/players/1018859e-41e3-43fa-9b25-14cefabbfb64,,Zia Sen,Women's Intermediate,,0,False,False,,ipt-hyderabad-city-grandslam-12-0,api_player,,
10a7cfb7-155c-48d3-b2a2-8c2bde421e4e,10a7cfb7-155c-48d3-b2a2-8c2bde421e4e,Udhay Mahajan,Men's,276.0,-11.0,18.0,80,5,4,1,0,0,0,0,18,265.0,0.0,4.0,18,1.0,https://indianpadeltour.in/players/10a7cfb7-155c-48d3-b2a2-8c2bde421e4e,Men's,Udhay Mahajan,Men's,276.0,18,False,False,265.0,"ipt-chandigarh-city-open-2-0, ipt-goa-grandslam-11-0",uuid,18.0,True
124f1292-f3a9-4139-bd9d-f9fa8e1dd983,124f1292-f3a9-4139-bd9d-f9fa8e1dd983,Radhika Vasudeva,Women's,15.0,0.0,240.0,0,3,0,3,0,0,0,0,240,13.0,0.0,0.0,240,2.0,https://indianpadeltour.in/players/124f1292-f3a9-4139-bd9d-f9fa8e1dd983,Women's,Radhika Vasudeva,Women's,15.0,240,False,False,13.0,"ipt-chandigarh-city-open-2-0, ipt-goa-grandslam-11-0",uuid,240.0,True
13d6188c-cd2e-4152-a5c2-0b82573143b9,13d6188c-cd2e-4152-a5c2-0b82573143b9,Advait Bahl,Men's,50.0,-2.0,204.0,0,9,0,9,0,3,1,1,204,1.0,0.0,0.0,210,8.0,https://indianpadeltour.in/players/13d6188c-cd2e-4152-a5c2-0b82573143b9,Men's,Advait Bahl,Men's,50.0,204,False,False,1.0,"ipt-chandigarh-city-open-2-0, ipt-kochi-city-open-2-0, ipt-goa-grandslam-11-0, mumbai-city-open-5-01",uuid,204.0,True
14a281a9-7a22-4c0a-bf96-f19abc4a6bd1,14a281a9-7a22-4c0a-bf96-f19abc4a6bd1,Rasha Sumar,Women's,52.0,-2.0,39.0,50,4,2,2,0,0,1,0,39,29.0,0.0,2.0,39,2.0,https://indianpadeltour.in/players/14a281a9-7a22-4c0a-bf96-f19abc4a6bd1,Women's,Rasha Sumar,Women's,52.0,39,False,False,29.0,mumbai-city-open-5-01,uuid,39.0,True
15061bb7-8b57-4367-b302-35d512b70b74,15061bb7-8b57-4367-b302-35d512b70b74,Mayank Daga,Men's,90.0,0.0,112.0,56,9,5,4,0,0,0,0,0,8.0,0.0,2.0,0,4.0,https://indianpadeltour.in/players/15061bb7-8b57-4367-b302-35d512b70b74,Men's,Mayank Daga,Men's Intermediate,8.0,0,True,False,8.0,ipt-goa-grandslam-11-0,uuid,112.0,True
1515a4f5-2ef1-4436-8c7b-4f92b1118f82,1515a4f5-2ef1-4436-8c7b-4f92b1118f82,Ram Raheja,Men's 40+,35.0,-2.0,0.0,0,2,0,2,0,0,0,0,0,29.0,0.0,0.0,0,1.0,https://indianpadeltour.in/players/1515a4f5-2ef1-4436-8c7b-4f92b1118f82,Men's 40+,Ram Raheja,Men's 40+,35.0,0,False,False,29.0,mumbai-city-open-5-01,uuid,0.0,True
16516f08-0d7c-4182-a46d-954797eec278,,Ankit Grover,,,,,0,0,0,0,0,0,0,0,0,,0.0,0.0,0,,https://indianpadeltour.in/players/16516f08-0d7c-4182-a46d-954797eec278,,Ankit Grover,Men's Advance,,0,False,False,,ipt-chandigarh-city-open-2-0,api_player,,
16b8462e-31e2-4614-9a5f-57ee20aefb03,16b8462e-31e2-4614-9a5f-57ee20aefb03,Burhan Contractor,Men's,436.0,-18.0,5.0,75,4,3,1,0,0,0,0,5,381.0,0.0,3.0,5,1.0,https://indianpadeltour.in/players/16b8462e-31e2-4614-9a5f-57ee20aefb03,Men's,Burhan Contractor,Men's,436.0,5,False,False,381.0,mumbai-city-open-5-01,uuid,5.0,True
16def632-d48e-4678-81b5-1316aedb049c,16def632-d48e-4678-81b5-1316aedb049c,Akshay Jalan,Men's 40+,3.0,0.0,1248.0,78,9,7,2,0,0,0,3,1248,3.0,0.0,5.0,1248,5.0,https://indianpadeltour.in/players/16def632-d48e-4678-81b5-1316aedb049c,"Men's, Men's 40+",Akshay Jalan,Men's 40+,3.0,1248,False,False,3.0,"ipt-hyderabad-city-grandslam-12-0, ipt-chandigarh-city-open-2-0, ipt-goa-grandslam-11-0, mumbai-city-open-5-01",uuid,1248.0,True
171f1964-54fa-4532-b6e6-24bae76da0af,171f1964-54fa-4532-b6e6-24bae76da0af,Nikhil Khemka,Men's 40+,20.0,0.0,216.0,50,4,2,2,0,0,0,0,216,20.0,0.0,2.0,216,1.0,https://indianpadeltour.in/players/171f1964-54fa-4532-b6e6-24bae76da0af,Men's 40+,Nikhil Khemka,Men's 40+,20.0,216,False,False,20.0,ipt-goa-grandslam-11-0,uuid,216.0,True
1729d84b-2971-4f94-b903-afcce8dc4619,1729d84b-2971-4f94-b903-afcce8dc4619,Diu Somani,Women's,115.0,-7.0,0.0,50,2,1,1,0,0,0,0,0,98.0,1.0,1.0,0,1.0,https://indianpadeltour.in/players/1729d84b-2971-4f94-b903-afcce8dc4619,Women's,Diu Somani,Women's,115.0,0,False,False,98.0,mumbai-city-open-5-01,uuid,0.0,True
18098d77-da96-47f5-8a0d-23460d6bdca8,18098d77-da96-47f5-8a0d-23460d6bdca8,Devansh Somani,Men's,459.0,-36.0,0.0,0,3,0,3,0,0,0,0,0,386.0,0.0,0.0,0,1.0,https://indianpadeltour.in/players/18098d77-da96-47f5-8a0d-23460d6bdca8,Men's,Devansh Somani,Men's,459.0,0,False,False,386.0,mumbai-city-open-5-01,uuid,0.0,True
182f09bb-25ba-4086-99ca-a7f5a52303bf,182f09bb-25ba-4086-99ca-a7f5a52303bf,Kaivalya Kalamse,Men's,46.0,10.0,270.0,54,13,7,6,3,5,0,0,270,46.0,0.0,2.0,270,3.0,https://indianpadeltour.in/players/182f09bb-25ba-4086-99ca-a7f5a52303bf,Men's,Kaivalya Kalamse,Men's,46.0,270,False,False,46.0,"ipt-kochi-city-open-2-0, ipt-goa-grandslam-11-0, mumbai-city-open-5-01",uuid,270.0,True
183d8cac-b9b1-4a60-b84a-affc7ce9bd02,,Hitesh Panwar,,,,,0,0,0,0,0,0,0,0,0,,0.0,0.0,0,,https://indianpadeltour.in/players/183d8cac-b9b1-4a60-b84a-affc7ce9bd02,,Hitesh Panwar,Men's Beginner,,0,False,False,,ipt-chandigarh-city-open-2-0,api_player,,
18c48f80-ed09-42d6-ba8f-ea7081dfc9cd,,Nikhil Doda,,,,,0,0,0,0,0,0,0,0,0,,0.0,0.0,0,,https://indianpadeltour.in/players/18c48f80-ed09-42d6-ba8f-ea7081dfc9cd,,Nikhil Doda,Men's Beginner,,0,False,False,,ipt-chandigarh-city-open-2-0,api_player,,
1ab5474a-04f2-4c8f-916f-046b02fa52c3,,Ira Bannerjee,,,,,0,0,0,0,0,0,0,0,0,,0.0,0.0,0,,https://indianpadeltour.in/players/1ab5474a-04f2-4c8f-916f-046b02fa52c3,,Ira Bannerjee,Women's Intermediate,,0,False,,,,draw_entry,,
1b3dbadc-9380-4b1e-8be2-5506653d24aa,,Dishita Aggarwal,,,,,0,0,0,0,0,0,0,0,0,,0.0,0.0,0,,https://indianpadeltour.in/players/1b3dbadc-9380-4b1e-8be2-5506653d24aa,,Dishita Aggarwal,Women's Beginner,,0,False,False,,ipt-chandigarh-city-open-2-0,api_player,,
1b914254-ef80-4aa1-aae6-196986d10121,1b914254-ef80-4aa1-aae6-196986d10121,Suhani Sabharwal,Women's,36.0,0.0,84.0,50,10,5,5,0,0,0,0,216,6.0,0.0,3.0,216,3.0,https://indianpadeltour.in/players/1b914254-ef80-4aa1-aae6-196986d10121,Women's,Suhani Sabharwal,Women's Advance,6.0,216,True,False,6.0,"ipt-goa-grandslam-11-0, mumbai-city-open-5-01",uuid,84.0,True
1ba7872b-25a9-4395-b046-84d1fdeff538,1ba7872b-25a9-4395-b046-84d1fdeff538,Viral Somaiya,Men's 40+,9.0,-1.0,480.0,50,2,1,1,0,0,0,0,480,6.0,1.0,1.0,480,4.0,https://indianpadeltour.in/players/1ba7872b-25a9-4395-b046-84d1fdeff538,Men's 40+,Viral Somaiya,Men's 40+,9.0,480,False,False,6.0,mumbai-city-open-5-01,uuid,480.0,True
1c91795e-92c5-444b-aa99-d1e70e063c55,1c91795e-92c5-444b-aa99-d1e70e063c55,Vaibhavi Deshmukh,Women's,3.0,0.0,2668.0,75,4,3,1,0,0,7,1,2668,1.0,0.0,3.0,3928,10.0,https://indianpadeltour.in/players/1c91795e-92c5-444b-aa99-d1e70e063c55,Women's,Vaibhavi Deshmukh,Women's,3.0,2668,False,False,1.0,"ipt-chandigarh-city-open-2-0, ipt-goa-grandslam-11-0",uuid,2668.0,True
1ccedf71-474a-4ae1-a036-b0a79b3dff9d,,Shreyas Dogial,,,,,0,0,0,0,0,0,0,0,0,,0.0,0.0,0,,https://indianpadeltour.in/players/1ccedf71-474a-4ae1-a036-b0a79b3dff9d,,Shreyas Dogial,Men's Intermediate,,0,False,False,,ipt-chandigarh-city-open-2-0,api_player,,
1cff5d3c-6fd1-4502-a3c5-2b918f107eda,1cff5d3c-6fd1-4502-a3c5-2b918f107eda,Krishna Teja Ankam,Men's,459.0,-36.0,0.0,33,3,1,2,0,0,0,0,0,423.0,1.0,1.0,0,1.0,https://indianpadeltour.in/players/1cff5d3c-6fd1-4502-a3c5-2b918f107eda,Men's,Krishna Teja Ankam,Men's,459.0,0,False,False,423.0,ipt-goa-grandslam-11-0,uuid,0.0,True
1d670f4c-32a6-4341-9321-cd7d9f173538,1d670f4c-32a6-4341-9321-cd7d9f173538,Nupur Gupta,Women's,115.0,-7.0,0.0,0,2,0,2,0,0,0,0,0,108.0,0.0,0.0,0,1.0,https://indianpadeltour.in/players/1d670f4c-32a6-4341-9321-cd7d9f173538,Women's,Nupur Gupta,Women's,115.0,0,False,False,108.0,ipt-goa-grandslam-11-0,uuid,0.0,True
1d76b8c4-7089-4e42-8046-7a6ed8095611,,Rajat Garg,,,,,0,0,0,0,0,0,0,0,0,,0.0,0.0,0,,https://indianpadeltour.in/players/1d76b8c4-7089-4e42-8046-7a6ed8095611,,Rajat Garg,Men's Beginner,,0,False,False,,ipt-chandigarh-city-open-2-0,api_player,,
1dbeeee2-b41a-4bec-8948-8f661c573861,1dbeeee2-b41a-4bec-8948-8f661c573861,Mishal Mehta,Men's,459.0,-36.0,0.0,0,2,0,2,0,0,0,0,0,1.0,0.0,0.0,9,2.0,https://indianpadeltour.in/players/1dbeeee2-b41a-4bec-8948-8f661c573861,Men's,Mishal Mehta,Men's,459.0,0,False,False,1.0,mumbai-city-open-5-01,uuid,0.0,True
1dfc79f8-119b-4349-a2f9-a6e7c425a8e9,1dfc79f8-119b-4349-a2f9-a6e7c425a8e9,Dirsha Kalliyath,Men's,385.0,,9.0,75,4,3,1,3,4,0,0,9,385.0,0.0,3.0,9,1.0,https://indianpadeltour.in/players/1dfc79f8-119b-4349-a2f9-a6e7c425a8e9,Men's,Dirsha Kalliyath,Men's,385.0,9,False,False,385.0,ipt-kochi-city-open-2-0,uuid,9.0,True
1ef2542e-4b4d-481d-ad8f-dc4e9fde3982,1ef2542e-4b4d-481d-ad8f-dc4e9fde3982,Rahul Khanna,Men's,276.0,-11.0,18.0,60,5,3,2,0,0,0,1,18,1.0,0.0,3.0,78,2.0,https://indianpadeltour.in/players/1ef2542e-4b4d-481d-ad8f-dc4e9fde3982,Men's,Rahul Khanna,Men's,276.0,18,False,False,1.0,ipt-goa-grandslam-11-0,uuid,18.0,True
1f24a3aa-b8df-4886-bedf-6f62693316b9,1f24a3aa-b8df-4886-bedf-6f62693316b9,Anisha Aibara,Women's,79.0,-6.0,18.0,67,3,2,1,0,0,0,0,18,67.0,0.0,2.0,18,1.0,https://indianpadeltour.in/players/1f24a3aa-b8df-4886-bedf-6f62693316b9,Women's,Anisha Aibara,Women's,79.0,18,False,False,67.0,mumbai-city-open-5-01,uuid,18.0,True
1f8700c4-6a62-4646-95cd-9b2d456baf65,1f8700c4-6a62-4646-95cd-9b2d456baf65,Viraj Dewan,Men's,436.0,,5.0,33,3,1,2,1,3,0,0,5,436.0,0.0,1.0,5,1.0,https://indianpadeltour.in/players/1f8700c4-6a62-4646-95cd-9b2d456baf65,Men's,Viraj Dewan,Men's,436.0,5,False,False,436.0,ipt-kochi-city-open-2-0,uuid,5.0,True
1fe46b92-d550-4c02-81f6-489cb553411b,1fe46b92-d550-4c02-81f6-489cb553411b,Parth Bhatia,Men's,459.0,-36.0,0.0,17,6,1,5,0,0,0,0,0,8.0,0.0,1.0,0,1.0,https://indianpadeltour.in/players/1fe46b92-d550-4c02-81f6-489cb553411b,Men's,Parth Bhatia,Men's Intermediate,8.0,0,True,False,8.0,ipt-goa-grandslam-11-0,uuid,0.0,True
201b9dde-1c56-410c-a47f-871a581e06aa,,Animesh Gupta,,,,,0,0,0,0,0,0,0,0,0,,0.0,0.0,0,,https://indianpadeltour.in/players/201b9dde-1c56-410c-a47f-871a581e06aa,,Animesh Gupta,Men's Intermediate,,0,False,False,,ipt-chandigarh-city-open-2-0,api_player,,
2063b58b-76ed-4ada-9d3d-31709f9a26db,2063b58b-76ed-4ada-9d3d-31709f9a26db,Sareeka John,Women's,57.0,,30.0,33,3,1,2,1,3,0,1,30,57.0,0.0,1.0,30,1.0,https://indianpadeltour.in/players/2063b58b-76ed-4ada-9d3d-31709f9a26db,Women's,Sareeka John,Women's,57.0,30,False,False,57.0,ipt-kochi-city-open-2-0,uuid,30.0,True
209435a7-517e-45e7-808c-3040c999398d,209435a7-517e-45e7-808c-3040c999398d,Neeti Nayak,Women's,115.0,,0.0,0,2,0,2,0,2,0,0,0,115.0,0.0,0.0,0,1.0,https://indianpadeltour.in/players/209435a7-517e-45e7-808c-3040c999398d,Women's,Neeti Nayak,Women's,115.0,0,False,False,115.0,ipt-kochi-city-open-2-0,uuid,0.0,True
213df946-7be9-4fcb-98c8-e0d6ba33789d,213df946-7be9-4fcb-98c8-e0d6ba33789d,Ziaan Talab,Men's,459.0,-36.0,0.0,33,3,1,2,0,0,0,0,0,423.0,0.0,1.0,0,1.0,https://indianpadeltour.in/players/213df946-7be9-4fcb-98c8-e0d6ba33789d,Men's,Ziaan Talab,Men's,459.0,0,False,False,423.0,"ipt-chandigarh-city-open-2-0, ipt-goa-grandslam-11-0",uuid,0.0,True
214fa58d-dcf2-4b0b-888f-f2a2341ae45b,214fa58d-dcf2-4b0b-888f-f2a2341ae45b,Amaya Kothari,Women's,115.0,-7.0,0.0,25,8,2,6,0,0,0,0,0,8.0,0.0,2.0,0,2.0,https://indianpadeltour.in/players/214fa58d-dcf2-4b0b-888f-f2a2341ae45b,Women's,Amaya Kothari,Women's Intermediate,8.0,0,True,False,8.0,"ipt-chandigarh-city-open-2-0, ipt-goa-grandslam-11-0, mumbai-city-open-5-01",uuid,0.0,True
218fb848-4f7e-4981-a571-f5a4eb1ecb0a,,Muskaan Sundra,,,,,0,0,0,0,0,0,0,0,0,,0.0,0.0,0,,https://indianpadeltour.in/players/218fb848-4f7e-4981-a571-f5a4eb1ecb0a,,Muskaan Sundra,Women's Beginner,,0,False,False,,ipt-chandigarh-city-open-2-0,api_player,,
222a0e4a-457f-42ef-bedc-cea1892b3280,222a0e4a-457f-42ef-bedc-cea1892b3280,Umesh Padwal,Men's,340.0,-13.0,15.0,0,3,0,3,0,0,0,0,15,229.0,0.0,0.0,15,2.0,https://indianpadeltour.in/players/222a0e4a-457f-42ef-bedc-cea1892b3280,Men's,Umesh Padwal,Men's,340.0,15,False,False,229.0,mumbai-city-open-5-01,uuid,15.0,True
229df8e2-1349-4ee0-a15a-e46df0dc770f,,Lakshay Bharti,Men's,168.0,-8.0,36.0,0,0,0,0,0,0,0,1,36,63.0,0.0,0.0,36,1.0,https://indianpadeltour.in/players/229df8e2-1349-4ee0-a15a-e46df0dc770f,Men's,Lakshay Bharti,Men's,168.0,36,False,False,63.0,ipt-chandigarh-city-open-2-0,uuid,36.0,True
22f71241-5bf4-4dc7-ba33-683a2ea0f75b,22f71241-5bf4-4dc7-ba33-683a2ea0f75b,Sandip Sabharwal,Men's 40+,35.0,-2.0,0.0,57,7,4,3,3,4,0,0,0,33.0,0.0,3.0,0,1.0,https://indianpadeltour.in/players/22f71241-5bf4-4dc7-ba33-683a2ea0f75b,"Men's, Men's 40+",Sandip Sabharwal,Men's 40+,35.0,0,False,False,33.0,"ipt-hyderabad-city-grandslam-12-0, ipt-chandigarh-city-open-2-0, ipt-kochi-city-open-2-0, ipt-goa-grandslam-11-0",uuid,0.0,True
234a0e61-fd70-4505-9c3d-1473898cf1a8,,Kanchan Sharma,,,,,0,3,0,3,0,0,0,0,0,8.0,0.0,0.0,0,,https://indianpadeltour.in/players/234a0e61-fd70-4505-9c3d-1473898cf1a8,,Kanchan Sharma,Mixed Open,8.0,0,False,False,8.0,ipt-goa-grandslam-11-0,api_player,,
241b08be-61b7-4ee7-8896-47712afa18ec,,Guru Singh,,,,,0,0,0,0,0,0,0,0,0,,0.0,0.0,0,,https://indianpadeltour.in/players/241b08be-61b7-4ee7-8896-47712afa18ec,,Guru Singh,Men's Beginner,,0,False,False,,ipt-chandigarh-city-open-2-0,api_player,,
25302fe3-7403-440f-bd2a-3d5be3a3f0a1,25302fe3-7403-440f-bd2a-3d5be3a3f0a1,Chirag Gaikwad,Men's,220.0,-11.0,25.0,83,6,5,1,0,0,1,0,25,195.0,3.0,3.0,25,1.0,https://indianpadeltour.in/players/25302fe3-7403-440f-bd2a-3d5be3a3f0a1,Men's,Chirag Gaikwad,Men's,220.0,25,False,False,195.0,mumbai-city-open-5-01,uuid,25.0,True
25361116-4f57-4024-b424-a8246e491c54,25361116-4f57-4024-b424-a8246e491c54,Shashank Mittal,Men's,71.0,-2.0,120.0,33,3,1,2,0,0,0,0,120,48.0,0.0,1.0,120,2.0,https://indianpadeltour.in/players/25361116-4f57-4024-b424-a8246e491c54,Men's,Shashank Mittal,Men's,71.0,120,False,False,48.0,mumbai-city-open-5-01,uuid,120.0,True
25d85355-bb68-453a-8ecf-60a50ae2fc72,,Rakesh Kumar,,,,,0,0,0,0,0,0,0,0,0,,0.0,0.0,0,,https://indianpadeltour.in/players/25d85355-bb68-453a-8ecf-60a50ae2fc72,,Rakesh Kumar,Men's 40+,,0,False,False,,ipt-chandigarh-city-open-2-0,api_player,,
261c3899-f32d-4861-a046-8b36ccf6123a,261c3899-f32d-4861-a046-8b36ccf6123a,Tishya Sagar,Women's,7.0,0.0,516.0,0,2,0,2,0,0,0,3,516,1.0,0.0,0.0,1476,7.0,https://indianpadeltour.in/players/261c3899-f32d-4861-a046-8b36ccf6123a,Women's,Tishya Sagar,Women's,7.0,516,False,False,1.0,mumbai-city-open-5-01,uuid,516.0,True
264539a0-5e51-401c-a37f-ce592217e6c9,,Thashakkriv Neelash,,,,,0,0,0,0,0,0,0,0,0,,0.0,0.0,0,,https://indianpadeltour.in/players/264539a0-5e51-401c-a37f-ce592217e6c9,,Thashakkriv Neelash,Men's Beginner,,0,False,False,,ipt-chandigarh-city-open-2-0,api_player,,
26582647-4a0f-456e-86d7-98b5087f3875,26582647-4a0f-456e-86d7-98b5087f3875,Amit Krishnan,Men's,123.0,88.0,54.0,83,6,5,1,5,6,0,1,54,55.0,0.0,5.0,54,2.0,https://indianpadeltour.in/players/26582647-4a0f-456e-86d7-98b5087f3875,Men's,Amit Krishnan,Men's,123.0,54,False,False,55.0,ipt-kochi-city-open-2-0,uuid,54.0,True
26603ce9-30f9-424b-91b6-14f9364429b6,26603ce9-30f9-424b-91b6-14f9364429b6,Sharad Kanadje,Men's,459.0,-36.0,0.0,33,3,1,2,0,0,0,0,0,423.0,0.0,1.0,0,1.0,https://indianpadeltour.in/players/26603ce9-30f9-424b-91b6-14f9364429b6,Men's,Sharad Kanadje,Men's,459.0,0,False,False,423.0,ipt-goa-grandslam-11-0,uuid,0.0,True
26ba9e18-b56b-4e13-b403-bd9cce25671d,26ba9e18-b56b-4e13-b403-bd9cce25671d,Sahil Sharma,Men's,340.0,-13.0,15.0,0,3,0,3,0,0,0,0,15,229.0,0.0,0.0,15,2.0,https://indianpadeltour.in/players/26ba9e18-b56b-4e13-b403-bd9cce25671d,Men's,Sahil Sharma,Men's,340.0,15,False,False,229.0,mumbai-city-open-5-01,uuid,15.0,True
27971b18-d7dd-4eff-8ce5-6ecc8ead85b0,27971b18-d7dd-4eff-8ce5-6ecc8ead85b0,Vera desai,Women's,54.0,-3.0,36.0,67,3,2,1,0,0,0,1,36,27.0,0.0,2.0,36,2.0,https://indianpadeltour.in/players/27971b18-d7dd-4eff-8ce5-6ecc8ead85b0,Women's,Vera desai,Women's,54.0,36,False,False,27.0,mumbai-city-open-5-01,uuid,36.0,True
27f580ae-22a7-4519-a7e9-f48e69c6eed0,27f580ae-22a7-4519-a7e9-f48e69c6eed0,Arjun Batra,Men's,459.0,-36.0,0.0,33,3,1,2,0,0,0,0,0,386.0,0.0,1.0,0,1.0,https://indianpadeltour.in/players/27f580ae-22a7-4519-a7e9-f48e69c6eed0,Men's,Arjun Batra,Men's,459.0,0,False,False,386.0,mumbai-city-open-5-01,uuid,0.0,True
285970f4-403a-47e7-80a2-f0e3915e782d,,Muizz Khan,,,,,0,0,0,0,0,0,0,0,0,,0.0,0.0,0,,https://indianpadeltour.in/players/285970f4-403a-47e7-80a2-f0e3915e782d,,Muizz Khan,Men's 40+,,0,False,False,,ipt-chandigarh-city-open-2-0,api_player,,
2890603e-2ceb-476a-ac9d-a06c6c37dd8b,2890603e-2ceb-476a-ac9d-a06c6c37dd8b,Afdhel Abdul Wahab,Men's,459.0,,0.0,0,2,0,2,0,2,0,0,0,459.0,0.0,0.0,0,1.0,https://indianpadeltour.in/players/2890603e-2ceb-476a-ac9d-a06c6c37dd8b,Men's,afdhel,Men's,459.0,0,False,False,459.0,ipt-kochi-city-open-2-0,uuid,0.0,True
2891f3ff-442b-4b5b-b58c-cd458df7ea72,2891f3ff-442b-4b5b-b58c-cd458df7ea72,Kaushik Gummuluru,Men's,459.0,,0.0,0,2,0,2,0,2,0,0,0,459.0,0.0,0.0,0,1.0,https://indianpadeltour.in/players/2891f3ff-442b-4b5b-b58c-cd458df7ea72,Men's,Kaushik,Men's,459.0,0,False,False,459.0,ipt-kochi-city-open-2-0,uuid,0.0,True
297053cf-9f92-4115-a09d-1a55c66b6433,297053cf-9f92-4115-a09d-1a55c66b6433,Yash Maliwal,Men's,459.0,-36.0,0.0,0,2,0,2,0,0,0,0,0,386.0,0.0,0.0,0,1.0,https://indianpadeltour.in/players/297053cf-9f92-4115-a09d-1a55c66b6433,Men's,Yash Maliwal,Men's,459.0,0,False,False,386.0,mumbai-city-open-5-01,uuid,0.0,True
2973535a-1a87-4eb9-85af-f8d5c2f523c2,2973535a-1a87-4eb9-85af-f8d5c2f523c2,Aryaman Jajodia,Men's,459.0,-36.0,0.0,0,3,0,3,0,0,0,0,0,386.0,0.0,0.0,0,1.0,https://indianpadeltour.in/players/2973535a-1a87-4eb9-85af-f8d5c2f523c2,Men's,Aryaman Jajodia,Men's,459.0,0,False,False,386.0,mumbai-city-open-5-01,uuid,0.0,True
29ce2928-dce1-42de-9eb6-43363196ee5f,,Rajkanwar Bhangoo,Men's,155.0,-8.0,40.0,0,0,0,0,0,0,0,0,40,134.0,0.0,0.0,40,1.0,https://indianpadeltour.in/players/29ce2928-dce1-42de-9eb6-43363196ee5f,Men's,Rajkanwar Singh,Men's,155.0,40,False,False,134.0,ipt-chandigarh-city-open-2-0,uuid,40.0,True
29e75609-025c-485b-a40a-969d2ce6e6bc,29e75609-025c-485b-a40a-969d2ce6e6bc,Paramveer Singh Bajwa,Men's,8.0,0.0,1276.0,91,11,10,1,0,0,2,1,1276,8.0,0.0,10.0,1276,4.0,https://indianpadeltour.in/players/29e75609-025c-485b-a40a-969d2ce6e6bc,Men's,Paramveer Singh Bajwa,Men's,8.0,1276,False,False,8.0,"ipt-chandigarh-city-open-2-0, ipt-goa-grandslam-11-0, mumbai-city-open-5-01",uuid,1276.0,True
2bb102f2-5c3a-48b1-ae95-ce7f8d38b17f,2bb102f2-5c3a-48b1-ae95-ce7f8d38b17f,Akshith Thomas,Men's,436.0,,5.0,33,3,1,2,1,3,0,0,5,436.0,0.0,1.0,5,1.0,https://indianpadeltour.in/players/2bb102f2-5c3a-48b1-ae95-ce7f8d38b17f,Men's,Akshith Thomas,Men's,436.0,5,False,False,436.0,ipt-kochi-city-open-2-0,uuid,5.0,True
2bde84bf-0871-496d-836c-05d90139b08d,2bde84bf-0871-496d-836c-05d90139b08d,Rohan Dhoot,Men's,362.0,-14.0,12.0,50,2,1,1,0,0,0,0,12,188.0,1.0,1.0,12,2.0,https://indianpadeltour.in/players/2bde84bf-0871-496d-836c-05d90139b08d,Men's,Rohan Dhoot,Men's,362.0,12,False,False,188.0,mumbai-city-open-5-01,uuid,12.0,True
2be56e26-cc2a-4ecb-a502-ebb83a8212e3,2be56e26-cc2a-4ecb-a502-ebb83a8212e3,Sia Chawla,Women's,79.0,-6.0,18.0,0,2,0,2,0,0,0,0,18,73.0,0.0,0.0,18,1.0,https://indianpadeltour.in/players/2be56e26-cc2a-4ecb-a502-ebb83a8212e3,Women's,Sia Chawla,Women's,79.0,18,False,False,73.0,ipt-goa-grandslam-11-0,uuid,18.0,True
2c982f04-1a03-4d77-9359-5b44f4e5aed2,2c982f04-1a03-4d77-9359-5b44f4e5aed2,Vijay Chhabria,Men's 40+,1.0,0.0,2380.0,89,9,8,1,0,0,4,1,2380,1.0,5.0,5.0,2380,5.0,https://indianpadeltour.in/players/2c982f04-1a03-4d77-9359-5b44f4e5aed2,Men's 40+,Vijay Chhabria,Men's 40+,1.0,2380,False,False,1.0,"ipt-goa-grandslam-11-0, mumbai-city-open-5-01",uuid,2380.0,True
2ca1e3d6-f039-4d35-8a77-2dc758f3f972,2ca1e3d6-f039-4d35-8a77-2dc758f3f972,Sahil Dhingra,Men's,459.0,-36.0,0.0,33,3,1,2,0,0,0,0,0,423.0,0.0,1.0,0,1.0,https://indianpadeltour.in/players/2ca1e3d6-f039-4d35-8a77-2dc758f3f972,Men's,Sahil Dhingra,Men's,459.0,0,False,False,423.0,"ipt-chandigarh-city-open-2-0, ipt-goa-grandslam-11-0",uuid,0.0,True
2cf42324-1463-4d64-b9e2-1a6b89ead090,2cf42324-1463-4d64-b9e2-1a6b89ead090,Vineeth Mutyala,Men's,93.0,0.0,100.0,100,7,7,0,0,0,1,0,100,93.0,7.0,7.0,100,1.0,https://indianpadeltour.in/players/2cf42324-1463-4d64-b9e2-1a6b89ead090,Men's,Vineeth Mutyala,Men's,93.0,100,False,False,93.0,ipt-goa-grandslam-11-0,uuid,100.0,True
2d665cd5-8589-4301-81c6-25e0ba95fe1a,2d665cd5-8589-4301-81c6-25e0ba95fe1a,Naesar Jewoor,Men's,35.0,-1.0,340.0,33,3,1,2,1,3,0,0,340,32.0,0.0,1.0,340,3.0,https://indianpadeltour.in/players/2d665cd5-8589-4301-81c6-25e0ba95fe1a,Men's,Naesar Jewoor,Men's,35.0,340,False,False,32.0,ipt-kochi-city-open-2-0,uuid,340.0,True
2ecd3163-09e3-40b5-bd3b-d817112479b0,2ecd3163-09e3-40b5-bd3b-d817112479b0,Namita Bal,Women's,22.0,0.0,216.0,78,9,7,2,0,0,0,1,360,4.0,0.0,7.0,360,1.0,https://indianpadeltour.in/players/2ecd3163-09e3-40b5-bd3b-d817112479b0,Women's,Vaibhavi Deshmukh,Women's Advance,4.0,360,True,False,4.0,ipt-goa-grandslam-11-0,uuid,216.0,True
2fb6f01b-24d6-44e9-95d3-7eca645d317e,2fb6f01b-24d6-44e9-95d3-7eca645d317e,Teyjas Chaudhary,Men's,276.0,-11.0,18.0,60,5,3,2,0,0,0,0,18,265.0,0.0,3.0,18,1.0,https://indianpadeltour.in/players/2fb6f01b-24d6-44e9-95d3-7eca645d317e,Men's,Teyjas Chaudhary,Men's,276.0,18,False,False,265.0,ipt-goa-grandslam-11-0,uuid,18.0,True
2fc76920-fbc0-4f8b-b8cc-cc92661a5f3e,2fc76920-fbc0-4f8b-b8cc-cc92661a5f3e,Abhi Panchu,Men's,133.0,-5.0,50.0,100,6,6,0,0,0,1,0,50,128.0,6.0,6.0,50,1.0,https://indianpadeltour.in/players/2fc76920-fbc0-4f8b-b8cc-cc92661a5f3e,Men's,Abhi Panchu,Men's,133.0,50,False,False,128.0,ipt-goa-grandslam-11-0,uuid,50.0,True
30155bc6-d483-414d-8d5e-17eef06c9f9e,30155bc6-d483-414d-8d5e-17eef06c9f9e,Pranav Erinjery,Men's,276.0,,18.0,80,5,4,1,4,5,0,0,18,276.0,0.0,4.0,18,1.0,https://indianpadeltour.in/players/30155bc6-d483-414d-8d5e-17eef06c9f9e,Men's,Pranav Erinjery,Men's,276.0,18,False,False,276.0,ipt-kochi-city-open-2-0,uuid,18.0,True
30ab2db4-b8de-4717-9c08-286cea50609e,30ab2db4-b8de-4717-9c08-286cea50609e,Aakash Lalith,Men's,459.0,-36.0,0.0,0,3,0,3,0,0,0,0,0,423.0,0.0,0.0,0,1.0,https://indianpadeltour.in/players/30ab2db4-b8de-4717-9c08-286cea50609e,Men's,Aakash Lalith,Men's,459.0,0,False,False,423.0,ipt-goa-grandslam-11-0,uuid,0.0,True
31049438-40d6-4def-9003-dd2997c61ba1,31049438-40d6-4def-9003-dd2997c61ba1,Gagan Singh,Men's 40+,35.0,-2.0,0.0,0,4,0,4,0,0,0,0,0,33.0,0.0,0.0,0,1.0,https://indianpadeltour.in/players/31049438-40d6-4def-9003-dd2997c61ba1,Men's 40+,Gagan Singh,Men's 40+,35.0,0,False,False,33.0,ipt-goa-grandslam-11-0,uuid,0.0,True
310f748b-4718-461d-aa46-f7537fcfa9e5,310f748b-4718-461d-aa46-f7537fcfa9e5,Tanay Gabhawala,Men's,71.0,-2.0,120.0,33,3,1,2,0,0,0,0,120,1.0,0.0,1.0,240,3.0,https://indianpadeltour.in/players/310f748b-4718-461d-aa46-f7537fcfa9e5,Men's,Tanay Gabhawala,Men's,71.0,120,False,False,1.0,mumbai-city-open-5-01,uuid,120.0,True
32301ce9-2f2b-4811-92fd-cec58d915c49,,Maithili Parimi,,,,,0,0,0,0,0,0,0,0,0,,0.0,0.0,0,,https://indianpadeltour.in/players/32301ce9-2f2b-4811-92fd-cec58d915c49,,Maithili Parimi,Women's Intermediate,,0,False,False,,ipt-hyderabad-city-grandslam-12-0,api_player,,
325a7ffb-1dab-44ee-9f53-b5b15eb0cdc0,,Nakul Mishra,,,,,0,0,0,0,0,0,0,0,0,,0.0,0.0,0,,https://indianpadeltour.in/players/325a7ffb-1dab-44ee-9f53-b5b15eb0cdc0,,Nakul Mishra,Men's Beginner,,0,False,False,,ipt-chandigarh-city-open-2-0,api_player,,
32a0b562-9232-4c9d-baa5-622161e0b903,32a0b562-9232-4c9d-baa5-622161e0b903,Glenn Renny,Men's,459.0,,0.0,33,3,1,2,1,3,0,0,0,459.0,0.0,1.0,0,1.0,https://indianpadeltour.in/players/32a0b562-9232-4c9d-baa5-622161e0b903,Men's,Glenn Renny,Men's,459.0,0,False,False,459.0,ipt-kochi-city-open-2-0,uuid,0.0,True
32dc6641-2e37-478a-be4f-4d4b34e0f292,,Harneet Singh,,,,,0,0,0,0,0,0,0,0,0,,0.0,0.0,0,,https://indianpadeltour.in/players/32dc6641-2e37-478a-be4f-4d4b34e0f292,,Harneet Singh,Men's Intermediate,,0,False,False,,ipt-chandigarh-city-open-2-0,api_player,,
32e72a90-6fbd-4ccc-bdc5-93be13a6f158,,Shanu Hazra,Men's,66.0,-2.0,150.0,0,0,0,0,0,0,0,0,150,51.0,0.0,0.0,150,2.0,https://indianpadeltour.in/players/32e72a90-6fbd-4ccc-bdc5-93be13a6f158,Men's,Shanu Hazra,Men's,66.0,150,False,False,51.0,"ipt-hyderabad-city-grandslam-12-0, ipt-chandigarh-city-open-2-0",uuid,150.0,True
3354c5a3-1dbf-47e7-a264-7a573cd0b8e5,3354c5a3-1dbf-47e7-a264-7a573cd0b8e5,Kabir Anand,Men's,385.0,-14.0,9.0,33,6,2,4,0,3,0,0,9,346.0,0.0,2.0,9,2.0,https://indianpadeltour.in/players/3354c5a3-1dbf-47e7-a264-7a573cd0b8e5,Men's,Kabir Anand,Men's,385.0,9,False,False,346.0,"ipt-chandigarh-city-open-2-0, ipt-kochi-city-open-2-0, mumbai-city-open-5-01",uuid,9.0,True
33ba8a38-6ea6-4a24-a6c2-539cda4a6089,33ba8a38-6ea6-4a24-a6c2-539cda4a6089,Priyesh Desai,Men's 40+,35.0,-2.0,0.0,0,2,0,2,0,0,0,0,0,29.0,0.0,0.0,0,1.0,https://indianpadeltour.in/players/33ba8a38-6ea6-4a24-a6c2-539cda4a6089,"Men's, Men's 40+",Priyesh Desai,Men's 40+,35.0,0,False,False,29.0,mumbai-city-open-5-01,uuid,0.0,True
33c37317-e796-4dae-9697-19aa9df046bd,33c37317-e796-4dae-9697-19aa9df046bd,Jatin Dhingra,Men's,243.0,-11.0,20.0,0,3,0,3,0,0,0,0,20,206.0,0.0,0.0,20,2.0,https://indianpadeltour.in/players/33c37317-e796-4dae-9697-19aa9df046bd,Men's,Jatin Dhingra,Men's,243.0,20,False,False,206.0,ipt-goa-grandslam-11-0,uuid,20.0,True
33da4499-d5cc-4c4c-9002-f405f2051d1b,33da4499-d5cc-4c4c-9002-f405f2051d1b,Ishaan Choubal,Men's,28.0,0.0,456.0,80,5,4,1,0,0,0,2,456,1.0,0.0,4.0,1176,4.0,https://indianpadeltour.in/players/33da4499-d5cc-4c4c-9002-f405f2051d1b,Men's,Ishaan Choubal,Men's,28.0,456,False,False,1.0,ipt-goa-grandslam-11-0,uuid,456.0,True
33e396ff-a084-4b28-b360-ff47e5b98714,33e396ff-a084-4b28-b360-ff47e5b98714,Yashvardhan Sarda,Men's,216.0,-10.0,29.0,17,6,1,5,0,0,0,0,29,163.0,0.0,1.0,29,3.0,https://indianpadeltour.in/players/33e396ff-a084-4b28-b360-ff47e5b98714,Men's,Yashvardhan Sarda,Men's,216.0,29,False,False,163.0,"ipt-chandigarh-city-open-2-0, ipt-goa-grandslam-11-0, mumbai-city-open-5-01",uuid,29.0,True
3480aff3-e63a-4c82-bc4d-d37555b3f964,3480aff3-e63a-4c82-bc4d-d37555b3f964,Bipin Grewal,Men's,459.0,-36.0,0.0,33,3,1,2,0,0,0,0,0,386.0,0.0,1.0,0,1.0,https://indianpadeltour.in/players/3480aff3-e63a-4c82-bc4d-d37555b3f964,Men's,Bipin Grewal,Men's,459.0,0,False,False,386.0,mumbai-city-open-5-01,uuid,0.0,True
34db59dd-7f59-4b2a-8403-070df3a50fd9,34db59dd-7f59-4b2a-8403-070df3a50fd9,Arun Ratnakaran,Men's,436.0,,5.0,33,3,1,2,1,3,0,0,5,436.0,0.0,1.0,5,1.0,https://indianpadeltour.in/players/34db59dd-7f59-4b2a-8403-070df3a50fd9,Men's,Arun Ratnakaran,Men's,436.0,5,False,False,436.0,ipt-kochi-city-open-2-0,uuid,5.0,True
360581d4-b031-4e4f-b758-6ec519464571,,Sachit Nayyar,Men's,223.0,-12.0,24.0,0,0,0,0,0,0,0,0,24,75.0,0.0,0.0,24,1.0,https://indianpadeltour.in/players/360581d4-b031-4e4f-b758-6ec519464571,Men's,Sachit Nayyar,Men's,223.0,24,False,False,75.0,ipt-chandigarh-city-open-2-0,uuid,24.0,True
36726a92-ec56-44b3-9a19-4dc479afc322,36726a92-ec56-44b3-9a19-4dc479afc322,Tammineedi Jayanth,Men's,93.0,0.0,100.0,100,7,7,0,0,0,1,0,100,93.0,7.0,7.0,100,1.0,https://indianpadeltour.in/players/36726a92-ec56-44b3-9a19-4dc479afc322,Men's,Tammineedi Jayanth,Men's,93.0,100,False,False,93.0,ipt-goa-grandslam-11-0,uuid,100.0,True
3767fb18-b855-41eb-88d4-701e4cb81126,3767fb18-b855-41eb-88d4-701e4cb81126,Mayank Oberoi,Men's,276.0,-11.0,18.0,80,5,4,1,0,0,0,0,18,265.0,0.0,4.0,18,1.0,https://indianpadeltour.in/players/3767fb18-b855-41eb-88d4-701e4cb81126,Men's,Mayank Oberoi,Men's,276.0,18,False,False,265.0,ipt-goa-grandslam-11-0,uuid,18.0,True
38994d00-4888-4d00-a61c-1a89cd8f69a5,38994d00-4888-4d00-a61c-1a89cd8f69a5,Sidharth Ugrankar,Men's 40+,35.0,-2.0,0.0,0,2,0,2,0,0,0,0,0,29.0,0.0,0.0,0,1.0,https://indianpadeltour.in/players/38994d00-4888-4d00-a61c-1a89cd8f69a5,Men's 40+,Sidharth Ugrankar,Men's 40+,35.0,0,False,False,29.0,mumbai-city-open-5-01,uuid,0.0,True
38c72183-eb38-4e6f-a490-fe738e55a30a,38c72183-eb38-4e6f-a490-fe738e55a30a,Arjun Jashani,Men's,91.0,0.0,108.0,50,4,2,2,0,0,0,0,108,91.0,0.0,1.0,108,1.0,https://indianpadeltour.in/players/38c72183-eb38-4e6f-a490-fe738e55a30a,Men's,Arjun Jashani,Men's,91.0,108,False,False,91.0,ipt-goa-grandslam-11-0,uuid,108.0,True
391caf96-d152-4853-ad02-3ea5777d3a67,,Saksham Dogra,,,,,0,0,0,0,0,0,0,0,0,,0.0,0.0,0,,https://indianpadeltour.in/players/391caf96-d152-4853-ad02-3ea5777d3a67,,Saksham Dogra,Men's Beginner,,0,False,False,,ipt-chandigarh-city-open-2-0,api_player,,
3a4284ac-76b1-42ec-b6e3-a5c4bb489432,3a4284ac-76b1-42ec-b6e3-a5c4bb489432,Royce Raju Beena,Men's,436.0,,5.0,25,4,1,3,1,4,0,0,5,436.0,0.0,1.0,5,1.0,https://indianpadeltour.in/players/3a4284ac-76b1-42ec-b6e3-a5c4bb489432,Men's,Royce Raju Beena,Men's,436.0,5,False,False,436.0,ipt-kochi-city-open-2-0,uuid,5.0,True
3ae33b4f-09b5-4e99-ab74-2dd8755404c8,,Surya Jain,,,,,0,0,0,0,0,0,0,0,0,,0.0,0.0,0,,https://indianpadeltour.in/players/3ae33b4f-09b5-4e99-ab74-2dd8755404c8,,Surya Jain,Men's Beginner,,0,False,False,,ipt-chandigarh-city-open-2-0,api_player,,
3ae5aa7a-04da-4460-bc39-8010732cc9ce,,Kanva Shrish,,,,,0,0,0,0,0,0,0,0,0,,0.0,0.0,0,,https://indianpadeltour.in/players/3ae5aa7a-04da-4460-bc39-8010732cc9ce,,Kanva Shrish,Men's Beginner,,0,False,,,,draw_entry,,
3b3fe796-88b7-4a76-a7e3-e67f0a4a5b7a,3b3fe796-88b7-4a76-a7e3-e67f0a4a5b7a,Pratik Doshi,Men's 40+,7.0,-1.0,588.0,67,3,2,1,0,0,0,0,588,6.0,0.0,2.0,588,4.0,https://indianpadeltour.in/players/3b3fe796-88b7-4a76-a7e3-e67f0a4a5b7a,"Men's, Men's 40+",Pratik Doshi,Men's 40+,7.0,588,False,False,6.0,mumbai-city-open-5-01,uuid,588.0,True
3b6e7d25-c8ba-4778-b470-f8fe27a41037,,Anirudh Kaushal,,,,,0,0,0,0,0,0,0,0,0,,0.0,0.0,0,,https://indianpadeltour.in/players/3b6e7d25-c8ba-4778-b470-f8fe27a41037,,Anirudh Kaushal,Men's Intermediate,,0,False,False,,ipt-chandigarh-city-open-2-0,api_player,,
3b736150-eacb-49f7-9be4-ccb5199dec8f,,Bhuvana,,,,,0,0,0,0,0,0,0,0,0,,0.0,0.0,0,,https://indianpadeltour.in/players/3b736150-eacb-49f7-9be4-ccb5199dec8f,,Bhuvana,Women's Intermediate,,0,False,False,,ipt-hyderabad-city-grandslam-12-0,api_player,,
3c822f5d-2200-464d-bc72-f04612b2ee19,3c822f5d-2200-464d-bc72-f04612b2ee19,Anoop KR,Men's,436.0,,5.0,33,3,1,2,1,3,0,0,5,436.0,0.0,1.0,5,1.0,https://indianpadeltour.in/players/3c822f5d-2200-464d-bc72-f04612b2ee19,Men's,Anoop KR,Men's,436.0,5,False,False,436.0,ipt-kochi-city-open-2-0,uuid,5.0,True
3c8b6bfa-05d8-417f-bd24-a3edf965c004,3c8b6bfa-05d8-417f-bd24-a3edf965c004,Rehan Malik,Men's,459.0,-36.0,0.0,33,3,1,2,0,0,0,0,0,386.0,0.0,1.0,0,1.0,https://indianpadeltour.in/players/3c8b6bfa-05d8-417f-bd24-a3edf965c004,Men's,Rehan Malik,Men's,459.0,0,False,False,386.0,mumbai-city-open-5-01,uuid,0.0,True
3cb79d42-8573-4265-ba5e-dd98ae750ab4,,Vishav Bansal,,,,,0,0,0,0,0,0,0,0,0,,0.0,0.0,0,,https://indianpadeltour.in/players/3cb79d42-8573-4265-ba5e-dd98ae750ab4,,Vishav Bansal,Men's Intermediate,,0,False,False,,ipt-chandigarh-city-open-2-0,api_player,,
3cfbe0a0-f37c-4129-b3a5-157f4bf5b859,3cfbe0a0-f37c-4129-b3a5-157f4bf5b859,James Darbar,Men's 40+,35.0,-2.0,0.0,0,3,0,3,0,0,0,0,0,33.0,0.0,0.0,0,1.0,https://indianpadeltour.in/players/3cfbe0a0-f37c-4129-b3a5-157f4bf5b859,"Men's, Men's 40+",James Darbar,Men's 40+,35.0,0,False,False,33.0,ipt-goa-grandslam-11-0,uuid,0.0,True
3d21ad79-9d3f-46d7-92da-ef095250efaf,,Ridhi Gupta,Women's,48.0,-2.0,40.0,0,0,0,0,0,0,0,0,40,37.0,0.0,0.0,40,1.0,https://indianpadeltour.in/players/3d21ad79-9d3f-46d7-92da-ef095250efaf,Women's,Ridhi Gupta,Women's,48.0,40,False,False,37.0,ipt-chandigarh-city-open-2-0,uuid,40.0,True
3dd3d660-e7b5-4549-8c09-602334f5c3ca,,Arjun Dhanda,,,,,0,0,0,0,0,0,0,0,0,,0.0,0.0,0,,https://indianpadeltour.in/players/3dd3d660-e7b5-4549-8c09-602334f5c3ca,,Arjun Dhanda,Men's Intermediate,,0,False,False,,ipt-chandigarh-city-open-2-0,api_player,,
3e4cd9d1-4aaf-4f21-b6ff-75e43cbac6e4,3e4cd9d1-4aaf-4f21-b6ff-75e43cbac6e4,Pratham Jain,Men's,168.0,-8.0,36.0,67,6,4,2,0,0,0,0,36,160.0,0.0,4.0,36,1.0,https://indianpadeltour.in/players/3e4cd9d1-4aaf-4f21-b6ff-75e43cbac6e4,Men's,Pratham Jain,Men's,168.0,36,False,False,160.0,ipt-goa-grandslam-11-0,uuid,36.0,True
3ebc54e6-ec4a-42bc-bfcb-67c21e71616a,3ebc54e6-ec4a-42bc-bfcb-67c21e71616a,Bijon Kanabar,Men's,459.0,,0.0,0,2,0,2,0,2,0,0,0,459.0,0.0,0.0,0,1.0,https://indianpadeltour.in/players/3ebc54e6-ec4a-42bc-bfcb-67c21e71616a,Men's,Bijon Kanabar,Men's,459.0,0,False,False,459.0,ipt-kochi-city-open-2-0,uuid,0.0,True
3ede0ffc-93a8-4fc8-b30b-11c2c07a8598,3ede0ffc-93a8-4fc8-b30b-11c2c07a8598,Khushish Jain,Men's,459.0,-36.0,0.0,0,2,0,2,0,0,0,0,0,1.0,0.0,0.0,120,2.0,https://indianpadeltour.in/players/3ede0ffc-93a8-4fc8-b30b-11c2c07a8598,Men's,Khushish Jain,Men's,459.0,0,False,False,1.0,mumbai-city-open-5-01,uuid,0.0,True
3f2fcf21-952f-4b68-9b43-539d6b1ade27,,Navin Shewakramani,Men's,12.0,0.0,1020.0,67,3,2,1,0,0,0,2,1020,1.0,0.0,2.0,1380,6.0,https://indianpadeltour.in/players/3f2fcf21-952f-4b68-9b43-539d6b1ade27,"Men's, Men's 40+",Navin Shewakramani,Men's,12.0,1020,False,False,1.0,mumbai-city-open-5-01,uuid,1020.0,True
3f67e6f5-c192-474b-ab22-b0a87f98535d,,Sanket Gandhi,Men's,93.0,0.0,100.0,0,0,0,0,0,0,1,0,100,73.0,0.0,0.0,100,1.0,https://indianpadeltour.in/players/3f67e6f5-c192-474b-ab22-b0a87f98535d,Men's,Sanket Gandhi,Men's,93.0,100,False,False,73.0,ipt-hyderabad-city-grandslam-12-0,uuid,100.0,True
3f741097-060e-44be-8402-0bb7f42b5b7e,3f741097-060e-44be-8402-0bb7f42b5b7e,Vijay Aakash Nemakal,Men's,385.0,-14.0,9.0,50,4,2,2,0,0,0,0,9,371.0,0.0,2.0,9,1.0,https://indianpadeltour.in/players/3f741097-060e-44be-8402-0bb7f42b5b7e,Men's,Vijay Aakash Nemakal,Men's,385.0,9,False,False,371.0,"ipt-hyderabad-city-grandslam-12-0, ipt-goa-grandslam-11-0",uuid,9.0,True
3fec5bf1-2cb9-4cd6-a965-e0bb6f7079d8,3fec5bf1-2cb9-4cd6-a965-e0bb6f7079d8,Mahesh Shinde,Men's 40+,24.0,,180.0,50,4,2,2,2,4,0,1,180,24.0,0.0,2.0,180,1.0,https://indianpadeltour.in/players/3fec5bf1-2cb9-4cd6-a965-e0bb6f7079d8,Men's 40+,Mahesh Shinde,Men's 40+,24.0,180,False,False,24.0,ipt-kochi-city-open-2-0,uuid,180.0,True
3fef4cdb-8616-480c-9858-605b1e38988b,,Ramit Bhargava,,,,,0,0,0,0,0,0,0,0,0,,0.0,0.0,0,,https://indianpadeltour.in/players/3fef4cdb-8616-480c-9858-605b1e38988b,,Ramit Bhargava,Men's Intermediate,,0,False,False,,ipt-chandigarh-city-open-2-0,api_player,,
402747a2-1ebf-400b-8f55-50dcfee08030,402747a2-1ebf-400b-8f55-50dcfee08030,Aldrith Fernandez,Men's,276.0,147.0,18.0,71,7,5,2,4,5,0,0,18,276.0,0.0,4.0,18,2.0,https://indianpadeltour.in/players/402747a2-1ebf-400b-8f55-50dcfee08030,Men's,Aldrith Fernandez,Men's,276.0,18,False,False,276.0,"ipt-kochi-city-open-2-0, mumbai-city-open-5-01",uuid,18.0,True
41b4925c-0b30-4b98-92eb-0948aea39780,,Rahul Gupta,,,,,0,0,0,0,0,0,0,0,0,,0.0,0.0,0,,https://indianpadeltour.in/players/41b4925c-0b30-4b98-92eb-0948aea39780,,Rahul gupta,Men's Beginner,,0,False,False,,ipt-chandigarh-city-open-2-0,api_player,,
41b905d0-255b-4291-a804-eec026265073,,Anuj Aggarwal,,,,,0,0,0,0,0,0,0,0,0,,0.0,0.0,0,,https://indianpadeltour.in/players/41b905d0-255b-4291-a804-eec026265073,,Anuj Aggarwal,Men's Beginner,,0,False,False,,ipt-chandigarh-city-open-2-0,api_player,,
422e5a42-67b4-43be-9f71-74ca711a8aa8,,Parth Thakkar,,,,,0,0,0,0,0,0,0,0,0,,0.0,0.0,0,,https://indianpadeltour.in/players/422e5a42-67b4-43be-9f71-74ca711a8aa8,,Parth Thakkar,Men's Intermediate,,0,False,False,,"ipt-hyderabad-city-grandslam-12-0, ipt-chandigarh-city-open-2-0",api_player,,
423c210f-fe3b-42eb-8542-5969c9fa6eec,423c210f-fe3b-42eb-8542-5969c9fa6eec,Adarsh S,Men's,436.0,,5.0,33,3,1,2,1,3,0,0,5,436.0,0.0,1.0,5,1.0,https://indianpadeltour.in/players/423c210f-fe3b-42eb-8542-5969c9fa6eec,Men's,Adarsh,Men's,436.0,5,False,False,436.0,ipt-kochi-city-open-2-0,uuid,5.0,True
4272deaf-7eb7-44ef-aa24-dc531a9b6fd5,,Manav Malhotra,,,,,0,0,0,0,0,0,0,0,0,,0.0,0.0,0,,https://indianpadeltour.in/players/4272deaf-7eb7-44ef-aa24-dc531a9b6fd5,,Manav Malhotra,Men's Intermediate,,0,False,False,,ipt-chandigarh-city-open-2-0,api_player,,
4326c4fd-cc21-41e2-a50c-dea545efbf2f,4326c4fd-cc21-41e2-a50c-dea545efbf2f,Arvind Sriram,Men's,340.0,,15.0,83,6,5,1,5,6,0,1,15,340.0,0.0,5.0,15,1.0,https://indianpadeltour.in/players/4326c4fd-cc21-41e2-a50c-dea545efbf2f,Men's,Arvind Sriram,Men's,340.0,15,False,False,340.0,ipt-kochi-city-open-2-0,uuid,15.0,True
433ad480-92da-44d3-b432-953719fa8ea3,433ad480-92da-44d3-b432-953719fa8ea3,Taran Mundkar,Men's,18.0,0.0,780.0,67,6,4,2,0,0,0,1,780,9.0,0.0,4.0,780,5.0,https://indianpadeltour.in/players/433ad480-92da-44d3-b432-953719fa8ea3,Men's,Taran Mundkar,Men's,18.0,780,False,False,9.0,mumbai-city-open-5-01,uuid,780.0,True
436a300f-ef7c-4746-93e4-8dddd7c7817a,,Shrawasti Kundilya,,,,,0,0,0,0,0,0,0,0,0,,0.0,0.0,0,,https://indianpadeltour.in/players/436a300f-ef7c-4746-93e4-8dddd7c7817a,,Shrawasti Kundilya,Women's Beginner,,0,False,False,,ipt-chandigarh-city-open-2-0,api_player,,
44b79474-da87-43ad-a4b8-204252d87b30,44b79474-da87-43ad-a4b8-204252d87b30,Sameeksha Annem,Women's,42.0,0.0,50.0,100,3,3,0,0,0,1,0,50,42.0,3.0,3.0,50,1.0,https://indianpadeltour.in/players/44b79474-da87-43ad-a4b8-204252d87b30,Women's,Sameeksha Annem,Women's,42.0,50,False,False,42.0,"ipt-hyderabad-city-grandslam-12-0, ipt-goa-grandslam-11-0",uuid,50.0,True
44dc8a9e-9f0a-4165-b2ce-c4932e2f9eac,44dc8a9e-9f0a-4165-b2ce-c4932e2f9eac,Vikaas Chhabria,Men's,459.0,,0.0,33,3,1,2,1,3,0,0,0,459.0,1.0,1.0,0,1.0,https://indianpadeltour.in/players/44dc8a9e-9f0a-4165-b2ce-c4932e2f9eac,Men's,Vikaas Chhabria,Men's,459.0,0,False,False,459.0,ipt-kochi-city-open-2-0,uuid,0.0,True
460350b9-79b8-43e3-9b0a-6856d9056bda,460350b9-79b8-43e3-9b0a-6856d9056bda,Arjun Chalotra,Men's,276.0,-11.0,18.0,0,3,0,3,0,0,0,0,18,100.0,0.0,0.0,18,2.0,https://indianpadeltour.in/players/460350b9-79b8-43e3-9b0a-6856d9056bda,Men's,Arjun Chalotra,Men's,276.0,18,False,False,100.0,ipt-goa-grandslam-11-0,uuid,18.0,True
46d8e856-a32f-4060-bf62-6b24fb9e6a8d,46d8e856-a32f-4060-bf62-6b24fb9e6a8d,Aryan Goveas,Men's,5.0,0.0,2354.0,80,10,8,2,6,6,2,3,2354,1.0,6.0,6.0,3014,12.0,https://indianpadeltour.in/players/46d8e856-a32f-4060-bf62-6b24fb9e6a8d,Men's,Aryan Goveas,Men's,5.0,2354,False,False,1.0,"ipt-kochi-city-open-2-0, mumbai-city-open-5-01",uuid,2354.0,True
46f5ebb2-2b23-4e22-9c71-46c842dd2653,46f5ebb2-2b23-4e22-9c71-46c842dd2653,Abhilash Joshi,Men's 40+,35.0,,0.0,33,3,1,2,1,3,0,0,0,35.0,1.0,1.0,0,1.0,https://indianpadeltour.in/players/46f5ebb2-2b23-4e22-9c71-46c842dd2653,Men's 40+,Abhilash Joshi,Men's 40+,35.0,0,False,False,35.0,ipt-kochi-city-open-2-0,uuid,0.0,True
477f11d3-787d-4419-b0f5-23b7f94a4a51,477f11d3-787d-4419-b0f5-23b7f94a4a51,Vanshika Kaji,Women's,96.0,-7.0,12.0,0,2,0,2,0,0,0,0,12,47.0,0.0,0.0,12,2.0,https://indianpadeltour.in/players/477f11d3-787d-4419-b0f5-23b7f94a4a51,Women's,Vanshika Kaji,Women's,96.0,12,False,False,47.0,mumbai-city-open-5-01,uuid,12.0,True
481f14a2-6a1c-4826-a67c-e8c50be8bc51,481f14a2-6a1c-4826-a67c-e8c50be8bc51,Roshni Dadachanji,Women's,41.0,0.0,54.0,75,4,3,1,0,0,0,2,54,1.0,0.0,3.0,72,3.0,https://indianpadeltour.in/players/481f14a2-6a1c-4826-a67c-e8c50be8bc51,Women's,Roshni Dadachanji,Women's,41.0,54,False,False,1.0,mumbai-city-open-5-01,uuid,54.0,True
48382568-087c-4c34-ab92-46d2680916f1,,Nigel Paul,Men's,459.0,,0.0,0,2,0,2,0,2,0,0,0,459.0,0.0,0.0,0,1.0,https://indianpadeltour.in/players/48382568-087c-4c34-ab92-46d2680916f1,Men's,Nigel Paul,Men's,459.0,0,False,True,459.0,ipt-kochi-city-open-2-0,uuid,0.0,True
48e4e396-7184-498c-a7be-2edc05971b23,48e4e396-7184-498c-a7be-2edc05971b23,Jashan Singh Arora,Men's,459.0,-36.0,0.0,33,3,1,2,0,0,0,0,0,386.0,0.0,1.0,0,1.0,https://indianpadeltour.in/players/48e4e396-7184-498c-a7be-2edc05971b23,Men's,Jashan Singh Arora,Men's,459.0,0,False,False,386.0,mumbai-city-open-5-01,uuid,0.0,True
48ffff62-a278-4d55-aa63-7fc6be4efdd5,,Hridaya Patel,,,,,0,0,0,0,0,0,0,0,0,,0.0,0.0,0,,https://indianpadeltour.in/players/48ffff62-a278-4d55-aa63-7fc6be4efdd5,,Hridaya Patel,Women's Beginner,,0,False,False,,ipt-chandigarh-city-open-2-0,api_player,,
496acea5-21ec-4eba-8eac-68cc9821538c,496acea5-21ec-4eba-8eac-68cc9821538c,Muhammed Ajmal,Men's,385.0,,9.0,80,5,4,1,4,5,0,0,9,385.0,0.0,4.0,9,1.0,https://indianpadeltour.in/players/496acea5-21ec-4eba-8eac-68cc9821538c,Men's,Muhammed Ajmal,Men's,385.0,9,False,False,385.0,ipt-kochi-city-open-2-0,uuid,9.0,True
49e0b5fb-e92e-467e-b277-532aa91ecd88,49e0b5fb-e92e-467e-b277-532aa91ecd88,Rudresh Shetye,Men's,459.0,-36.0,0.0,33,3,1,2,0,0,0,0,0,423.0,1.0,1.0,0,1.0,https://indianpadeltour.in/players/49e0b5fb-e92e-467e-b277-532aa91ecd88,Men's,Rudresh Shetye,Men's,459.0,0,False,False,423.0,ipt-goa-grandslam-11-0,uuid,0.0,True
4a24bb98-4925-4def-ac6a-f794287f8ef6,,Harshil Sheth,Men's,66.0,-2.0,150.0,0,0,0,0,0,0,0,0,150,51.0,0.0,0.0,150,2.0,https://indianpadeltour.in/players/4a24bb98-4925-4def-ac6a-f794287f8ef6,Men's,Harshil sheth,Men's,66.0,150,False,False,51.0,ipt-chandigarh-city-open-2-0,uuid,150.0,True
4a3ed922-b521-4c51-9346-83d47b493813,4a3ed922-b521-4c51-9346-83d47b493813,Ankit Zaveri,Men's 40+,24.0,0.0,180.0,50,2,1,1,0,0,0,0,180,9.0,1.0,1.0,180,2.0,https://indianpadeltour.in/players/4a3ed922-b521-4c51-9346-83d47b493813,Men's 40+,Ankit Zaveri,Men's 40+,24.0,180,False,False,9.0,mumbai-city-open-5-01,uuid,180.0,True
4a6e40bd-2cd4-4535-95f1-ba51a03f719d,4a6e40bd-2cd4-4535-95f1-ba51a03f719d,Nishad Shevde,Men's,109.0,0.0,60.0,86,7,6,1,0,0,0,1,60,109.0,0.0,6.0,60,1.0,https://indianpadeltour.in/players/4a6e40bd-2cd4-4535-95f1-ba51a03f719d,Men's,Nishad Shevde,Men's,109.0,60,False,False,109.0,ipt-goa-grandslam-11-0,uuid,60.0,True
4abc41a6-8e24-4eaa-a669-eadf2b1b7365,4abc41a6-8e24-4eaa-a669-eadf2b1b7365,Gautam Kaushal,Men's,217.0,-10.0,27.0,75,4,3,1,0,0,0,0,27,100.0,0.0,3.0,27,2.0,https://indianpadeltour.in/players/4abc41a6-8e24-4eaa-a669-eadf2b1b7365,Men's,Gautam Kaushal,Men's,217.0,27,False,False,100.0,"ipt-chandigarh-city-open-2-0, ipt-goa-grandslam-11-0",uuid,27.0,True
4b5c73b1-1d6c-4d72-9e13-3d93fbf93070,,Avreet Dhillon,Women's,42.0,0.0,50.0,0,0,0,0,0,0,1,0,50,34.0,0.0,0.0,50,1.0,https://indianpadeltour.in/players/4b5c73b1-1d6c-4d72-9e13-3d93fbf93070,Women's,Avreet Dhillon,Women's,42.0,50,False,False,34.0,ipt-chandigarh-city-open-2-0,uuid,50.0,True
4c5085de-d565-43fb-be70-f63273986f22,,Sidhannt Kalucha,,,,,0,0,0,0,0,0,0,0,0,,0.0,0.0,0,,https://indianpadeltour.in/players/4c5085de-d565-43fb-be70-f63273986f22,,Sidhannt Kalucha,Men's Beginner,,0,False,False,,ipt-chandigarh-city-open-2-0,api_player,,
4c979aa0-e703-43c6-b4e0-1fb8e52cd678,4c979aa0-e703-43c6-b4e0-1fb8e52cd678,Piyush Bansal,Men's,459.0,-36.0,0.0,33,3,1,2,0,0,0,0,0,423.0,1.0,1.0,0,1.0,https://indianpadeltour.in/players/4c979aa0-e703-43c6-b4e0-1fb8e52cd678,Men's,Piyush Bansal,Men's,459.0,0,False,False,423.0,ipt-goa-grandslam-11-0,uuid,0.0,True
4c97d826-5756-4858-b292-b21827ad555e,4c97d826-5756-4858-b292-b21827ad555e,Salman Shaji,Men's,459.0,,0.0,0,2,0,2,0,2,0,0,0,459.0,0.0,0.0,0,1.0,https://indianpadeltour.in/players/4c97d826-5756-4858-b292-b21827ad555e,Men's,Salman Shaji,Men's,459.0,0,False,False,459.0,ipt-kochi-city-open-2-0,uuid,0.0,True
4ea58301-befa-4fac-8bca-101214a186c8,4ea58301-befa-4fac-8bca-101214a186c8,Niti Mehta,Women's,64.0,,25.0,100,4,4,0,4,4,1,0,25,64.0,4.0,4.0,25,1.0,https://indianpadeltour.in/players/4ea58301-befa-4fac-8bca-101214a186c8,Women's,Niti Mehta,Women's,64.0,25,False,False,64.0,ipt-kochi-city-open-2-0,uuid,25.0,True
4f02042c-7cbe-4536-8a96-d529346d901c,,Sahil Parikh,Men's,223.0,-12.0,24.0,0,0,0,0,0,0,0,0,24,157.0,0.0,0.0,24,1.0,https://indianpadeltour.in/players/4f02042c-7cbe-4536-8a96-d529346d901c,Men's,Sahil Parikh,Men's,223.0,24,False,False,157.0,ipt-chandigarh-city-open-2-0,uuid,24.0,True
4f7ba08a-4a68-434d-9eeb-bec99296fe6f,4f7ba08a-4a68-434d-9eeb-bec99296fe6f,Rahul Sachdeva,Men's,459.0,-36.0,0.0,0,3,0,3,0,0,0,0,0,386.0,0.0,0.0,0,1.0,https://indianpadeltour.in/players/4f7ba08a-4a68-434d-9eeb-bec99296fe6f,Men's,Rahul Sachdeva,Men's,459.0,0,False,False,386.0,mumbai-city-open-5-01,uuid,0.0,True
4f889960-3cf4-48c0-83f2-0ddc73c9c8b3,,Rohit Dhiman,Men's,31.0,0.0,360.0,0,0,0,0,0,0,0,1,360,29.0,0.0,0.0,360,1.0,https://indianpadeltour.in/players/4f889960-3cf4-48c0-83f2-0ddc73c9c8b3,Men's,Rohit Dhiman,Men's,31.0,360,False,False,29.0,ipt-chandigarh-city-open-2-0,uuid,360.0,True
4fd7e826-a45c-45c1-974d-781f0cfc0621,4fd7e826-a45c-45c1-974d-781f0cfc0621,Shelton Mathew,Men's,385.0,-14.0,9.0,50,4,2,2,0,0,0,0,9,371.0,0.0,2.0,9,1.0,https://indianpadeltour.in/players/4fd7e826-a45c-45c1-974d-781f0cfc0621,Men's,Shelton Mathew,Men's,385.0,9,False,False,371.0,ipt-goa-grandslam-11-0,uuid,9.0,True
501de0a7-5fb6-460c-9209-2cb9e1c6ab7d,501de0a7-5fb6-460c-9209-2cb9e1c6ab7d,Aman Makan,Men's,220.0,,25.0,100,6,6,0,6,6,1,0,25,220.0,6.0,6.0,25,1.0,https://indianpadeltour.in/players/501de0a7-5fb6-460c-9209-2cb9e1c6ab7d,Men's,Aman Makan,Men's,220.0,25,False,False,220.0,ipt-kochi-city-open-2-0,uuid,25.0,True
50389e26-ef8f-483a-a55a-97f02076536c,50389e26-ef8f-483a-a55a-97f02076536c,Maurya Nagpal,Men's,459.0,-36.0,0.0,33,3,1,2,0,0,0,0,0,423.0,0.0,1.0,0,1.0,https://indianpadeltour.in/players/50389e26-ef8f-483a-a55a-97f02076536c,Men's,Maurya Nagpal,Men's,459.0,0,False,False,423.0,ipt-goa-grandslam-11-0,uuid,0.0,True
503b6fba-116c-48fb-8483-a877c1367ee1,,Shivang Mahajan,,,,,0,0,0,0,0,0,0,0,0,,0.0,0.0,0,,https://indianpadeltour.in/players/503b6fba-116c-48fb-8483-a877c1367ee1,,Shivang Mahajan,Men's Intermediate,,0,False,False,,ipt-chandigarh-city-open-2-0,api_player,,
516fd38b-6201-44a3-8106-4f7f7425fe74,516fd38b-6201-44a3-8106-4f7f7425fe74,Urmi Kothari,Women's,115.0,,0.0,0,2,0,2,0,2,0,0,0,115.0,0.0,0.0,0,1.0,https://indianpadeltour.in/players/516fd38b-6201-44a3-8106-4f7f7425fe74,Women's,Urmi Kothari,Women's,115.0,0,False,False,115.0,ipt-kochi-city-open-2-0,uuid,0.0,True
5196073c-2133-4721-b40b-dff578a63065,,Lokesh Dudeja,,,,,0,0,0,0,0,0,0,0,0,,0.0,0.0,0,,https://indianpadeltour.in/players/5196073c-2133-4721-b40b-dff578a63065,,Lokesh Dudeja,Men's Beginner,,0,False,False,,ipt-chandigarh-city-open-2-0,api_player,,
5204bb34-67a8-4521-8743-b83d86905309,,Mohammed Atif Hyder,Men's,243.0,-11.0,20.0,0,0,0,0,0,0,0,0,20,123.0,0.0,0.0,20,1.0,https://indianpadeltour.in/players/5204bb34-67a8-4521-8743-b83d86905309,Men's,Mohammed Atif Hyder,Men's,243.0,20,False,False,123.0,ipt-hyderabad-city-grandslam-12-0,uuid,20.0,True
523ad7a9-7183-4c35-ab10-58045485d4bb,523ad7a9-7183-4c35-ab10-58045485d4bb,Pratik Bhatia,Men's,133.0,-5.0,50.0,80,5,4,1,0,0,0,1,50,123.0,0.0,4.0,50,2.0,https://indianpadeltour.in/players/523ad7a9-7183-4c35-ab10-58045485d4bb,Men's,Pratik Bhatia,Men's,133.0,50,False,False,123.0,"ipt-hyderabad-city-grandslam-12-0, mumbai-city-open-5-01",uuid,50.0,True
531b4b75-e3cf-439f-a0fb-5e83867deff8,531b4b75-e3cf-439f-a0fb-5e83867deff8,Aryan Hemdev,Men's,6.0,0.0,1868.0,82,11,9,2,0,0,2,2,1868,1.0,0.0,5.0,2588,9.0,https://indianpadeltour.in/players/531b4b75-e3cf-439f-a0fb-5e83867deff8,Men's,Aryan Hemdev,Men's,6.0,1868,False,False,1.0,"ipt-goa-grandslam-11-0, mumbai-city-open-5-01",uuid,1868.0,True
5411249a-19df-4563-a409-e36fcfb42fbe,,Kanwar Dhillon,,,,,0,0,0,0,0,0,0,0,0,,0.0,0.0,0,,https://indianpadeltour.in/players/5411249a-19df-4563-a409-e36fcfb42fbe,,Kanwar Dhillon,Men's 40+,,0,False,False,,ipt-chandigarh-city-open-2-0,api_player,,
54e33e52-aad0-4114-94eb-f496136fdbf3,,Rajbir S Randhawa,,,,,0,0,0,0,0,0,0,0,0,,0.0,0.0,0,,https://indianpadeltour.in/players/54e33e52-aad0-4114-94eb-f496136fdbf3,,Rajbir S Randhawa,Men's Beginner,,0,False,False,,ipt-chandigarh-city-open-2-0,api_player,,
552316ca-e9d1-4efc-a4a6-c8cfec01f68d,552316ca-e9d1-4efc-a4a6-c8cfec01f68d,Navroze Marshall,Men's 40+,32.0,-2.0,160.0,50,2,1,1,0,0,0,0,160,18.0,1.0,1.0,160,2.0,https://indianpadeltour.in/players/552316ca-e9d1-4efc-a4a6-c8cfec01f68d,Men's 40+,Navroze Marshall,Men's 40+,32.0,160,False,False,18.0,mumbai-city-open-5-01,uuid,160.0,True
553e7592-683c-4750-be8f-57098fc7d7bd,553e7592-683c-4750-be8f-57098fc7d7bd,Anmol Malhotra,Women's,115.0,-7.0,0.0,43,7,3,4,0,0,0,0,432,3.0,0.0,2.0,432,1.0,https://indianpadeltour.in/players/553e7592-683c-4750-be8f-57098fc7d7bd,Women's,Anmol Malhotra,Women's Intermediate,3.0,432,True,False,3.0,ipt-goa-grandslam-11-0,uuid,0.0,True
557faef2-dc4d-4dc3-bee0-5516fc58358f,557faef2-dc4d-4dc3-bee0-5516fc58358f,Ryan Tham,Men's 40+,35.0,-2.0,0.0,0,2,0,2,0,0,0,0,0,29.0,0.0,0.0,0,1.0,https://indianpadeltour.in/players/557faef2-dc4d-4dc3-bee0-5516fc58358f,Men's 40+,Ryan Tham,Men's 40+,35.0,0,False,False,29.0,mumbai-city-open-5-01,uuid,0.0,True
55b85e71-3eaf-4e84-846a-1e4a3c83e091,,Rijul Jain,,,,,0,0,0,0,0,0,0,0,0,,0.0,0.0,0,,https://indianpadeltour.in/players/55b85e71-3eaf-4e84-846a-1e4a3c83e091,,Rijul Jain,Men's Intermediate,,0,False,False,,ipt-chandigarh-city-open-2-0,api_player,,
5602dbe5-4321-43e1-8b1c-e558a9fed127,5602dbe5-4321-43e1-8b1c-e558a9fed127,Saurabh Vijewargia,Men's 40+,35.0,-2.0,0.0,33,3,1,2,0,0,0,0,0,33.0,0.0,1.0,0,1.0,https://indianpadeltour.in/players/5602dbe5-4321-43e1-8b1c-e558a9fed127,Men's 40+,Saurabh Vijewargia,Men's 40+,35.0,0,False,False,33.0,ipt-goa-grandslam-11-0,uuid,0.0,True
56972f0d-8354-4a73-8a94-386f9b0d08c3,,Vikas Nayar,,,,,0,0,0,0,0,0,0,0,0,,0.0,0.0,0,,https://indianpadeltour.in/players/56972f0d-8354-4a73-8a94-386f9b0d08c3,,Vikas Nayar,Men's 40+,,0,False,False,,ipt-chandigarh-city-open-2-0,api_player,,
56b59cc2-234d-4d4e-b8b9-da205f593582,,Akshay Gupta,,,,,0,0,0,0,0,0,0,0,0,,0.0,0.0,0,,https://indianpadeltour.in/players/56b59cc2-234d-4d4e-b8b9-da205f593582,,Akshay Gupta,Men's Intermediate,,0,False,,,,draw_entry,,
56d2d7ff-1ad3-488b-9496-772430716c16,56d2d7ff-1ad3-488b-9496-772430716c16,Bhavik Talreja,Men's,223.0,-12.0,24.0,80,5,4,1,0,0,0,0,24,167.0,0.0,4.0,24,2.0,https://indianpadeltour.in/players/56d2d7ff-1ad3-488b-9496-772430716c16,Men's,Bhavik Talreja,Men's,223.0,24,False,False,167.0,mumbai-city-open-5-01,uuid,24.0,True
56defa64-09c8-4f16-b478-c9e06555e4da,,Anuj Mehndiratta,,,,,0,0,0,0,0,0,0,0,0,,0.0,0.0,0,,https://indianpadeltour.in/players/56defa64-09c8-4f16-b478-c9e06555e4da,,Anuj Mehndiratta,Men's 40+,,0,False,False,,ipt-chandigarh-city-open-2-0,api_player,,
571b61a2-7bb2-4709-8d08-7dcc6e91d02d,,Akshay Dhawan,Men's,276.0,-11.0,18.0,0,0,0,0,0,0,0,0,18,100.0,0.0,0.0,18,1.0,https://indianpadeltour.in/players/571b61a2-7bb2-4709-8d08-7dcc6e91d02d,Men's,Akshay Dhawan,Men's,276.0,18,False,False,100.0,ipt-chandigarh-city-open-2-0,uuid,18.0,True
573576af-c86a-4a0d-8150-f0f802b2ac26,,K V Sai Saran,,,,,0,0,0,0,0,0,0,0,0,,0.0,0.0,0,,https://indianpadeltour.in/players/573576af-c86a-4a0d-8150-f0f802b2ac26,,K V Sai Saran,Men's Advance,,0,False,,,,draw_entry,,
5744ab39-9391-4093-9698-3b494a36b406,,Aaronbir S Randhawa,,,,,0,0,0,0,0,0,0,0,0,,0.0,0.0,0,,https://indianpadeltour.in/players/5744ab39-9391-4093-9698-3b494a36b406,,Aaronbir S Randhawa,Men's Beginner,,0,False,False,,ipt-chandigarh-city-open-2-0,api_player,,
576a6de6-b47a-4fb5-b854-4e8b6984111a,,Abhiraj Singh,,,,,0,0,0,0,0,0,0,0,0,,0.0,0.0,0,,https://indianpadeltour.in/players/576a6de6-b47a-4fb5-b854-4e8b6984111a,,Abhiraj Singh,Men's Beginner,,0,False,False,,ipt-chandigarh-city-open-2-0,api_player,,
57930f5b-8782-4de1-b779-d757f0540e52,57930f5b-8782-4de1-b779-d757f0540e52,Shaan Javeri,Men's,436.0,-18.0,5.0,50,4,2,2,0,0,0,0,5,381.0,0.0,1.0,5,1.0,https://indianpadeltour.in/players/57930f5b-8782-4de1-b779-d757f0540e52,Men's,Shaan Javeri,Men's,436.0,5,False,False,381.0,mumbai-city-open-5-01,uuid,5.0,True
57a2141d-40d8-46f5-80e4-11670644aaca,57a2141d-40d8-46f5-80e4-11670644aaca,Parthiv Anilkumar,Men's,436.0,,5.0,33,3,1,2,1,3,0,0,5,436.0,0.0,1.0,5,1.0,https://indianpadeltour.in/players/57a2141d-40d8-46f5-80e4-11670644aaca,Men's,Parthiv Anilkumar,Men's,436.0,5,False,False,436.0,ipt-kochi-city-open-2-0,uuid,5.0,True
5833bb9e-7cb7-477e-ab1c-237df4293741,,Nikhil Indukuri,,,,,0,0,0,0,0,0,0,0,0,,0.0,0.0,0,,https://indianpadeltour.in/players/5833bb9e-7cb7-477e-ab1c-237df4293741,,Nikhil Indukuri,Men's Beginner,,0,False,False,,ipt-hyderabad-city-grandslam-12-0,api_player,,
5854e023-8f2c-4811-82ed-0e54efaf63ec,5854e023-8f2c-4811-82ed-0e54efaf63ec,Rahul Motwani,Men's,4.0,-1.0,2430.0,67,9,6,3,0,0,1,3,2430,1.0,0.0,4.0,3090,13.0,https://indianpadeltour.in/players/5854e023-8f2c-4811-82ed-0e54efaf63ec,Men's,Rahul Motwani,Men's,4.0,2430,False,False,1.0,"ipt-chandigarh-city-open-2-0, ipt-goa-grandslam-11-0, mumbai-city-open-5-01",uuid,2430.0,True
5864aa85-bcf0-49c8-b62e-15c7d244e576,5864aa85-bcf0-49c8-b62e-15c7d244e576,Jehan Mehta,Men's,123.0,0.0,54.0,50,4,2,2,0,0,0,0,54,1.0,0.0,2.0,174,2.0,https://indianpadeltour.in/players/5864aa85-bcf0-49c8-b62e-15c7d244e576,Men's,Jehan Mehta,Men's,123.0,54,False,False,1.0,mumbai-city-open-5-01,uuid,54.0,True
58e20dcc-ea00-430a-b0bb-ca3e7f99ec7d,58e20dcc-ea00-430a-b0bb-ca3e7f99ec7d,Salman Damani,Men's,459.0,-36.0,0.0,50,2,1,1,0,0,0,0,0,386.0,1.0,1.0,0,1.0,https://indianpadeltour.in/players/58e20dcc-ea00-430a-b0bb-ca3e7f99ec7d,Men's,Salman Damani,Men's,459.0,0,False,False,386.0,mumbai-city-open-5-01,uuid,0.0,True
591d607a-18da-4552-a761-0a66271a2718,591d607a-18da-4552-a761-0a66271a2718,Shireen Mahajan,Women's,37.0,0.0,80.0,75,4,3,1,0,0,1,1,80,34.0,0.0,3.0,80,2.0,https://indianpadeltour.in/players/591d607a-18da-4552-a761-0a66271a2718,Women's,Shireen Mahajan,Women's,37.0,80,False,False,34.0,ipt-goa-grandslam-11-0,uuid,80.0,True
5938a1b7-dfbe-4c9a-8eb1-4debd778d000,5938a1b7-dfbe-4c9a-8eb1-4debd778d000,Ishan Maitreya,Men's,276.0,-11.0,18.0,71,7,5,2,0,0,0,0,18,265.0,0.0,3.0,18,2.0,https://indianpadeltour.in/players/5938a1b7-dfbe-4c9a-8eb1-4debd778d000,Men's,Ishan Maitreya,Men's,276.0,18,False,False,265.0,"ipt-goa-grandslam-11-0, mumbai-city-open-5-01",uuid,18.0,True
5b3d8985-ba2b-4840-96cb-df23c6bd1347,5b3d8985-ba2b-4840-96cb-df23c6bd1347,Krishiv Patel,Men's,3.0,1.0,2460.0,83,6,5,1,5,6,3,2,2460,1.0,0.0,5.0,2820,10.0,https://indianpadeltour.in/players/5b3d8985-ba2b-4840-96cb-df23c6bd1347,Men's,Krishiv Patel,Men's,3.0,2460,False,False,1.0,ipt-kochi-city-open-2-0,uuid,2460.0,True
5b4e9c11-4974-4fcc-bd97-31bf8e12050d,5b4e9c11-4974-4fcc-bd97-31bf8e12050d,Sheriar Mazda,Men's,276.0,-11.0,18.0,60,5,3,2,0,0,0,0,18,265.0,0.0,3.0,18,1.0,https://indianpadeltour.in/players/5b4e9c11-4974-4fcc-bd97-31bf8e12050d,Men's,Sheriar,Men's,276.0,18,False,False,265.0,ipt-goa-grandslam-11-0,uuid,18.0,True
5b6730d4-a1a1-4cd3-97ec-3423545be5cd,5b6730d4-a1a1-4cd3-97ec-3423545be5cd,Varun Dattani,Men's,37.0,0.0,301.0,75,4,3,1,3,4,3,0,301,1.0,0.0,3.0,431,9.0,https://indianpadeltour.in/players/5b6730d4-a1a1-4cd3-97ec-3423545be5cd,Men's,Varun Dattani,Men's,37.0,301,False,False,1.0,"ipt-hyderabad-city-grandslam-12-0, ipt-chandigarh-city-open-2-0, ipt-kochi-city-open-2-0",uuid,301.0,True
5b68e925-0f23-4eb8-9dc9-c3f13a8a8813,5b68e925-0f23-4eb8-9dc9-c3f13a8a8813,Deepthi J S,Women's,42.0,,50.0,100,3,3,0,3,3,1,0,50,42.0,3.0,3.0,50,1.0,https://indianpadeltour.in/players/5b68e925-0f23-4eb8-9dc9-c3f13a8a8813,Women's,Deepthi J S,Women's,42.0,50,False,False,42.0,ipt-kochi-city-open-2-0,uuid,50.0,True
5be919fd-b59b-45a5-b31e-8d1f8f20188b,,Ashwati Ramesh,,,,,0,3,0,3,0,0,0,0,0,8.0,0.0,0.0,0,,https://indianpadeltour.in/players/5be919fd-b59b-45a5-b31e-8d1f8f20188b,,Ashwati Ramesh,Mixed Open,8.0,0,False,False,8.0,ipt-goa-grandslam-11-0,api_player,,
5cc0f3a8-ec26-4e2f-b43c-cd61e0680054,,Akshay Gupta,,,,,0,0,0,0,0,0,0,0,0,,0.0,0.0,0,,https://indianpadeltour.in/players/5cc0f3a8-ec26-4e2f-b43c-cd61e0680054,,Akshay Gupta,Men's Intermediate,,0,False,False,,ipt-hyderabad-city-grandslam-12-0,api_player,,
5d868212-b694-4b7c-9e87-8bbcdff3a37e,5d868212-b694-4b7c-9e87-8bbcdff3a37e,Terence Thomas,Men's,436.0,,5.0,50,4,2,2,2,4,0,0,5,436.0,0.0,2.0,5,1.0,https://indianpadeltour.in/players/5d868212-b694-4b7c-9e87-8bbcdff3a37e,Men's,Terence Thomas,Men's,436.0,5,False,False,436.0,ipt-kochi-city-open-2-0,uuid,5.0,True
5dd2f0f1-9e37-4f1b-9ed6-726f108ea1ea,5dd2f0f1-9e37-4f1b-9ed6-726f108ea1ea,Rayaprolu Sagar,Men's,459.0,-36.0,0.0,0,3,0,3,0,0,0,0,0,423.0,0.0,0.0,0,1.0,https://indianpadeltour.in/players/5dd2f0f1-9e37-4f1b-9ed6-726f108ea1ea,Men's,Rayaprolu Sagar,Men's,459.0,0,False,False,423.0,ipt-goa-grandslam-11-0,uuid,0.0,True
5df49a33-22cb-4ac4-b03a-a075acfb5390,5df49a33-22cb-4ac4-b03a-a075acfb5390,Ashish Khemlani,Men's,71.0,-2.0,120.0,0,3,0,3,0,0,0,0,120,1.0,0.0,0.0,300,3.0,https://indianpadeltour.in/players/5df49a33-22cb-4ac4-b03a-a075acfb5390,Men's,Ashish Khemlani,Men's,71.0,120,False,False,1.0,"ipt-chandigarh-city-open-2-0, ipt-goa-grandslam-11-0",uuid,120.0,True
5e02eee8-3dff-4b01-a9b2-62b430787c78,5e02eee8-3dff-4b01-a9b2-62b430787c78,Vaibhav Malik,Men's,459.0,-36.0,0.0,33,3,1,2,0,0,0,0,0,423.0,0.0,1.0,0,1.0,https://indianpadeltour.in/players/5e02eee8-3dff-4b01-a9b2-62b430787c78,Men's,Vaibhav Malik,Men's,459.0,0,False,False,423.0,ipt-goa-grandslam-11-0,uuid,0.0,True
5e1e7bc8-ac6c-4a99-b986-f71ae79c8f7d,,Yash Khajanchi,,,,,0,0,0,0,0,0,0,0,0,,0.0,0.0,0,,https://indianpadeltour.in/players/5e1e7bc8-ac6c-4a99-b986-f71ae79c8f7d,,Yash Khajanchi,Men's Beginner,,0,False,False,,ipt-chandigarh-city-open-2-0,api_player,,
5e22ce04-3d81-4d0a-ae6b-7fba4bcea448,5e22ce04-3d81-4d0a-ae6b-7fba4bcea448,John Paul,Men's,182.0,29.0,33.0,75,4,3,1,3,4,0,0,33,55.0,0.0,3.0,33,2.0,https://indianpadeltour.in/players/5e22ce04-3d81-4d0a-ae6b-7fba4bcea448,Men's,John Paul,Men's,182.0,33,False,False,55.0,ipt-kochi-city-open-2-0,uuid,33.0,True
5e45411e-b0ef-4bea-b23f-c9a559a727dc,5e45411e-b0ef-4bea-b23f-c9a559a727dc,Trishina Kirpalani,Women's,115.0,-7.0,0.0,0,2,0,2,0,0,0,0,0,98.0,0.0,0.0,0,1.0,https://indianpadeltour.in/players/5e45411e-b0ef-4bea-b23f-c9a559a727dc,Women's,Trishina Kirpalani,Women's,115.0,0,False,False,98.0,mumbai-city-open-5-01,uuid,0.0,True
5ecfdc1f-7bc4-4015-8d74-cd6d823ba635,5ecfdc1f-7bc4-4015-8d74-cd6d823ba635,Ishna Byramjee,Women's,115.0,-7.0,0.0,0,2,0,2,0,0,0,0,0,98.0,0.0,0.0,0,1.0,https://indianpadeltour.in/players/5ecfdc1f-7bc4-4015-8d74-cd6d823ba635,Women's,Ishna Byramjee,Women's,115.0,0,False,False,98.0,mumbai-city-open-5-01,uuid,0.0,True
5efe3810-7452-45ba-9911-ef58eb490a3f,5efe3810-7452-45ba-9911-ef58eb490a3f,Chaitanya Shah,Men's,7.0,0.0,1468.0,80,5,4,1,0,0,4,0,1468,1.0,0.0,4.0,3268,10.0,https://indianpadeltour.in/players/5efe3810-7452-45ba-9911-ef58eb490a3f,Men's,Chaitanya Shah,Men's,7.0,1468,False,False,1.0,mumbai-city-open-5-01,uuid,1468.0,True
5fa2a56d-9091-45c8-848e-b3de76cceba4,,Ishika Kankaria,,,,,0,0,0,0,0,0,0,0,0,,0.0,0.0,0,,https://indianpadeltour.in/players/5fa2a56d-9091-45c8-848e-b3de76cceba4,,Ishika Kankaria,Women's Intermediate,,0,False,False,,ipt-chandigarh-city-open-2-0,api_player,,
5fb018f5-d23c-474c-9d85-c7acd4b03f0f,5fb018f5-d23c-474c-9d85-c7acd4b03f0f,Anshul Gosavi,Men's,122.0,0.0,57.0,0,2,0,2,0,0,0,1,57,1.0,0.0,0.0,63,5.0,https://indianpadeltour.in/players/5fb018f5-d23c-474c-9d85-c7acd4b03f0f,Men's,Anshul Gosavi,Men's,122.0,57,False,False,1.0,mumbai-city-open-5-01,uuid,57.0,True
5ff0e80a-e07e-4469-a2a2-01d6a9c3f00b,5ff0e80a-e07e-4469-a2a2-01d6a9c3f00b,Falib Jaleel,Men's,385.0,,9.0,75,4,3,1,3,4,0,0,9,385.0,0.0,3.0,9,1.0,https://indianpadeltour.in/players/5ff0e80a-e07e-4469-a2a2-01d6a9c3f00b,Men's,Falib Jaleel,Men's,385.0,9,False,False,385.0,ipt-kochi-city-open-2-0,uuid,9.0,True
6023f7fb-b00d-4093-ab62-cc6d12726cce,6023f7fb-b00d-4093-ab62-cc6d12726cce,Virel Agarwal,Men's,362.0,-14.0,12.0,0,2,0,2,0,0,0,0,12,188.0,0.0,0.0,12,2.0,https://indianpadeltour.in/players/6023f7fb-b00d-4093-ab62-cc6d12726cce,Men's,Virel Agarwal,Men's,362.0,12,False,False,188.0,mumbai-city-open-5-01,uuid,12.0,True
60389725-28d6-400f-82ff-ab2e9382e011,,Harshvardhan Sharma,Men's 40+,20.0,0.0,216.0,60,5,3,2,0,0,0,0,216,20.0,0.0,2.0,216,1.0,https://indianpadeltour.in/players/60389725-28d6-400f-82ff-ab2e9382e011,Men's 40+,Harshvardhan Sharma,Men's 40+,20.0,216,False,True,20.0,ipt-goa-grandslam-11-0,uuid,216.0,True
604edc4e-0143-476a-aec6-c89b715f6949,604edc4e-0143-476a-aec6-c89b715f6949,Siddharth Dabrai,Men's,59.0,-2.0,160.0,33,3,1,2,1,3,0,0,160,45.0,0.0,1.0,160,2.0,https://indianpadeltour.in/players/604edc4e-0143-476a-aec6-c89b715f6949,Men's,Siddharth Dabrai,Men's,59.0,160,False,False,45.0,ipt-kochi-city-open-2-0,uuid,160.0,True
61d2b099-ebaa-47de-8a92-2a080317a0a7,61d2b099-ebaa-47de-8a92-2a080317a0a7,Siddharth Kadam,Men's,102.0,0.0,78.0,75,4,3,1,0,0,0,1,78,1.0,0.0,3.0,84,3.0,https://indianpadeltour.in/players/61d2b099-ebaa-47de-8a92-2a080317a0a7,Men's,Siddharth Kadam,Men's,102.0,78,False,False,1.0,mumbai-city-open-5-01,uuid,78.0,True
628c5ffa-e7aa-4c81-99eb-542a07475659,628c5ffa-e7aa-4c81-99eb-542a07475659,Kriish Sakhuja,Men's,459.0,-36.0,0.0,0,3,0,3,0,0,0,0,0,386.0,0.0,0.0,0,1.0,https://indianpadeltour.in/players/628c5ffa-e7aa-4c81-99eb-542a07475659,Men's,Kriish Sakhuja,Men's,459.0,0,False,False,386.0,mumbai-city-open-5-01,uuid,0.0,True
63668ef8-aaa9-4524-9827-c84f3f2d757e,63668ef8-aaa9-4524-9827-c84f3f2d757e,Priyank Makwana,Men's,180.0,-9.0,35.0,67,6,4,2,0,0,0,1,35,160.0,0.0,3.0,35,2.0,https://indianpadeltour.in/players/63668ef8-aaa9-4524-9827-c84f3f2d757e,Men's,Priyank Makwana,Men's,180.0,35,False,False,160.0,mumbai-city-open-5-01,uuid,35.0,True
641d9cb2-bcae-4e8a-a9d3-19ef4d86426d,,Aarav Chawla,,,,,0,0,0,0,0,0,0,0,0,,0.0,0.0,0,,https://indianpadeltour.in/players/641d9cb2-bcae-4e8a-a9d3-19ef4d86426d,,Aarav Chawla,Men's Intermediate,,0,False,False,,ipt-chandigarh-city-open-2-0,api_player,,
645bea63-c782-48f3-9687-7887da354b08,,Divanshu Nayyar,Men's,133.0,-5.0,50.0,0,0,0,0,0,0,1,0,50,120.0,0.0,0.0,50,1.0,https://indianpadeltour.in/players/645bea63-c782-48f3-9687-7887da354b08,Men's,Divanshu Nayyar,Men's,133.0,50,False,False,120.0,ipt-chandigarh-city-open-2-0,uuid,50.0,True
64c7cc75-8fc2-4572-97a8-160113a9cf58,,Sidharth Daluja,,,,,0,0,0,0,0,0,0,0,0,,0.0,0.0,0,,https://indianpadeltour.in/players/64c7cc75-8fc2-4572-97a8-160113a9cf58,,Sidharth Daluja,Men's 40+,,0,False,False,,ipt-chandigarh-city-open-2-0,api_player,,
653e1c09-b2f5-44aa-8552-59442c4788a0,,Rushali Singh,,,,,0,0,0,0,0,0,0,0,0,,0.0,0.0,0,,https://indianpadeltour.in/players/653e1c09-b2f5-44aa-8552-59442c4788a0,,Rushali Singh,Women's Beginner,,0,False,False,,ipt-chandigarh-city-open-2-0,api_player,,
65b6eb21-de8a-4528-8567-d6834dcfb20b,65b6eb21-de8a-4528-8567-d6834dcfb20b,Karan Mehrotra,Men's 40+,35.0,-2.0,0.0,0,6,0,6,0,0,0,0,0,8.0,0.0,0.0,0,1.0,https://indianpadeltour.in/players/65b6eb21-de8a-4528-8567-d6834dcfb20b,Men's 40+,Karan Mehrotra,Men's 40+,8.0,0,True,False,8.0,ipt-goa-grandslam-11-0,uuid,0.0,True
65e48ebf-0f26-4abe-b2c3-6629ab689249,65e48ebf-0f26-4abe-b2c3-6629ab689249,Tanmay Anand,Men's,362.0,-14.0,12.0,0,2,0,2,0,0,0,0,12,107.0,0.0,0.0,12,2.0,https://indianpadeltour.in/players/65e48ebf-0f26-4abe-b2c3-6629ab689249,Men's,Tanmay Anand,Men's,362.0,12,False,False,107.0,mumbai-city-open-5-01,uuid,12.0,True
6677f696-648f-478e-b018-13a839d6a34e,6677f696-648f-478e-b018-13a839d6a34e,Shashank Tiwari,Men's,385.0,-14.0,9.0,50,4,2,2,0,0,0,0,9,371.0,0.0,2.0,9,1.0,https://indianpadeltour.in/players/6677f696-648f-478e-b018-13a839d6a34e,Men's,Shashank Tiwari,Men's,385.0,9,False,False,371.0,ipt-goa-grandslam-11-0,uuid,9.0,True
66bff00b-4dc1-41cf-8272-181a097da993,,Arshdeep Singh,,,,,0,0,0,0,0,0,0,0,0,,0.0,0.0,0,,https://indianpadeltour.in/players/66bff00b-4dc1-41cf-8272-181a097da993,,arshdeep,Men's Beginner,,0,False,False,,ipt-chandigarh-city-open-2-0,api_player,,
66e160b8-a93f-4dd6-a5aa-60226597bbff,,Sandeep Dhand,,,,,0,0,0,0,0,0,0,0,0,,0.0,0.0,0,,https://indianpadeltour.in/players/66e160b8-a93f-4dd6-a5aa-60226597bbff,,Sandeep Dhand,Men's Beginner,,0,False,False,,ipt-chandigarh-city-open-2-0,api_player,,
66f6024c-cf6b-4775-a2ef-3f7f1b0405b3,66f6024c-cf6b-4775-a2ef-3f7f1b0405b3,Mohammed Farhan,Men's,436.0,,5.0,33,3,1,2,1,3,0,0,5,436.0,0.0,1.0,5,1.0,https://indianpadeltour.in/players/66f6024c-cf6b-4775-a2ef-3f7f1b0405b3,Men's,Mohammed Farhan,Men's,436.0,5,False,False,436.0,ipt-kochi-city-open-2-0,uuid,5.0,True
67831462-6847-49e1-bb2d-fea92e021af6,67831462-6847-49e1-bb2d-fea92e021af6,Venkatesh Anilkumar,Men's,459.0,,0.0,33,3,1,2,1,3,0,0,0,459.0,0.0,1.0,0,1.0,https://indianpadeltour.in/players/67831462-6847-49e1-bb2d-fea92e021af6,Men's,Venkatesh Anilkumar,Men's,459.0,0,False,False,459.0,ipt-kochi-city-open-2-0,uuid,0.0,True
68516614-5b90-40ce-b11e-09ad9353da5a,68516614-5b90-40ce-b11e-09ad9353da5a,Mithun Prabhu,Men's,241.0,24.0,23.0,33,3,1,2,1,3,0,0,23,75.0,0.0,1.0,23,2.0,https://indianpadeltour.in/players/68516614-5b90-40ce-b11e-09ad9353da5a,Men's,Mithun Prabhu,Men's,241.0,23,False,False,75.0,ipt-kochi-city-open-2-0,uuid,23.0,True
6878b0c2-2144-404e-ad97-45159eca8fc8,6878b0c2-2144-404e-ad97-45159eca8fc8,Ankit Doshi,Men's 40+,14.0,0.0,400.0,50,2,1,1,0,0,0,0,400,5.0,1.0,1.0,400,3.0,https://indianpadeltour.in/players/6878b0c2-2144-404e-ad97-45159eca8fc8,Men's 40+,Ankit Doshi,Men's 40+,14.0,400,False,False,5.0,mumbai-city-open-5-01,uuid,400.0,True
6892cafd-242b-468e-a1aa-cd2523e083a6,6892cafd-242b-468e-a1aa-cd2523e083a6,Kushe Bahl,Men's,339.0,-13.0,17.0,43,7,3,4,0,0,0,0,17,203.0,1.0,2.0,17,3.0,https://indianpadeltour.in/players/6892cafd-242b-468e-a1aa-cd2523e083a6,Men's,Kushe Bahl,Men's,339.0,17,False,False,203.0,"ipt-goa-grandslam-11-0, mumbai-city-open-5-01",uuid,17.0,True
689f12ba-b99c-4d69-b6f4-80c07ed7ce92,689f12ba-b99c-4d69-b6f4-80c07ed7ce92,Anthony Grace Fernandes,Men's,436.0,,5.0,33,3,1,2,1,3,0,0,5,436.0,0.0,1.0,5,1.0,https://indianpadeltour.in/players/689f12ba-b99c-4d69-b6f4-80c07ed7ce92,Men's,Anthony Grace Fernandes,Men's,436.0,5,False,False,436.0,ipt-kochi-city-open-2-0,uuid,5.0,True
68c7916e-0da4-4940-a068-eda6255290cc,68c7916e-0da4-4940-a068-eda6255290cc,Basudev Rai,Men's,459.0,,0.0,0,3,0,3,0,3,0,0,0,459.0,0.0,0.0,0,1.0,https://indianpadeltour.in/players/68c7916e-0da4-4940-a068-eda6255290cc,Men's,Basudev Rai,Men's,459.0,0,False,False,459.0,ipt-kochi-city-open-2-0,uuid,0.0,True
6920ba87-de99-461a-9af7-74a07b08c305,6920ba87-de99-461a-9af7-74a07b08c305,Naeem Shahul,Men's,276.0,-11.0,18.0,0,3,0,3,0,3,0,0,18,75.0,0.0,0.0,18,2.0,https://indianpadeltour.in/players/6920ba87-de99-461a-9af7-74a07b08c305,Men's,Naeem Shahul,Men's,276.0,18,False,False,75.0,ipt-kochi-city-open-2-0,uuid,18.0,True
6975bb60-5198-44e1-8fe4-cdd357279a6b,,Rahil Mahajan,,,,,0,0,0,0,0,0,0,0,0,,0.0,0.0,0,,https://indianpadeltour.in/players/6975bb60-5198-44e1-8fe4-cdd357279a6b,,Rahil Mahajan,Men's Intermediate,,0,False,False,,ipt-chandigarh-city-open-2-0,api_player,,
6a3070aa-afd1-4319-9aa8-8376abb53ec0,6a3070aa-afd1-4319-9aa8-8376abb53ec0,Raghav Bansal,Men's,188.0,-10.0,30.0,33,3,1,2,0,0,0,0,30,41.0,0.0,1.0,30,2.0,https://indianpadeltour.in/players/6a3070aa-afd1-4319-9aa8-8376abb53ec0,Men's,Raghav Bansal,Men's,188.0,30,False,False,41.0,ipt-goa-grandslam-11-0,uuid,30.0,True
6b49f7ef-e989-4036-816e-f0267d3c3ef0,6b49f7ef-e989-4036-816e-f0267d3c3ef0,Saish Shelar,Men's,34.0,3.0,346.0,45,11,5,6,2,4,2,0,346,34.0,0.0,3.0,346,6.0,https://indianpadeltour.in/players/6b49f7ef-e989-4036-816e-f0267d3c3ef0,Men's,Saish Shelar,Men's,34.0,346,False,False,34.0,"ipt-hyderabad-city-grandslam-12-0, ipt-kochi-city-open-2-0, ipt-goa-grandslam-11-0, mumbai-city-open-5-01",uuid,346.0,True
6bfd1277-761c-46c8-9e40-cbce3df40c13,6bfd1277-761c-46c8-9e40-cbce3df40c13,Arnav Tanna,Men's,106.0,2.0,67.0,33,6,2,4,2,4,0,1,67,1.0,0.0,2.0,73,7.0,https://indianpadeltour.in/players/6bfd1277-761c-46c8-9e40-cbce3df40c13,Men's,Arnav Tanna,Men's,106.0,67,False,False,1.0,"ipt-kochi-city-open-2-0, mumbai-city-open-5-01",uuid,67.0,True
6c67db09-ad9a-46d3-a0a3-5c4e7687587d,6c67db09-ad9a-46d3-a0a3-5c4e7687587d,Aman Goyal,Men's,385.0,-14.0,9.0,75,4,3,1,0,0,0,0,9,371.0,0.0,3.0,9,1.0,https://indianpadeltour.in/players/6c67db09-ad9a-46d3-a0a3-5c4e7687587d,Men's,Aman Goyal,Men's,385.0,9,False,False,371.0,ipt-goa-grandslam-11-0,uuid,9.0,True
6cdc4da7-096f-4c21-a48e-4183e606d2ef,6cdc4da7-096f-4c21-a48e-4183e606d2ef,Samkit Shah,Men's,166.0,-8.0,38.0,75,4,3,1,0,0,0,0,38,1.0,0.0,3.0,78,4.0,https://indianpadeltour.in/players/6cdc4da7-096f-4c21-a48e-4183e606d2ef,Men's,Samkit Shah,Men's,166.0,38,False,False,1.0,mumbai-city-open-5-01,uuid,38.0,True
6ce84d69-d4a3-4a09-91c3-ac921016a281,6ce84d69-d4a3-4a09-91c3-ac921016a281,Yugant Gupta,Men's,459.0,-36.0,0.0,0,2,0,2,0,0,0,0,0,386.0,0.0,0.0,0,1.0,https://indianpadeltour.in/players/6ce84d69-d4a3-4a09-91c3-ac921016a281,Men's,Yugant Gupta,Men's,459.0,0,False,False,386.0,mumbai-city-open-5-01,uuid,0.0,True
6dc1ecef-b2d9-4579-a1d0-c69e2553a65c,6dc1ecef-b2d9-4579-a1d0-c69e2553a65c,Tanay Mehta,Men's,41.0,-2.0,282.0,50,8,4,4,0,0,0,0,282,1.0,0.0,2.0,402,4.0,https://indianpadeltour.in/players/6dc1ecef-b2d9-4579-a1d0-c69e2553a65c,Men's,Tanay Mehta,Men's,41.0,282,False,False,1.0,"ipt-goa-grandslam-11-0, mumbai-city-open-5-01",uuid,282.0,True
6e62c2a4-bd95-41f8-bd17-901a78994ae1,6e62c2a4-bd95-41f8-bd17-901a78994ae1,Armaan Mann,Women's,79.0,-6.0,18.0,0,2,0,2,0,0,0,0,18,73.0,0.0,0.0,18,1.0,https://indianpadeltour.in/players/6e62c2a4-bd95-41f8-bd17-901a78994ae1,Women's,Armaan Mann,Women's,79.0,18,False,False,73.0,"ipt-chandigarh-city-open-2-0, ipt-goa-grandslam-11-0",uuid,18.0,True
6ec925af-f358-475a-9fd4-37dfcbb1795d,6ec925af-f358-475a-9fd4-37dfcbb1795d,Harsh Parekh,Men's 40+,13.0,0.0,408.0,67,3,2,1,0,0,0,0,408,8.0,0.0,2.0,408,3.0,https://indianpadeltour.in/players/6ec925af-f358-475a-9fd4-37dfcbb1795d,"Men's, Men's 40+",Harsh Parekh,Men's 40+,13.0,408,False,False,8.0,mumbai-city-open-5-01,uuid,408.0,True
6f72b819-5a59-4239-a198-66c7fe37e5ec,,Hasrat Kaushal,,,,,0,0,0,0,0,0,0,0,0,,0.0,0.0,0,,https://indianpadeltour.in/players/6f72b819-5a59-4239-a198-66c7fe37e5ec,,Hasrat Kaushal,Women's Beginner,,0,False,False,,ipt-chandigarh-city-open-2-0,api_player,,
70077a0b-582b-4dab-b04d-7195cb3ffffe,,Gautam Daluja,,,,,0,0,0,0,0,0,0,0,0,,0.0,0.0,0,,https://indianpadeltour.in/players/70077a0b-582b-4dab-b04d-7195cb3ffffe,,Gautam Daluja,Men's Advance,,0,False,False,,ipt-chandigarh-city-open-2-0,api_player,,
7078cecf-5699-43ef-aefe-dd1c239e92ba,7078cecf-5699-43ef-aefe-dd1c239e92ba,Bhagya Popat,Men's,70.0,-2.0,124.0,30,10,3,7,0,0,0,0,216,6.0,0.0,3.0,216,7.0,https://indianpadeltour.in/players/7078cecf-5699-43ef-aefe-dd1c239e92ba,Men's,Bhagya Popat,Men's Advance,6.0,216,True,False,6.0,"ipt-goa-grandslam-11-0, mumbai-city-open-5-01",uuid,124.0,True
70792b71-1549-46eb-bb7d-9b5f2a787281,70792b71-1549-46eb-bb7d-9b5f2a787281,Tammana Kalra,Women's,115.0,-7.0,0.0,33,3,1,2,0,0,0,0,0,108.0,1.0,1.0,0,1.0,https://indianpadeltour.in/players/70792b71-1549-46eb-bb7d-9b5f2a787281,Women's,Tammana Kalra,Women's,115.0,0,False,False,108.0,ipt-goa-grandslam-11-0,uuid,0.0,True
7141790d-4b03-4a8c-b605-9a3273191dcd,7141790d-4b03-4a8c-b605-9a3273191dcd,Gayatri Nair,Women's,93.0,,15.0,50,4,2,2,2,4,0,1,15,93.0,0.0,2.0,15,1.0,https://indianpadeltour.in/players/7141790d-4b03-4a8c-b605-9a3273191dcd,Women's,Gayatri Nair,Women's,93.0,15,False,False,93.0,ipt-kochi-city-open-2-0,uuid,15.0,True
716df803-2711-44e0-99a3-c5d59dfde298,716df803-2711-44e0-99a3-c5d59dfde298,Habib Latif,Men's,133.0,-5.0,50.0,50,2,1,1,0,0,1,0,50,101.0,1.0,1.0,50,3.0,https://indianpadeltour.in/players/716df803-2711-44e0-99a3-c5d59dfde298,Men's,Habib Latif,Men's,133.0,50,False,False,101.0,mumbai-city-open-5-01,uuid,50.0,True
725309e2-0da0-4da9-96e1-0588b6d13448,,Vivek Sharma,,,,,0,0,0,0,0,0,0,0,0,,0.0,0.0,0,,https://indianpadeltour.in/players/725309e2-0da0-4da9-96e1-0588b6d13448,,Vivek Sharma,Men's Beginner,,0,False,False,,ipt-chandigarh-city-open-2-0,api_player,,
734a2b87-814f-4b75-baa4-e49397a281e5,,Abhishek Slathia,,,,,0,0,0,0,0,0,0,0,0,,0.0,0.0,0,,https://indianpadeltour.in/players/734a2b87-814f-4b75-baa4-e49397a281e5,,Abhishek Slathia,Men's Beginner,,0,False,False,,ipt-chandigarh-city-open-2-0,api_player,,
737f042a-0b7d-4091-bbc8-938493b926ed,,Udit Khaitan,,,,,0,0,0,0,0,0,0,0,0,,0.0,0.0,0,,https://indianpadeltour.in/players/737f042a-0b7d-4091-bbc8-938493b926ed,,Udit Khaitan,Men's Beginner,,0,False,False,,ipt-chandigarh-city-open-2-0,api_player,,
739a853c-ae03-4719-ba64-a326c87ccd84,739a853c-ae03-4719-ba64-a326c87ccd84,Sahitra Ghurye,Women's,79.0,-6.0,18.0,50,2,1,1,0,0,0,1,18,1.0,0.0,1.0,48,4.0,https://indianpadeltour.in/players/739a853c-ae03-4719-ba64-a326c87ccd84,Women's,Sahitra Ghurye,Women's,79.0,18,False,False,1.0,mumbai-city-open-5-01,uuid,18.0,True
74545b96-4998-41f7-86e0-a4083fbb248f,,Jason P Sharma,,,,,0,0,0,0,0,0,0,0,0,,0.0,0.0,0,,https://indianpadeltour.in/players/74545b96-4998-41f7-86e0-a4083fbb248f,,Jason P Sharma,Men's Beginner,,0,False,False,,ipt-chandigarh-city-open-2-0,api_player,,
74874a01-a4e3-403a-85b5-27207cf1cdd6,,Armaan Garg,,,,,0,0,0,0,0,0,0,0,0,,0.0,0.0,0,,https://indianpadeltour.in/players/74874a01-a4e3-403a-85b5-27207cf1cdd6,,Armaan Garg,Men's Intermediate,,0,False,False,,ipt-chandigarh-city-open-2-0,api_player,,
74a7e384-3f53-44ee-80d0-059e3fa60e1c,74a7e384-3f53-44ee-80d0-059e3fa60e1c,Arjun Raju,Men's,168.0,39.0,36.0,75,8,6,2,3,4,0,0,36,168.0,0.0,3.0,36,3.0,https://indianpadeltour.in/players/74a7e384-3f53-44ee-80d0-059e3fa60e1c,Men's,Arjun Raju,Men's,168.0,36,False,False,168.0,"ipt-kochi-city-open-2-0, ipt-goa-grandslam-11-0",uuid,36.0,True
75773700-bff1-4aaf-93a5-59442aac5c0d,75773700-bff1-4aaf-93a5-59442aac5c0d,Rahil Saboo,Men's,459.0,-36.0,0.0,33,3,1,2,0,0,0,0,0,386.0,0.0,1.0,0,1.0,https://indianpadeltour.in/players/75773700-bff1-4aaf-93a5-59442aac5c0d,Men's,Rahil Saboo,Men's,459.0,0,False,False,386.0,mumbai-city-open-5-01,uuid,0.0,True
76c439ce-ed6a-4d86-b384-38a843b6a4ee,76c439ce-ed6a-4d86-b384-38a843b6a4ee,Sonia Rathee,Women's,25.0,0.0,146.0,100,4,4,0,0,0,1,2,146,22.0,4.0,4.0,146,3.0,https://indianpadeltour.in/players/76c439ce-ed6a-4d86-b384-38a843b6a4ee,Women's,Sonia Rathee,Women's,25.0,146,False,False,22.0,mumbai-city-open-5-01,uuid,146.0,True
7818fd9a-1675-4d45-acd5-dfc6eff38028,7818fd9a-1675-4d45-acd5-dfc6eff38028,Madhu Samtani,Men's,71.0,-2.0,120.0,33,3,1,2,0,0,0,0,120,48.0,0.0,1.0,120,2.0,https://indianpadeltour.in/players/7818fd9a-1675-4d45-acd5-dfc6eff38028,Men's,Madhu Samtani,Men's,71.0,120,False,False,48.0,ipt-goa-grandslam-11-0,uuid,120.0,True
783fd411-3a52-446e-90cc-2fcef2baaa51,783fd411-3a52-446e-90cc-2fcef2baaa51,Varshil Trambadiya,Men's,36.0,11.0,330.0,50,12,6,6,3,5,1,0,330,36.0,0.0,2.0,330,6.0,https://indianpadeltour.in/players/783fd411-3a52-446e-90cc-2fcef2baaa51,Men's,Varshil Trambadiya,Men's,36.0,330,False,False,36.0,"ipt-hyderabad-city-grandslam-12-0, ipt-kochi-city-open-2-0, ipt-goa-grandslam-11-0, mumbai-city-open-5-01",uuid,330.0,True
787505dd-9f13-4ef2-a4ae-eb81af687abf,787505dd-9f13-4ef2-a4ae-eb81af687abf,Manan Gupta,Men's,385.0,-14.0,9.0,50,4,2,2,0,0,0,0,9,371.0,0.0,1.0,9,1.0,https://indianpadeltour.in/players/787505dd-9f13-4ef2-a4ae-eb81af687abf,Men's,Manan Gupta,Men's,385.0,9,False,False,371.0,ipt-goa-grandslam-11-0,uuid,9.0,True
78989222-2e94-453f-b597-cd66d1c247c0,,Akchhat Bothra,,,,,0,0,0,0,0,0,0,0,0,,0.0,0.0,0,,https://indianpadeltour.in/players/78989222-2e94-453f-b597-cd66d1c247c0,,Akchhat Bothra,Men's Beginner,,0,False,,,,draw_entry,,
78d5d429-c5f3-45a9-896b-b7f9346bbc83,78d5d429-c5f3-45a9-896b-b7f9346bbc83,Pooja Kharat,Women's,115.0,-7.0,0.0,40,5,2,3,0,0,0,0,0,98.0,0.0,2.0,0,2.0,https://indianpadeltour.in/players/78d5d429-c5f3-45a9-896b-b7f9346bbc83,Women's,Pooja Kharat,Women's,115.0,0,False,False,98.0,"ipt-goa-grandslam-11-0, mumbai-city-open-5-01",uuid,0.0,True
78ea93d2-90f5-4312-a0d6-737a0e704130,78ea93d2-90f5-4312-a0d6-737a0e704130,Suhail Kapur,Men's,459.0,-36.0,0.0,0,3,0,3,0,0,0,0,0,423.0,0.0,0.0,0,1.0,https://indianpadeltour.in/players/78ea93d2-90f5-4312-a0d6-737a0e704130,Men's,Suhail Kapur,Men's,459.0,0,False,False,423.0,ipt-goa-grandslam-11-0,uuid,0.0,True
78f60558-5008-4120-bf6d-f62bd95b8b16,,Mukul Kumar,,,,,0,0,0,0,0,0,0,0,0,,0.0,0.0,0,,https://indianpadeltour.in/players/78f60558-5008-4120-bf6d-f62bd95b8b16,,Mukul Kumar,Men's 40+,,0,False,False,,ipt-chandigarh-city-open-2-0,api_player,,
79665684-6161-45de-af8d-bff8b2fb798a,79665684-6161-45de-af8d-bff8b2fb798a,Arik Badami,Men's,459.0,-36.0,0.0,0,3,0,3,0,0,0,0,0,423.0,0.0,0.0,0,1.0,https://indianpadeltour.in/players/79665684-6161-45de-af8d-bff8b2fb798a,Men's,Arik Badami,Men's,459.0,0,False,False,423.0,ipt-goa-grandslam-11-0,uuid,0.0,True
7a0a5946-601b-4919-858d-8e3667bd4f77,7a0a5946-601b-4919-858d-8e3667bd4f77,Treta Bhattacharyya,Women's,13.0,0.0,276.0,50,4,2,2,0,0,1,0,276,13.0,0.0,2.0,276,2.0,https://indianpadeltour.in/players/7a0a5946-601b-4919-858d-8e3667bd4f77,Women's,Treta Bhattacharya,Women's,13.0,276,False,False,13.0,ipt-goa-grandslam-11-0,uuid,276.0,True
7a23263c-f0d4-4b39-a8ea-16d1a195f91e,7a23263c-f0d4-4b39-a8ea-16d1a195f91e,Leesha Shah,Women's,115.0,-7.0,0.0,50,2,1,1,0,0,0,0,0,98.0,1.0,1.0,0,1.0,https://indianpadeltour.in/players/7a23263c-f0d4-4b39-a8ea-16d1a195f91e,Women's,Leesha Shah,Women's,115.0,0,False,False,98.0,mumbai-city-open-5-01,uuid,0.0,True
7a68498f-5de6-49d5-8528-44428d14dc05,,Ishaan Chandhok,,,,,0,0,0,0,0,0,0,0,0,,0.0,0.0,0,,https://indianpadeltour.in/players/7a68498f-5de6-49d5-8528-44428d14dc05,,Ishaan Chandhok,Men's Intermediate,,0,False,False,,ipt-chandigarh-city-open-2-0,api_player,,
7a806e55-76b1-406f-b870-2ed511dccdc9,7a806e55-76b1-406f-b870-2ed511dccdc9,Nandish Shah,Men's,58.0,-4.0,170.0,100,5,5,0,0,0,1,0,170,51.0,5.0,5.0,170,2.0,https://indianpadeltour.in/players/7a806e55-76b1-406f-b870-2ed511dccdc9,Men's,Nandish Shah,Men's,58.0,170,False,False,51.0,mumbai-city-open-5-01,uuid,170.0,True
7a9c9d4a-aaad-4c36-96d3-646722190fd7,,Sara Daluja,,,,,0,0,0,0,0,0,0,0,0,,0.0,0.0,0,,https://indianpadeltour.in/players/7a9c9d4a-aaad-4c36-96d3-646722190fd7,,Sara Daluja,Women's Beginner,,0,False,False,,ipt-chandigarh-city-open-2-0,api_player,,
7ab2bcb6-be63-4241-a6d3-b1cf30b170f4,7ab2bcb6-be63-4241-a6d3-b1cf30b170f4,Pratik Makkar,Men's,459.0,-36.0,0.0,0,3,0,3,0,0,0,0,0,423.0,0.0,0.0,0,1.0,https://indianpadeltour.in/players/7ab2bcb6-be63-4241-a6d3-b1cf30b170f4,Men's,Pratik Makkar,Men's,459.0,0,False,False,423.0,ipt-goa-grandslam-11-0,uuid,0.0,True
7ae56644-dbba-41d5-a04d-ed0a503595f6,7ae56644-dbba-41d5-a04d-ed0a503595f6,Akshay Rai,Men's,385.0,-14.0,9.0,50,4,2,2,0,0,0,0,9,371.0,0.0,2.0,9,1.0,https://indianpadeltour.in/players/7ae56644-dbba-41d5-a04d-ed0a503595f6,Men's,Akshay Rai,Men's,385.0,9,False,False,371.0,ipt-goa-grandslam-11-0,uuid,9.0,True
7af61236-508f-4495-a2ee-a840e590d19a,7af61236-508f-4495-a2ee-a840e590d19a,Farhan Patrawala,Men's,133.0,-5.0,50.0,100,5,5,0,0,0,1,0,50,123.0,5.0,5.0,50,1.0,https://indianpadeltour.in/players/7af61236-508f-4495-a2ee-a840e590d19a,Men's,Farhan Patrawala,Men's,133.0,50,False,False,123.0,mumbai-city-open-5-01,uuid,50.0,True
7b2f6fd9-392c-477e-8c2e-ee3878c1f0e8,7b2f6fd9-392c-477e-8c2e-ee3878c1f0e8,Rahil Patel,Men's,459.0,-36.0,0.0,33,3,1,2,0,0,0,0,0,386.0,0.0,1.0,0,1.0,https://indianpadeltour.in/players/7b2f6fd9-392c-477e-8c2e-ee3878c1f0e8,Men's,Rahil Patel,Men's,459.0,0,False,False,386.0,mumbai-city-open-5-01,uuid,0.0,True
7c42f3a3-ec0a-44a1-8fa3-3cd5b58569c0,7c42f3a3-ec0a-44a1-8fa3-3cd5b58569c0,Harman Singh Tur,Men's,220.0,-11.0,25.0,83,6,5,1,0,0,1,0,25,195.0,3.0,3.0,25,1.0,https://indianpadeltour.in/players/7c42f3a3-ec0a-44a1-8fa3-3cd5b58569c0,Men's,Harman Singh Tur,Men's,220.0,25,False,False,195.0,mumbai-city-open-5-01,uuid,25.0,True
7cc8e1d3-0f7c-475e-aa64-eb5739c7d6f9,7cc8e1d3-0f7c-475e-aa64-eb5739c7d6f9,Hamir Desai,Men's 40+,35.0,-2.0,0.0,0,2,0,2,0,0,0,0,0,29.0,0.0,0.0,0,1.0,https://indianpadeltour.in/players/7cc8e1d3-0f7c-475e-aa64-eb5739c7d6f9,Men's 40+,Hamir Desai,Men's 40+,35.0,0,False,False,29.0,mumbai-city-open-5-01,uuid,0.0,True
7d1f9b7d-e132-4d2a-96df-fd4c2143c9ea,,Akhil,,,,,0,0,0,0,0,0,0,0,0,,0.0,0.0,0,,https://indianpadeltour.in/players/7d1f9b7d-e132-4d2a-96df-fd4c2143c9ea,,Akhil,Men's Intermediate,,0,False,False,,ipt-hyderabad-city-grandslam-12-0,api_player,,
7d346033-c0e1-4672-8fd9-7d3361dc8f12,7d346033-c0e1-4672-8fd9-7d3361dc8f12,Rhea Mathews,Women's,79.0,-6.0,18.0,33,3,1,2,0,0,0,0,0,8.0,0.0,1.0,0,1.0,https://indianpadeltour.in/players/7d346033-c0e1-4672-8fd9-7d3361dc8f12,Women's,Rhea Mathews,Women's Beginner,8.0,0,True,False,8.0,ipt-goa-grandslam-11-0,uuid,18.0,True
7ddc1ace-4a2d-41ea-89a5-f37a29752e63,7ddc1ace-4a2d-41ea-89a5-f37a29752e63,Janita Bhandari,Women's,115.0,-7.0,0.0,33,3,1,2,0,0,0,0,0,98.0,1.0,1.0,0,1.0,https://indianpadeltour.in/players/7ddc1ace-4a2d-41ea-89a5-f37a29752e63,Women's,Janita Bhandari,Women's,115.0,0,False,False,98.0,mumbai-city-open-5-01,uuid,0.0,True
7de59a0c-475a-4088-b378-3bfdf5a88ad6,,Ankush Puri,,,,,0,0,0,0,0,0,0,0,0,,0.0,0.0,0,,https://indianpadeltour.in/players/7de59a0c-475a-4088-b378-3bfdf5a88ad6,,Ankush Puri,Men's Intermediate,,0,False,False,,ipt-chandigarh-city-open-2-0,api_player,,
7f012c99-3142-42b3-ba1b-30fee6e58a40,,Nandini Ghai,,,,,0,0,0,0,0,0,0,0,0,,0.0,0.0,0,,https://indianpadeltour.in/players/7f012c99-3142-42b3-ba1b-30fee6e58a40,,Nandini Ghai,Women's Intermediate,,0,False,False,,ipt-chandigarh-city-open-2-0,api_player,,
7f46ff27-3043-4e9f-bdc5-c97c8b590e83,7f46ff27-3043-4e9f-bdc5-c97c8b590e83,Karan Bansal,Men's,188.0,-10.0,30.0,33,3,1,2,0,0,0,0,30,41.0,0.0,1.0,30,2.0,https://indianpadeltour.in/players/7f46ff27-3043-4e9f-bdc5-c97c8b590e83,Men's,Karan Bansal,Men's,188.0,30,False,False,41.0,ipt-goa-grandslam-11-0,uuid,30.0,True
7f57a645-a475-4ec7-9b29-0b7812a9931d,7f57a645-a475-4ec7-9b29-0b7812a9931d,Kunal Premnarayen,Men's 40+,6.0,2.0,780.0,60,10,6,4,5,8,1,1,780,3.0,1.0,3.0,780,4.0,https://indianpadeltour.in/players/7f57a645-a475-4ec7-9b29-0b7812a9931d,"Men's, Men's 40+",Kunal Premnarayen,Men's 40+,6.0,780,False,False,3.0,"ipt-kochi-city-open-2-0, mumbai-city-open-5-01",uuid,780.0,True
7f9b1fbf-d6db-428b-9117-7a8b136e2a63,7f9b1fbf-d6db-428b-9117-7a8b136e2a63,Ishaan Choksi,Men's,459.0,-36.0,0.0,50,2,1,1,0,0,0,0,0,386.0,1.0,1.0,0,1.0,https://indianpadeltour.in/players/7f9b1fbf-d6db-428b-9117-7a8b136e2a63,Men's,Ishaan Choksi,Men's,459.0,0,False,False,386.0,mumbai-city-open-5-01,uuid,0.0,True
7fccd321-fef6-4be3-ac34-efe74705a573,,Jeetpal Singh Chauhan,,,,,0,0,0,0,0,0,0,0,0,,0.0,0.0,0,,https://indianpadeltour.in/players/7fccd321-fef6-4be3-ac34-efe74705a573,,Jeetpal Singh Chauhan,Men's Advance,,0,False,False,,"ipt-hyderabad-city-grandslam-12-0, ipt-chandigarh-city-open-2-0",api_player,,
808e72ea-16d9-41ac-88af-cdc80de35aa4,808e72ea-16d9-41ac-88af-cdc80de35aa4,Aashna Mehra,Women's,32.0,0.0,100.0,0,3,0,3,0,0,1,0,100,23.0,0.0,0.0,100,2.0,https://indianpadeltour.in/players/808e72ea-16d9-41ac-88af-cdc80de35aa4,Women's,Aashna Mehra,Women's,32.0,100,False,False,23.0,ipt-goa-grandslam-11-0,uuid,100.0,True
81e44e41-840d-453c-9211-a562d9e83f54,,Raunak Singh,,,,,0,0,0,0,0,0,0,0,0,,0.0,0.0,0,,https://indianpadeltour.in/players/81e44e41-840d-453c-9211-a562d9e83f54,,Raunak Singh,Men's Intermediate,,0,False,,,,uuid,,
821bda69-7b49-49ce-96f9-425f549eab3f,821bda69-7b49-49ce-96f9-425f549eab3f,Aarman Kler,Men's,385.0,-14.0,9.0,50,4,2,2,0,0,0,0,9,371.0,0.0,2.0,9,1.0,https://indianpadeltour.in/players/821bda69-7b49-49ce-96f9-425f549eab3f,Men's,Aarman Kler,Men's,385.0,9,False,False,371.0,"ipt-chandigarh-city-open-2-0, ipt-goa-grandslam-11-0",uuid,9.0,True
82a22690-4c94-47e8-99c1-8e1c89f71916,82a22690-4c94-47e8-99c1-8e1c89f71916,Manvi Chaudhary,Women's,93.0,-6.0,15.0,80,5,4,1,0,0,0,1,15,77.0,0.0,4.0,15,1.0,https://indianpadeltour.in/players/82a22690-4c94-47e8-99c1-8e1c89f71916,Women's,Manvi Chaudhary,Women's,93.0,15,False,False,77.0,mumbai-city-open-5-01,uuid,15.0,True
82aba01f-d352-48ba-a4dc-7f5974a5ffde,82aba01f-d352-48ba-a4dc-7f5974a5ffde,Naville Prakash,Men's,385.0,-14.0,9.0,80,5,4,1,0,0,0,0,9,346.0,0.0,4.0,9,1.0,https://indianpadeltour.in/players/82aba01f-d352-48ba-a4dc-7f5974a5ffde,Men's,Naville Prakash,Men's,385.0,9,False,False,346.0,mumbai-city-open-5-01,uuid,9.0,True
83c9faf7-5bd4-4e29-84c2-c2d809c9235b,,Samin Bhargava,Men's,20.0,0.0,700.0,0,0,0,0,0,0,1,0,700,10.0,0.0,0.0,700,3.0,https://indianpadeltour.in/players/83c9faf7-5bd4-4e29-84c2-c2d809c9235b,Men's,Samin Bhargava,Men's,20.0,700,False,False,10.0,ipt-chandigarh-city-open-2-0,uuid,700.0,True
8489ff62-aa1d-43e6-b61a-b62febfaa01c,,Sidharth Garg,,,,,0,0,0,0,0,0,0,0,0,,0.0,0.0,0,,https://indianpadeltour.in/players/8489ff62-aa1d-43e6-b61a-b62febfaa01c,,Sidharth Garg,Men's 40+,,0,False,False,,ipt-chandigarh-city-open-2-0,api_player,,
84bbf8bb-72b8-4471-bb81-4899711ae519,84bbf8bb-72b8-4471-bb81-4899711ae519,Neha Mehta,Women's,23.0,0.0,198.0,33,3,1,2,0,0,2,0,198,20.0,0.0,1.0,198,3.0,https://indianpadeltour.in/players/84bbf8bb-72b8-4471-bb81-4899711ae519,Women's,Neha Mehta,Women's,23.0,198,False,False,20.0,mumbai-city-open-5-01,uuid,198.0,True
8515d030-3139-4b21-95ed-d7f4cbe438ae,8515d030-3139-4b21-95ed-d7f4cbe438ae,Rahil Gala,Men's,459.0,-36.0,0.0,0,2,0,2,0,0,0,0,0,386.0,0.0,0.0,0,1.0,https://indianpadeltour.in/players/8515d030-3139-4b21-95ed-d7f4cbe438ae,Men's,rahil,Men's,459.0,0,False,False,386.0,mumbai-city-open-5-01,uuid,0.0,True
858c952e-0ac3-483e-8795-6817a0601e6f,,Likhitha Reddy,,,,,0,0,0,0,0,0,0,0,0,,0.0,0.0,0,,https://indianpadeltour.in/players/858c952e-0ac3-483e-8795-6817a0601e6f,,Likhitha Reddy,Women's Intermediate,,0,False,False,,ipt-hyderabad-city-grandslam-12-0,api_player,,
862441b4-6513-41df-94c0-a4b301b570dd,,Jansher Waraich,,,,,0,0,0,0,0,0,0,0,0,,0.0,0.0,0,,https://indianpadeltour.in/players/862441b4-6513-41df-94c0-a4b301b570dd,,Jansher waraich,Men's Intermediate,,0,False,False,,ipt-chandigarh-city-open-2-0,api_player,,
86de48da-644d-40da-9978-08b3b06f6cd6,,Nikhil sai Kodali,Men's,71.0,-2.0,120.0,0,0,0,0,0,0,1,0,120,1.0,0.0,0.0,520,2.0,https://indianpadeltour.in/players/86de48da-644d-40da-9978-08b3b06f6cd6,Men's,Nikhil Sai Kodali,Men's,71.0,120,False,False,1.0,ipt-hyderabad-city-grandslam-12-0,uuid,120.0,True
86f91f72-2dc2-4f80-a8d3-815e270d7d97,,Meet Ohlyan,,,,,0,0,0,0,0,0,0,0,0,,0.0,0.0,0,,https://indianpadeltour.in/players/86f91f72-2dc2-4f80-a8d3-815e270d7d97,,Meet Ohlyan,Men's Intermediate,,0,False,False,,ipt-chandigarh-city-open-2-0,api_player,,
870d9d70-99b8-453a-8f6f-5d5fc1279646,,Parimal Barot,Men's,243.0,-11.0,20.0,0,0,0,0,0,0,0,0,20,163.0,0.0,0.0,20,1.0,https://indianpadeltour.in/players/870d9d70-99b8-453a-8f6f-5d5fc1279646,Men's,Parimal Barot,Men's,243.0,20,False,False,163.0,ipt-hyderabad-city-grandslam-12-0,uuid,20.0,True
871ebc0d-cdac-4056-99c1-8181ed74b338,871ebc0d-cdac-4056-99c1-8181ed74b338,Sadic Ashraf,Men's,459.0,,0.0,0,2,0,2,0,2,0,0,0,459.0,0.0,0.0,0,1.0,https://indianpadeltour.in/players/871ebc0d-cdac-4056-99c1-8181ed74b338,Men's,Sadic Ashraf,Men's,459.0,0,False,False,459.0,ipt-kochi-city-open-2-0,uuid,0.0,True
8730ad11-d9e2-4028-bd65-065e792eee00,8730ad11-d9e2-4028-bd65-065e792eee00,Antariksh Mohandas,Men's,45.0,10.0,276.0,50,12,6,6,3,5,0,1,276,45.0,0.0,2.0,276,4.0,https://indianpadeltour.in/players/8730ad11-d9e2-4028-bd65-065e792eee00,Men's,Antariksh Mohandas,Men's,45.0,276,False,False,45.0,"ipt-hyderabad-city-grandslam-12-0, ipt-kochi-city-open-2-0, ipt-goa-grandslam-11-0, mumbai-city-open-5-01",uuid,276.0,True
87abe235-1461-4646-936a-96f9332bf256,,Pranav Chopra,Men's,59.0,-2.0,160.0,0,0,0,0,0,0,2,0,160,50.0,0.0,0.0,160,2.0,https://indianpadeltour.in/players/87abe235-1461-4646-936a-96f9332bf256,Men's,Pranav Chopra,Men's,59.0,160,False,False,50.0,ipt-chandigarh-city-open-2-0,uuid,160.0,True
8850ef35-01ed-405d-acb6-6bd23a45b747,8850ef35-01ed-405d-acb6-6bd23a45b747,Vaibhav Sahni,Men's,385.0,-14.0,9.0,75,4,3,1,0,0,0,0,9,371.0,0.0,3.0,9,1.0,https://indianpadeltour.in/players/8850ef35-01ed-405d-acb6-6bd23a45b747,Men's,Vaibhav Sahni,Men's,385.0,9,False,False,371.0,"ipt-chandigarh-city-open-2-0, ipt-goa-grandslam-11-0",uuid,9.0,True
88577d45-624b-4cdb-9557-13653e446860,88577d45-624b-4cdb-9557-13653e446860,Jai Sakhuja,Men's,459.0,-36.0,0.0,0,3,0,3,0,0,0,0,0,386.0,0.0,0.0,0,1.0,https://indianpadeltour.in/players/88577d45-624b-4cdb-9557-13653e446860,Men's,Jai Sakhuja,Men's,459.0,0,False,False,386.0,mumbai-city-open-5-01,uuid,0.0,True
888d1ad6-14e8-4deb-92d1-40d24f2cb4f1,888d1ad6-14e8-4deb-92d1-40d24f2cb4f1,Aakarsh Gulati,Men's,152.0,-8.0,42.0,0,3,0,3,0,0,0,0,42,1.0,0.0,0.0,342,5.0,https://indianpadeltour.in/players/888d1ad6-14e8-4deb-92d1-40d24f2cb4f1,Men's,Aakarsh Gulati,Men's,152.0,42,False,False,1.0,mumbai-city-open-5-01,uuid,42.0,True
8896ebce-7533-4862-a50a-1b22d9ee07fd,8896ebce-7533-4862-a50a-1b22d9ee07fd,Shivani Manjanna,Women's,54.0,-3.0,36.0,33,3,1,2,0,0,0,1,36,29.0,1.0,1.0,36,2.0,https://indianpadeltour.in/players/8896ebce-7533-4862-a50a-1b22d9ee07fd,Women's,Shivani Manjanna,Women's,54.0,36,False,False,29.0,ipt-goa-grandslam-11-0,uuid,36.0,True
88c95f46-866c-4554-9859-95dbb6693a81,88c95f46-866c-4554-9859-95dbb6693a81,Gopi Reddy,Men's,459.0,-36.0,0.0,0,3,0,3,0,0,0,0,0,423.0,0.0,0.0,0,1.0,https://indianpadeltour.in/players/88c95f46-866c-4554-9859-95dbb6693a81,Men's,Gopi Reddy,Men's,459.0,0,False,False,423.0,ipt-goa-grandslam-11-0,uuid,0.0,True
89799665-84e8-4c12-bb0d-dd8b4dc58ca2,89799665-84e8-4c12-bb0d-dd8b4dc58ca2,Rubani Sidhu,Women's,32.0,0.0,100.0,75,4,3,1,0,0,1,0,100,32.0,1.0,2.0,100,1.0,https://indianpadeltour.in/players/89799665-84e8-4c12-bb0d-dd8b4dc58ca2,Women's,Rubani Sidhu,Women's,32.0,100,False,False,32.0,ipt-goa-grandslam-11-0,uuid,100.0,True
8999c06a-bd38-4d01-bfa6-016c506be79d,,Ryan Carroll,Men's,362.0,-14.0,12.0,0,3,0,3,0,0,0,0,0,8.0,0.0,0.0,0,1.0,https://indianpadeltour.in/players/8999c06a-bd38-4d01-bfa6-016c506be79d,Men's,Ryan Carroll,Mixed Open,8.0,0,True,False,8.0,ipt-goa-grandslam-11-0,uuid,12.0,True
8a61e384-5702-4e17-b42e-f75ce4a27013,8a61e384-5702-4e17-b42e-f75ce4a27013,Revano Wilson,Men's,436.0,,5.0,33,3,1,2,1,3,0,0,5,436.0,0.0,1.0,5,1.0,https://indianpadeltour.in/players/8a61e384-5702-4e17-b42e-f75ce4a27013,Men's,Revano Wilson,Men's,436.0,5,False,False,436.0,ipt-kochi-city-open-2-0,uuid,5.0,True
8abce6cb-1ce3-4d86-a6c8-14f5efa3b37e,,Love Pahal,,,,,0,0,0,0,0,0,0,0,0,,0.0,0.0,0,,https://indianpadeltour.in/players/8abce6cb-1ce3-4d86-a6c8-14f5efa3b37e,,Love Pahal,Men's Intermediate,,0,False,False,,ipt-chandigarh-city-open-2-0,api_player,,
8af8e92c-8ebb-49ed-80bd-694b441357f8,8af8e92c-8ebb-49ed-80bd-694b441357f8,Joseph Korah,Men's,459.0,,0.0,33,3,1,2,1,3,0,0,0,459.0,0.0,1.0,0,1.0,https://indianpadeltour.in/players/8af8e92c-8ebb-49ed-80bd-694b441357f8,Men's,Joseph Korah,Men's,459.0,0,False,False,459.0,ipt-kochi-city-open-2-0,uuid,0.0,True
8b01652a-7f96-41a5-9402-e3404a390669,8b01652a-7f96-41a5-9402-e3404a390669,Nikhil Kalro,Men's,243.0,-11.0,20.0,0,2,0,2,0,2,1,0,20,1.0,0.0,0.0,50,3.0,https://indianpadeltour.in/players/8b01652a-7f96-41a5-9402-e3404a390669,Men's,Nikhil Kalro,Men's,243.0,20,False,False,1.0,"ipt-hyderabad-city-grandslam-12-0, ipt-kochi-city-open-2-0",uuid,20.0,True
8b36a975-2faf-4427-a342-c0d3b9ebccd4,,Jonathan Johnson,,,,,0,0,0,0,0,0,0,0,0,,0.0,0.0,0,,https://indianpadeltour.in/players/8b36a975-2faf-4427-a342-c0d3b9ebccd4,,Jonathan Johnson,Men's Beginner,,0,False,,,,draw_entry,,
8b41cccf-1066-4688-b02b-cdc037ee1430,,Yuvraj Singh Kooka,Men's,59.0,-2.0,160.0,0,0,0,0,0,0,2,0,160,50.0,0.0,0.0,160,2.0,https://indianpadeltour.in/players/8b41cccf-1066-4688-b02b-cdc037ee1430,Men's,Yuvraj Singh Kooka,Men's,59.0,160,False,False,50.0,ipt-chandigarh-city-open-2-0,uuid,160.0,True
8b59dc20-8434-4323-9df5-72b9bcb10d6b,,Pruthvi Patel,Men's,276.0,-11.0,18.0,0,0,0,0,0,0,0,0,18,206.0,0.0,0.0,18,1.0,https://indianpadeltour.in/players/8b59dc20-8434-4323-9df5-72b9bcb10d6b,Men's,Pruthvi Patel,Men's,276.0,18,False,False,206.0,ipt-chandigarh-city-open-2-0,uuid,18.0,True
8b5f340d-6e89-4c2e-b8e5-d2a300ca3f85,8b5f340d-6e89-4c2e-b8e5-d2a300ca3f85,Akshit Chaudhary,Men's,385.0,-14.0,9.0,50,4,2,2,0,0,0,0,9,371.0,0.0,1.0,9,1.0,https://indianpadeltour.in/players/8b5f340d-6e89-4c2e-b8e5-d2a300ca3f85,Men's,Akshit Chaudhary,Men's,385.0,9,False,False,371.0,ipt-goa-grandslam-11-0,uuid,9.0,True
8bb372e9-13f6-40be-9f1d-add1395ec813,8bb372e9-13f6-40be-9f1d-add1395ec813,Kriday Sethi,Men's,385.0,-14.0,9.0,25,4,1,3,0,0,0,0,9,371.0,0.0,1.0,9,1.0,https://indianpadeltour.in/players/8bb372e9-13f6-40be-9f1d-add1395ec813,Men's,Kriday Sethi,Men's,385.0,9,False,False,371.0,ipt-goa-grandslam-11-0,uuid,9.0,True
8bc488d5-c371-499a-b700-0d7a3b96367c,8bc488d5-c371-499a-b700-0d7a3b96367c,Sanal K M,Men's,459.0,,0.0,0,2,0,2,0,2,0,0,0,459.0,0.0,0.0,0,1.0,https://indianpadeltour.in/players/8bc488d5-c371-499a-b700-0d7a3b96367c,Men's,Sanal K M,Men's,459.0,0,False,False,459.0,ipt-kochi-city-open-2-0,uuid,0.0,True
8bf1a055-a38e-478d-9031-1342e62eecd9,,Amanat Mann,,,,,0,0,0,0,0,0,0,0,0,,0.0,0.0,0,,https://indianpadeltour.in/players/8bf1a055-a38e-478d-9031-1342e62eecd9,,amanat,Women's Beginner,,0,False,False,,ipt-chandigarh-city-open-2-0,api_player,,
8c14292c-7d3f-4075-9728-5ecdab778aef,8c14292c-7d3f-4075-9728-5ecdab778aef,Lokesh Chhabra,Men's,459.0,-36.0,0.0,33,3,1,2,0,0,0,0,0,423.0,0.0,1.0,0,1.0,https://indianpadeltour.in/players/8c14292c-7d3f-4075-9728-5ecdab778aef,Men's,Lokesh Chhabra,Men's,459.0,0,False,False,423.0,ipt-goa-grandslam-11-0,uuid,0.0,True
8c72bdc2-6eff-4537-ba3a-ad4eaadd542d,8c72bdc2-6eff-4537-ba3a-ad4eaadd542d,Shaan Shah,Men's,384.0,34.0,10.0,55,11,6,5,3,4,0,0,10,381.0,0.0,4.0,10,3.0,https://indianpadeltour.in/players/8c72bdc2-6eff-4537-ba3a-ad4eaadd542d,Men's,Shaan Shah,Men's,384.0,10,False,False,381.0,"ipt-kochi-city-open-2-0, ipt-goa-grandslam-11-0, mumbai-city-open-5-01",uuid,10.0,True
8d79c420-b857-43a4-848f-c52aa91153e7,8d79c420-b857-43a4-848f-c52aa91153e7,Rajveer Patel,Men's,219.0,12.0,26.0,43,7,3,4,2,4,0,0,26,127.0,0.0,2.0,26,4.0,https://indianpadeltour.in/players/8d79c420-b857-43a4-848f-c52aa91153e7,Men's,Rajveer Patel,Men's,219.0,26,False,False,127.0,"ipt-kochi-city-open-2-0, mumbai-city-open-5-01",uuid,26.0,True
8e2d5864-afb0-4dac-88da-4ff402bee428,8e2d5864-afb0-4dac-88da-4ff402bee428,Anand kothari,Men's 40+,16.0,0.0,300.0,100,4,4,0,0,0,1,0,300,16.0,4.0,4.0,300,1.0,https://indianpadeltour.in/players/8e2d5864-afb0-4dac-88da-4ff402bee428,"Men's, Men's 40+",Anand kothari,Men's 40+,16.0,300,False,False,16.0,mumbai-city-open-5-01,uuid,300.0,True
8eacc1db-d346-4bac-94af-8e32b002d049,8eacc1db-d346-4bac-94af-8e32b002d049,Sanjay Davis Tony,Men's,459.0,,0.0,0,3,0,3,0,3,0,0,0,459.0,0.0,0.0,0,1.0,https://indianpadeltour.in/players/8eacc1db-d346-4bac-94af-8e32b002d049,Men's,Sanjay Davis Tony,Men's,459.0,0,False,False,459.0,ipt-kochi-city-open-2-0,uuid,0.0,True
8ebec8b6-ee3d-445c-ba14-05bc8879c4d3,,Manav Shah,Men's,459.0,-36.0,0.0,50,2,1,1,0,0,0,0,0,386.0,1.0,1.0,0,1.0,https://indianpadeltour.in/players/8ebec8b6-ee3d-445c-ba14-05bc8879c4d3,Men's,Manav Shah,Men's,459.0,0,False,True,386.0,mumbai-city-open-5-01,uuid,0.0,True
8f0e0463-82c3-4822-8b7e-58ec37cde83e,8f0e0463-82c3-4822-8b7e-58ec37cde83e,Yugantar Malhotra,Men's,276.0,-11.0,18.0,44,9,4,5,0,0,0,0,432,3.0,0.0,3.0,432,1.0,https://indianpadeltour.in/players/8f0e0463-82c3-4822-8b7e-58ec37cde83e,Men's,Yugantar Malhotra,Men's Intermediate,3.0,432,True,False,3.0,ipt-goa-grandslam-11-0,uuid,18.0,True
8fc2da14-7503-4602-82ca-a8a418e43d9a,8fc2da14-7503-4602-82ca-a8a418e43d9a,Azhar Seyad,Men's,436.0,,5.0,33,3,1,2,1,3,0,0,5,436.0,0.0,1.0,5,1.0,https://indianpadeltour.in/players/8fc2da14-7503-4602-82ca-a8a418e43d9a,Men's,Azhar Seyad,Men's,436.0,5,False,False,436.0,ipt-kochi-city-open-2-0,uuid,5.0,True
90480b0c-48fc-4bf4-b4fb-e87888f63e06,,Divyam Jain,,,,,0,0,0,0,0,0,0,0,0,,0.0,0.0,0,,https://indianpadeltour.in/players/90480b0c-48fc-4bf4-b4fb-e87888f63e06,,Divyam Jain,Men's Beginner,,0,False,False,,ipt-chandigarh-city-open-2-0,api_player,,
906ad64f-35a3-46f3-ae7f-daab378c1e5c,906ad64f-35a3-46f3-ae7f-daab378c1e5c,Aswti Mannali,Women's,115.0,,0.0,33,3,1,2,1,3,0,0,0,115.0,0.0,1.0,0,1.0,https://indianpadeltour.in/players/906ad64f-35a3-46f3-ae7f-daab378c1e5c,Women's,Aswti Mannali,Women's,115.0,0,False,False,115.0,ipt-kochi-city-open-2-0,uuid,0.0,True
911948ff-358b-481e-aba0-d93156ba6b31,911948ff-358b-481e-aba0-d93156ba6b31,Rishabh Rajani,Men's,459.0,-36.0,0.0,50,2,1,1,0,0,0,0,0,386.0,1.0,1.0,0,1.0,https://indianpadeltour.in/players/911948ff-358b-481e-aba0-d93156ba6b31,Men's,Rishabh Rajani,Men's,459.0,0,False,False,386.0,mumbai-city-open-5-01,uuid,0.0,True
9140618c-3629-4b96-9a53-39084fc8aa5e,9140618c-3629-4b96-9a53-39084fc8aa5e,Abhishek Gupta,Men's,123.0,0.0,54.0,75,4,3,1,0,0,0,0,54,117.0,0.0,3.0,54,1.0,https://indianpadeltour.in/players/9140618c-3629-4b96-9a53-39084fc8aa5e,Men's,Abhishek Gupta,Men's,123.0,54,False,False,117.0,mumbai-city-open-5-01,uuid,54.0,True
91d8198e-2679-4c96-9b3e-4da14d39b69e,91d8198e-2679-4c96-9b3e-4da14d39b69e,Yuvraj mehta,Men's,133.0,,50.0,100,6,6,0,6,6,1,0,50,133.0,6.0,6.0,50,1.0,https://indianpadeltour.in/players/91d8198e-2679-4c96-9b3e-4da14d39b69e,Men's,Yuvraj mehta,Men's,133.0,50,False,False,133.0,ipt-kochi-city-open-2-0,uuid,50.0,True
91fe8369-14e1-4871-b264-ff9edce13af8,91fe8369-14e1-4871-b264-ff9edce13af8,Raghul Arvind,Men's,459.0,-36.0,0.0,0,6,0,6,0,3,0,0,0,423.0,0.0,0.0,0,2.0,https://indianpadeltour.in/players/91fe8369-14e1-4871-b264-ff9edce13af8,Men's,Raghul,Men's,459.0,0,False,False,423.0,"ipt-kochi-city-open-2-0, ipt-goa-grandslam-11-0",uuid,0.0,True
92c80f2d-5dc8-4614-b205-953fbef21e55,92c80f2d-5dc8-4614-b205-953fbef21e55,Rashank Kuckreja,Men's,360.0,-14.0,14.0,75,4,3,1,0,0,0,0,14,1.0,0.0,3.0,26,4.0,https://indianpadeltour.in/players/92c80f2d-5dc8-4614-b205-953fbef21e55,Men's,Rashank Kuckreja,Men's,360.0,14,False,False,1.0,mumbai-city-open-5-01,uuid,14.0,True
93433227-d651-491e-9dc1-29bd1a8b2726,,Medhansh Nagpal,,,,,0,0,0,0,0,0,0,0,20,163.0,0.0,0.0,20,,https://indianpadeltour.in/players/93433227-d651-491e-9dc1-29bd1a8b2726,,Medhansh Nagpal,Men's,243.0,20,False,,,,uuid,,
938c8f3a-d36f-47ea-b7bf-7fcd7aabacdd,938c8f3a-d36f-47ea-b7bf-7fcd7aabacdd,Sahil Kaushal,Men's,188.0,-10.0,30.0,83,6,5,1,0,0,0,1,30,178.0,0.0,5.0,30,1.0,https://indianpadeltour.in/players/938c8f3a-d36f-47ea-b7bf-7fcd7aabacdd,Men's,Sahil Kaushal,Men's,188.0,30,False,False,178.0,ipt-goa-grandslam-11-0,uuid,30.0,True
93dbcc6e-4cd9-4579-8bc7-af2096a40bbc,,Prithvi Putta,,,,,0,0,0,0,0,0,0,0,0,,0.0,0.0,0,,https://indianpadeltour.in/players/93dbcc6e-4cd9-4579-8bc7-af2096a40bbc,,Prithvi Putta,Men's Beginner,,0,False,False,,ipt-hyderabad-city-grandslam-12-0,api_player,,
940515bb-5cd9-4ab3-9b5b-7c3f134dcb5b,,Bhuvana Reddy,,,,,0,0,0,0,0,0,0,0,0,,0.0,0.0,0,,https://indianpadeltour.in/players/940515bb-5cd9-4ab3-9b5b-7c3f134dcb5b,,Bhuvana,Women's Intermediate,,0,False,,,,draw_entry,,
94c4c35e-7619-4848-99bc-6a986912e931,94c4c35e-7619-4848-99bc-6a986912e931,Abhishek Yadev,Men's,340.0,-13.0,15.0,67,6,4,2,0,0,0,1,15,302.0,0.0,3.0,15,1.0,https://indianpadeltour.in/players/94c4c35e-7619-4848-99bc-6a986912e931,Men's,Abhishek Yadev,Men's,340.0,15,False,False,302.0,"ipt-hyderabad-city-grandslam-12-0, mumbai-city-open-5-01",uuid,15.0,True
953b53cb-dcf0-4d4b-a3c3-9bd95488b0d4,953b53cb-dcf0-4d4b-a3c3-9bd95488b0d4,R S Abhishek,Men's,276.0,-11.0,18.0,40,5,2,3,0,0,0,0,18,265.0,0.0,1.0,18,1.0,https://indianpadeltour.in/players/953b53cb-dcf0-4d4b-a3c3-9bd95488b0d4,Men's,R S Abhishek,Men's,276.0,18,False,False,265.0,ipt-goa-grandslam-11-0,uuid,18.0,True
97582df5-8d51-44fe-9bf2-74fb96bf9e05,,Ayush Gupta,,,,,0,0,0,0,0,0,0,0,0,,0.0,0.0,0,,https://indianpadeltour.in/players/97582df5-8d51-44fe-9bf2-74fb96bf9e05,,Ayush gupta,Men's Intermediate,,0,False,False,,ipt-chandigarh-city-open-2-0,api_player,,
975f7879-28fb-4394-b703-b224787487bf,,Manav Jain,Men's,276.0,-11.0,18.0,0,0,0,0,0,0,0,0,18,220.0,0.0,0.0,18,1.0,https://indianpadeltour.in/players/975f7879-28fb-4394-b703-b224787487bf,Men's,Manav Nishant Jain,Men's,276.0,18,False,False,220.0,ipt-chandigarh-city-open-2-0,uuid,18.0,True
97bd2afd-4c0f-4b66-8015-7139f2fb1780,,Raunak Singh,,,,,0,0,0,0,0,0,0,0,0,,0.0,0.0,0,,https://indianpadeltour.in/players/97bd2afd-4c0f-4b66-8015-7139f2fb1780,,Raunak Singh,Men's Intermediate,,0,False,,,,draw_entry,,
97f6ab71-c2c1-47e8-a0b0-6b2a1eeef2c8,97f6ab71-c2c1-47e8-a0b0-6b2a1eeef2c8,Kimberly Fernandez,Women's,93.0,-6.0,15.0,80,5,4,1,0,0,0,1,15,77.0,0.0,4.0,15,1.0,https://indianpadeltour.in/players/97f6ab71-c2c1-47e8-a0b0-6b2a1eeef2c8,Women's,Kimberly Fernandez,Women's,93.0,15,False,False,77.0,mumbai-city-open-5-01,uuid,15.0,True
9802f076-2946-4c70-b7af-2160f581c889,9802f076-2946-4c70-b7af-2160f581c889,Tara Alisha Berry,Women's,115.0,-7.0,0.0,33,3,1,2,0,0,0,0,0,98.0,1.0,1.0,0,1.0,https://indianpadeltour.in/players/9802f076-2946-4c70-b7af-2160f581c889,Women's,Tara Alisha Berry,Women's,115.0,0,False,False,98.0,mumbai-city-open-5-01,uuid,0.0,True
9809aae4-939b-4443-9dd8-bfe1d06ca943,9809aae4-939b-4443-9dd8-bfe1d06ca943,Qahhar Padamsee,Men's,133.0,-5.0,50.0,0,2,0,2,0,0,0,1,50,1.0,0.0,0.0,56,5.0,https://indianpadeltour.in/players/9809aae4-939b-4443-9dd8-bfe1d06ca943,Men's,Qahhar Padamsee,Men's,133.0,50,False,False,1.0,mumbai-city-open-5-01,uuid,50.0,True
982e5765-581a-4f3c-acc9-d2a825ab8e33,,Hari Singh,,,,,0,0,0,0,0,0,0,0,0,,0.0,0.0,0,,https://indianpadeltour.in/players/982e5765-581a-4f3c-acc9-d2a825ab8e33,,Hari Singh,Men's Intermediate,,0,False,False,,ipt-chandigarh-city-open-2-0,api_player,,
98307ab5-02a0-409d-b320-7c77b38a3c53,98307ab5-02a0-409d-b320-7c77b38a3c53,Suvir Singh,Men's,276.0,-11.0,18.0,60,5,3,2,0,0,0,0,18,265.0,0.0,3.0,18,1.0,https://indianpadeltour.in/players/98307ab5-02a0-409d-b320-7c77b38a3c53,Men's,Suvir Singh,Men's,276.0,18,False,False,265.0,"ipt-chandigarh-city-open-2-0, ipt-goa-grandslam-11-0",uuid,18.0,True
985b2093-d841-4049-8765-cc0340751f8c,985b2093-d841-4049-8765-cc0340751f8c,Shubha Abhilash,Women's,57.0,,30.0,33,3,1,2,1,3,0,1,30,57.0,0.0,1.0,30,1.0,https://indianpadeltour.in/players/985b2093-d841-4049-8765-cc0340751f8c,Women's,Shubha Abhilash,Women's,57.0,30,False,False,57.0,ipt-kochi-city-open-2-0,uuid,30.0,True
98d6496b-f094-4f7b-abfa-811d3f4a34b6,98d6496b-f094-4f7b-abfa-811d3f4a34b6,Yash Shah,Men's,459.0,-36.0,0.0,0,3,0,3,0,0,0,0,0,386.0,0.0,0.0,0,1.0,https://indianpadeltour.in/players/98d6496b-f094-4f7b-abfa-811d3f4a34b6,Men's,Yash Shah,Men's,459.0,0,False,False,386.0,mumbai-city-open-5-01,uuid,0.0,True
99aa5ae0-7537-4b6b-b6c3-e13ea17a8127,99aa5ae0-7537-4b6b-b6c3-e13ea17a8127,Tejas Shevde,Men's,109.0,0.0,60.0,86,7,6,1,0,0,0,1,60,109.0,0.0,6.0,60,1.0,https://indianpadeltour.in/players/99aa5ae0-7537-4b6b-b6c3-e13ea17a8127,Men's,Tejas Shevde,Men's,109.0,60,False,False,109.0,ipt-goa-grandslam-11-0,uuid,60.0,True
9a0ca379-deee-41c9-ad19-ab63a46719c4,9a0ca379-deee-41c9-ad19-ab63a46719c4,Ganesh Raj,Men's,385.0,38.0,9.0,75,4,3,1,3,4,0,1,9,1.0,0.0,3.0,249,2.0,https://indianpadeltour.in/players/9a0ca379-deee-41c9-ad19-ab63a46719c4,Men's,Ganesh Raj,Men's,385.0,9,False,False,1.0,ipt-kochi-city-open-2-0,uuid,9.0,True
9b9ab185-d5f9-4822-9f86-98dcee737260,9b9ab185-d5f9-4822-9f86-98dcee737260,Subal Anand,Men's 40+,35.0,-2.0,0.0,50,2,1,1,0,0,0,0,0,29.0,1.0,1.0,0,1.0,https://indianpadeltour.in/players/9b9ab185-d5f9-4822-9f86-98dcee737260,Men's 40+,Subal Anand,Men's 40+,35.0,0,False,False,29.0,mumbai-city-open-5-01,uuid,0.0,True
9c5bc958-4151-4973-89f7-09068809dfb1,9c5bc958-4151-4973-89f7-09068809dfb1,Shashin Shah,Men's 40+,35.0,-2.0,0.0,50,4,2,2,0,0,0,0,0,33.0,1.0,1.0,0,1.0,https://indianpadeltour.in/players/9c5bc958-4151-4973-89f7-09068809dfb1,Men's 40+,Shashin Shah,Men's 40+,35.0,0,False,False,33.0,ipt-goa-grandslam-11-0,uuid,0.0,True
9d0ba07d-ae46-4e36-b758-d5f9410d5c6d,,Bhavya Wadhawan,,,,,0,0,0,0,0,0,0,0,0,,0.0,0.0,0,,https://indianpadeltour.in/players/9d0ba07d-ae46-4e36-b758-d5f9410d5c6d,,Bhavya Wadhawan,Women's Beginner,,0,False,False,,ipt-chandigarh-city-open-2-0,api_player,,
9db40aca-2be2-4bdd-b807-02ad8bb8bf77,9db40aca-2be2-4bdd-b807-02ad8bb8bf77,Aditya Jagtap,Men's,1.0,0.0,4168.0,86,22,19,3,5,6,5,4,4168,1.0,0.0,9.0,4888,16.0,https://indianpadeltour.in/players/9db40aca-2be2-4bdd-b807-02ad8bb8bf77,Men's,Aditya Jagtap,Men's,1.0,4168,False,False,1.0,"ipt-chandigarh-city-open-2-0, ipt-kochi-city-open-2-0, ipt-goa-grandslam-11-0, mumbai-city-open-5-01",uuid,4168.0,True
9dd10c8d-d850-4642-9043-7431470cebc9,9dd10c8d-d850-4642-9043-7431470cebc9,Ronak Bhojani,Men's,459.0,-36.0,0.0,0,3,0,3,0,0,0,0,0,423.0,0.0,0.0,0,1.0,https://indianpadeltour.in/players/9dd10c8d-d850-4642-9043-7431470cebc9,Men's,Ronak Bhojani,Men's,459.0,0,False,False,423.0,ipt-goa-grandslam-11-0,uuid,0.0,True
9dfae00e-eb77-4ee8-9f32-fb38a9a5cb3a,9dfae00e-eb77-4ee8-9f32-fb38a9a5cb3a,Prateek Gambhir,Men's,276.0,-11.0,18.0,40,5,2,3,0,0,0,0,18,265.0,0.0,1.0,18,1.0,https://indianpadeltour.in/players/9dfae00e-eb77-4ee8-9f32-fb38a9a5cb3a,Men's,Prateek Gambhir,Men's,276.0,18,False,False,265.0,ipt-goa-grandslam-11-0,uuid,18.0,True
9e152937-edcc-4e21-b44d-ae8474746725,9e152937-edcc-4e21-b44d-ae8474746725,Dheeya Somaiya,Women's,104.0,-7.0,9.0,75,4,3,1,0,0,0,0,9,87.0,0.0,3.0,9,1.0,https://indianpadeltour.in/players/9e152937-edcc-4e21-b44d-ae8474746725,Women's,Dheeya Somaiya,Women's,104.0,9,False,False,87.0,mumbai-city-open-5-01,uuid,9.0,True
9e2d8d94-9122-4de3-b11a-1665744f864a,,Adesh Pratap Singh,,,,,0,0,0,0,0,0,0,0,0,,0.0,0.0,0,,https://indianpadeltour.in/players/9e2d8d94-9122-4de3-b11a-1665744f864a,,Adesh Pratap Singh,Men's Beginner,,0,False,False,,ipt-chandigarh-city-open-2-0,api_player,,
9ea9d377-325c-4e5e-8973-2502b62cf1fa,9ea9d377-325c-4e5e-8973-2502b62cf1fa,Divy Kothari,Men's,459.0,-36.0,0.0,0,3,0,3,0,0,0,0,0,423.0,0.0,0.0,0,1.0,https://indianpadeltour.in/players/9ea9d377-325c-4e5e-8973-2502b62cf1fa,Men's,Divy,Men's,459.0,0,False,False,423.0,ipt-goa-grandslam-11-0,uuid,0.0,True
9f517b47-d5b5-40bf-b85e-7f0f4f5d3a31,9f517b47-d5b5-40bf-b85e-7f0f4f5d3a31,Nikhila Palat,Women's,24.0,0.0,168.0,33,3,1,2,0,0,1,0,168,21.0,0.0,1.0,168,2.0,https://indianpadeltour.in/players/9f517b47-d5b5-40bf-b85e-7f0f4f5d3a31,Women's,Nikhila Palat,Women's,24.0,168,False,False,21.0,mumbai-city-open-5-01,uuid,168.0,True
a0341a31-6531-4201-a45d-17c8b83f5e67,,Ankit Dhawan,,,,,0,0,0,0,0,0,0,0,0,,0.0,0.0,0,,https://indianpadeltour.in/players/a0341a31-6531-4201-a45d-17c8b83f5e67,,Ankit Dhawan,Men's Beginner,,0,False,False,,ipt-chandigarh-city-open-2-0,api_player,,
a0b09769-2ade-400c-ad97-c3f1d6ada866,a0b09769-2ade-400c-ad97-c3f1d6ada866,George Pottamkulam,Men's,133.0,99.0,50.0,83,6,5,1,5,6,0,1,50,49.0,0.0,5.0,50,2.0,https://indianpadeltour.in/players/a0b09769-2ade-400c-ad97-c3f1d6ada866,Men's,George Pottamkulam,Men's,133.0,50,False,False,49.0,ipt-kochi-city-open-2-0,uuid,50.0,True
a13eb3e0-3914-4555-b6be-287c89850654,,Aryan Manchanda,,,,,33,3,1,2,0,0,0,0,120,48.0,0.0,1.0,120,,https://indianpadeltour.in/players/a13eb3e0-3914-4555-b6be-287c89850654,,Madhu Samtani,Men's,71.0,120,False,True,,ipt-chandigarh-city-open-2-0,api_player,,
a22aeff4-2486-4ed2-8fed-e4063f29de9f,,Adhiraj Bhattacharya,,,,,67,3,2,1,0,0,0,0,0,8.0,0.0,2.0,0,,https://indianpadeltour.in/players/a22aeff4-2486-4ed2-8fed-e4063f29de9f,,Adhiraj Bhattacharya,Mixed Open,8.0,0,False,False,8.0,ipt-goa-grandslam-11-0,api_player,,
a25909aa-b2c8-4b57-833b-6741b4a6166d,,Akhil Prasad,,,,,0,0,0,0,0,0,0,0,0,,0.0,0.0,0,,https://indianpadeltour.in/players/a25909aa-b2c8-4b57-833b-6741b4a6166d,,Akhil,Men's Intermediate,,0,False,,,,draw_entry,,
a2ce976c-25c4-4c2c-bfe0-1f5d6893a3f5,,Abhishek Kana,,,,,0,0,0,0,0,0,0,0,0,,0.0,0.0,0,,https://indianpadeltour.in/players/a2ce976c-25c4-4c2c-bfe0-1f5d6893a3f5,,Abhishek Kana,Men's Intermediate,,0,False,False,,ipt-hyderabad-city-grandslam-12-0,api_player,,
a2edba53-8d66-432a-8537-b63fa4718ceb,,K V Sai Saran,,,,,0,0,0,0,0,0,0,0,0,,0.0,0.0,0,,https://indianpadeltour.in/players/a2edba53-8d66-432a-8537-b63fa4718ceb,,K V Sai Saran,Men's Advance,,0,False,False,,ipt-hyderabad-city-grandslam-12-0,api_player,,
a3321c63-b080-4fba-8b62-d03aaa79bf10,,Anurag Agarwal,,,,,0,0,0,0,0,0,0,0,0,,0.0,0.0,0,,https://indianpadeltour.in/players/a3321c63-b080-4fba-8b62-d03aaa79bf10,,Anurag Agarwal,Men's Intermediate,,0,False,False,,ipt-chandigarh-city-open-2-0,api_player,,
a49f1be2-0fd0-4ea7-81e9-c04f42d129ed,a49f1be2-0fd0-4ea7-81e9-c04f42d129ed,Anuj Vaghani,Men's,276.0,-11.0,18.0,71,7,5,2,0,0,0,0,18,265.0,0.0,3.0,18,2.0,https://indianpadeltour.in/players/a49f1be2-0fd0-4ea7-81e9-c04f42d129ed,Men's,Anuj Vaghani,Men's,276.0,18,False,False,265.0,"ipt-goa-grandslam-11-0, mumbai-city-open-5-01",uuid,18.0,True
a54ba179-7fc9-4533-9eaa-c2c09da3f061,a54ba179-7fc9-4533-9eaa-c2c09da3f061,Akhil Bansal,Men's,276.0,,18.0,80,5,4,1,4,5,0,0,18,276.0,0.0,4.0,18,1.0,https://indianpadeltour.in/players/a54ba179-7fc9-4533-9eaa-c2c09da3f061,Men's,Akhil Bansal,Men's,276.0,18,False,False,276.0,"ipt-chandigarh-city-open-2-0, ipt-kochi-city-open-2-0",uuid,18.0,True
a57ef4ab-a62e-4b71-a4d2-0f267dea2626,a57ef4ab-a62e-4b71-a4d2-0f267dea2626,Samar Malhotra,Men's,2.0,0.0,3660.0,87,23,20,3,6,6,1,0,600,1.0,6.0,10.0,600,13.0,https://indianpadeltour.in/players/a57ef4ab-a62e-4b71-a4d2-0f267dea2626,Men's,Samar Malhotra,Men's Advance,1.0,600,True,False,1.0,"ipt-chandigarh-city-open-2-0, ipt-kochi-city-open-2-0, ipt-goa-grandslam-11-0, mumbai-city-open-5-01",uuid,3660.0,True
a6242ca3-df1f-43fa-bde1-8577a761d180,a6242ca3-df1f-43fa-bde1-8577a761d180,Sukhmani Grewal,Women's,57.0,-3.0,30.0,75,4,3,1,0,0,0,1,30,54.0,0.0,3.0,30,1.0,https://indianpadeltour.in/players/a6242ca3-df1f-43fa-bde1-8577a761d180,Women's,Sukhmani Grewal,Women's,57.0,30,False,False,54.0,ipt-goa-grandslam-11-0,uuid,30.0,True
a66e6971-acb3-41a9-afd1-95c516c348ea,a66e6971-acb3-41a9-afd1-95c516c348ea,Atul Gupta,Men's 40+,32.0,-2.0,160.0,50,2,1,1,0,0,0,0,160,18.0,1.0,1.0,160,2.0,https://indianpadeltour.in/players/a66e6971-acb3-41a9-afd1-95c516c348ea,"Men's, Men's 40+",Atul Gupta,Men's 40+,32.0,160,False,False,18.0,mumbai-city-open-5-01,uuid,160.0,True
a7157d78-91c3-4c0a-9444-a4e402f56e73,,Rohan Jain,Men's,52.0,-2.0,180.0,0,0,0,0,0,0,0,0,180,9.0,0.0,0.0,180,1.0,https://indianpadeltour.in/players/a7157d78-91c3-4c0a-9444-a4e402f56e73,Men's,Rohan Jain,Men's,52.0,180,False,False,9.0,ipt-chandigarh-city-open-2-0,uuid,180.0,True
a74d7503-db0f-4bca-a110-dd6096dd51a3,a74d7503-db0f-4bca-a110-dd6096dd51a3,Ankit Bhalwankar,Men's,183.0,-10.0,32.0,50,2,1,1,0,0,0,0,32,107.0,0.0,1.0,32,3.0,https://indianpadeltour.in/players/a74d7503-db0f-4bca-a110-dd6096dd51a3,Men's,Ankit Bhalwankar,Men's,183.0,32,False,False,107.0,mumbai-city-open-5-01,uuid,32.0,True
a7782cc0-4fe4-4e19-a563-237bb9090168,,Manjot Singh Ahuja,Men's,243.0,-11.0,20.0,0,0,0,0,0,0,0,0,20,206.0,0.0,0.0,20,1.0,https://indianpadeltour.in/players/a7782cc0-4fe4-4e19-a563-237bb9090168,Men's,Manjot Singh Ahuja,Men's,243.0,20,False,False,206.0,ipt-chandigarh-city-open-2-0,uuid,20.0,True
a77a83e2-74af-462b-bf6e-1cc25a0f3325,,Kanva Shrish,,,,,0,0,0,0,0,0,0,0,0,,0.0,0.0,0,,https://indianpadeltour.in/players/a77a83e2-74af-462b-bf6e-1cc25a0f3325,,Kanva Shrish,Men's Beginner,,0,False,False,,ipt-hyderabad-city-grandslam-12-0,api_player,,
a791964a-f0c5-42b4-8325-828bd695b346,a791964a-f0c5-42b4-8325-828bd695b346,Shikhar Kumar,Men's,168.0,-8.0,36.0,67,6,4,2,0,0,0,0,36,160.0,0.0,4.0,36,1.0,https://indianpadeltour.in/players/a791964a-f0c5-42b4-8325-828bd695b346,Men's,Shikhar Kumar,Men's,168.0,36,False,False,160.0,ipt-goa-grandslam-11-0,uuid,36.0,True
a7d52a88-016f-4920-b7e4-d1389cef635c,,Arnavaz Kollah,Women's,57.0,-3.0,30.0,0,0,0,0,0,0,0,1,30,44.0,0.0,0.0,30,1.0,https://indianpadeltour.in/players/a7d52a88-016f-4920-b7e4-d1389cef635c,Women's,Arnavaz Kollah,Women's,57.0,30,False,False,44.0,ipt-chandigarh-city-open-2-0,uuid,30.0,True
a821843c-1fe8-46ab-a563-39a2ac3b982e,a821843c-1fe8-46ab-a563-39a2ac3b982e,Vishnu Shetty,Men's,385.0,-14.0,9.0,50,4,2,2,0,0,0,0,9,371.0,0.0,2.0,9,1.0,https://indianpadeltour.in/players/a821843c-1fe8-46ab-a563-39a2ac3b982e,Men's,Vishnu Shetty,Men's,385.0,9,False,False,371.0,ipt-goa-grandslam-11-0,uuid,9.0,True
a84c245a-00fe-4ed3-b3a4-75028b634941,a84c245a-00fe-4ed3-b3a4-75028b634941,Pooja Bhammer,Women's,115.0,-7.0,0.0,0,3,0,3,0,0,0,0,0,98.0,0.0,0.0,0,1.0,https://indianpadeltour.in/players/a84c245a-00fe-4ed3-b3a4-75028b634941,Women's,Pooja Bhammer,Women's,115.0,0,False,False,98.0,mumbai-city-open-5-01,uuid,0.0,True
a855af93-c390-4b32-9887-e39a874377df,a855af93-c390-4b32-9887-e39a874377df,Arnav Sanjeev,Men's,188.0,-10.0,30.0,83,6,5,1,0,0,0,1,30,178.0,0.0,5.0,30,1.0,https://indianpadeltour.in/players/a855af93-c390-4b32-9887-e39a874377df,Men's,Arnav Sanjeev,Men's,188.0,30,False,False,178.0,ipt-goa-grandslam-11-0,uuid,30.0,True
a86800c6-94f5-406c-88ba-e0d160802682,,Vidur Ahuja,,,,,0,0,0,0,0,0,0,0,0,,0.0,0.0,0,,https://indianpadeltour.in/players/a86800c6-94f5-406c-88ba-e0d160802682,,Vidur Ahuja,Men's Beginner,,0,False,False,,ipt-chandigarh-city-open-2-0,api_player,,
a8716cfd-5d35-417a-bf7f-cc12277c615b,a8716cfd-5d35-417a-bf7f-cc12277c615b,Dhwani Kumar,Women's,115.0,-7.0,0.0,0,2,0,2,0,0,0,0,0,98.0,0.0,0.0,0,1.0,https://indianpadeltour.in/players/a8716cfd-5d35-417a-bf7f-cc12277c615b,Women's,Dhwani Kumar,Women's,115.0,0,False,False,98.0,mumbai-city-open-5-01,uuid,0.0,True
a8725d43-8928-4958-ace6-183c3a63c538,a8725d43-8928-4958-ace6-183c3a63c538,Steisha Buddhala,Women's,1.0,0.0,2920.0,100,5,5,0,0,0,3,4,2920,1.0,5.0,5.0,2920,7.0,https://indianpadeltour.in/players/a8725d43-8928-4958-ace6-183c3a63c538,Women's,Steisha Buddhala,Women's,1.0,2920,False,False,1.0,"ipt-chandigarh-city-open-2-0, ipt-goa-grandslam-11-0",uuid,2920.0,True
a89dd697-d603-4ea7-a6b6-610d8328aabe,a89dd697-d603-4ea7-a6b6-610d8328aabe,Gayathri Sanjeev,Women's,115.0,-7.0,0.0,0,3,0,3,0,0,0,0,0,98.0,0.0,0.0,0,1.0,https://indianpadeltour.in/players/a89dd697-d603-4ea7-a6b6-610d8328aabe,Women's,Gayathri Sanjeev,Women's,115.0,0,False,False,98.0,mumbai-city-open-5-01,uuid,0.0,True
a8f6711d-8415-49af-afc4-f8f9a3913a3e,a8f6711d-8415-49af-afc4-f8f9a3913a3e,Estelle Mehta,Women's,9.0,0.0,480.0,57,7,4,3,0,0,1,1,480,8.0,0.0,3.0,480,4.0,https://indianpadeltour.in/players/a8f6711d-8415-49af-afc4-f8f9a3913a3e,Women's,Estelle Mehta,Women's,9.0,480,False,False,8.0,"ipt-goa-grandslam-11-0, mumbai-city-open-5-01",uuid,480.0,True
a9508ce7-d11a-4ba9-8c9a-1e587770e376,,Gaurav Gupta,,,,,0,0,0,0,0,0,0,0,0,,0.0,0.0,0,,https://indianpadeltour.in/players/a9508ce7-d11a-4ba9-8c9a-1e587770e376,,Gaurav Gupta,Men's Advance,,0,False,False,,ipt-chandigarh-city-open-2-0,api_player,,
a9d1cebf-249f-4801-ac1c-dc757ebd99a3,,Arjun Kapoor,Men's,17.0,0.0,880.0,0,0,0,0,0,0,0,0,880,10.0,0.0,0.0,880,6.0,https://indianpadeltour.in/players/a9d1cebf-249f-4801-ac1c-dc757ebd99a3,Men's,Arjun Kapoor,Men's,17.0,880,False,False,10.0,ipt-chandigarh-city-open-2-0,uuid,880.0,True
aa07326e-0383-4295-8cde-4e336a0dd7f7,aa07326e-0383-4295-8cde-4e336a0dd7f7,Praneet Chawla,Men's 40+,35.0,-2.0,0.0,0,2,0,2,0,0,0,0,0,29.0,0.0,0.0,0,1.0,https://indianpadeltour.in/players/aa07326e-0383-4295-8cde-4e336a0dd7f7,Men's 40+,Praneet Chawla,Men's 40+,35.0,0,False,False,29.0,mumbai-city-open-5-01,uuid,0.0,True
aa66801a-85de-41fe-b8d3-c5deb7346bbe,aa66801a-85de-41fe-b8d3-c5deb7346bbe,Gabriella Demetriades,Women's,115.0,-7.0,0.0,50,2,1,1,0,0,0,0,0,98.0,1.0,1.0,0,1.0,https://indianpadeltour.in/players/aa66801a-85de-41fe-b8d3-c5deb7346bbe,Women's,Gabriella Demetriades,Women's,115.0,0,False,False,98.0,mumbai-city-open-5-01,uuid,0.0,True
aa849bb9-b649-40d2-9cbf-2d6c51c7ef0a,,Shuchi Bakshi,,,,,0,0,0,0,0,0,0,0,0,,0.0,0.0,0,,https://indianpadeltour.in/players/aa849bb9-b649-40d2-9cbf-2d6c51c7ef0a,,Shuchi Bakshi,Women's Beginner,,0,False,False,,ipt-chandigarh-city-open-2-0,api_player,,
ab58ef43-8f50-4f4e-a45b-1087ae59ee35,ab58ef43-8f50-4f4e-a45b-1087ae59ee35,Nikhil Bansal,Men's,132.0,40.0,51.0,80,5,4,1,4,5,0,0,51,100.0,0.0,4.0,51,3.0,https://indianpadeltour.in/players/ab58ef43-8f50-4f4e-a45b-1087ae59ee35,Men's,Nikhil Bansal,Men's,132.0,51,False,False,100.0,"ipt-chandigarh-city-open-2-0, ipt-kochi-city-open-2-0",uuid,51.0,True
ab6b85a1-dd20-44e5-893f-e488cc31bb88,ab6b85a1-dd20-44e5-893f-e488cc31bb88,Abdul Rehman,Men's,459.0,-36.0,0.0,0,2,0,2,0,0,0,0,0,386.0,0.0,0.0,0,1.0,https://indianpadeltour.in/players/ab6b85a1-dd20-44e5-893f-e488cc31bb88,Men's,Abdul Rehman,Men's,459.0,0,False,False,386.0,mumbai-city-open-5-01,uuid,0.0,True
ac9d1c3d-1aac-4acc-8ad0-1325faa75e44,ac9d1c3d-1aac-4acc-8ad0-1325faa75e44,Priynash Kothari,Men's,459.0,-36.0,0.0,0,3,0,3,0,0,0,0,0,423.0,0.0,0.0,0,1.0,https://indianpadeltour.in/players/ac9d1c3d-1aac-4acc-8ad0-1325faa75e44,Men's,Priynash Kothari,Men's,459.0,0,False,False,423.0,ipt-goa-grandslam-11-0,uuid,0.0,True
ace8a480-2886-4164-bf99-1f637de77a8c,,Sanam Singh,,,,,0,0,0,0,0,0,0,0,0,,0.0,0.0,0,,https://indianpadeltour.in/players/ace8a480-2886-4164-bf99-1f637de77a8c,,Sanam Singh,Men's Beginner,,0,False,False,,ipt-chandigarh-city-open-2-0,api_player,,
acfa1b86-681a-4b86-91f3-09eba5e486f5,acfa1b86-681a-4b86-91f3-09eba5e486f5,Mikhail Mehra,Men's,276.0,-11.0,18.0,29,7,2,5,0,0,0,0,0,8.0,0.0,2.0,0,2.0,https://indianpadeltour.in/players/acfa1b86-681a-4b86-91f3-09eba5e486f5,Men's,Mikhail Mehra,Men's Intermediate,8.0,0,True,False,8.0,ipt-goa-grandslam-11-0,uuid,18.0,True
ad10e469-9f1c-4814-a624-01e88f087c2e,ad10e469-9f1c-4814-a624-01e88f087c2e,Ishita Dharnidharka,Women's,115.0,-7.0,0.0,0,3,0,3,0,0,0,0,0,98.0,0.0,0.0,0,1.0,https://indianpadeltour.in/players/ad10e469-9f1c-4814-a624-01e88f087c2e,Women's,Ishita Dharnidharka,Women's,115.0,0,False,False,98.0,mumbai-city-open-5-01,uuid,0.0,True
ad7a226c-306a-42ae-ad22-7cdd8beb4077,ad7a226c-306a-42ae-ad22-7cdd8beb4077,Ahmed Merchant,Men's,243.0,-11.0,20.0,0,2,0,2,0,0,0,0,20,163.0,0.0,0.0,20,2.0,https://indianpadeltour.in/players/ad7a226c-306a-42ae-ad22-7cdd8beb4077,Men's,Ahmed Merchant,Men's,243.0,20,False,False,163.0,mumbai-city-open-5-01,uuid,20.0,True
ada1590f-1a1e-4731-8de2-57450fdc001d,ada1590f-1a1e-4731-8de2-57450fdc001d,Devi Nayar,Women's,115.0,,0.0,33,3,1,2,1,3,0,0,0,115.0,0.0,1.0,0,1.0,https://indianpadeltour.in/players/ada1590f-1a1e-4731-8de2-57450fdc001d,Women's,Devi Nayar,Women's,115.0,0,False,False,115.0,ipt-kochi-city-open-2-0,uuid,0.0,True
ae03412d-d2a1-4b89-a934-a895d52f8a9d,ae03412d-d2a1-4b89-a934-a895d52f8a9d,Raaghav Sharma Bagga,Men's,133.0,,50.0,100,6,6,0,6,6,1,0,50,133.0,6.0,6.0,50,1.0,https://indianpadeltour.in/players/ae03412d-d2a1-4b89-a934-a895d52f8a9d,Men's,Raaghav Sharma Bagga,Men's,133.0,50,False,False,133.0,"ipt-chandigarh-city-open-2-0, ipt-kochi-city-open-2-0",uuid,50.0,True
ae8b1a91-6f43-4946-a637-1ff416a7042a,,Ryan Carroll Partner,,,,,0,3,0,3,0,0,0,0,0,8.0,0.0,0.0,0,,https://indianpadeltour.in/players/ae8b1a91-6f43-4946-a637-1ff416a7042a,,Ryan Carroll Partner,Mixed Open,8.0,0,False,True,8.0,ipt-goa-grandslam-11-0,api_player,,
ae91f022-a8d7-4512-9c62-7ad7beb36a5c,ae91f022-a8d7-4512-9c62-7ad7beb36a5c,Veda Bhambhani,Women's,115.0,-7.0,0.0,33,3,1,2,0,0,0,0,0,98.0,0.0,1.0,0,1.0,https://indianpadeltour.in/players/ae91f022-a8d7-4512-9c62-7ad7beb36a5c,Women's,Veda Bhambhani,Women's,115.0,0,False,False,98.0,mumbai-city-open-5-01,uuid,0.0,True
aef676e5-8cb2-47d3-a13f-4d68a9085e96,aef676e5-8cb2-47d3-a13f-4d68a9085e96,Subramanian Shivshankaran,Men's,459.0,,0.0,0,3,0,3,0,3,0,0,0,459.0,0.0,0.0,0,1.0,https://indianpadeltour.in/players/aef676e5-8cb2-47d3-a13f-4d68a9085e96,Men's,Subbu,Men's,459.0,0,False,False,459.0,ipt-kochi-city-open-2-0,uuid,0.0,True
b0670242-4895-4197-85fa-31c10b0953e7,b0670242-4895-4197-85fa-31c10b0953e7,James Joseph,Men's,436.0,,5.0,25,4,1,3,1,4,0,0,5,436.0,0.0,1.0,5,1.0,https://indianpadeltour.in/players/b0670242-4895-4197-85fa-31c10b0953e7,Men's,James Joseph,Men's,436.0,5,False,False,436.0,ipt-kochi-city-open-2-0,uuid,5.0,True
b0ab65aa-1c74-4f18-943e-2e151c440ef4,b0ab65aa-1c74-4f18-943e-2e151c440ef4,Omar Sumar,Men's,38.0,-3.0,300.0,0,3,0,3,0,0,0,0,300,33.0,0.0,0.0,300,3.0,https://indianpadeltour.in/players/b0ab65aa-1c74-4f18-943e-2e151c440ef4,Men's,Omar Sumar,Men's,38.0,300,False,False,33.0,mumbai-city-open-5-01,uuid,300.0,True
b0b914e2-9e4c-4c97-b00c-49f022163e4c,,Aayush Poddar,,,,,0,0,0,0,0,0,0,0,0,,0.0,0.0,0,,https://indianpadeltour.in/players/b0b914e2-9e4c-4c97-b00c-49f022163e4c,,Aayush Poddar,Men's Intermediate,,0,False,False,,ipt-chandigarh-city-open-2-0,api_player,,
b156ba33-c5c4-451b-b958-96330a28c06d,,Avish Sharma,,,,,0,0,0,0,0,0,0,0,0,,0.0,0.0,0,,https://indianpadeltour.in/players/b156ba33-c5c4-451b-b958-96330a28c06d,,Avish sharma,Men's 40+,,0,False,False,,ipt-chandigarh-city-open-2-0,api_player,,
b178e479-c490-48b3-85f0-5c8443c1bad4,b178e479-c490-48b3-85f0-5c8443c1bad4,Tushar Jain,Men's,459.0,-36.0,0.0,0,3,0,3,0,0,0,0,0,423.0,0.0,0.0,0,1.0,https://indianpadeltour.in/players/b178e479-c490-48b3-85f0-5c8443c1bad4,Men's,Tushar Jain,Men's,459.0,0,False,False,423.0,ipt-goa-grandslam-11-0,uuid,0.0,True
b1863a39-a660-43dd-8e1c-830d77223fe7,b1863a39-a660-43dd-8e1c-830d77223fe7,Mukund Muthanna,Men's,133.0,-5.0,50.0,75,8,6,2,0,2,1,0,50,128.0,0.0,6.0,50,2.0,https://indianpadeltour.in/players/b1863a39-a660-43dd-8e1c-830d77223fe7,Men's,Mukund Muthanna,Men's,133.0,50,False,False,128.0,"ipt-kochi-city-open-2-0, ipt-goa-grandslam-11-0",uuid,50.0,True
b1c844a3-4542-40b3-8abc-7bd5de93f10b,b1c844a3-4542-40b3-8abc-7bd5de93f10b,Aadil Abdul Azeez,Men's,217.0,48.0,27.0,60,5,3,2,3,5,0,0,27,75.0,0.0,3.0,27,2.0,https://indianpadeltour.in/players/b1c844a3-4542-40b3-8abc-7bd5de93f10b,Men's,Aadil Abdul Azeez,Men's,217.0,27,False,False,75.0,ipt-kochi-city-open-2-0,uuid,27.0,True
b1ea90bf-af3c-401b-838c-0b1445da5f66,,Ishaan Mehta,,,,,0,0,0,0,0,0,0,0,0,,0.0,0.0,0,,https://indianpadeltour.in/players/b1ea90bf-af3c-401b-838c-0b1445da5f66,,Ishaan Mehta,Men's Advance,,0,False,False,,ipt-chandigarh-city-open-2-0,api_player,,
b25938a4-d80d-442e-a68b-01ed3b1c27b9,b25938a4-d80d-442e-a68b-01ed3b1c27b9,Erika Lobo,Women's,79.0,-6.0,18.0,67,3,2,1,0,0,0,0,18,67.0,0.0,2.0,18,1.0,https://indianpadeltour.in/players/b25938a4-d80d-442e-a68b-01ed3b1c27b9,Women's,Erika Lobo,Women's,79.0,18,False,False,67.0,mumbai-city-open-5-01,uuid,18.0,True
b283a295-a9ab-473f-a8f5-ef3c3f5ab0b8,b283a295-a9ab-473f-a8f5-ef3c3f5ab0b8,Chacko Cherian,Men's,459.0,,0.0,33,3,1,2,1,3,0,0,0,459.0,0.0,1.0,0,1.0,https://indianpadeltour.in/players/b283a295-a9ab-473f-a8f5-ef3c3f5ab0b8,Men's,Chacko Cherian,Men's,459.0,0,False,False,459.0,ipt-kochi-city-open-2-0,uuid,0.0,True
b45f586c-585b-494e-a806-5f9abfe242fb,b45f586c-585b-494e-a806-5f9abfe242fb,Siddharth Sanghai,Men's,385.0,-14.0,9.0,67,3,2,1,0,0,0,0,9,1.0,0.0,2.0,29,2.0,https://indianpadeltour.in/players/b45f586c-585b-494e-a806-5f9abfe242fb,Men's,Siddharth Sanghai,Men's,385.0,9,False,False,1.0,mumbai-city-open-5-01,uuid,9.0,True
b4c1f987-ed1c-41b2-bed1-839e3b47d5ff,b4c1f987-ed1c-41b2-bed1-839e3b47d5ff,Syed Imran Yusoof,Men's 40+,5.0,0.0,1020.0,60,10,6,4,5,8,1,1,1020,3.0,1.0,3.0,1020,5.0,https://indianpadeltour.in/players/b4c1f987-ed1c-41b2-bed1-839e3b47d5ff,"Men's, Men's 40+",Syed Imran Yusoof,Men's 40+,5.0,1020,False,False,3.0,"ipt-kochi-city-open-2-0, mumbai-city-open-5-01",uuid,1020.0,True
b4cd5e27-cdcf-4200-82e0-7281922b0411,b4cd5e27-cdcf-4200-82e0-7281922b0411,Steve Jacob Franco,Men's,459.0,,0.0,33,3,1,2,1,3,0,0,0,459.0,0.0,1.0,0,1.0,https://indianpadeltour.in/players/b4cd5e27-cdcf-4200-82e0-7281922b0411,Men's,Steve Jacob Franco,Men's,459.0,0,False,False,459.0,ipt-kochi-city-open-2-0,uuid,0.0,True
b50974c2-24ef-4080-bd3d-e76b22b7e05e,b50974c2-24ef-4080-bd3d-e76b22b7e05e,Rebecca Puthumana,Women's,42.0,,50.0,100,3,3,0,3,3,1,0,50,42.0,3.0,3.0,50,1.0,https://indianpadeltour.in/players/b50974c2-24ef-4080-bd3d-e76b22b7e05e,Women's,Rebecca Puthumana,Women's,42.0,50,False,False,42.0,ipt-kochi-city-open-2-0,uuid,50.0,True
b5542378-9f9f-457b-a71a-d59aef310080,b5542378-9f9f-457b-a71a-d59aef310080,Rohan Maniar,Men's,223.0,-12.0,24.0,80,5,4,1,0,0,0,0,24,167.0,0.0,4.0,24,2.0,https://indianpadeltour.in/players/b5542378-9f9f-457b-a71a-d59aef310080,Men's,Rohan Maniar,Men's,223.0,24,False,False,167.0,mumbai-city-open-5-01,uuid,24.0,True
b63ed71b-e58d-4b28-a67e-2d0c64ed5f62,b63ed71b-e58d-4b28-a67e-2d0c64ed5f62,Sidraj Shah,Men's 40+,24.0,0.0,180.0,75,4,3,1,0,0,0,1,180,20.0,0.0,3.0,180,1.0,https://indianpadeltour.in/players/b63ed71b-e58d-4b28-a67e-2d0c64ed5f62,Men's 40+,Sidraj Shah,Men's 40+,24.0,180,False,False,20.0,mumbai-city-open-5-01,uuid,180.0,True
b68f595c-d897-4f0e-8366-5bc55e337683,,Maithili Parimi,,,,,0,0,0,0,0,0,0,0,0,,0.0,0.0,0,,https://indianpadeltour.in/players/b68f595c-d897-4f0e-8366-5bc55e337683,,Maithili Parimi,Women's Intermediate,,0,False,,,,draw_entry,,
b6fcd7bf-693d-40ad-adbc-a23632357bf9,,Joshua Lobo Partner,Men's,459.0,-36.0,0.0,0,3,0,3,0,0,0,0,0,423.0,0.0,0.0,0,1.0,https://indianpadeltour.in/players/b6fcd7bf-693d-40ad-adbc-a23632357bf9,Men's,Joshua Lobo Partner,Men's,459.0,0,False,True,423.0,ipt-goa-grandslam-11-0,uuid,0.0,True
b7281057-4ccf-42d7-bd24-71acc1edaac2,b7281057-4ccf-42d7-bd24-71acc1edaac2,Varghese Paul,Men's,436.0,,5.0,33,3,1,2,1,3,0,0,5,436.0,0.0,1.0,5,1.0,https://indianpadeltour.in/players/b7281057-4ccf-42d7-bd24-71acc1edaac2,Men's,Varghese Paul,Men's,436.0,5,False,False,436.0,ipt-kochi-city-open-2-0,uuid,5.0,True
b8bf9b63-7e44-4c43-90aa-3dcd43a047b0,,Rohail Pandohi,,,,,0,0,0,0,0,0,0,0,0,,0.0,0.0,0,,https://indianpadeltour.in/players/b8bf9b63-7e44-4c43-90aa-3dcd43a047b0,,Rohail Pandohi,Men's Intermediate,,0,False,False,,ipt-chandigarh-city-open-2-0,api_player,,
b8eb1e10-ea5c-4422-835e-d6b7bf8f381f,b8eb1e10-ea5c-4422-835e-d6b7bf8f381f,Vansh Bhagtani,Men's,385.0,-14.0,9.0,67,3,2,1,0,0,0,0,9,346.0,0.0,2.0,9,1.0,https://indianpadeltour.in/players/b8eb1e10-ea5c-4422-835e-d6b7bf8f381f,Men's,Vansh Bhagtani,Men's,385.0,9,False,False,346.0,"ipt-chandigarh-city-open-2-0, mumbai-city-open-5-01",uuid,9.0,True
b90b8354-8c54-43e4-9ff4-e064e26f5d51,,Siddharth Nandal,Men's,71.0,-2.0,120.0,0,0,0,0,0,0,0,0,120,48.0,0.0,0.0,120,1.0,https://indianpadeltour.in/players/b90b8354-8c54-43e4-9ff4-e064e26f5d51,Men's,Siddhart Nandal,Men's,71.0,120,False,False,48.0,ipt-chandigarh-city-open-2-0,uuid,120.0,True
b94c4804-ee1d-427a-a293-f0ab8400515c,b94c4804-ee1d-427a-a293-f0ab8400515c,Karina Phipps,Women's,39.0,0.0,60.0,50,4,2,2,0,0,0,1,60,39.0,0.0,2.0,60,1.0,https://indianpadeltour.in/players/b94c4804-ee1d-427a-a293-f0ab8400515c,Women's,Karina Phipps,Women's,39.0,60,False,False,39.0,ipt-goa-grandslam-11-0,uuid,60.0,True
b9ef13a3-262c-4493-8163-0258ce16cbb1,,Akshay Suhag,,,,,0,0,0,0,0,0,0,0,0,,0.0,0.0,0,,https://indianpadeltour.in/players/b9ef13a3-262c-4493-8163-0258ce16cbb1,,Akshay Suhag,Men's Intermediate,,0,False,,,,draw_entry,,
ba0bebb9-bb83-4bfc-9c39-a96387beae44,ba0bebb9-bb83-4bfc-9c39-a96387beae44,Sonashe Bhatnagar,Women's,13.0,0.0,276.0,44,9,4,5,0,0,0,0,0,8.0,0.0,2.0,0,4.0,https://indianpadeltour.in/players/ba0bebb9-bb83-4bfc-9c39-a96387beae44,Women's,Sonashe Bhatnagar,Women's Advance,8.0,0,True,False,8.0,"ipt-goa-grandslam-11-0, mumbai-city-open-5-01",uuid,276.0,True
ba51f861-6210-44a0-8210-b9192afbb259,ba51f861-6210-44a0-8210-b9192afbb259,Jinto Varghese,Men's,459.0,,0.0,33,3,1,2,1,3,0,0,0,459.0,0.0,1.0,0,1.0,https://indianpadeltour.in/players/ba51f861-6210-44a0-8210-b9192afbb259,Men's,Jinto Varghese,Men's,459.0,0,False,False,459.0,ipt-kochi-city-open-2-0,uuid,0.0,True
bac73907-eaf6-474e-a27e-e1425b6d847e,,Satyam Pathak,,,,,0,0,0,0,0,0,0,0,0,,0.0,0.0,0,,https://indianpadeltour.in/players/bac73907-eaf6-474e-a27e-e1425b6d847e,,Satyam Pathak,Men's Beginner,,0,False,False,,ipt-chandigarh-city-open-2-0,api_player,,
bb5b11da-7bc4-4fed-bcbd-3fa6da36fe28,bb5b11da-7bc4-4fed-bcbd-3fa6da36fe28,Abhay Biswakarma,Men's,459.0,,0.0,0,3,0,3,0,3,0,0,0,459.0,0.0,0.0,0,1.0,https://indianpadeltour.in/players/bb5b11da-7bc4-4fed-bcbd-3fa6da36fe28,Men's,Abhay Biswakarma,Men's,459.0,0,False,False,459.0,ipt-kochi-city-open-2-0,uuid,0.0,True
bb6a94c2-9ba4-4cde-8999-69dcdb6b340d,,Aditya Mehra,,,,,0,0,0,0,0,0,0,0,0,,0.0,0.0,0,,https://indianpadeltour.in/players/bb6a94c2-9ba4-4cde-8999-69dcdb6b340d,,Aditya Mehra,Men's Beginner,,0,False,False,,ipt-chandigarh-city-open-2-0,api_player,,
bb9f96a3-0f86-46a8-8484-3d7057fcca01,,Anav Shrish,Men's,123.0,0.0,54.0,0,0,0,0,0,0,1,0,54,110.0,0.0,0.0,54,2.0,https://indianpadeltour.in/players/bb9f96a3-0f86-46a8-8484-3d7057fcca01,Men's,Anav Shrish,Men's,123.0,54,False,False,110.0,ipt-chandigarh-city-open-2-0,uuid,54.0,True
bbaf552c-c5f2-4bd5-8dc2-9ccb0d0628c5,,Yuvraj Singh Arora,,,,,0,0,0,0,0,0,0,0,0,,0.0,0.0,0,,https://indianpadeltour.in/players/bbaf552c-c5f2-4bd5-8dc2-9ccb0d0628c5,,Yuvraj Singh Arora,Men's Intermediate,,0,False,False,,ipt-chandigarh-city-open-2-0,api_player,,
bc94050e-cb46-4042-90af-59816fe42f5b,bc94050e-cb46-4042-90af-59816fe42f5b,Sanaya Sabharwal,Women's,64.0,-5.0,25.0,80,5,4,1,0,0,1,0,25,52.0,4.0,4.0,25,1.0,https://indianpadeltour.in/players/bc94050e-cb46-4042-90af-59816fe42f5b,Women's,Sanaya Sabharwal,Women's,64.0,25,False,False,52.0,mumbai-city-open-5-01,uuid,25.0,True
bd9b42e6-686b-4a12-8b0b-d4240b2e59f9,,Ira Bannerjee,,,,,0,0,0,0,0,0,0,0,0,,0.0,0.0,0,,https://indianpadeltour.in/players/bd9b42e6-686b-4a12-8b0b-d4240b2e59f9,,Ira Bannerjee,Women's Intermediate,,0,False,False,,ipt-hyderabad-city-grandslam-12-0,api_player,,
bedbb146-12a1-4080-9c30-086119a96eca,,Mohit Sharma,,,,,0,0,0,0,0,0,0,0,0,,0.0,0.0,0,,https://indianpadeltour.in/players/bedbb146-12a1-4080-9c30-086119a96eca,,Mohit Sharma,Men's Beginner,,0,False,False,,ipt-chandigarh-city-open-2-0,api_player,,
bee8d4fd-f40c-486b-942b-5a4fdfc3306f,bee8d4fd-f40c-486b-942b-5a4fdfc3306f,Ananth Menon,Men's,340.0,,15.0,83,6,5,1,5,6,0,1,15,340.0,0.0,5.0,15,1.0,https://indianpadeltour.in/players/bee8d4fd-f40c-486b-942b-5a4fdfc3306f,Men's,Ananth Menon,Men's,340.0,15,False,False,340.0,ipt-kochi-city-open-2-0,uuid,15.0,True
bf1b649e-2d63-4872-979d-273bc66eb576,bf1b649e-2d63-4872-979d-273bc66eb576,Pratikraj Singh,Men's,436.0,-18.0,5.0,75,4,3,1,0,0,0,0,5,381.0,0.0,3.0,5,1.0,https://indianpadeltour.in/players/bf1b649e-2d63-4872-979d-273bc66eb576,Men's,Pratikraj Singh,Men's,436.0,5,False,False,381.0,mumbai-city-open-5-01,uuid,5.0,True
bf973053-492f-4dca-a909-7310fa8693f9,bf973053-492f-4dca-a909-7310fa8693f9,Parikshit Somani,Men's,12.0,0.0,1020.0,100,6,6,0,0,0,2,0,1020,12.0,6.0,6.0,1020,3.0,https://indianpadeltour.in/players/bf973053-492f-4dca-a909-7310fa8693f9,Men's,Parikshit Somani,Men's,12.0,1020,False,False,12.0,mumbai-city-open-5-01,uuid,1020.0,True
bf97a38c-8dcb-49f5-bc65-868269f3e794,,Sahiljit Singh Sandhu,,,,,0,0,0,0,0,0,0,0,0,,0.0,0.0,0,,https://indianpadeltour.in/players/bf97a38c-8dcb-49f5-bc65-868269f3e794,,Sahiljit Singh Sandhu,Men's Beginner,,0,False,False,,ipt-chandigarh-city-open-2-0,api_player,,
c005054e-b3f8-434d-a338-10ba4fd1b0fb,,Mukund Muthanna Partner,Men's,459.0,,0.0,0,2,0,2,0,2,0,0,0,459.0,0.0,0.0,0,1.0,https://indianpadeltour.in/players/c005054e-b3f8-434d-a338-10ba4fd1b0fb,Men's,Mukund Muthanna Partner,Men's,459.0,0,False,True,459.0,ipt-kochi-city-open-2-0,uuid,0.0,True
c02126c6-4418-4f24-8895-867c3e3c89c2,c02126c6-4418-4f24-8895-867c3e3c89c2,Amy Bundhel,Women's,1.0,0.0,2920.0,100,5,5,0,0,0,3,4,2920,1.0,5.0,5.0,2920,7.0,https://indianpadeltour.in/players/c02126c6-4418-4f24-8895-867c3e3c89c2,Women's,Amy Bundhel,Women's,1.0,2920,False,False,1.0,"ipt-chandigarh-city-open-2-0, ipt-goa-grandslam-11-0",uuid,2920.0,True
c0f4df56-a4e6-4c62-a9da-90e308737ffc,c0f4df56-a4e6-4c62-a9da-90e308737ffc,Dhruva Madhavan,Men's,459.0,-36.0,0.0,50,2,1,1,0,0,0,0,0,386.0,0.0,1.0,0,1.0,https://indianpadeltour.in/players/c0f4df56-a4e6-4c62-a9da-90e308737ffc,Men's,Dhruva Madhavan,Men's,459.0,0,False,False,386.0,mumbai-city-open-5-01,uuid,0.0,True
c1023ad9-075c-47e5-b684-c5bdb4bbf31a,c1023ad9-075c-47e5-b684-c5bdb4bbf31a,Gandharv Bajaj,Men's,164.0,-8.0,39.0,75,4,3,1,0,0,0,0,39,156.0,0.0,3.0,39,2.0,https://indianpadeltour.in/players/c1023ad9-075c-47e5-b684-c5bdb4bbf31a,Men's,Gandharv Bajaj,Men's,164.0,39,False,False,156.0,ipt-goa-grandslam-11-0,uuid,39.0,True
c1049612-6cb9-4c49-bd48-2ffcd3389d45,c1049612-6cb9-4c49-bd48-2ffcd3389d45,Vinayak Kumar,Men's,459.0,,0.0,0,3,0,3,0,3,0,0,0,459.0,0.0,0.0,0,1.0,https://indianpadeltour.in/players/c1049612-6cb9-4c49-bd48-2ffcd3389d45,Men's,Vinayak Kumar,Men's,459.0,0,False,False,459.0,ipt-kochi-city-open-2-0,uuid,0.0,True
c11fce90-49a1-44f1-9c29-1a6ed684d507,,Shampy Mittal,,,,,0,0,0,0,0,0,0,0,0,,0.0,0.0,0,,https://indianpadeltour.in/players/c11fce90-49a1-44f1-9c29-1a6ed684d507,,Shampy Mittal,Men's Beginner,,0,False,False,,ipt-chandigarh-city-open-2-0,api_player,,
c15288d2-2aa6-4007-b2f0-9871ff97b432,c15288d2-2aa6-4007-b2f0-9871ff97b432,Jimit Sanghani,Men's,459.0,-36.0,0.0,0,2,0,2,0,0,0,0,0,386.0,0.0,0.0,0,1.0,https://indianpadeltour.in/players/c15288d2-2aa6-4007-b2f0-9871ff97b432,Men's,Jimit Sanghani,Men's,459.0,0,False,False,386.0,mumbai-city-open-5-01,uuid,0.0,True
c175f136-838a-48d3-9f95-cb8f568a8355,c175f136-838a-48d3-9f95-cb8f568a8355,Rahul Parkash,Men's,459.0,-36.0,0.0,50,2,1,1,0,0,0,0,0,386.0,1.0,1.0,0,1.0,https://indianpadeltour.in/players/c175f136-838a-48d3-9f95-cb8f568a8355,Men's,Rahul Parkash,Men's,459.0,0,False,False,386.0,mumbai-city-open-5-01,uuid,0.0,True
c1bb2e34-e142-4eb8-b132-d84e8c734bb7,c1bb2e34-e142-4eb8-b132-d84e8c734bb7,Sai Ram Goud,Men's,459.0,,0.0,0,2,0,2,0,2,0,0,0,459.0,0.0,0.0,0,1.0,https://indianpadeltour.in/players/c1bb2e34-e142-4eb8-b132-d84e8c734bb7,Men's,Sai Ram Goud,Men's,459.0,0,False,False,459.0,ipt-kochi-city-open-2-0,uuid,0.0,True
c1fac66c-3ce8-43d8-8c0c-85d463264584,c1fac66c-3ce8-43d8-8c0c-85d463264584,Siddharth Satheesan,Men's,276.0,-11.0,18.0,50,8,4,4,0,0,0,0,0,8.0,0.0,2.0,0,1.0,https://indianpadeltour.in/players/c1fac66c-3ce8-43d8-8c0c-85d463264584,Men's,Siddharth Satheesan,Men's Intermediate,8.0,0,True,False,8.0,"ipt-hyderabad-city-grandslam-12-0, ipt-goa-grandslam-11-0",uuid,18.0,True
c2ae75e9-a8ea-43e9-89b0-df5d44f5fa61,c2ae75e9-a8ea-43e9-89b0-df5d44f5fa61,Ayaan Mishra,Men's,436.0,,5.0,33,3,1,2,1,3,0,0,5,436.0,0.0,1.0,5,1.0,https://indianpadeltour.in/players/c2ae75e9-a8ea-43e9-89b0-df5d44f5fa61,Men's,Ayaan Mishra,Men's,436.0,5,False,False,436.0,ipt-kochi-city-open-2-0,uuid,5.0,True
c30a02a9-8060-4353-ae78-335c70287b6e,,Sartaj Singh Sudan,,,,,0,0,0,0,0,0,0,0,0,,0.0,0.0,0,,https://indianpadeltour.in/players/c30a02a9-8060-4353-ae78-335c70287b6e,,Sartaj Singh Sudan,Men's Intermediate,,0,False,False,,ipt-chandigarh-city-open-2-0,api_player,,
c440118a-4188-4779-ac49-e31b9bd9398d,c440118a-4188-4779-ac49-e31b9bd9398d,Anjan Vachhani,Men's,459.0,-36.0,0.0,50,2,1,1,0,0,0,0,0,386.0,0.0,1.0,0,1.0,https://indianpadeltour.in/players/c440118a-4188-4779-ac49-e31b9bd9398d,Men's,Anjan Vachhani,Men's,459.0,0,False,False,386.0,mumbai-city-open-5-01,uuid,0.0,True
c4e5ac58-b4da-413a-b134-eba55f9a1c56,c4e5ac58-b4da-413a-b134-eba55f9a1c56,Prabhas Sharma,Men's 40+,35.0,-2.0,0.0,50,4,2,2,0,0,0,0,0,33.0,1.0,1.0,0,1.0,https://indianpadeltour.in/players/c4e5ac58-b4da-413a-b134-eba55f9a1c56,Men's 40+,Prabhas Sharma,Men's 40+,35.0,0,False,False,33.0,"ipt-chandigarh-city-open-2-0, ipt-goa-grandslam-11-0",uuid,0.0,True
c510921b-3d7b-42b1-8671-86a367a752e3,c510921b-3d7b-42b1-8671-86a367a752e3,Junaid Sopariwala,Men's,459.0,-36.0,0.0,50,2,1,1,0,0,0,0,0,386.0,1.0,1.0,0,1.0,https://indianpadeltour.in/players/c510921b-3d7b-42b1-8671-86a367a752e3,Men's,Junaid Sopariwala,Men's,459.0,0,False,False,386.0,mumbai-city-open-5-01,uuid,0.0,True
c52a3395-f5d9-4d1c-a314-a04a7c0565d1,,Sahil Bakshi,,,,,0,0,0,0,0,0,0,0,0,,0.0,0.0,0,,https://indianpadeltour.in/players/c52a3395-f5d9-4d1c-a314-a04a7c0565d1,,Sahil Bakshi,Men's Intermediate,,0,False,False,,ipt-chandigarh-city-open-2-0,api_player,,
c6047ddc-2d5d-4534-85fd-b5bc6a3d68b2,,Atul Sharma,,,,,0,0,0,0,0,0,0,0,0,,0.0,0.0,0,,https://indianpadeltour.in/players/c6047ddc-2d5d-4534-85fd-b5bc6a3d68b2,,Atul Sharma,Men's Advance,,0,False,False,,ipt-chandigarh-city-open-2-0,api_player,,
c6ad7320-117c-4e7a-a4a6-e4c99fb34e23,c6ad7320-117c-4e7a-a4a6-e4c99fb34e23,Rupen Jhaveri,Men's 40+,2.0,0.0,2200.0,100,5,5,0,0,0,4,0,2200,1.0,5.0,5.0,2200,4.0,https://indianpadeltour.in/players/c6ad7320-117c-4e7a-a4a6-e4c99fb34e23,"Men's, Men's 40+",Rupen Jhaveri,Men's 40+,2.0,2200,False,False,1.0,ipt-goa-grandslam-11-0,uuid,2200.0,True
c70940a7-129d-4162-abf3-eec1f85f502c,c70940a7-129d-4162-abf3-eec1f85f502c,Sunaina Vasudev,Women's,115.0,-7.0,0.0,0,3,0,3,0,0,0,0,0,98.0,0.0,0.0,0,1.0,https://indianpadeltour.in/players/c70940a7-129d-4162-abf3-eec1f85f502c,Women's,Sunaina Vasudev,Women's,115.0,0,False,False,98.0,mumbai-city-open-5-01,uuid,0.0,True
c714919a-ac9f-4216-8063-de41ee941ce4,,Ashish Jha,,,,,0,0,0,0,0,0,0,0,0,,0.0,0.0,0,,https://indianpadeltour.in/players/c714919a-ac9f-4216-8063-de41ee941ce4,,Ashish Jha,Men's Intermediate,,0,False,,,,draw_entry,,
c756f978-ba35-409f-86be-7892c3b38bea,c756f978-ba35-409f-86be-7892c3b38bea,Dinika Thomas,Women's,79.0,-6.0,18.0,33,3,1,2,0,0,0,0,18,73.0,0.0,1.0,18,1.0,https://indianpadeltour.in/players/c756f978-ba35-409f-86be-7892c3b38bea,Women's,Dinika Thomas,Women's,79.0,18,False,False,73.0,ipt-goa-grandslam-11-0,uuid,18.0,True
c83a9f33-0d4f-4f6d-b21f-1cfc425dfe69,c83a9f33-0d4f-4f6d-b21f-1cfc425dfe69,Aahan Jhaveri,Men's,459.0,-36.0,0.0,0,3,0,3,0,0,0,0,0,386.0,0.0,0.0,0,1.0,https://indianpadeltour.in/players/c83a9f33-0d4f-4f6d-b21f-1cfc425dfe69,Men's,Aahan Jhaveri,Men's,459.0,0,False,False,386.0,mumbai-city-open-5-01,uuid,0.0,True
c85a42f8-4474-4a5f-a347-f5e8817e5c4d,,Abhishek Kana,,,,,0,0,0,0,0,0,0,0,0,,0.0,0.0,0,,https://indianpadeltour.in/players/c85a42f8-4474-4a5f-a347-f5e8817e5c4d,,Abhishek Kana,Men's Intermediate,,0,False,,,,draw_entry,,
c8b84750-cba5-4022-8c4a-b6934fc472ff,c8b84750-cba5-4022-8c4a-b6934fc472ff,Akash Wagh,Men's,459.0,,0.0,0,3,0,3,0,3,0,0,0,459.0,0.0,0.0,0,1.0,https://indianpadeltour.in/players/c8b84750-cba5-4022-8c4a-b6934fc472ff,Men's,Akash Wagh,Men's,459.0,0,False,False,459.0,ipt-kochi-city-open-2-0,uuid,0.0,True
c8c5d555-7efd-4029-bcb6-0973f8bb4e97,,Rishabh Gupta,Men's,243.0,-11.0,20.0,0,0,0,0,0,0,0,0,20,206.0,0.0,0.0,20,1.0,https://indianpadeltour.in/players/c8c5d555-7efd-4029-bcb6-0973f8bb4e97,Men's,Rishabh Gupta,Men's,243.0,20,False,False,206.0,ipt-chandigarh-city-open-2-0,uuid,20.0,True
cb8b4fb5-f72f-42c7-94c1-b7963e5c6e68,cb8b4fb5-f72f-42c7-94c1-b7963e5c6e68,Suyash Vishnoi,Men's,385.0,-14.0,9.0,25,4,1,3,0,0,0,0,9,371.0,0.0,1.0,9,1.0,https://indianpadeltour.in/players/cb8b4fb5-f72f-42c7-94c1-b7963e5c6e68,Men's,Suyash Vishnoi,Men's,385.0,9,False,False,371.0,ipt-goa-grandslam-11-0,uuid,9.0,True
cbb4f436-f8ad-44ca-b38e-fc9f7098ff97,cbb4f436-f8ad-44ca-b38e-fc9f7098ff97,Renny Chacko,Men's,459.0,,0.0,33,3,1,2,1,3,0,0,0,459.0,0.0,1.0,0,1.0,https://indianpadeltour.in/players/cbb4f436-f8ad-44ca-b38e-fc9f7098ff97,Men's,Renny Chacko,Men's,459.0,0,False,False,459.0,ipt-kochi-city-open-2-0,uuid,0.0,True
cbb558aa-ee6a-4b58-8184-8b54946a838f,cbb558aa-ee6a-4b58-8184-8b54946a838f,Gundlapalle Yaswanth Reddy,Men's,459.0,-36.0,0.0,33,3,1,2,0,0,0,0,0,423.0,1.0,1.0,0,1.0,https://indianpadeltour.in/players/cbb558aa-ee6a-4b58-8184-8b54946a838f,Men's,Gundlapalle Yaswanth Reddy,Men's,459.0,0,False,False,423.0,ipt-goa-grandslam-11-0,uuid,0.0,True
cc0d0226-d2bc-4c4a-ab6f-9225b03becc6,cc0d0226-d2bc-4c4a-ab6f-9225b03becc6,Gehna Datwani,Women's,64.0,-5.0,25.0,80,5,4,1,0,0,1,0,25,52.0,4.0,4.0,25,1.0,https://indianpadeltour.in/players/cc0d0226-d2bc-4c4a-ab6f-9225b03becc6,Women's,Gehna Datwani,Women's,64.0,25,False,False,52.0,mumbai-city-open-5-01,uuid,25.0,True
cc2048b8-ce98-46c7-9918-b3dbdf5b0385,cc2048b8-ce98-46c7-9918-b3dbdf5b0385,Annanya Agarwal,Men's,98.0,0.0,95.0,67,3,2,1,0,0,0,0,95,1.0,0.0,2.0,125,6.0,https://indianpadeltour.in/players/cc2048b8-ce98-46c7-9918-b3dbdf5b0385,Men's,Annanya Agarwal,Men's,98.0,95,False,False,1.0,mumbai-city-open-5-01,uuid,95.0,True
ccedebb9-64af-42b4-bca1-e01d0b2c1ef5,ccedebb9-64af-42b4-bca1-e01d0b2c1ef5,Prarthana Prathap,Women's,54.0,-3.0,36.0,33,3,1,2,0,0,0,1,36,29.0,1.0,1.0,36,2.0,https://indianpadeltour.in/players/ccedebb9-64af-42b4-bca1-e01d0b2c1ef5,Women's,Prarthana Prathap,Women's,54.0,36,False,False,29.0,ipt-goa-grandslam-11-0,uuid,36.0,True
cdd858a3-1533-4a7b-bf8b-1b94f0f3b868,cdd858a3-1533-4a7b-bf8b-1b94f0f3b868,Adit Patel,Men's,23.0,2.0,628.0,64,11,7,4,3,4,0,0,628,1.0,0.0,3.0,788,8.0,https://indianpadeltour.in/players/cdd858a3-1533-4a7b-bf8b-1b94f0f3b868,Men's,Adit Patel,Men's,23.0,628,False,False,1.0,"ipt-chandigarh-city-open-2-0, ipt-kochi-city-open-2-0, ipt-goa-grandslam-11-0, mumbai-city-open-5-01",uuid,628.0,True
ce5800f0-729e-44e9-a12d-a83a5b771244,ce5800f0-729e-44e9-a12d-a83a5b771244,Muhammed Saleem V,Men's,436.0,,5.0,33,3,1,2,1,3,0,0,5,436.0,0.0,1.0,5,1.0,https://indianpadeltour.in/players/ce5800f0-729e-44e9-a12d-a83a5b771244,Men's,Muhammed Saleem V,Men's,436.0,5,False,False,436.0,ipt-kochi-city-open-2-0,uuid,5.0,True
ce749702-5f83-4cd5-b821-45aeaf7f9848,ce749702-5f83-4cd5-b821-45aeaf7f9848,Neville Wadia,Men's,65.0,-2.0,159.0,67,3,2,1,0,0,2,0,159,1.0,0.0,2.0,329,8.0,https://indianpadeltour.in/players/ce749702-5f83-4cd5-b821-45aeaf7f9848,Men's,Neville Wadia,Men's,65.0,159,False,False,1.0,mumbai-city-open-5-01,uuid,159.0,True
cebed5c0-9f8f-4458-aaa4-0ee2b6f25f10,cebed5c0-9f8f-4458-aaa4-0ee2b6f25f10,Mehul Bansal,Men's,148.0,-8.0,49.0,75,4,3,1,0,0,0,0,49,134.0,0.0,3.0,49,2.0,https://indianpadeltour.in/players/cebed5c0-9f8f-4458-aaa4-0ee2b6f25f10,Men's,Mehul Bansal,Men's,148.0,49,False,False,134.0,"ipt-chandigarh-city-open-2-0, ipt-goa-grandslam-11-0",uuid,49.0,True
ced758e5-cc1f-43db-abce-fc093e5a645c,,Jonathan Johnson,,,,,0,0,0,0,0,0,0,0,0,,0.0,0.0,0,,https://indianpadeltour.in/players/ced758e5-cc1f-43db-abce-fc093e5a645c,,Jonathan Johnson,Men's Beginner,,0,False,False,,ipt-hyderabad-city-grandslam-12-0,api_player,,
cf4e6dfa-ee51-4ee3-8b1c-cd6173e3955f,cf4e6dfa-ee51-4ee3-8b1c-cd6173e3955f,Vivek Venugopal,Men's 40+,35.0,,0.0,0,3,0,3,0,3,0,0,0,35.0,0.0,0.0,0,1.0,https://indianpadeltour.in/players/cf4e6dfa-ee51-4ee3-8b1c-cd6173e3955f,Men's 40+,Vivek Venugopal,Men's 40+,35.0,0,False,False,35.0,ipt-kochi-city-open-2-0,uuid,0.0,True
cf826ad5-818a-446b-b16b-825bc7f76fef,,Utsav Khanna,,,,,0,0,0,0,0,0,0,0,0,,0.0,0.0,0,,https://indianpadeltour.in/players/cf826ad5-818a-446b-b16b-825bc7f76fef,,Utsav Khanna,Men's 40+,,0,False,False,,ipt-chandigarh-city-open-2-0,api_player,,
cf8b7d94-b472-4c15-b10e-a112da1d3143,cf8b7d94-b472-4c15-b10e-a112da1d3143,Sanya Khan,Women's,25.0,0.0,146.0,100,4,4,0,0,0,1,2,146,22.0,4.0,4.0,146,3.0,https://indianpadeltour.in/players/cf8b7d94-b472-4c15-b10e-a112da1d3143,Women's,Sanya Khan,Women's,25.0,146,False,False,22.0,mumbai-city-open-5-01,uuid,146.0,True
cfb8360d-d5e5-4934-9d69-c82884d2621c,,Sagar Ahuja,,,,,0,0,0,0,0,0,0,0,0,,0.0,0.0,0,,https://indianpadeltour.in/players/cfb8360d-d5e5-4934-9d69-c82884d2621c,,Sagar Ahuja,Men's Intermediate,,0,False,False,,ipt-chandigarh-city-open-2-0,api_player,,
cff6eb07-908a-4412-9f28-3ab5692a2977,,Arun Hemdev,Men's 40+,35.0,-2.0,0.0,0,2,0,2,0,0,0,0,0,29.0,0.0,0.0,0,1.0,https://indianpadeltour.in/players/cff6eb07-908a-4412-9f28-3ab5692a2977,Men's 40+,Arun Hemdev,Men's 40+,35.0,0,False,True,29.0,mumbai-city-open-5-01,uuid,0.0,True
d08e2513-3bf5-441c-aace-831129099cc4,d08e2513-3bf5-441c-aace-831129099cc4,Kavin Vendan,Men's,123.0,300.0,54.0,57,7,4,3,3,4,0,0,54,123.0,0.0,3.0,54,2.0,https://indianpadeltour.in/players/d08e2513-3bf5-441c-aace-831129099cc4,Men's,Kavin,Men's,123.0,54,False,False,123.0,"ipt-kochi-city-open-2-0, ipt-goa-grandslam-11-0",uuid,54.0,True
d0b617f9-dfee-470a-9b18-020c2c90521e,d0b617f9-dfee-470a-9b18-020c2c90521e,Shabri Agarwal,Women's,115.0,-7.0,0.0,33,3,1,2,0,0,0,0,0,108.0,0.0,1.0,0,1.0,https://indianpadeltour.in/players/d0b617f9-dfee-470a-9b18-020c2c90521e,Women's,Shabri Agarwal,Women's,115.0,0,False,False,108.0,ipt-goa-grandslam-11-0,uuid,0.0,True
d0b763e8-69c1-496a-8a5f-5802e4f9eb88,,Atin Gupta,Men's,340.0,-13.0,15.0,0,0,0,0,0,0,0,0,15,291.0,0.0,0.0,15,1.0,https://indianpadeltour.in/players/d0b763e8-69c1-496a-8a5f-5802e4f9eb88,Men's,Atin Gupta,Men's,340.0,15,False,False,291.0,ipt-chandigarh-city-open-2-0,uuid,15.0,True
d0df0275-050d-4a5d-b540-78b2357d7697,,Anant Bothra,Men's,459.0,-36.0,0.0,0,0,0,0,0,0,0,0,0,1.0,0.0,0.0,9,1.0,https://indianpadeltour.in/players/d0df0275-050d-4a5d-b540-78b2357d7697,Men's,Anant Bothra,Men's,459.0,0,False,False,1.0,ipt-hyderabad-city-grandslam-12-0,uuid,0.0,True
d1274dd2-48b5-46b9-9049-6a6bcc38fd2e,d1274dd2-48b5-46b9-9049-6a6bcc38fd2e,Porus Shroff,Men's,25.0,-1.0,588.0,80,5,4,1,0,0,0,0,588,1.0,0.0,4.0,888,6.0,https://indianpadeltour.in/players/d1274dd2-48b5-46b9-9049-6a6bcc38fd2e,Men's,Porus Shroff,Men's,25.0,588,False,False,1.0,mumbai-city-open-5-01,uuid,588.0,True
d16cd43e-c3cb-47e0-8951-8bd1e49e829e,,Bhavuk Dua,,,,,0,0,0,0,0,0,0,0,0,,0.0,0.0,0,,https://indianpadeltour.in/players/d16cd43e-c3cb-47e0-8951-8bd1e49e829e,,Bhavuk Dua,Men's Advance,,0,False,False,,"ipt-hyderabad-city-grandslam-12-0, ipt-chandigarh-city-open-2-0",api_player,,
d17f38c0-bcbf-45b1-8013-e47edf701994,,Simar Chadha,,,,,0,0,0,0,0,0,0,0,0,,0.0,0.0,0,,https://indianpadeltour.in/players/d17f38c0-bcbf-45b1-8013-e47edf701994,,Simar Chadha,Men's Intermediate,,0,False,False,,ipt-chandigarh-city-open-2-0,api_player,,
d195aee3-c907-47fb-a0fa-ee78cb4af2f8,d195aee3-c907-47fb-a0fa-ee78cb4af2f8,Saurav Kankaria,Men's 40+,20.0,0.0,216.0,50,4,2,2,0,0,0,0,216,20.0,0.0,2.0,216,1.0,https://indianpadeltour.in/players/d195aee3-c907-47fb-a0fa-ee78cb4af2f8,Men's 40+,Saurav Kankaria,Men's 40+,20.0,216,False,False,20.0,ipt-goa-grandslam-11-0,uuid,216.0,True
d1f04396-f838-46d4-85da-b6d66583c845,,Nitesh Bharti,,,,,0,0,0,0,0,0,0,0,0,,0.0,0.0,0,,https://indianpadeltour.in/players/d1f04396-f838-46d4-85da-b6d66583c845,,Nitesh Bharti,Men's Beginner,,0,False,False,,ipt-chandigarh-city-open-2-0,api_player,,
d2d7929c-5515-4860-bcc3-871b25fdf56e,d2d7929c-5515-4860-bcc3-871b25fdf56e,Aashna Sanghvi,Women's,115.0,-7.0,0.0,0,2,0,2,0,0,0,0,0,98.0,0.0,0.0,0,1.0,https://indianpadeltour.in/players/d2d7929c-5515-4860-bcc3-871b25fdf56e,Women's,Aashna Sanghvi,Women's,115.0,0,False,False,98.0,mumbai-city-open-5-01,uuid,0.0,True
d4d1cf44-7849-4baa-b956-c56e4613995b,,Ankit Agarwal,Men's 40+,8.0,-1.0,540.0,0,3,0,3,0,0,0,1,540,5.0,0.0,0.0,540,2.0,https://indianpadeltour.in/players/d4d1cf44-7849-4baa-b956-c56e4613995b,"Men's, Men's 40+",Ankit Agarwal,Men's 40+,8.0,540,False,False,5.0,"ipt-hyderabad-city-grandslam-12-0, ipt-chandigarh-city-open-2-0, mumbai-city-open-5-01",uuid,540.0,True
d53736bd-2d26-4977-9d4f-edb8ddc49ffb,d53736bd-2d26-4977-9d4f-edb8ddc49ffb,Swaraj D,Men's,26.0,1.0,570.0,54,13,7,6,3,5,1,0,570,24.0,0.0,2.0,570,6.0,https://indianpadeltour.in/players/d53736bd-2d26-4977-9d4f-edb8ddc49ffb,Men's,Swaraj D,Men's,26.0,570,False,False,24.0,"ipt-chandigarh-city-open-2-0, ipt-kochi-city-open-2-0, ipt-goa-grandslam-11-0, mumbai-city-open-5-01",uuid,570.0,True
d53d58f6-276e-46d7-b68f-122f5cffc310,d53d58f6-276e-46d7-b68f-122f5cffc310,Sagar Patodia,Men's,459.0,-36.0,0.0,0,3,0,3,0,0,0,0,0,423.0,0.0,0.0,0,1.0,https://indianpadeltour.in/players/d53d58f6-276e-46d7-b68f-122f5cffc310,Men's,Sagar Patodia,Men's,459.0,0,False,False,423.0,ipt-goa-grandslam-11-0,uuid,0.0,True
d55bd4eb-f316-443e-bc77-b4223089bb9b,d55bd4eb-f316-443e-bc77-b4223089bb9b,Rishabh Kalokhe,Men's,385.0,-14.0,9.0,25,4,1,3,0,0,0,0,9,371.0,0.0,1.0,9,1.0,https://indianpadeltour.in/players/d55bd4eb-f316-443e-bc77-b4223089bb9b,Men's,Rishabh Kalokhe,Men's,385.0,9,False,False,371.0,ipt-goa-grandslam-11-0,uuid,9.0,True
d5941084-1f2b-46b5-8aec-fca5a323f868,,Abhit Jhanji,,,,,0,0,0,0,0,0,0,0,0,,0.0,0.0,0,,https://indianpadeltour.in/players/d5941084-1f2b-46b5-8aec-fca5a323f868,,Abhit Jhanji,Men's Beginner,,0,False,False,,ipt-chandigarh-city-open-2-0,api_player,,
d5e77120-edf1-4cae-b40a-26c7256c3252,d5e77120-edf1-4cae-b40a-26c7256c3252,Vedanth P Patel,Men's,459.0,,0.0,33,3,1,2,1,3,0,0,0,459.0,1.0,1.0,0,1.0,https://indianpadeltour.in/players/d5e77120-edf1-4cae-b40a-26c7256c3252,Men's,Vedanth P Patel,Men's,459.0,0,False,False,459.0,ipt-kochi-city-open-2-0,uuid,0.0,True
d5fd4570-f27d-42a4-a49f-df51d89e415f,,Shivam Garg,,,,,0,0,0,0,0,0,0,0,0,,0.0,0.0,0,,https://indianpadeltour.in/players/d5fd4570-f27d-42a4-a49f-df51d89e415f,,Shivam Garg,Men's Beginner,,0,False,False,,ipt-chandigarh-city-open-2-0,api_player,,
d647ebc2-b81c-41ed-a991-3bdac08e4f0b,d647ebc2-b81c-41ed-a991-3bdac08e4f0b,Aravind Kannan,Men's,276.0,95.0,18.0,80,5,4,1,4,5,0,0,18,276.0,0.0,4.0,18,2.0,https://indianpadeltour.in/players/d647ebc2-b81c-41ed-a991-3bdac08e4f0b,Men's,Aravind Kannan,Men's,276.0,18,False,False,276.0,ipt-kochi-city-open-2-0,uuid,18.0,True
d7b11e8a-e252-4721-9b62-227fb11e43c2,d7b11e8a-e252-4721-9b62-227fb11e43c2,Shraddha Damani,Women's,6.0,0.0,1180.0,78,9,7,2,0,0,1,2,1180,6.0,0.0,6.0,1180,4.0,https://indianpadeltour.in/players/d7b11e8a-e252-4721-9b62-227fb11e43c2,Women's,Shraddha Damani,Women's,6.0,1180,False,False,6.0,"ipt-goa-grandslam-11-0, mumbai-city-open-5-01",uuid,1180.0,True
d7b4cb8b-ad06-471e-a741-5873a52775a5,,Raghuraj Dewan,Men's,276.0,-11.0,18.0,0,0,0,0,0,0,0,0,18,100.0,0.0,0.0,18,1.0,https://indianpadeltour.in/players/d7b4cb8b-ad06-471e-a741-5873a52775a5,Men's,Raghuraj Dewan,Men's,276.0,18,False,False,100.0,ipt-chandigarh-city-open-2-0,uuid,18.0,True
d802e1cd-2866-48d6-a2c3-a88ef9ee611e,,Rahul Gupta,,,,,0,0,0,0,0,0,0,0,0,,0.0,0.0,0,,https://indianpadeltour.in/players/d802e1cd-2866-48d6-a2c3-a88ef9ee611e,,Rahul Gupta,Men's Intermediate,,0,False,,,,draw_entry,,
d9f3096d-c950-4255-ab76-5da5398f4b3c,,Sai Vishnu Pullela,,,,,0,0,0,0,0,0,0,0,0,,0.0,0.0,0,,https://indianpadeltour.in/players/d9f3096d-c950-4255-ab76-5da5398f4b3c,,Vishnu,Men's Advance,,0,False,,,,draw_entry,,
daa131b4-ca8e-455c-adf2-477b1b9c85d6,,Dhruv Malhotra,,,,,33,3,1,2,1,3,0,0,0,,1.0,1.0,0,,https://indianpadeltour.in/players/daa131b4-ca8e-455c-adf2-477b1b9c85d6,,Druv Mahajan,Men's Beginner,,0,False,False,,ipt-chandigarh-city-open-2-0,api_player,,
daca6104-e707-4880-85fe-ff16d3da0c57,daca6104-e707-4880-85fe-ff16d3da0c57,Meghna Biju,Women's,115.0,,0.0,0,3,0,3,0,3,0,0,0,115.0,0.0,0.0,0,1.0,https://indianpadeltour.in/players/daca6104-e707-4880-85fe-ff16d3da0c57,Women's,Meghna Biju,Women's,115.0,0,False,False,115.0,ipt-kochi-city-open-2-0,uuid,0.0,True
dacff7ad-842d-4f12-8adb-bf190bfb6eb2,dacff7ad-842d-4f12-8adb-bf190bfb6eb2,Karan Daftary,Men's,459.0,-36.0,0.0,50,2,1,1,0,0,0,0,0,386.0,1.0,1.0,0,1.0,https://indianpadeltour.in/players/dacff7ad-842d-4f12-8adb-bf190bfb6eb2,Men's,Karan Daftary,Men's,459.0,0,False,False,386.0,mumbai-city-open-5-01,uuid,0.0,True
db4244f2-196a-41e4-bd02-f90ae3ea565b,db4244f2-196a-41e4-bd02-f90ae3ea565b,Hritesh Agarwal,Men's,51.0,-2.0,186.0,67,6,4,2,0,0,0,0,186,41.0,0.0,4.0,186,3.0,https://indianpadeltour.in/players/db4244f2-196a-41e4-bd02-f90ae3ea565b,Men's,Hritesh Agarwal,Men's,51.0,186,False,False,41.0,ipt-goa-grandslam-11-0,uuid,186.0,True
db525122-7288-4cef-a60c-57d5465c23d2,db525122-7288-4cef-a60c-57d5465c23d2,Punit Chawla,Men's,459.0,-36.0,0.0,0,3,0,3,0,0,0,0,0,423.0,0.0,0.0,0,1.0,https://indianpadeltour.in/players/db525122-7288-4cef-a60c-57d5465c23d2,Men's,Punit Chawla,Men's,459.0,0,False,False,423.0,ipt-goa-grandslam-11-0,uuid,0.0,True
db64450c-aa4a-4b28-beeb-a84f6a75867b,db64450c-aa4a-4b28-beeb-a84f6a75867b,Premal Javeri,Men's 40+,20.0,0.0,216.0,60,5,3,2,0,0,0,0,216,20.0,0.0,2.0,216,1.0,https://indianpadeltour.in/players/db64450c-aa4a-4b28-beeb-a84f6a75867b,Men's 40+,Permal Javeri,Men's 40+,20.0,216,False,False,20.0,ipt-goa-grandslam-11-0,uuid,216.0,True
dbc5acde-d349-45fe-a531-f65e64a50eb8,,Chiraz Singh,,,,,0,0,0,0,0,0,0,0,0,,0.0,0.0,0,,https://indianpadeltour.in/players/dbc5acde-d349-45fe-a531-f65e64a50eb8,,Chiraz Singh,Men's Advance,,0,False,False,,ipt-chandigarh-city-open-2-0,api_player,,
dbd6997d-2211-4a51-9d0e-0676e2966060,dbd6997d-2211-4a51-9d0e-0676e2966060,Kimaya Mehta,Women's,28.0,0.0,138.0,33,3,1,2,0,0,1,0,138,21.0,0.0,1.0,138,2.0,https://indianpadeltour.in/players/dbd6997d-2211-4a51-9d0e-0676e2966060,Women's,Kimaya Mehta,Women's,28.0,138,False,False,21.0,mumbai-city-open-5-01,uuid,138.0,True
dcd604bc-9d5b-4c61-a816-282a5ba39a68,,Nivesh Poddar,,,,,0,0,0,0,0,0,0,0,0,,0.0,0.0,0,,https://indianpadeltour.in/players/dcd604bc-9d5b-4c61-a816-282a5ba39a68,,Nivesh Poddar,Men's Intermediate,,0,False,False,,ipt-chandigarh-city-open-2-0,api_player,,
dd031812-625d-4cf3-9e7d-f3deb5e11120,,Nikhil Indukuri,,,,,0,0,0,0,0,0,0,0,0,,0.0,0.0,0,,https://indianpadeltour.in/players/dd031812-625d-4cf3-9e7d-f3deb5e11120,,Nikhil Indukuri,Men's Beginner,,0,False,,,,draw_entry,,
dd73b3c0-a4c1-4c57-87f1-25fac864cce8,dd73b3c0-a4c1-4c57-87f1-25fac864cce8,Diya Chopra,Women's,115.0,-7.0,0.0,50,2,1,1,0,0,0,0,0,98.0,1.0,1.0,0,1.0,https://indianpadeltour.in/players/dd73b3c0-a4c1-4c57-87f1-25fac864cce8,Women's,Diya Chopra,Women's,115.0,0,False,False,98.0,mumbai-city-open-5-01,uuid,0.0,True
ddb10849-80d7-4445-a21f-8b51010f3dee,ddb10849-80d7-4445-a21f-8b51010f3dee,Tanveer Singh,Men's,164.0,-8.0,39.0,75,4,3,1,0,0,0,0,39,156.0,0.0,3.0,39,2.0,https://indianpadeltour.in/players/ddb10849-80d7-4445-a21f-8b51010f3dee,Men's,Tanveer Singh,Men's,164.0,39,False,False,156.0,"ipt-chandigarh-city-open-2-0, ipt-goa-grandslam-11-0",uuid,39.0,True
de44689c-c743-460c-a4f5-a04b2819a84b,de44689c-c743-460c-a4f5-a04b2819a84b,Sonu Vaidyan,Men's,459.0,,0.0,0,2,0,2,0,2,0,0,0,459.0,0.0,0.0,0,1.0,https://indianpadeltour.in/players/de44689c-c743-460c-a4f5-a04b2819a84b,Men's,Sonu Vaidyan,Men's,459.0,0,False,False,459.0,ipt-kochi-city-open-2-0,uuid,0.0,True
dfcae58c-6114-4a58-ae65-0da63e435421,dfcae58c-6114-4a58-ae65-0da63e435421,Anna Biju,Women's,115.0,,0.0,0,3,0,3,0,3,0,0,0,115.0,0.0,0.0,0,1.0,https://indianpadeltour.in/players/dfcae58c-6114-4a58-ae65-0da63e435421,Women's,Anna Biju,Women's,115.0,0,False,False,115.0,ipt-kochi-city-open-2-0,uuid,0.0,True
e190ca21-bb25-46b3-965e-bcb2ffcc3fd3,e190ca21-bb25-46b3-965e-bcb2ffcc3fd3,Tulsi Mehta,Women's,5.0,0.0,1420.0,86,14,12,2,0,0,1,0,600,1.0,0.0,9.0,600,7.0,https://indianpadeltour.in/players/e190ca21-bb25-46b3-965e-bcb2ffcc3fd3,Women's,Tulsi Mehta,Women's Advance,1.0,600,True,False,1.0,"ipt-goa-grandslam-11-0, mumbai-city-open-5-01",uuid,1420.0,True
e2905309-9439-4aa4-bbad-7419790213fc,,Krishna Teja,,,,,0,0,0,0,0,0,0,0,0,,0.0,0.0,0,,https://indianpadeltour.in/players/e2905309-9439-4aa4-bbad-7419790213fc,,Krishna Teja,Men's Advance,,0,False,True,,ipt-chandigarh-city-open-2-0,api_player,,
e3869e84-3ac2-4379-98af-296be1b0d317,e3869e84-3ac2-4379-98af-296be1b0d317,Ronak Daftary,Men's,223.0,-12.0,24.0,33,3,1,2,0,0,0,0,24,123.0,1.0,1.0,24,3.0,https://indianpadeltour.in/players/e3869e84-3ac2-4379-98af-296be1b0d317,Men's,ronak,Men's,223.0,24,False,False,123.0,mumbai-city-open-5-01,uuid,24.0,True
e4099cdf-1b05-4993-afa7-214dcbc071b1,e4099cdf-1b05-4993-afa7-214dcbc071b1,Tabrez Sopariwala,Men's,131.0,-4.0,52.0,50,2,1,1,0,0,0,0,52,93.0,1.0,1.0,52,4.0,https://indianpadeltour.in/players/e4099cdf-1b05-4993-afa7-214dcbc071b1,Men's,Tabrez Sopariwala,Men's,131.0,52,False,False,93.0,mumbai-city-open-5-01,uuid,52.0,True
e43d9595-fbd4-4780-9231-ed4008b17954,,Ajitesh Kaushal,,,,,0,0,0,0,0,0,0,0,0,,0.0,0.0,0,,https://indianpadeltour.in/players/e43d9595-fbd4-4780-9231-ed4008b17954,,Ajitesh Kaushal,Men's Beginner,,0,False,False,,ipt-chandigarh-city-open-2-0,api_player,,
e5186d66-a2c0-4304-82cd-dcf45a4bc61f,,Nihar Khan,,,,,0,0,0,0,0,0,0,0,0,,0.0,0.0,0,,https://indianpadeltour.in/players/e5186d66-a2c0-4304-82cd-dcf45a4bc61f,,Nihar Khan,Women's Beginner,,0,False,False,,ipt-chandigarh-city-open-2-0,api_player,,
e5e1fbee-18f0-43de-ae31-e7cf693bb458,,Yuvraj Khullar,,,,,0,0,0,0,0,0,0,0,0,,0.0,0.0,0,,https://indianpadeltour.in/players/e5e1fbee-18f0-43de-ae31-e7cf693bb458,,Yuvraj Khullar,Men's Beginner,,0,False,False,,ipt-chandigarh-city-open-2-0,api_player,,
e6060460-a028-48da-8565-3f9ab0a3075f,e6060460-a028-48da-8565-3f9ab0a3075f,Frederick Williams,Men's,459.0,,0.0,33,3,1,2,1,3,0,0,0,459.0,0.0,1.0,0,1.0,https://indianpadeltour.in/players/e6060460-a028-48da-8565-3f9ab0a3075f,Men's,Frederick Williams,Men's,459.0,0,False,False,459.0,ipt-kochi-city-open-2-0,uuid,0.0,True
e6544941-7855-4961-9952-2ab8b4731763,e6544941-7855-4961-9952-2ab8b4731763,Anam Sumar,Women's,104.0,-7.0,9.0,50,4,2,2,0,0,0,0,9,87.0,0.0,2.0,9,1.0,https://indianpadeltour.in/players/e6544941-7855-4961-9952-2ab8b4731763,Women's,Anam Sumar,Women's,104.0,9,False,False,87.0,mumbai-city-open-5-01,uuid,9.0,True
e68d8156-e748-4204-92d6-eadf481febf8,,Japnaam Singh,,,,,0,0,0,0,0,0,0,0,0,,0.0,0.0,0,,https://indianpadeltour.in/players/e68d8156-e748-4204-92d6-eadf481febf8,,Japnaam Singh,Men's Intermediate,,0,False,False,,ipt-chandigarh-city-open-2-0,api_player,,
e784da28-d426-42a0-9808-34955ffbd3b2,,Ajay Dhiman,,,,,0,0,0,0,0,0,0,0,0,,0.0,0.0,0,,https://indianpadeltour.in/players/e784da28-d426-42a0-9808-34955ffbd3b2,,Ajay Dhiman,Men's Intermediate,,0,False,False,,ipt-chandigarh-city-open-2-0,api_player,,
e7f18fca-e2a6-4ee7-9045-df813ab9fd91,e7f18fca-e2a6-4ee7-9045-df813ab9fd91,Nikhil George,Men's,459.0,,0.0,0,2,0,2,0,2,0,0,0,459.0,0.0,0.0,0,1.0,https://indianpadeltour.in/players/e7f18fca-e2a6-4ee7-9045-df813ab9fd91,Men's,Nikhil George,Men's,459.0,0,False,False,459.0,ipt-kochi-city-open-2-0,uuid,0.0,True
e8044892-03da-4d83-be8c-94f5d27641ac,,Ramnish Pal,,,,,0,0,0,0,0,0,0,0,0,,0.0,0.0,0,,https://indianpadeltour.in/players/e8044892-03da-4d83-be8c-94f5d27641ac,,Ramnish Pal,Men's Beginner,,0,False,False,,ipt-chandigarh-city-open-2-0,api_player,,
e8a4f77d-e880-4d53-b392-51dc1255d7cf,,Ustat Kharbanda,Women's,75.0,-6.0,20.0,0,0,0,0,0,0,0,0,20,59.0,0.0,0.0,20,1.0,https://indianpadeltour.in/players/e8a4f77d-e880-4d53-b392-51dc1255d7cf,Women's,Ustat Kharbanda,Women's,75.0,20,False,False,59.0,ipt-chandigarh-city-open-2-0,uuid,20.0,True
e8bb7691-632b-4e35-afe3-cad46e672610,e8bb7691-632b-4e35-afe3-cad46e672610,Arjun Gupta,Men's,183.0,-10.0,32.0,0,3,0,3,0,0,0,1,32,1.0,0.0,0.0,50,4.0,https://indianpadeltour.in/players/e8bb7691-632b-4e35-afe3-cad46e672610,Men's,Arjun Gupta,Men's,183.0,32,False,False,1.0,ipt-goa-grandslam-11-0,uuid,32.0,True
e9405a6b-358f-49d5-8f1e-b1104d1f6a95,e9405a6b-358f-49d5-8f1e-b1104d1f6a95,Ishan Jindal,Men's,276.0,-11.0,18.0,75,4,3,1,0,0,0,0,18,252.0,0.0,3.0,18,1.0,https://indianpadeltour.in/players/e9405a6b-358f-49d5-8f1e-b1104d1f6a95,Men's,Ishan Jindal,Men's,276.0,18,False,False,252.0,mumbai-city-open-5-01,uuid,18.0,True
e96f99c4-060b-4dc8-8800-155d8e8fdbbc,e96f99c4-060b-4dc8-8800-155d8e8fdbbc,Nikita Hingorani,Women's,104.0,-7.0,9.0,75,4,3,1,0,0,0,0,9,87.0,0.0,3.0,9,1.0,https://indianpadeltour.in/players/e96f99c4-060b-4dc8-8800-155d8e8fdbbc,Women's,Nikita Hingorani,Women's,104.0,9,False,False,87.0,mumbai-city-open-5-01,uuid,9.0,True
e9aef618-db1c-42e9-a0ed-c3050a376e4f,e9aef618-db1c-42e9-a0ed-c3050a376e4f,Manav Sreekumar,Men's,9.0,0.0,1220.0,0,3,0,3,0,0,1,1,1220,1.0,0.0,0.0,1340,8.0,https://indianpadeltour.in/players/e9aef618-db1c-42e9-a0ed-c3050a376e4f,Men's,Manav Sreekumar,Men's,9.0,1220,False,False,1.0,mumbai-city-open-5-01,uuid,1220.0,True
ea36ad45-24c2-4b1d-b812-8ebcf72eb5b2,ea36ad45-24c2-4b1d-b812-8ebcf72eb5b2,Rahul Chandwani,Men's,69.0,-2.0,136.0,67,9,6,3,0,0,1,0,136,33.0,0.0,3.0,136,3.0,https://indianpadeltour.in/players/ea36ad45-24c2-4b1d-b812-8ebcf72eb5b2,Men's,Rahul Chandwani,Men's,69.0,136,False,False,33.0,"ipt-goa-grandslam-11-0, mumbai-city-open-5-01",uuid,136.0,True
ea867595-e4fe-4e62-bd2a-4565715ab7ac,,Zia Sen,,,,,0,0,0,0,0,0,0,0,0,,0.0,0.0,0,,https://indianpadeltour.in/players/ea867595-e4fe-4e62-bd2a-4565715ab7ac,,Zia Sen,Women's Intermediate,,0,False,,,,draw_entry,,
ea8745f7-50a3-4a17-ae4e-5d13d042ceb4,ea8745f7-50a3-4a17-ae4e-5d13d042ceb4,Anisha Mirchandani,Women's,7.0,0.0,516.0,57,7,4,3,0,0,1,2,516,1.0,0.0,3.0,756,6.0,https://indianpadeltour.in/players/ea8745f7-50a3-4a17-ae4e-5d13d042ceb4,Women's,Anisha Mirchandani,Women's,7.0,516,False,False,1.0,"ipt-goa-grandslam-11-0, mumbai-city-open-5-01",uuid,516.0,True
eab68233-e9ec-469a-a08a-201750e4d1e8,,Akash Chawla,,,,,0,0,0,0,0,0,0,0,0,,0.0,0.0,0,,https://indianpadeltour.in/players/eab68233-e9ec-469a-a08a-201750e4d1e8,,Akash Chawla,Men's 40+,,0,False,False,,ipt-chandigarh-city-open-2-0,api_player,,
eae761c0-dc5e-44fc-acf1-5229a40242dd,eae761c0-dc5e-44fc-acf1-5229a40242dd,Gopal Mohan,Men's,459.0,,0.0,0,2,0,2,0,2,0,0,0,459.0,0.0,0.0,0,1.0,https://indianpadeltour.in/players/eae761c0-dc5e-44fc-acf1-5229a40242dd,Men's,Gopal Mohan,Men's,459.0,0,False,False,459.0,ipt-kochi-city-open-2-0,uuid,0.0,True
eb6e3572-7307-4365-8009-7450c28a8eae,eb6e3572-7307-4365-8009-7450c28a8eae,Sheehan Furtado,Men's,459.0,-36.0,0.0,0,3,0,3,0,0,0,0,0,423.0,0.0,0.0,0,1.0,https://indianpadeltour.in/players/eb6e3572-7307-4365-8009-7450c28a8eae,Men's,Sheehan Furtado,Men's,459.0,0,False,False,423.0,ipt-goa-grandslam-11-0,uuid,0.0,True
ebb05833-4e36-4fbc-977b-1973a5845aba,ebb05833-4e36-4fbc-977b-1973a5845aba,Kyra Pereira,Women's,115.0,-7.0,0.0,33,6,2,4,0,0,0,0,0,8.0,0.0,2.0,0,1.0,https://indianpadeltour.in/players/ebb05833-4e36-4fbc-977b-1973a5845aba,Women's,Amaya Kothari,Women's Advance,8.0,0,True,False,8.0,"ipt-chandigarh-city-open-2-0, ipt-goa-grandslam-11-0",uuid,0.0,True
ebc5d76f-91bc-487e-af93-9e0a8ed25911,,Darshan Dilbar Singh,,,,,0,0,0,0,0,0,0,0,0,,0.0,0.0,0,,https://indianpadeltour.in/players/ebc5d76f-91bc-487e-af93-9e0a8ed25911,,Darshan Dilbar Singh,Men's Advance,,0,False,False,,ipt-chandigarh-city-open-2-0,api_player,,
ec5f0519-a767-4bff-976f-62cac2d931c5,ec5f0519-a767-4bff-976f-62cac2d931c5,Rohit S,Men's,459.0,-36.0,0.0,0,2,0,2,0,0,0,0,0,386.0,0.0,0.0,0,1.0,https://indianpadeltour.in/players/ec5f0519-a767-4bff-976f-62cac2d931c5,Men's,Rohit S,Men's,459.0,0,False,False,386.0,mumbai-city-open-5-01,uuid,0.0,True
ed32d147-599c-4fe5-9532-1ff957812e74,,Gagandeep Singh Wasu,,,,,0,0,0,0,0,0,0,0,0,,0.0,0.0,0,,https://indianpadeltour.in/players/ed32d147-599c-4fe5-9532-1ff957812e74,,Gagandeep Singh Wasu,Men's 40+,,0,False,False,,ipt-chandigarh-city-open-2-0,api_player,,
ed4faf6e-8a73-488d-a79c-8333c5c5b276,ed4faf6e-8a73-488d-a79c-8333c5c5b276,Alisha Aggarwal,Women's,64.0,,25.0,100,4,4,0,4,4,1,0,25,64.0,4.0,4.0,25,1.0,https://indianpadeltour.in/players/ed4faf6e-8a73-488d-a79c-8333c5c5b276,Women's,Alisha Aggarwal,Women's,64.0,25,False,False,64.0,ipt-kochi-city-open-2-0,uuid,25.0,True
ee0a9dcc-acb3-4a06-a301-ba31f2f6c134,ee0a9dcc-acb3-4a06-a301-ba31f2f6c134,Sachin Thomas,Men's,436.0,,5.0,33,3,1,2,1,3,0,0,5,436.0,0.0,1.0,5,1.0,https://indianpadeltour.in/players/ee0a9dcc-acb3-4a06-a301-ba31f2f6c134,Men's,Sachin Thomas,Men's,436.0,5,False,False,436.0,ipt-kochi-city-open-2-0,uuid,5.0,True
ee6b37d2-ebd5-4a1f-8287-6205907b6fe4,ee6b37d2-ebd5-4a1f-8287-6205907b6fe4,Ashni Kothari,Women's,115.0,-7.0,0.0,0,2,0,2,0,0,0,0,0,98.0,0.0,0.0,0,1.0,https://indianpadeltour.in/players/ee6b37d2-ebd5-4a1f-8287-6205907b6fe4,Women's,Ashni Kothari,Women's,115.0,0,False,False,98.0,mumbai-city-open-5-01,uuid,0.0,True
ef4d0083-3ad2-492d-8070-1d27cb8fa67d,ef4d0083-3ad2-492d-8070-1d27cb8fa67d,Jason Pereira,Men's,459.0,-36.0,0.0,0,3,0,3,0,0,0,0,0,386.0,0.0,0.0,0,1.0,https://indianpadeltour.in/players/ef4d0083-3ad2-492d-8070-1d27cb8fa67d,Men's,Jason Pereira,Men's,459.0,0,False,False,386.0,mumbai-city-open-5-01,uuid,0.0,True
f075566a-ec58-4d8e-b389-4380d75fba34,f075566a-ec58-4d8e-b389-4380d75fba34,Mansi Malhotra,Women's,27.0,0.0,140.0,75,4,3,1,0,0,1,0,140,27.0,1.0,2.0,140,2.0,https://indianpadeltour.in/players/f075566a-ec58-4d8e-b389-4380d75fba34,Women's,Mansi Malhotra,Women's,27.0,140,False,False,27.0,"ipt-chandigarh-city-open-2-0, ipt-goa-grandslam-11-0",uuid,140.0,True
f0f37d22-d27a-4f1a-afed-0f5d3d55f3e0,f0f37d22-d27a-4f1a-afed-0f5d3d55f3e0,Junaiz Odakkal,Men's,385.0,,9.0,60,5,3,2,3,5,0,0,9,385.0,0.0,3.0,9,1.0,https://indianpadeltour.in/players/f0f37d22-d27a-4f1a-afed-0f5d3d55f3e0,Men's,Junaiz Odakkal,Men's,385.0,9,False,False,385.0,ipt-kochi-city-open-2-0,uuid,9.0,True
f10361b9-af81-48db-8dc6-5bdb33b72c6a,f10361b9-af81-48db-8dc6-5bdb33b72c6a,Eshant Uppal,Men's,276.0,-11.0,18.0,60,5,3,2,0,0,0,0,18,265.0,0.0,3.0,18,1.0,https://indianpadeltour.in/players/f10361b9-af81-48db-8dc6-5bdb33b72c6a,Men's,Eshant Uppal,Men's,276.0,18,False,False,265.0,ipt-goa-grandslam-11-0,uuid,18.0,True
f1ecb503-6fab-40e8-8bf8-c18947a0125f,f1ecb503-6fab-40e8-8bf8-c18947a0125f,Savio Zibi,Men's,459.0,,0.0,0,3,0,3,0,3,0,0,0,459.0,0.0,0.0,0,1.0,https://indianpadeltour.in/players/f1ecb503-6fab-40e8-8bf8-c18947a0125f,Men's,Savio Zibi,Men's,459.0,0,False,False,459.0,ipt-kochi-city-open-2-0,uuid,0.0,True
f20c5650-e73d-4731-a1b5-5b89be6d623d,f20c5650-e73d-4731-a1b5-5b89be6d623d,Karan Tandon,Men's,100.0,0.0,90.0,50,2,1,1,0,0,0,1,90,38.0,0.0,1.0,90,4.0,https://indianpadeltour.in/players/f20c5650-e73d-4731-a1b5-5b89be6d623d,Men's,Karan Tandon,Men's,100.0,90,False,False,38.0,"ipt-chandigarh-city-open-2-0, mumbai-city-open-5-01",uuid,90.0,True
f24493ea-3fe2-4286-839f-e2d9f227e629,f24493ea-3fe2-4286-839f-e2d9f227e629,Padma Veda Manikonda,Women's,42.0,0.0,50.0,100,3,3,0,0,0,1,0,50,42.0,3.0,3.0,50,1.0,https://indianpadeltour.in/players/f24493ea-3fe2-4286-839f-e2d9f227e629,Women's,Padma Veda Manikonda,Women's,42.0,50,False,False,42.0,ipt-goa-grandslam-11-0,uuid,50.0,True
f2db3b3d-1aef-4968-a928-0797453d1f8b,f2db3b3d-1aef-4968-a928-0797453d1f8b,Ashwita Hosbettu,Women's,79.0,-6.0,18.0,50,2,1,1,0,0,0,0,18,1.0,0.0,1.0,30,3.0,https://indianpadeltour.in/players/f2db3b3d-1aef-4968-a928-0797453d1f8b,Women's,Ashwita Hosbettu,Women's,79.0,18,False,False,1.0,mumbai-city-open-5-01,uuid,18.0,True
f33dae6c-907f-412f-8d7e-309629142dff,,Prithvi Putta,,,,,0,0,0,0,0,0,0,0,0,,0.0,0.0,0,,https://indianpadeltour.in/players/f33dae6c-907f-412f-8d7e-309629142dff,,Prithvi Putta,Men's Beginner,,0,False,,,,draw_entry,,
f3fe6938-52ee-41b1-af50-ec82c5c39f31,f3fe6938-52ee-41b1-af50-ec82c5c39f31,Sandeep Chawla,Men's,459.0,-36.0,0.0,0,3,0,3,0,0,0,0,0,423.0,0.0,0.0,0,1.0,https://indianpadeltour.in/players/f3fe6938-52ee-41b1-af50-ec82c5c39f31,Men's,Sandeep Chawla,Men's,459.0,0,False,False,423.0,ipt-goa-grandslam-11-0,uuid,0.0,True
f455fd74-d0ee-4f00-b838-363eff4730e6,f455fd74-d0ee-4f00-b838-363eff4730e6,Siddhant Gupta,Men's,181.0,190.0,34.0,79,14,11,3,6,6,1,0,34,181.0,6.0,6.0,34,3.0,https://indianpadeltour.in/players/f455fd74-d0ee-4f00-b838-363eff4730e6,Men's,Siddhant Gupta,Men's,181.0,34,False,False,181.0,"ipt-kochi-city-open-2-0, ipt-goa-grandslam-11-0, mumbai-city-open-5-01",uuid,34.0,True
f4728606-c9b2-4973-b3b5-68149311c1bc,f4728606-c9b2-4973-b3b5-68149311c1bc,Tanushri Biyani,Women's,30.0,0.0,126.0,67,3,2,1,0,0,0,2,126,17.0,0.0,2.0,126,4.0,https://indianpadeltour.in/players/f4728606-c9b2-4973-b3b5-68149311c1bc,Women's,Tanushri Biyani,Women's,30.0,126,False,False,17.0,mumbai-city-open-5-01,uuid,126.0,True
f56cac73-53ea-4e6c-86a7-9ab52222f4a0,f56cac73-53ea-4e6c-86a7-9ab52222f4a0,Vedika Chamria,Women's,115.0,-7.0,0.0,33,3,1,2,0,0,0,0,0,98.0,0.0,1.0,0,1.0,https://indianpadeltour.in/players/f56cac73-53ea-4e6c-86a7-9ab52222f4a0,Women's,Vedika Chamria,Women's,115.0,0,False,False,98.0,mumbai-city-open-5-01,uuid,0.0,True
f5dad384-ffe0-451a-8d85-b6deaa46885b,f5dad384-ffe0-451a-8d85-b6deaa46885b,Pia Kothari,Women's,20.0,0.0,232.0,33,3,1,2,0,0,1,0,232,13.0,0.0,1.0,232,3.0,https://indianpadeltour.in/players/f5dad384-ffe0-451a-8d85-b6deaa46885b,Women's,Pia Kothari,Women's,20.0,232,False,False,13.0,mumbai-city-open-5-01,uuid,232.0,True
f5db5ed7-b6ba-4ce3-bce7-b0593ce1d8d5,f5db5ed7-b6ba-4ce3-bce7-b0593ce1d8d5,Rajesh Shing,Men's,459.0,-36.0,0.0,50,2,1,1,0,0,0,0,0,386.0,0.0,1.0,0,1.0,https://indianpadeltour.in/players/f5db5ed7-b6ba-4ce3-bce7-b0593ce1d8d5,Men's,Rajesh Shing,Men's,459.0,0,False,False,386.0,mumbai-city-open-5-01,uuid,0.0,True
f627335f-f154-4e08-9481-07dffc3a7d35,f627335f-f154-4e08-9481-07dffc3a7d35,Famaz Shanavas,Men's,459.0,-36.0,0.0,0,6,0,6,0,3,0,0,0,1.0,0.0,0.0,240,4.0,https://indianpadeltour.in/players/f627335f-f154-4e08-9481-07dffc3a7d35,Men's,Famas shanavas,Men's,459.0,0,False,False,1.0,"ipt-kochi-city-open-2-0, ipt-goa-grandslam-11-0",uuid,0.0,True
f66d2dd2-a568-40f7-9fb2-51b28845b441,,Sahil Kapoor,,,,,0,0,0,0,0,0,0,0,0,,0.0,0.0,0,,https://indianpadeltour.in/players/f66d2dd2-a568-40f7-9fb2-51b28845b441,,Sahil Kapoor,Men's Intermediate,,0,False,False,,ipt-chandigarh-city-open-2-0,api_player,,
f6c641f1-29cd-45ed-b4df-1421d76f48d3,f6c641f1-29cd-45ed-b4df-1421d76f48d3,Abhinav Grover,Men's,385.0,-14.0,9.0,50,6,3,3,0,2,0,0,9,371.0,0.0,3.0,9,2.0,https://indianpadeltour.in/players/f6c641f1-29cd-45ed-b4df-1421d76f48d3,Men's,Abhinav Grover,Men's,385.0,9,False,False,371.0,"ipt-hyderabad-city-grandslam-12-0, ipt-kochi-city-open-2-0, ipt-goa-grandslam-11-0",uuid,9.0,True
f6e659cb-4a66-4395-9095-16d3ae358fb8,,Rhea Jiandani,,,,,33,3,1,2,0,0,0,0,0,8.0,1.0,1.0,0,,https://indianpadeltour.in/players/f6e659cb-4a66-4395-9095-16d3ae358fb8,,Rhea Jiandani,Mixed Open,8.0,0,False,True,8.0,ipt-goa-grandslam-11-0,api_player,,
f7839dcf-c6f8-47ef-ab89-7261268a37a2,f7839dcf-c6f8-47ef-ab89-7261268a37a2,Sandeep Louis,Men's 40+,35.0,,0.0,0,3,0,3,0,3,0,0,0,35.0,0.0,0.0,0,1.0,https://indianpadeltour.in/players/f7839dcf-c6f8-47ef-ab89-7261268a37a2,Men's 40+,Ravi Varma,Men's 40+,35.0,0,False,False,35.0,ipt-kochi-city-open-2-0,uuid,0.0,True
f890ec3e-8c23-439c-9ea1-cbb778891771,f890ec3e-8c23-439c-9ea1-cbb778891771,Arjun Malhotra,Men's,360.0,-14.0,14.0,50,4,2,2,0,0,0,0,14,1.0,0.0,1.0,20,3.0,https://indianpadeltour.in/players/f890ec3e-8c23-439c-9ea1-cbb778891771,Men's,Arjun Malhotra,Men's,360.0,14,False,False,1.0,mumbai-city-open-5-01,uuid,14.0,True
f8b29fd9-6a1b-4c15-b501-63a633a7daa2,f8b29fd9-6a1b-4c15-b501-63a633a7daa2,Shahnaz Dubash,Women's,57.0,-3.0,30.0,75,4,3,1,0,0,0,1,30,48.0,0.0,3.0,30,1.0,https://indianpadeltour.in/players/f8b29fd9-6a1b-4c15-b501-63a633a7daa2,Women's,Shahnaz Dubash,Women's,57.0,30,False,False,48.0,mumbai-city-open-5-01,uuid,30.0,True
f98b87d6-af21-4087-a820-178b4220e325,f98b87d6-af21-4087-a820-178b4220e325,Prem Mirchandani,Men's,459.0,-36.0,0.0,33,3,1,2,0,0,0,0,0,1.0,0.0,1.0,20,2.0,https://indianpadeltour.in/players/f98b87d6-af21-4087-a820-178b4220e325,Men's,Prem Mirchandani,Men's,459.0,0,False,False,1.0,mumbai-city-open-5-01,uuid,0.0,True
f9b843bd-1ec8-4a5f-bca9-c8bcd130be80,,Supan Kalucha,,,,,0,0,0,0,0,0,0,0,0,,0.0,0.0,0,,https://indianpadeltour.in/players/f9b843bd-1ec8-4a5f-bca9-c8bcd130be80,,Supan Kalucha,Men's 40+,,0,False,False,,ipt-chandigarh-city-open-2-0,api_player,,
f9cbf2db-691e-4851-81e6-be9e05cc4c01,f9cbf2db-691e-4851-81e6-be9e05cc4c01,Atik Luthria,Men's 40+,35.0,-2.0,0.0,0,2,0,2,0,0,0,0,0,29.0,0.0,0.0,0,1.0,https://indianpadeltour.in/players/f9cbf2db-691e-4851-81e6-be9e05cc4c01,Men's 40+,Atik Luthria,Men's 40+,35.0,0,False,False,29.0,mumbai-city-open-5-01,uuid,0.0,True
fa06f6d6-52b5-4d4f-a829-ff09c88c33d2,fa06f6d6-52b5-4d4f-a829-ff09c88c33d2,Arun Chery Jacob,Men's 40+,35.0,,0.0,33,3,1,2,1,3,0,0,0,35.0,1.0,1.0,0,1.0,https://indianpadeltour.in/players/fa06f6d6-52b5-4d4f-a829-ff09c88c33d2,Men's 40+,Arun Chery Jacob,Men's 40+,35.0,0,False,False,35.0,ipt-kochi-city-open-2-0,uuid,0.0,True
fa1fe9c8-1531-42da-8355-e7a0052ab3a2,fa1fe9c8-1531-42da-8355-e7a0052ab3a2,Rajiv Dutt,Men's 40+,24.0,,180.0,50,4,2,2,2,4,0,1,180,24.0,0.0,2.0,180,1.0,https://indianpadeltour.in/players/fa1fe9c8-1531-42da-8355-e7a0052ab3a2,Men's 40+,Rajiv Dutt,Men's 40+,24.0,180,False,False,24.0,ipt-kochi-city-open-2-0,uuid,180.0,True
facc6960-33ef-4c75-ab10-4a2a8ad00b6c,facc6960-33ef-4c75-ab10-4a2a8ad00b6c,Ashwin Saksena,Men's 40+,35.0,-2.0,0.0,25,4,1,3,0,0,0,0,0,33.0,0.0,1.0,0,1.0,https://indianpadeltour.in/players/facc6960-33ef-4c75-ab10-4a2a8ad00b6c,"Men's, Men's 40+",Ashwin Saksena,Men's 40+,35.0,0,False,False,33.0,ipt-goa-grandslam-11-0,uuid,0.0,True
fb63a62c-b1a0-4af6-b540-9ba4ba276976,fb63a62c-b1a0-4af6-b540-9ba4ba276976,Anirudh Jain,Men's,154.0,-8.0,41.0,33,3,1,2,0,0,0,0,41,1.0,1.0,1.0,50,5.0,https://indianpadeltour.in/players/fb63a62c-b1a0-4af6-b540-9ba4ba276976,Men's,Anirudh Jain,Men's,154.0,41,False,False,1.0,mumbai-city-open-5-01,uuid,41.0,True
fb9074c7-a16f-471f-89f8-13ead764d055,fb9074c7-a16f-471f-89f8-13ead764d055,Priyanka Kapadia,Women's,115.0,-7.0,0.0,0,2,0,2,0,0,0,0,0,98.0,0.0,0.0,0,1.0,https://indianpadeltour.in/players/fb9074c7-a16f-471f-89f8-13ead764d055,Women's,Priyanka Kapadia,Women's,115.0,0,False,False,98.0,mumbai-city-open-5-01,uuid,0.0,True
fbb446a9-8fc0-419e-a122-968c42f06acf,fbb446a9-8fc0-419e-a122-968c42f06acf,Rajat Jain,Men's,459.0,-36.0,0.0,0,3,0,3,0,0,0,0,0,423.0,0.0,0.0,0,1.0,https://indianpadeltour.in/players/fbb446a9-8fc0-419e-a122-968c42f06acf,Men's,Rajat Jain,Men's,459.0,0,False,False,423.0,ipt-goa-grandslam-11-0,uuid,0.0,True
fc0eebf1-8d1a-4109-bd09-41bb7b9aedae,fc0eebf1-8d1a-4109-bd09-41bb7b9aedae,Ritika Choudhary,Women's,115.0,-7.0,0.0,0,2,0,2,0,0,0,0,0,108.0,0.0,0.0,0,1.0,https://indianpadeltour.in/players/fc0eebf1-8d1a-4109-bd09-41bb7b9aedae,Women's,Ritika Choudhary,Women's,115.0,0,False,False,108.0,ipt-goa-grandslam-11-0,uuid,0.0,True
fc6dc5ba-b4e3-4b91-983b-fdfb62b164f5,fc6dc5ba-b4e3-4b91-983b-fdfb62b164f5,Kaiz Jaffer,Men's,242.0,106.0,21.0,75,4,3,1,3,4,0,0,21,107.0,0.0,3.0,21,2.0,https://indianpadeltour.in/players/fc6dc5ba-b4e3-4b91-983b-fdfb62b164f5,Men's,Kaiz Jaffer,Men's,242.0,21,False,False,107.0,ipt-kochi-city-open-2-0,uuid,21.0,True
fd2fc206-a249-4592-b4b6-8508a03c6215,,Prabhsifat Kaur,,,,,0,0,0,0,0,0,0,0,0,,0.0,0.0,0,,https://indianpadeltour.in/players/fd2fc206-a249-4592-b4b6-8508a03c6215,,Prabhsifat Kaur,Women's Beginner,,0,False,False,,ipt-chandigarh-city-open-2-0,api_player,,
fd6b4e79-5c63-409c-a459-3fec3067f204,,Gul Arora,,,,,0,0,0,0,0,0,0,0,0,,0.0,0.0,0,,https://indianpadeltour.in/players/fd6b4e79-5c63-409c-a459-3fec3067f204,,Gul Arora,Women's Intermediate,,0,False,False,,ipt-chandigarh-city-open-2-0,api_player,,
fdb26ab4-790d-4401-8a7d-80b071cd0b6b,,Raghav Garg,Men's,243.0,-11.0,20.0,0,0,0,0,0,0,0,0,20,206.0,0.0,0.0,20,1.0,https://indianpadeltour.in/players/fdb26ab4-790d-4401-8a7d-80b071cd0b6b,Men's,Raghav Garg,Men's,243.0,20,False,False,206.0,ipt-chandigarh-city-open-2-0,uuid,20.0,True
fdd501f4-fc04-4991-b817-c6464e1ac492,,Varun Reddy,Men's,109.0,0.0,60.0,0,0,0,0,0,0,1,0,60,1.0,0.0,0.0,69,2.0,https://indianpadeltour.in/players/fdd501f4-fc04-4991-b817-c6464e1ac492,Men's,Varun Reddy,Men's,109.0,60,False,False,1.0,ipt-hyderabad-city-grandslam-12-0,uuid,60.0,True
fde56650-1b21-4853-b436-dd3221ff502d,fde56650-1b21-4853-b436-dd3221ff502d,Shane Biddaiah,Men's,123.0,300.0,54.0,14,7,1,6,1,4,0,0,54,123.0,0.0,1.0,54,2.0,https://indianpadeltour.in/players/fde56650-1b21-4853-b436-dd3221ff502d,Men's,Shane Biddaiah,Men's,123.0,54,False,False,123.0,"ipt-hyderabad-city-grandslam-12-0, ipt-kochi-city-open-2-0, ipt-goa-grandslam-11-0",uuid,54.0,True
fe2baf14-65fa-488a-aa52-602e4fa852e3,fe2baf14-65fa-488a-aa52-602e4fa852e3,Aditi Dugar,Women's,115.0,-7.0,0.0,0,2,0,2,0,0,0,0,0,98.0,0.0,0.0,0,1.0,https://indianpadeltour.in/players/fe2baf14-65fa-488a-aa52-602e4fa852e3,Women's,Aditi Dugar,Women's,115.0,0,False,False,98.0,mumbai-city-open-5-01,uuid,0.0,True
fe4d1fe1-6ad1-4942-901e-df8580b614d2,fe4d1fe1-6ad1-4942-901e-df8580b614d2,Raj Prajapati,Men's 40+,35.0,-2.0,0.0,25,4,1,3,0,0,0,0,0,33.0,0.0,1.0,0,1.0,https://indianpadeltour.in/players/fe4d1fe1-6ad1-4942-901e-df8580b614d2,Men's 40+,Raj Prajapati,Men's 40+,35.0,0,False,False,33.0,ipt-goa-grandslam-11-0,uuid,0.0,True
fed73115-d438-4ece-b3bc-833a35c0af2e,fed73115-d438-4ece-b3bc-833a35c0af2e,Mohamed Anzar,Men's,385.0,,9.0,75,4,3,1,3,4,0,0,9,385.0,0.0,3.0,9,1.0,https://indianpadeltour.in/players/fed73115-d438-4ece-b3bc-833a35c0af2e,Men's,Mohamed Anzar,Men's,385.0,9,False,False,385.0,ipt-kochi-city-open-2-0,uuid,9.0,True
fee9acbd-1e47-4ec5-a495-f49bad8748e6,fee9acbd-1e47-4ec5-a495-f49bad8748e6,Angad Puar,Men's,385.0,-14.0,9.0,50,4,2,2,0,0,0,0,9,371.0,0.0,2.0,9,1.0,https://indianpadeltour.in/players/fee9acbd-1e47-4ec5-a495-f49bad8748e6,Men's,Angad Puar,Men's,385.0,9,False,False,371.0,ipt-goa-grandslam-11-0,uuid,9.0,True
ff05cc74-ed3a-4f11-b5c9-b91e71e5f39d,ff05cc74-ed3a-4f11-b5c9-b91e71e5f39d,Joshua Lobo,Men's,459.0,-36.0,0.0,0,3,0,3,0,0,0,0,0,423.0,0.0,0.0,0,1.0,https://indianpadeltour.in/players/ff05cc74-ed3a-4f11-b5c9-b91e71e5f39d,Men's,Joshua Lobo,Men's,459.0,0,False,False,423.0,ipt-goa-grandslam-11-0,uuid,0.0,True
ff462e1c-14e0-4792-9215-29ecaeed1cfa,ff462e1c-14e0-4792-9215-29ecaeed1cfa,Pranay Shetty,Men's,459.0,,0.0,0,2,0,2,0,2,0,0,0,459.0,0.0,0.0,0,1.0,https://indianpadeltour.in/players/ff462e1c-14e0-4792-9215-29ecaeed1cfa,Men's,Pranay Shetty,Men's,459.0,0,False,False,459.0,ipt-kochi-city-open-2-0,uuid,0.0,True
ffcf99be-96dd-434c-984f-70de62a8348d,,Shray Mehta,Men's,340.0,-13.0,15.0,0,0,0,0,0,0,0,0,15,291.0,0.0,0.0,15,1.0,https://indianpadeltour.in/players/ffcf99be-96dd-434c-984f-70de62a8348d,Men's,Shray Mehta,Men's,340.0,15,False,False,291.0,ipt-chandigarh-city-open-2-0,uuid,15.0,True
ranked-aadit-somil-zaveri,,Aadit Somil Zaveri,Men's,459.0,-36.0,0.0,0,0,0,0,0,0,0,0,0,1.0,,,12,1.0,https://indianpadeltour.in/players/ranked-aadit-somil-zaveri,Men's,Aadit Somil Zaveri,Men's,459.0,0,False,,,,slug,0.0,True
ranked-aadit-zaveri,,Aadit Zaveri,Men's,459.0,-36.0,0.0,0,0,0,0,0,0,0,0,0,1.0,,,120,1.0,https://indianpadeltour.in/players/ranked-aadit-zaveri,Men's,Aadit Zaveri,Men's,459.0,0,False,,,,slug,0.0,True
ranked-aakash-agarwal,,Aakash Agarwal,Men's,459.0,-36.0,0.0,0,0,0,0,0,0,0,0,0,1.0,,,6,1.0,https://indianpadeltour.in/players/ranked-aakash-agarwal,Men's,Aakash Agarwal,Men's,459.0,0,False,,,,slug,0.0,True
ranked-aakash-sachdev,,Aakash Sachdev,Men's 40+,9.0,-1.0,480.0,0,0,0,0,0,0,0,0,480,6.0,,,480,3.0,https://indianpadeltour.in/players/ranked-aakash-sachdev,Men's 40+,Aakash Sachdev,Men's 40+,9.0,480,False,,,,slug,480.0,True
ranked-aakash-shah,,Aakash Shah,Men's,459.0,-36.0,0.0,0,0,0,0,0,0,0,0,0,1.0,,,6,1.0,https://indianpadeltour.in/players/ranked-aakash-shah,Men's,Aakash Shah,Men's,459.0,0,False,,,,slug,0.0,True
ranked-aalap-sharma,,Aalap Sharma,Men's,223.0,-12.0,24.0,0,0,0,0,0,0,0,0,24,157.0,,,24,1.0,https://indianpadeltour.in/players/ranked-aalap-sharma,Men's,Aalap Sharma,Men's,223.0,24,False,,,,slug,24.0,True
ranked-aanchal-vijan,,Aanchal Vijan,Women's,96.0,-7.0,12.0,0,0,0,0,0,0,0,0,12,28.0,,,12,1.0,https://indianpadeltour.in/players/ranked-aanchal-vijan,Women's,Aanchal Vijan,Women's,96.0,12,False,,,,slug,12.0,True
ranked-aarav-jain,,Aarav Jain,Men's,276.0,-11.0,18.0,0,0,0,0,0,0,0,0,18,220.0,,,18,1.0,https://indianpadeltour.in/players/ranked-aarav-jain,Men's,Aarav Jain,Men's,276.0,18,False,,,,slug,18.0,True
ranked-aarav-mehta,,Aarav Mehta,Men's,59.0,-2.0,160.0,0,0,0,0,0,0,0,0,160,1.0,,,280,3.0,https://indianpadeltour.in/players/ranked-aarav-mehta,Men's,Aarav Mehta,Men's,59.0,160,False,,,,slug,160.0,True
ranked-aarti-pandit,,Aarti Pandit,Women's,10.0,0.0,400.0,0,0,0,0,0,0,2,1,400,1.0,,,460,4.0,https://indianpadeltour.in/players/ranked-aarti-pandit,Women's,Aarti Pandit,Women's,10.0,400,False,,,,slug,400.0,True
ranked-aarush-sharma,,Aarush Sharma,Men's,223.0,-12.0,24.0,0,0,0,0,0,0,0,0,24,75.0,,,24,1.0,https://indianpadeltour.in/players/ranked-aarush-sharma,Men's,Aarush Sharma,Men's,223.0,24,False,,,,slug,24.0,True
ranked-aashay-doshi,,Aashay Doshi,Men's,188.0,-10.0,30.0,0,0,0,0,0,0,0,0,30,98.0,,,30,1.0,https://indianpadeltour.in/players/ranked-aashay-doshi,Men's,Aashay Doshi,Men's,188.0,30,False,,,,slug,30.0,True
ranked-aasim-attarwala,,Aasim Attarwala,Men's,188.0,-10.0,30.0,0,0,0,0,0,0,1,0,30,107.0,,,30,1.0,https://indianpadeltour.in/players/ranked-aasim-attarwala,Men's,Aasim Attarwala,Men's,188.0,30,False,,,,slug,30.0,True
ranked-aayush-kedia,,Aayush Kedia,Men's,459.0,-36.0,0.0,0,0,0,0,0,0,0,0,0,1.0,,,20,1.0,https://indianpadeltour.in/players/ranked-aayush-kedia,Men's,Aayush Kedia,Men's,459.0,0,False,,,,slug,0.0,True
ranked-abdul-haadi,,Abdul Haadi,Men's,243.0,-11.0,20.0,0,0,0,0,0,0,0,0,20,163.0,,,20,1.0,https://indianpadeltour.in/players/ranked-abdul-haadi,Men's,Abdul Haadi,Men's,243.0,20,False,,,,slug,20.0,True
ranked-abedin-sham,,Abedin Sham,Men's 40+,9.0,-1.0,480.0,0,0,0,0,0,0,0,0,480,5.0,,,480,2.0,https://indianpadeltour.in/players/ranked-abedin-sham,Men's 40+,Abedin Sham,Men's 40+,9.0,480,False,,,,slug,480.0,True
ranked-abhijeet-kaji,,Abhijeet Kaji,Men's,120.0,0.0,58.0,0,0,0,0,0,0,0,0,58,96.0,,,58,2.0,https://indianpadeltour.in/players/ranked-abhijeet-kaji,Men's,Abhijeet Kaji,Men's,120.0,58,False,,,,slug,58.0,True
ranked-abhijith-s,,Abhijith S,Men's,243.0,-11.0,20.0,0,0,0,0,0,0,0,0,20,49.0,,,20,1.0,https://indianpadeltour.in/players/ranked-abhijith-s,Men's,Abhijith S,Men's,243.0,20,False,,,,slug,20.0,True
ranked-abhilash-kumar,,Abhilash Kumar,Men's,459.0,-36.0,0.0,0,0,0,0,0,0,0,0,0,1.0,,,160,1.0,https://indianpadeltour.in/players/ranked-abhilash-kumar,Men's,Abhilash Kumar,Men's,459.0,0,False,,,,slug,0.0,True
ranked-abhimanyu-shah,,Abhimanyu Shah,Men's,459.0,-36.0,0.0,0,0,0,0,0,0,0,0,0,1.0,,,180,1.0,https://indianpadeltour.in/players/ranked-abhimanyu-shah,Men's,Abhimanyu Shah,Men's,459.0,0,False,,,,slug,0.0,True
ranked-abhinn-kothari,,Abhinn Kothari,Men's,340.0,-13.0,15.0,0,0,0,0,0,0,0,0,15,167.0,,,15,1.0,https://indianpadeltour.in/players/ranked-abhinn-kothari,Men's,Abhinn Kothari,Men's,340.0,15,False,,,,slug,15.0,True
ranked-abhishek-bharara,,Abhishek Bharara,Men's,362.0,-14.0,12.0,0,0,0,0,0,0,0,0,12,188.0,,,12,1.0,https://indianpadeltour.in/players/ranked-abhishek-bharara,Men's,Abhishek Bharara,Men's,362.0,12,False,,,,slug,12.0,True
ranked-abhishek-gamre,,Abhishek Gamre,Men's,459.0,-36.0,0.0,0,0,0,0,0,0,0,0,0,1.0,,,6,1.0,https://indianpadeltour.in/players/ranked-abhishek-gamre,Men's,Abhishek Gamre,Men's,459.0,0,False,,,,slug,0.0,True
ranked-abir-sharma,,Abir Sharma,Men's,276.0,-11.0,18.0,0,0,0,0,0,0,0,1,18,162.0,,,18,1.0,https://indianpadeltour.in/players/ranked-abir-sharma,Men's,Abir Sharma,Men's,276.0,18,False,,,,slug,18.0,True
ranked-abrar-siraj,,Abrar Siraj,Men's,459.0,-36.0,0.0,0,0,0,0,0,0,0,0,0,1.0,,,120,1.0,https://indianpadeltour.in/players/ranked-abrar-siraj,Men's,Abrar Siraj,Men's,459.0,0,False,,,,slug,0.0,True
ranked-adarsh-hegde,,Adarsh Hegde,Men's,385.0,-14.0,9.0,0,0,0,0,0,0,0,0,9,226.0,,,9,1.0,https://indianpadeltour.in/players/ranked-adarsh-hegde,Men's,Adarsh Hegde,Men's,385.0,9,False,,,,slug,9.0,True
ranked-adheesh-borkar,,Adheesh Borkar,Men's,459.0,-36.0,0.0,0,0,0,0,0,0,0,0,0,1.0,,,80,2.0,https://indianpadeltour.in/players/ranked-adheesh-borkar,Men's,Adheesh Borkar,Men's,459.0,0,False,,,,slug,0.0,True
ranked-adil-kalyanpur,,Adil Kalyanpur,Men's,12.0,0.0,1020.0,0,0,0,0,0,0,1,1,1020,1.0,,,1020,3.0,https://indianpadeltour.in/players/ranked-adil-kalyanpur,Men's,Adil Kalyanpur,Men's,12.0,1020,False,,,,slug,1020.0,True
ranked-aditya-bakshi,,Aditya Bakshi,Men's,24.0,-1.0,600.0,0,0,0,0,0,0,0,1,600,1.0,,,780,4.0,https://indianpadeltour.in/players/ranked-aditya-bakshi,Men's,Aditya Bakshi,Men's,24.0,600,False,,,,slug,600.0,True
ranked-aditya-berry,,Aditya Berry,Men's,276.0,-11.0,18.0,0,0,0,0,0,0,0,0,18,90.0,,,18,1.0,https://indianpadeltour.in/players/ranked-aditya-berry,Men's,Aditya Berry,Men's,276.0,18,False,,,,slug,18.0,True
ranked-aditya-doshi,,Aditya Doshi,Men's,155.0,-8.0,40.0,0,0,0,0,0,0,0,0,40,1.0,,,70,2.0,https://indianpadeltour.in/players/ranked-aditya-doshi,Men's,Aditya Doshi,Men's,155.0,40,False,,,,slug,40.0,True
ranked-aditya-khilnani,,Aditya Khilnani,Men's,362.0,-14.0,12.0,0,0,0,0,0,0,0,0,12,188.0,,,12,1.0,https://indianpadeltour.in/players/ranked-aditya-khilnani,Men's,Aditya Khilnani,Men's,362.0,12,False,,,,slug,12.0,True
ranked-aditya-kumar,,Aditya Kumar,Men's,276.0,-11.0,18.0,0,0,0,0,0,0,0,0,18,220.0,,,18,1.0,https://indianpadeltour.in/players/ranked-aditya-kumar,Men's,Aditya Kumar,Men's,276.0,18,False,,,,slug,18.0,True
ranked-aditya-rajani,,Aditya Rajani,Men's,459.0,-36.0,0.0,0,0,0,0,0,0,0,0,0,1.0,,,30,1.0,https://indianpadeltour.in/players/ranked-aditya-rajani,Men's,Aditya Rajani,Men's,459.0,0,False,,,,slug,0.0,True
ranked-aditya-shah,,Aditya Shah,Men's,459.0,-36.0,0.0,0,0,0,0,0,0,0,0,0,1.0,,,6,1.0,https://indianpadeltour.in/players/ranked-aditya-shah,Men's,Aditya Shah,Men's,459.0,0,False,,,,slug,0.0,True
ranked-aditya-shrimankar,,Aditya Shrimankar,Men's,459.0,-36.0,0.0,0,0,0,0,0,0,0,0,0,1.0,,,36,2.0,https://indianpadeltour.in/players/ranked-aditya-shrimankar,Men's,Aditya Shrimankar,Men's,459.0,0,False,,,,slug,0.0,True
ranked-adnan-attarwala,,Adnan Attarwala,Men's,385.0,-14.0,9.0,0,0,0,0,0,0,0,0,9,207.0,,,9,1.0,https://indianpadeltour.in/players/ranked-adnan-attarwala,Men's,Adnan Attarwala,Men's,385.0,9,False,,,,slug,9.0,True
ranked-agisilaos-demetriades,,Agisilaos Demetriades,Men's,385.0,-14.0,9.0,0,0,0,0,0,0,0,0,9,226.0,,,9,1.0,https://indianpadeltour.in/players/ranked-agisilaos-demetriades,Men's,Agisilaos Demetriades,Men's,385.0,9,False,,,,slug,9.0,True
ranked-ahan-rajgor,,Ahan Rajgor,Men's,459.0,-36.0,0.0,0,0,0,0,0,0,0,0,0,1.0,,,20,1.0,https://indianpadeltour.in/players/ranked-ahan-rajgor,Men's,Ahan Rajgor,Men's,459.0,0,False,,,,slug,0.0,True
ranked-akash-mahna,,Akash Mahna,Men's,168.0,-8.0,36.0,0,0,0,0,0,0,0,1,36,47.0,,,36,1.0,https://indianpadeltour.in/players/ranked-akash-mahna,Men's,Akash Mahna,Men's,168.0,36,False,,,,slug,36.0,True
ranked-akbar-khan,,Akbar Khan,Men's,459.0,-36.0,0.0,0,0,0,0,0,0,0,0,0,1.0,,,120,1.0,https://indianpadeltour.in/players/ranked-akbar-khan,Men's,Akbar Khan,Men's,459.0,0,False,,,,slug,0.0,True
ranked-akhil-agarwal,,Akhil Agarwal,Men's,188.0,-10.0,30.0,0,0,0,0,0,0,0,0,30,98.0,,,30,1.0,https://indianpadeltour.in/players/ranked-akhil-agarwal,Men's,Akhil Agarwal,Men's,188.0,30,False,,,,slug,30.0,True
ranked-akhil-agrawal,,Akhil Agrawal,Men's,459.0,-36.0,0.0,0,0,0,0,0,0,0,0,0,1.0,,,20,1.0,https://indianpadeltour.in/players/ranked-akhil-agrawal,Men's,Akhil Agrawal,Men's,459.0,0,False,,,,slug,0.0,True
ranked-akhil-chopra,,Akhil Chopra,Men's,459.0,-36.0,0.0,0,0,0,0,0,0,0,0,0,1.0,,,9,1.0,https://indianpadeltour.in/players/ranked-akhil-chopra,Men's,Akhil Chopra,Men's,459.0,0,False,,,,slug,0.0,True
ranked-akshay-gurnani,,Akshay Gurnani,Men's,459.0,-36.0,0.0,0,0,0,0,0,0,0,0,0,1.0,,,9,1.0,https://indianpadeltour.in/players/ranked-akshay-gurnani,Men's,Akshay Gurnani,Men's,459.0,0,False,,,,slug,0.0,True
ranked-akshay-popawala,,Akshay Popawala,Men's,362.0,-14.0,12.0,0,0,0,0,0,0,0,0,12,1.0,,,24,2.0,https://indianpadeltour.in/players/ranked-akshay-popawala,Men's,Akshay Popawala,Men's,362.0,12,False,,,,slug,12.0,True
ranked-aksshaye-singhania,,Aksshaye Singhania,Men's,31.0,0.0,360.0,0,0,0,0,0,0,0,0,360,1.0,,,720,5.0,https://indianpadeltour.in/players/ranked-aksshaye-singhania,Men's,Aksshaye Singhania,Men's,31.0,360,False,,,,slug,360.0,True
ranked-alex-pedra,,Alex Pedra,Women's,115.0,-7.0,0.0,0,0,0,0,0,0,1,0,0,1.0,,,30,1.0,https://indianpadeltour.in/players/ranked-alex-pedra,Women's,Alex Pedra,Women's,115.0,0,False,,,,slug,0.0,True
ranked-alexander-markos,,Alexander Markos,Men's,223.0,-12.0,24.0,0,0,0,0,0,0,0,0,24,55.0,,,24,1.0,https://indianpadeltour.in/players/ranked-alexander-markos,Men's,Alexander Markos,Men's,223.0,24,False,,,,slug,24.0,True
ranked-ali-uvais,,Ali Uvais,Men's,223.0,-12.0,24.0,0,0,0,0,0,0,0,0,24,55.0,,,24,1.0,https://indianpadeltour.in/players/ranked-ali-uvais,Men's,Ali Uvais,Men's,223.0,24,False,,,,slug,24.0,True
ranked-alia-bhatt,,Alia Bhatt,Women's,96.0,-7.0,12.0,0,0,0,0,0,0,0,0,12,47.0,,,12,1.0,https://indianpadeltour.in/players/ranked-alia-bhatt,Women's,Alia Bhatt,Women's,96.0,12,False,,,,slug,12.0,True
ranked-alisha-chauhan,,Alisha Chauhan,Women's,31.0,0.0,120.0,0,0,0,0,0,0,1,2,120,1.0,,,460,5.0,https://indianpadeltour.in/players/ranked-alisha-chauhan,Women's,Alisha Chauhan,Women's,31.0,120,False,,,,slug,120.0,True
ranked-alisha-gandhi,,Alisha Gandhi,Women's,104.0,-7.0,9.0,0,0,0,0,0,0,0,0,9,55.0,,,9,1.0,https://indianpadeltour.in/players/ranked-alisha-gandhi,Women's,Alisha Gandhi,Women's,104.0,9,False,,,,slug,9.0,True
ranked-amal-hosangady,,Amal Hosangady,Men's,71.0,-2.0,120.0,0,0,0,0,0,0,0,0,120,1.0,,,240,2.0,https://indianpadeltour.in/players/ranked-amal-hosangady,Men's,Amal Hosangady,Men's,71.0,120,False,,,,slug,120.0,True
ranked-aman-doshi,,Aman Doshi,Men's,459.0,-36.0,0.0,0,0,0,0,0,0,0,0,0,1.0,,,6,1.0,https://indianpadeltour.in/players/ranked-aman-doshi,Men's,Aman Doshi,Men's,459.0,0,False,,,,slug,0.0,True
ranked-aman-jain,,Aman Jain,Men's,340.0,-13.0,15.0,0,0,0,0,0,0,0,0,15,167.0,,,15,1.0,https://indianpadeltour.in/players/ranked-aman-jain,Men's,Aman Jain,Men's,340.0,15,False,,,,slug,15.0,True
ranked-amanvir-patel,,Amanvir Patel,Men's,276.0,-11.0,18.0,0,0,0,0,0,0,0,0,18,206.0,,,18,1.0,https://indianpadeltour.in/players/ranked-amanvir-patel,Men's,Amanvir Patel,Men's,276.0,18,False,,,,slug,18.0,True
ranked-amay-merchant,,Amay Merchant,Men's,38.0,-3.0,300.0,0,0,0,0,0,0,0,0,300,1.0,,,720,5.0,https://indianpadeltour.in/players/ranked-amay-merchant,Men's,Amay Merchant,Men's,38.0,300,False,,,,slug,300.0,True
ranked-amit-lala,,Amit Lala,Men's 40+,17.0,0.0,240.0,0,0,0,0,0,0,0,0,240,15.0,,,240,1.0,https://indianpadeltour.in/players/ranked-amit-lala,"Men's, Men's 40+",Amit Lala,Men's 40+,17.0,240,False,,,,slug,240.0,True
ranked-amogha-shettar,,Amogha Shettar,Women's,68.0,-7.0,24.0,0,0,0,0,0,0,0,0,24,36.0,,,24,1.0,https://indianpadeltour.in/players/ranked-amogha-shettar,Women's,Amogha Shettar,Women's,68.0,24,False,,,,slug,24.0,True
ranked-amulya-a,,Amulya A,Women's,115.0,-7.0,0.0,0,0,0,0,0,0,0,0,0,1.0,,,24,1.0,https://indianpadeltour.in/players/ranked-amulya-a,Women's,Amulya A,Women's,115.0,0,False,,,,slug,0.0,True
ranked-anant-goenka,,Anant Goenka,Men's,459.0,-36.0,0.0,0,0,0,0,0,0,0,0,0,1.0,,,9,1.0,https://indianpadeltour.in/players/ranked-anant-goenka,Men's,Anant Goenka,Men's,459.0,0,False,,,,slug,0.0,True
ranked-anant-khaitan,,Anant Khaitan,Men's,340.0,-13.0,15.0,0,0,0,0,0,0,0,0,15,291.0,,,15,1.0,https://indianpadeltour.in/players/ranked-anant-khaitan,Men's,Anant Khaitan,Men's,340.0,15,False,,,,slug,15.0,True
ranked-aneesh-sanghai,,Aneesh Sanghai,Men's,16.0,0.0,1000.0,0,0,0,0,0,0,0,1,1000,1.0,,,1360,8.0,https://indianpadeltour.in/players/ranked-aneesh-sanghai,Men's,Aneesh Sanghai,Men's,16.0,1000,False,,,,slug,1000.0,True
ranked-angad-dev-singh,,Angad Dev Singh,Men's,188.0,-10.0,30.0,0,0,0,0,0,0,0,0,30,160.0,,,30,1.0,https://indianpadeltour.in/players/ranked-angad-dev-singh,Men's,Angad Dev Singh,Men's,188.0,30,False,,,,slug,30.0,True
ranked-angad-marwah,,Angad Marwah,Men's,459.0,-36.0,0.0,0,0,0,0,0,0,0,0,0,1.0,,,40,2.0,https://indianpadeltour.in/players/ranked-angad-marwah,Men's,Angad Marwah,Men's,459.0,0,False,,,,slug,0.0,True
ranked-angadveer-s,,Angadveer S,Men's,276.0,-11.0,18.0,0,0,0,0,0,0,0,0,18,90.0,,,18,1.0,https://indianpadeltour.in/players/ranked-angadveer-s,Men's,Angadveer S,Men's,276.0,18,False,,,,slug,18.0,True
ranked-aniket-nathvani,,Aniket Nathvani,Men's,71.0,-2.0,120.0,0,0,0,0,0,0,0,0,120,17.0,,,120,1.0,https://indianpadeltour.in/players/ranked-aniket-nathvani,Men's,Aniket Nathvani,Men's,71.0,120,False,,,,slug,120.0,True
ranked-aniket-patel,,Aniket Patel,Men's,52.0,-2.0,180.0,0,0,0,0,0,0,0,0,180,9.0,,,180,1.0,https://indianpadeltour.in/players/ranked-aniket-patel,Men's,Aniket Patel,Men's,52.0,180,False,,,,slug,180.0,True
ranked-aniket-pol,,Aniket Pol,Men's,459.0,-36.0,0.0,0,0,0,0,0,0,0,0,0,1.0,,,20,1.0,https://indianpadeltour.in/players/ranked-aniket-pol,Men's,Aniket Pol,Men's,459.0,0,False,,,,slug,0.0,True
ranked-aniket-sheth,,Aniket Sheth,Men's,459.0,-36.0,0.0,0,0,0,0,0,0,0,0,0,1.0,,,9,1.0,https://indianpadeltour.in/players/ranked-aniket-sheth,Men's,Aniket Sheth,Men's,459.0,0,False,,,,slug,0.0,True
ranked-anirudh-gupta,,Anirudh Gupta,Men's,459.0,-36.0,0.0,0,0,0,0,0,0,0,0,0,1.0,,,20,1.0,https://indianpadeltour.in/players/ranked-anirudh-gupta,Men's,Anirudh Gupta,Men's,459.0,0,False,,,,slug,0.0,True
ranked-anish-gupta,,Anish Gupta,Men's,459.0,-36.0,0.0,0,0,0,0,0,0,1,0,0,1.0,,,60,2.0,https://indianpadeltour.in/players/ranked-anish-gupta,Men's,Anish Gupta,Men's,459.0,0,False,,,,slug,0.0,True
ranked-anosh-paghdiwalla,,Anosh Paghdiwalla,Men's,243.0,-11.0,20.0,0,0,0,0,0,0,0,0,20,1.0,,,40,2.0,https://indianpadeltour.in/players/ranked-anosh-paghdiwalla,Men's,Anosh Paghdiwalla,Men's,243.0,20,False,,,,slug,20.0,True
ranked-ansh-shah,,Ansh Shah,Men's,168.0,-8.0,36.0,0,0,0,0,0,0,0,1,36,98.0,,,36,1.0,https://indianpadeltour.in/players/ranked-ansh-shah,Men's,Ansh Shah,Men's,168.0,36,False,,,,slug,36.0,True
ranked-anshuka-parwani,,Anshuka Parwani,Women's,96.0,-7.0,12.0,0,0,0,0,0,0,0,0,12,47.0,,,12,1.0,https://indianpadeltour.in/players/ranked-anshuka-parwani,Women's,Anshuka Parwani,Women's,96.0,12,False,,,,slug,12.0,True
ranked-anuj-rakyan,,Anuj Rakyan,Men's,168.0,-8.0,36.0,0,0,0,0,0,0,0,1,36,100.0,,,36,1.0,https://indianpadeltour.in/players/ranked-anuj-rakyan,Men's,Anuj Rakyan,Men's,168.0,36,False,,,,slug,36.0,True
ranked-anuj-vagha,,Anuj Vagha,Men's,108.0,-1.0,64.0,0,0,0,0,0,0,0,0,64,85.0,,,64,4.0,https://indianpadeltour.in/players/ranked-anuj-vagha,Men's,Anuj Vagha,Men's,108.0,64,False,,,,slug,64.0,True
ranked-anurag-barmecha,,Anurag Barmecha,Men's,276.0,-11.0,18.0,0,0,0,0,0,0,0,0,18,220.0,,,18,1.0,https://indianpadeltour.in/players/ranked-anurag-barmecha,Men's,Anurag Barmecha,Men's,276.0,18,False,,,,slug,18.0,True
ranked-anurag-rao,,Anurag Rao,Men's,59.0,-2.0,160.0,0,0,0,0,0,0,0,0,160,45.0,,,160,1.0,https://indianpadeltour.in/players/ranked-anurag-rao,Men's,Anurag Rao,Men's,59.0,160,False,,,,slug,160.0,True
ranked-anushka-doshi,,Anushka Doshi,Women's,79.0,-6.0,18.0,0,0,0,0,0,0,0,1,18,38.0,,,18,1.0,https://indianpadeltour.in/players/ranked-anushka-doshi,Women's,Anushka Doshi,Women's,79.0,18,False,,,,slug,18.0,True
ranked-arhaan-shah,,Arhaan Shah,Men's,149.0,-8.0,48.0,0,0,0,0,0,0,1,1,48,1.0,,,72,4.0,https://indianpadeltour.in/players/ranked-arhaan-shah,Men's,Arhaan Shah,Men's,149.0,48,False,,,,slug,48.0,True
ranked-arihant-jhaveri,,Arihant Jhaveri,Men's,340.0,-13.0,15.0,0,0,0,0,0,0,0,0,15,229.0,,,15,1.0,https://indianpadeltour.in/players/ranked-arihant-jhaveri,Men's,Arihant Jhaveri,Men's,340.0,15,False,,,,slug,15.0,True
ranked-arjun-agarwal,,Arjun Agarwal,Men's,47.0,-4.0,240.0,0,0,0,0,0,0,0,0,240,1.0,,,360,3.0,https://indianpadeltour.in/players/ranked-arjun-agarwal,Men's,Arjun Agarwal,Men's,47.0,240,False,,,,slug,240.0,True
ranked-arjun-anand,,Arjun Anand,Men's,459.0,-36.0,0.0,0,0,0,0,0,0,0,0,0,1.0,,,12,1.0,https://indianpadeltour.in/players/ranked-arjun-anand,Men's,Arjun Anand,Men's,459.0,0,False,,,,slug,0.0,True
ranked-arjun-chande,,Arjun Chande,Men's,459.0,-36.0,0.0,0,0,0,0,0,0,0,0,0,1.0,,,12,1.0,https://indianpadeltour.in/players/ranked-arjun-chande,Men's,Arjun Chande,Men's,459.0,0,False,,,,slug,0.0,True
ranked-arjun-jashnani,,Arjun Jashnani,Men's,459.0,-36.0,0.0,0,0,0,0,0,0,0,0,0,1.0,,,20,1.0,https://indianpadeltour.in/players/ranked-arjun-jashnani,Men's,Arjun Jashnani,Men's,459.0,0,False,,,,slug,0.0,True
ranked-arjun-kochhar,,Arjun Kochhar,Men's,11.0,0.0,1060.0,0,0,0,0,0,0,0,0,1060,1.0,,,1600,10.0,https://indianpadeltour.in/players/ranked-arjun-kochhar,Men's,Arjun Kochhar,Men's,11.0,1060,False,,,,slug,1060.0,True
ranked-arjun-krisson,,Arjun Krisson,Men's,223.0,-12.0,24.0,0,0,0,0,0,0,0,0,24,168.0,,,24,1.0,https://indianpadeltour.in/players/ranked-arjun-krisson,Men's,Arjun Krisson,Men's,223.0,24,False,,,,slug,24.0,True
ranked-arjun-melwani,,Arjun Melwani,Men's,133.0,-5.0,50.0,0,0,0,0,0,0,1,0,50,78.0,,,50,1.0,https://indianpadeltour.in/players/ranked-arjun-melwani,Men's,Arjun Melwani,Men's,133.0,50,False,,,,slug,50.0,True
ranked-arjun-shah,,Arjun Shah,Men's,29.0,0.0,420.0,0,0,0,0,0,0,0,0,420,24.0,,,420,3.0,https://indianpadeltour.in/players/ranked-arjun-shah,Men's,Arjun Shah,Men's,29.0,420,False,,,,slug,420.0,True
ranked-arnav-ghai,,Arnav Ghai,Men's,276.0,-11.0,18.0,0,0,0,0,0,0,0,0,18,100.0,,,18,1.0,https://indianpadeltour.in/players/ranked-arnav-ghai,Men's,Arnav Ghai,Men's,276.0,18,False,,,,slug,18.0,True
ranked-arohi-choksi,,Arohi Choksi,Women's,48.0,-2.0,40.0,0,0,0,0,0,0,0,0,40,23.0,,,40,1.0,https://indianpadeltour.in/players/ranked-arohi-choksi,Women's,Arohi Choksi,Women's,48.0,40,False,,,,slug,40.0,True
ranked-arpit-tibrewala,,Arpit Tibrewala,Men's,459.0,-36.0,0.0,0,0,0,0,0,0,0,0,0,1.0,,,300,2.0,https://indianpadeltour.in/players/ranked-arpit-tibrewala,Men's,Arpit Tibrewala,Men's,459.0,0,False,,,,slug,0.0,True
ranked-arsh-jairath,,Arsh Jairath,Men's,340.0,-13.0,15.0,0,0,0,0,0,0,0,0,15,291.0,,,15,1.0,https://indianpadeltour.in/players/ranked-arsh-jairath,Men's,Arsh Jairath,Men's,340.0,15,False,,,,slug,15.0,True
ranked-arshay-jain,,Arshay Jain,Men's,340.0,-13.0,15.0,0,0,0,0,0,0,0,0,15,291.0,,,15,1.0,https://indianpadeltour.in/players/ranked-arshay-jain,Men's,Arshay Jain,Men's,340.0,15,False,,,,slug,15.0,True
ranked-arun-balajee,,Arun Balajee,Men's,459.0,-36.0,0.0,0,0,0,0,0,0,0,0,0,1.0,,,6,1.0,https://indianpadeltour.in/players/ranked-arun-balajee,Men's,Arun Balajee,Men's,459.0,0,False,,,,slug,0.0,True
ranked-arun-chery,,Arun Chery,Men's,109.0,0.0,60.0,0,0,0,0,0,0,1,0,60,39.0,,,60,1.0,https://indianpadeltour.in/players/ranked-arun-chery,Men's,Arun Chery,Men's,109.0,60,False,,,,slug,60.0,True
ranked-arundhati-sheth,,Arundhati Sheth,Women's,79.0,-6.0,18.0,0,0,0,0,0,0,0,0,18,38.0,,,18,1.0,https://indianpadeltour.in/players/ranked-arundhati-sheth,Women's,Arundhati Sheth,Women's,79.0,18,False,,,,slug,18.0,True
ranked-aryan-budhiraja,,Aryan Budhiraja,Men's,340.0,-13.0,15.0,0,0,0,0,0,0,0,0,15,291.0,,,15,1.0,https://indianpadeltour.in/players/ranked-aryan-budhiraja,Men's,Aryan Budhiraja,Men's,340.0,15,False,,,,slug,15.0,True
ranked-aryan-jajodia,,Aryan Jajodia,Men's,459.0,-36.0,0.0,0,0,0,0,0,0,0,1,0,1.0,,,18,1.0,https://indianpadeltour.in/players/ranked-aryan-jajodia,Men's,Aryan Jajodia,Men's,459.0,0,False,,,,slug,0.0,True
ranked-aryan-sanghvi,,Aryan Sanghvi,Men's,188.0,-10.0,30.0,0,0,0,0,0,0,0,0,30,130.0,,,30,1.0,https://indianpadeltour.in/players/ranked-aryan-sanghvi,Men's,Aryan Sanghvi,Men's,188.0,30,False,,,,slug,30.0,True
ranked-ashish-kumar,,Ashish Kumar,Men's,243.0,-11.0,20.0,0,0,0,0,0,0,0,0,20,123.0,,,20,1.0,https://indianpadeltour.in/players/ranked-ashish-kumar,Men's,Ashish Kumar,Men's,243.0,20,False,,,,slug,20.0,True
ranked-ashish-shetty,,Ashish Shetty,Men's,459.0,-36.0,0.0,0,0,0,0,0,0,1,0,0,1.0,,,100,1.0,https://indianpadeltour.in/players/ranked-ashish-shetty,Men's,Ashish Shetty,Men's,459.0,0,False,,,,slug,0.0,True
ranked-atiff-bham,,Atiff Bham,Men's,133.0,-5.0,50.0,0,0,0,0,0,0,1,0,50,78.0,,,50,1.0,https://indianpadeltour.in/players/ranked-atiff-bham,Men's,Atiff Bham,Men's,133.0,50,False,,,,slug,50.0,True
ranked-aurangzeb-anabagil,,Aurangzeb Anabagil,Men's,243.0,-11.0,20.0,0,0,0,0,0,0,1,0,20,1.0,,,50,2.0,https://indianpadeltour.in/players/ranked-aurangzeb-anabagil,Men's,Aurangzeb Anabagil,Men's,243.0,20,False,,,,slug,20.0,True
ranked-austin-varghese,,Austin Varghese,Men's,47.0,-4.0,240.0,0,0,0,0,0,0,0,0,240,5.0,,,240,1.0,https://indianpadeltour.in/players/ranked-austin-varghese,Men's,Austin Varghese,Men's,47.0,240,False,,,,slug,240.0,True
ranked-avinash-mansukhani,,Avinash Mansukhani,Men's,166.0,-8.0,38.0,0,0,0,0,0,0,0,0,38,1.0,,,88,4.0,https://indianpadeltour.in/players/ranked-avinash-mansukhani,Men's,Avinash Mansukhani,Men's,166.0,38,False,,,,slug,38.0,True
ranked-ayush-grover,,Ayush Grover,Men's,109.0,0.0,60.0,0,0,0,0,0,0,0,1,60,103.0,,,60,1.0,https://indianpadeltour.in/players/ranked-ayush-grover,Men's,Ayush Grover,Men's,109.0,60,False,,,,slug,60.0,True
ranked-ayush-kapur,,Ayush Kapur,Men's,459.0,-36.0,0.0,0,0,0,0,0,0,0,0,0,1.0,,,20,1.0,https://indianpadeltour.in/players/ranked-ayush-kapur,Men's,Ayush Kapur,Men's,459.0,0,False,,,,slug,0.0,True
ranked-ayushi-mukhopadhyay,,Ayushi Mukhopadhyay,Women's,68.0,-7.0,24.0,0,0,0,0,0,0,0,0,24,36.0,,,24,1.0,https://indianpadeltour.in/players/ranked-ayushi-mukhopadhyay,Women's,Ayushi Mukhopadhyay,Women's,68.0,24,False,,,,slug,24.0,True
ranked-beynaz-mistry,,Beynaz Mistry,Women's,115.0,-7.0,0.0,0,0,0,0,0,0,0,0,0,1.0,,,12,1.0,https://indianpadeltour.in/players/ranked-beynaz-mistry,Women's,Beynaz Mistry,Women's,115.0,0,False,,,,slug,0.0,True
ranked-bhakti-mehta,,Bhakti Mehta,Women's,115.0,-7.0,0.0,0,0,0,0,0,0,0,0,0,1.0,,,240,1.0,https://indianpadeltour.in/players/ranked-bhakti-mehta,Women's,Bhakti Mehta,Women's,115.0,0,False,,,,slug,0.0,True
ranked-bhanu-arora,,Bhanu Arora,Men's,223.0,-12.0,24.0,0,0,0,0,0,0,0,0,24,75.0,,,24,1.0,https://indianpadeltour.in/players/ranked-bhanu-arora,Men's,Bhanu Arora,Men's,223.0,24,False,,,,slug,24.0,True
ranked-bharat-singh,,Bharat Singh,Men's,385.0,-14.0,9.0,0,0,0,0,0,0,0,0,9,226.0,,,9,1.0,https://indianpadeltour.in/players/ranked-bharat-singh,Men's,Bharat Singh,Men's,385.0,9,False,,,,slug,9.0,True
ranked-bhargav-kodali,,Bhargav Kodali,Men's,188.0,-10.0,30.0,0,0,0,0,0,0,0,1,30,160.0,,,30,1.0,https://indianpadeltour.in/players/ranked-bhargav-kodali,Men's,Bhargav Kodali,Men's,188.0,30,False,,,,slug,30.0,True
ranked-bharti-bhambwani,,Bharti Bhambwani,Women's,115.0,-7.0,0.0,0,0,0,0,0,0,0,1,0,1.0,,,18,1.0,https://indianpadeltour.in/players/ranked-bharti-bhambwani,Women's,Bharti Bhambwani,Women's,115.0,0,False,,,,slug,0.0,True
ranked-bhavik-thakker,,Bhavik Thakker,Men's,459.0,-36.0,0.0,0,0,0,0,0,0,1,0,0,1.0,,,30,1.0,https://indianpadeltour.in/players/ranked-bhavik-thakker,Men's,Bhavik Thakker,Men's,459.0,0,False,,,,slug,0.0,True
ranked-bhishma-desai,,Bhishma Desai,Men's,168.0,-8.0,36.0,0,0,0,0,0,0,0,1,36,127.0,,,36,1.0,https://indianpadeltour.in/players/ranked-bhishma-desai,Men's,Bhishma Desai,Men's,168.0,36,False,,,,slug,36.0,True
ranked-bhuveer-kodani,,Bhuveer Kodani,Men's,459.0,-36.0,0.0,0,0,0,0,0,0,0,0,0,1.0,,,30,1.0,https://indianpadeltour.in/players/ranked-bhuveer-kodani,Men's,Bhuveer Kodani,Men's,459.0,0,False,,,,slug,0.0,True
ranked-bruno-rauis,,Bruno Rauis,Men's,459.0,-36.0,0.0,0,0,0,0,0,0,0,0,0,1.0,,,6,1.0,https://indianpadeltour.in/players/ranked-bruno-rauis,Men's,Bruno Rauis,Men's,459.0,0,False,,,,slug,0.0,True
ranked-chait-advani,,Chait Advani,Men's,276.0,-11.0,18.0,0,0,0,0,0,0,0,0,18,162.0,,,18,1.0,https://indianpadeltour.in/players/ranked-chait-advani,Men's,Chait Advani,Men's,276.0,18,False,,,,slug,18.0,True
ranked-chaitali-narde,,Chaitali Narde,Women's,115.0,-7.0,0.0,0,0,0,0,0,0,0,1,0,1.0,,,360,1.0,https://indianpadeltour.in/players/ranked-chaitali-narde,Women's,Chaitali Narde,Women's,115.0,0,False,,,,slug,0.0,True
ranked-chirag-nihalani,,Chirag Nihalani,Men's,459.0,-36.0,0.0,0,0,0,0,0,0,0,0,0,1.0,,,20,1.0,https://indianpadeltour.in/players/ranked-chirag-nihalani,Men's,Chirag Nihalani,Men's,459.0,0,False,,,,slug,0.0,True
ranked-chirag-pangoriya,,Chirag Pangoriya,Men's,183.0,-10.0,32.0,0,0,0,0,0,0,0,0,32,1.0,,,72,4.0,https://indianpadeltour.in/players/ranked-chirag-pangoriya,Men's,Chirag Pangoriya,Men's,183.0,32,False,,,,slug,32.0,True
ranked-cyrus-aga,,Cyrus Aga,Men's 40+,24.0,0.0,180.0,0,0,0,0,0,0,0,0,180,19.0,,,180,1.0,https://indianpadeltour.in/players/ranked-cyrus-aga,Men's 40+,Cyrus Aga,Men's 40+,24.0,180,False,,,,slug,180.0,True
ranked-cyrus-sethna,,Cyrus Sethna,Men's,459.0,-36.0,0.0,0,0,0,0,0,0,0,0,0,1.0,,,120,1.0,https://indianpadeltour.in/players/ranked-cyrus-sethna,Men's,Cyrus Sethna,Men's,459.0,0,False,,,,slug,0.0,True
ranked-dashrath-somashekar,,Dashrath Somashekar,Men's,362.0,-14.0,12.0,0,0,0,0,0,0,0,0,12,282.0,,,12,1.0,https://indianpadeltour.in/players/ranked-dashrath-somashekar,Men's,Dashrath Somashekar,Men's,362.0,12,False,,,,slug,12.0,True
ranked-deeksha-kumar,,Deeksha Kumar,Women's,48.0,-2.0,40.0,0,0,0,0,0,0,0,0,40,37.0,,,40,1.0,https://indianpadeltour.in/players/ranked-deeksha-kumar,Women's,Deeksha Kumar,Women's,48.0,40,False,,,,slug,40.0,True
ranked-deepak-chugh,,Deepak Chugh,Men's,66.0,-2.0,150.0,0,0,0,0,0,0,0,0,150,41.0,,,150,2.0,https://indianpadeltour.in/players/ranked-deepak-chugh,Men's,Deepak Chugh,Men's,66.0,150,False,,,,slug,150.0,True
ranked-deepak-jaitly,,Deepak Jaitly,Men's 40+,17.0,0.0,240.0,0,0,0,0,0,0,0,0,240,5.0,,,240,1.0,https://indianpadeltour.in/players/ranked-deepak-jaitly,"Men's, Men's 40+",Deepak Jaitly,Men's 40+,17.0,240,False,,,,slug,240.0,True
ranked-dev-mehta,,Dev Mehta,Men's,276.0,-11.0,18.0,0,0,0,0,0,0,0,1,18,220.0,,,18,1.0,https://indianpadeltour.in/players/ranked-dev-mehta,Men's,Dev Mehta,Men's,276.0,18,False,,,,slug,18.0,True
ranked-dev-singh,,Dev Singh,Men's,243.0,-11.0,20.0,0,0,0,0,0,0,0,0,20,1.0,,,40,2.0,https://indianpadeltour.in/players/ranked-dev-singh,Men's,Dev Singh,Men's,243.0,20,False,,,,slug,20.0,True
ranked-devrath-sagar,,Devrath Sagar,Men's,109.0,0.0,60.0,0,0,0,0,0,0,0,1,60,1.0,,,180,2.0,https://indianpadeltour.in/players/ranked-devrath-sagar,Men's,Devrath Sagar,Men's,109.0,60,False,,,,slug,60.0,True
ranked-dhruv-chugh,,Dhruv Chugh,Men's,93.0,0.0,100.0,0,0,0,0,0,0,1,0,100,33.0,,,100,1.0,https://indianpadeltour.in/players/ranked-dhruv-chugh,Men's,Dhruv Chugh,Men's,93.0,100,False,,,,slug,100.0,True
ranked-dhruv-jatti,,Dhruv Jatti,Men's,459.0,-36.0,0.0,0,0,0,0,0,0,0,0,0,1.0,,,9,1.0,https://indianpadeltour.in/players/ranked-dhruv-jatti,Men's,Dhruv Jatti,Men's,459.0,0,False,,,,slug,0.0,True
ranked-dhruv-nath,,Dhruv Nath,Men's,385.0,-14.0,9.0,0,0,0,0,0,0,0,0,9,207.0,,,9,1.0,https://indianpadeltour.in/players/ranked-dhruv-nath,Men's,Dhruv Nath,Men's,385.0,9,False,,,,slug,9.0,True
ranked-dhruv-sanghai,,Dhruv Sanghai,Men's,97.0,0.0,96.0,0,0,0,0,0,0,0,1,96,1.0,,,146,5.0,https://indianpadeltour.in/players/ranked-dhruv-sanghai,Men's,Dhruv Sanghai,Men's,97.0,96,False,,,,slug,96.0,True
ranked-divya-n,,Divya N,Women's,115.0,-7.0,0.0,0,0,0,0,0,0,0,0,0,1.0,,,24,1.0,https://indianpadeltour.in/players/ranked-divya-n,Women's,Divya N,Women's,115.0,0,False,,,,slug,0.0,True
ranked-divyang-kumar,,Divyang Kumar,Men's,459.0,-36.0,0.0,0,0,0,0,0,0,0,0,0,1.0,,,120,1.0,https://indianpadeltour.in/players/ranked-divyang-kumar,Men's,Divyang Kumar,Men's,459.0,0,False,,,,slug,0.0,True
ranked-diya-sanghi,,Diya Sanghi,Women's,12.0,0.0,296.0,0,0,0,0,0,0,1,1,296,10.0,,,296,3.0,https://indianpadeltour.in/players/ranked-diya-sanghi,Women's,Diya Sanghi,Women's,12.0,296,False,,,,slug,296.0,True
ranked-diyaan-chheda,,Diyaan Chheda,Men's,71.0,-2.0,120.0,0,0,0,0,0,0,0,0,120,37.0,,,120,1.0,https://indianpadeltour.in/players/ranked-diyaan-chheda,Men's,Diyaan Chheda,Men's,71.0,120,False,,,,slug,120.0,True
ranked-ekta-phadke,,Ekta Phadke,Women's,104.0,-7.0,9.0,0,0,0,0,0,0,0,0,9,55.0,,,9,1.0,https://indianpadeltour.in/players/ranked-ekta-phadke,Women's,Ekta Phadke,Women's,104.0,9,False,,,,slug,9.0,True
ranked-eran-sai-teja,,Eran Sai Teja,Men's,155.0,-8.0,40.0,0,0,0,0,0,0,0,0,40,37.0,,,40,1.0,https://indianpadeltour.in/players/ranked-eran-sai-teja,Men's,Eran Sai Teja,Men's,155.0,40,False,,,,slug,40.0,True
ranked-everl-dsouza,,Everl Dsouza,Men's,459.0,-36.0,0.0,0,0,0,0,0,0,0,0,0,1.0,,,40,1.0,https://indianpadeltour.in/players/ranked-everl-dsouza,Men's,Everl Dsouza,Men's,459.0,0,False,,,,slug,0.0,True
ranked-felippe-trujillo,,Felippe Trujillo,Men's,459.0,-36.0,0.0,0,0,0,0,0,0,0,1,0,1.0,,,360,1.0,https://indianpadeltour.in/players/ranked-felippe-trujillo,Men's,Felippe Trujillo,Men's,459.0,0,False,,,,slug,0.0,True
ranked-francina-thompson,,Francina Thompson,Women's,79.0,-6.0,18.0,0,0,0,0,0,0,0,0,18,38.0,,,18,1.0,https://indianpadeltour.in/players/ranked-francina-thompson,Women's,Francina Thompson,Women's,79.0,18,False,,,,slug,18.0,True
ranked-gagan-ps,,Gagan PS,Men's,459.0,-36.0,0.0,0,0,0,0,0,0,0,1,0,1.0,,,240,1.0,https://indianpadeltour.in/players/ranked-gagan-ps,Men's,Gagan PS,Men's,459.0,0,False,,,,slug,0.0,True
ranked-gaurav-d,,Gaurav D,Men's,276.0,-11.0,18.0,0,0,0,0,0,0,0,0,18,162.0,,,18,1.0,https://indianpadeltour.in/players/ranked-gaurav-d,Men's,Gaurav D,Men's,276.0,18,False,,,,slug,18.0,True
ranked-george-poonnen,,George Poonnen,Men's,459.0,-36.0,0.0,0,0,0,0,0,0,1,0,0,1.0,,,100,1.0,https://indianpadeltour.in/players/ranked-george-poonnen,Men's,George Poonnen,Men's,459.0,0,False,,,,slug,0.0,True
ranked-girish-singhania,,Girish Singhania,Men's,459.0,-36.0,0.0,0,0,0,0,0,0,0,0,0,1.0,,,120,1.0,https://indianpadeltour.in/players/ranked-girish-singhania,Men's,Girish Singhania,Men's,459.0,0,False,,,,slug,0.0,True
ranked-govind-mohan,,Govind Mohan,Men's,71.0,-2.0,120.0,0,0,0,0,0,0,0,0,120,28.0,,,120,1.0,https://indianpadeltour.in/players/ranked-govind-mohan,Men's,Govind Mohan,Men's,71.0,120,False,,,,slug,120.0,True
ranked-gurangad-malik,,Gurangad Malik,Men's,188.0,-10.0,30.0,0,0,0,0,0,0,0,0,30,130.0,,,30,1.0,https://indianpadeltour.in/players/ranked-gurangad-malik,Men's,Gurangad Malik,Men's,188.0,30,False,,,,slug,30.0,True
ranked-hardik-vardhan,,Hardik Vardhan,Men's,188.0,-10.0,30.0,0,0,0,0,0,0,0,0,30,90.0,,,30,2.0,https://indianpadeltour.in/players/ranked-hardik-vardhan,Men's,Hardik Vardhan,Men's,188.0,30,False,,,,slug,30.0,True
ranked-harsh-chauhan,,Harsh Chauhan,Men's,340.0,-13.0,15.0,0,0,0,0,0,0,0,0,15,167.0,,,15,1.0,https://indianpadeltour.in/players/ranked-harsh-chauhan,Men's,Harsh Chauhan,Men's,340.0,15,False,,,,slug,15.0,True
ranked-harsh-keswani,,Harsh Keswani,Men's,340.0,-13.0,15.0,0,0,0,0,0,0,0,0,15,229.0,,,15,1.0,https://indianpadeltour.in/players/ranked-harsh-keswani,Men's,Harsh Keswani,Men's,340.0,15,False,,,,slug,15.0,True
ranked-harsh-seth,,Harsh Seth,Men's,276.0,-11.0,18.0,0,0,0,0,0,0,0,1,18,162.0,,,18,1.0,https://indianpadeltour.in/players/ranked-harsh-seth,Men's,Harsh Seth,Men's,276.0,18,False,,,,slug,18.0,True
ranked-harshal-rukhaiyar,,Harshal Rukhaiyar,Men's,71.0,-2.0,120.0,0,0,0,0,0,0,0,0,120,17.0,,,120,1.0,https://indianpadeltour.in/players/ranked-harshal-rukhaiyar,Men's,Harshal Rukhaiyar,Men's,71.0,120,False,,,,slug,120.0,True
ranked-harshil-thakker,,Harshil Thakker,Men's,459.0,-36.0,0.0,0,0,0,0,0,0,0,0,0,1.0,,,40,1.0,https://indianpadeltour.in/players/ranked-harshil-thakker,Men's,Harshil Thakker,Men's,459.0,0,False,,,,slug,0.0,True
ranked-hashim-dsouza,,Hashim Dsouza,Men's,459.0,-36.0,0.0,0,0,0,0,0,0,0,0,0,1.0,,,30,1.0,https://indianpadeltour.in/players/ranked-hashim-dsouza,Men's,Hashim Dsouza,Men's,459.0,0,False,,,,slug,0.0,True
ranked-heena-karla-thakkar,,Heena Karla Thakkar,Women's,115.0,-7.0,0.0,0,0,0,0,0,0,0,0,0,1.0,,,12,1.0,https://indianpadeltour.in/players/ranked-heena-karla-thakkar,Women's,Heena Karla Thakkar,Women's,115.0,0,False,,,,slug,0.0,True
ranked-himanshu-kumar-singh,,Himanshu Kumar Singh,Men's,459.0,-36.0,0.0,0,0,0,0,0,0,0,0,0,1.0,,,20,1.0,https://indianpadeltour.in/players/ranked-himanshu-kumar-singh,Men's,Himanshu Kumar Singh,Men's,459.0,0,False,,,,slug,0.0,True
ranked-himanshu-mali,,Himanshu Mali,Men's,31.0,0.0,360.0,0,0,0,0,0,0,0,0,360,26.0,,,360,3.0,https://indianpadeltour.in/players/ranked-himanshu-mali,Men's,Himanshu Mali,Men's,31.0,360,False,,,,slug,360.0,True
ranked-hussain-badri,,Hussain Badri,Men's,47.0,-4.0,240.0,0,0,0,0,0,0,0,1,240,1.0,,,840,5.0,https://indianpadeltour.in/players/ranked-hussain-badri,Men's,Hussain Badri,Men's,47.0,240,False,,,,slug,240.0,True
ranked-inder-prakash-khatri,,Inder Prakash Khatri,Men's,243.0,-11.0,20.0,0,0,0,0,0,0,0,0,20,49.0,,,20,1.0,https://indianpadeltour.in/players/ranked-inder-prakash-khatri,Men's,Inder Prakash Khatri,Men's,243.0,20,False,,,,slug,20.0,True
ranked-ira-banerjee,,Ira Banerjee,Women's,115.0,-7.0,0.0,0,0,0,0,0,0,0,1,0,1.0,,,36,1.0,https://indianpadeltour.in/players/ranked-ira-banerjee,Women's,Ira Banerjee,Women's,115.0,0,False,,,,slug,0.0,True
ranked-ishaan-datta,,Ishaan Datta,Men's,459.0,-36.0,0.0,0,0,0,0,0,0,0,0,0,1.0,,,180,1.0,https://indianpadeltour.in/players/ranked-ishaan-datta,Men's,Ishaan Datta,Men's,459.0,0,False,,,,slug,0.0,True
ranked-ishaan-maitreya,,Ishaan Maitreya,Men's,133.0,-5.0,50.0,0,0,0,0,0,0,1,0,50,101.0,,,50,1.0,https://indianpadeltour.in/players/ranked-ishaan-maitreya,Men's,Ishaan Maitreya,Men's,133.0,50,False,,,,slug,50.0,True
ranked-jaanav-reddy,,Jaanav Reddy,Men's,188.0,-10.0,30.0,0,0,0,0,0,0,1,0,30,149.0,,,30,1.0,https://indianpadeltour.in/players/ranked-jaanav-reddy,Men's,Jaanav Reddy,Men's,188.0,30,False,,,,slug,30.0,True
ranked-jagriti-choudhary,,Jagriti Choudhary,Women's,38.0,0.0,66.0,0,0,0,0,0,0,0,0,66,13.0,,,66,3.0,https://indianpadeltour.in/players/ranked-jagriti-choudhary,Women's,Jagriti Choudhary,Women's,38.0,66,False,,,,slug,66.0,True
ranked-jash-shah,,Jash Shah,Men's,276.0,-11.0,18.0,0,0,0,0,0,0,0,0,18,90.0,,,18,1.0,https://indianpadeltour.in/players/ranked-jash-shah,Men's,Jash Shah,Men's,276.0,18,False,,,,slug,18.0,True
ranked-jasmer-kapany,,Jasmer Kapany,Men's,22.0,0.0,676.0,0,0,0,0,0,0,0,0,676,9.0,,,676,4.0,https://indianpadeltour.in/players/ranked-jasmer-kapany,Men's,Jasmer Kapany,Men's,22.0,676,False,,,,slug,676.0,True
ranked-jason-varghese,,Jason Varghese,Men's,188.0,-10.0,30.0,0,0,0,0,0,0,0,0,30,41.0,,,30,1.0,https://indianpadeltour.in/players/ranked-jason-varghese,Men's,Jason Varghese,Men's,188.0,30,False,,,,slug,30.0,True
ranked-jay-dalal,,Jay Dalal,Men's,71.0,-2.0,120.0,0,0,0,0,0,0,0,0,120,1.0,,,480,3.0,https://indianpadeltour.in/players/ranked-jay-dalal,Men's,Jay Dalal,Men's,71.0,120,False,,,,slug,120.0,True
ranked-jay-mehta,,Jay Mehta,Men's,459.0,-36.0,0.0,0,0,0,0,0,0,0,0,0,1.0,,,120,1.0,https://indianpadeltour.in/players/ranked-jay-mehta,Men's,Jay Mehta,Men's,459.0,0,False,,,,slug,0.0,True
ranked-jeet-desai,,Jeet Desai,Men's,133.0,-5.0,50.0,0,0,0,0,0,0,1,0,50,101.0,,,50,1.0,https://indianpadeltour.in/players/ranked-jeet-desai,Men's,Jeet Desai,Men's,133.0,50,False,,,,slug,50.0,True
ranked-jehan-daruvala,,Jehan Daruvala,Men's,459.0,-36.0,0.0,0,0,0,0,0,0,0,0,0,1.0,,,180,1.0,https://indianpadeltour.in/players/ranked-jehan-daruvala,Men's,Jehan Daruvala,Men's,459.0,0,False,,,,slug,0.0,True
ranked-jenai-bilimoria,,Jenai Bilimoria,Women's,4.0,0.0,2452.0,0,0,0,0,0,0,5,1,2452,1.0,,,3292,8.0,https://indianpadeltour.in/players/ranked-jenai-bilimoria,Women's,Jenai Bilimoria,Women's,4.0,2452,False,,,,slug,2452.0,True
ranked-jigar-doshi,,Jigar Doshi,Men's,243.0,-11.0,20.0,0,0,0,0,0,0,0,0,20,1.0,,,40,2.0,https://indianpadeltour.in/players/ranked-jigar-doshi,Men's,Jigar Doshi,Men's,243.0,20,False,,,,slug,20.0,True
ranked-johann-fernandes,,Johann Fernandes,Women's,115.0,-7.0,0.0,0,0,0,0,0,0,1,1,0,1.0,,,960,2.0,https://indianpadeltour.in/players/ranked-johann-fernandes,Women's,Johann Fernandes,Women's,115.0,0,False,,,,slug,0.0,True
ranked-joseph-palal,,Joseph Palal,Men's,276.0,-11.0,18.0,0,0,0,0,0,0,0,0,18,75.0,,,18,1.0,https://indianpadeltour.in/players/ranked-joseph-palal,Men's,Joseph Palal,Men's,276.0,18,False,,,,slug,18.0,True
ranked-josh-bhasin,,Josh Bhasin,Men's,42.0,-2.0,280.0,0,0,0,0,0,0,0,0,280,16.0,,,280,2.0,https://indianpadeltour.in/players/ranked-josh-bhasin,Men's,Josh Bhasin,Men's,42.0,280,False,,,,slug,280.0,True
ranked-k-k-cherian,,K K Cherian,Men's,276.0,-11.0,18.0,0,0,0,0,0,0,0,0,18,75.0,,,18,1.0,https://indianpadeltour.in/players/ranked-k-k-cherian,Men's,K K Cherian,Men's,276.0,18,False,,,,slug,18.0,True
ranked-kabbir-sukhwani,,Kabbir Sukhwani,Men's,155.0,-8.0,40.0,0,0,0,0,0,0,0,0,40,113.0,,,40,1.0,https://indianpadeltour.in/players/ranked-kabbir-sukhwani,Men's,Kabbir Sukhwani,Men's,155.0,40,False,,,,slug,40.0,True
ranked-kabir-seth,,Kabir Seth,Men's,459.0,-36.0,0.0,0,0,0,0,0,0,0,0,0,1.0,,,20,1.0,https://indianpadeltour.in/players/ranked-kabir-seth,Men's,Kabir Seth,Men's,459.0,0,False,,,,slug,0.0,True
ranked-kamran-attarwala,,Kamran Attarwala,Men's,385.0,-14.0,9.0,0,0,0,0,0,0,0,0,9,207.0,,,9,1.0,https://indianpadeltour.in/players/ranked-kamran-attarwala,Men's,Kamran Attarwala,Men's,385.0,9,False,,,,slug,9.0,True
ranked-kanishq-mahida,,Kanishq Mahida,Men's,459.0,-36.0,0.0,0,0,0,0,0,0,0,0,0,1.0,,,120,1.0,https://indianpadeltour.in/players/ranked-kanishq-mahida,Men's,Kanishq Mahida,Men's,459.0,0,False,,,,slug,0.0,True
ranked-kannan-rahul,,Kannan Rahul,Men's,385.0,-14.0,9.0,0,0,0,0,0,0,0,0,9,207.0,,,9,1.0,https://indianpadeltour.in/players/ranked-kannan-rahul,Men's,Kannan Rahul,Men's,385.0,9,False,,,,slug,9.0,True
ranked-karan-bhangay,,Karan Bhangay,Men's,385.0,-14.0,9.0,0,0,0,0,0,0,0,0,9,226.0,,,9,1.0,https://indianpadeltour.in/players/ranked-karan-bhangay,Men's,Karan Bhangay,Men's,385.0,9,False,,,,slug,9.0,True
ranked-karan-chahal,,Karan Chahal,Men's,459.0,-36.0,0.0,0,0,0,0,0,0,0,0,0,1.0,,,9,1.0,https://indianpadeltour.in/players/ranked-karan-chahal,Men's,Karan Chahal,Men's,459.0,0,False,,,,slug,0.0,True
ranked-karan-goenka,,Karan Goenka,Men's,168.0,-8.0,36.0,0,0,0,0,0,0,0,1,36,135.0,,,36,1.0,https://indianpadeltour.in/players/ranked-karan-goenka,Men's,Karan Goenka,Men's,168.0,36,False,,,,slug,36.0,True
ranked-karan-melwani,,Karan Melwani,Men's 40+,17.0,0.0,240.0,0,0,0,0,0,0,0,0,240,15.0,,,240,1.0,https://indianpadeltour.in/players/ranked-karan-melwani,Men's 40+,Karan Melwani,Men's 40+,17.0,240,False,,,,slug,240.0,True
ranked-karan-parekh,,Karan Parekh,Men's,109.0,0.0,60.0,0,0,0,0,0,0,0,1,60,67.0,,,60,1.0,https://indianpadeltour.in/players/ranked-karan-parekh,Men's,Karan Parekh,Men's,109.0,60,False,,,,slug,60.0,True
ranked-karan-singh,,Karan Singh,Men's,362.0,-14.0,12.0,0,0,0,0,0,0,0,0,12,203.0,,,12,1.0,https://indianpadeltour.in/players/ranked-karan-singh,Men's,Karan Singh,Men's,362.0,12,False,,,,slug,12.0,True
ranked-karishma-singhal,,Karishma Singhal,Women's,75.0,-6.0,20.0,0,0,0,0,0,0,0,0,20,59.0,,,20,1.0,https://indianpadeltour.in/players/ranked-karishma-singhal,Women's,Karishma Singhal,Women's,75.0,20,False,,,,slug,20.0,True
ranked-karmanya-ahuja,,Karmanya Ahuja,Men's,459.0,-36.0,0.0,0,0,0,0,0,0,0,0,0,1.0,,,20,1.0,https://indianpadeltour.in/players/ranked-karmanya-ahuja,Men's,Karmanya Ahuja,Men's,459.0,0,False,,,,slug,0.0,True
ranked-karn-shukla,,Karn Shukla,Men's,276.0,-11.0,18.0,0,0,0,0,0,0,0,1,18,1.0,,,30,2.0,https://indianpadeltour.in/players/ranked-karn-shukla,Men's,Karn Shukla,Men's,276.0,18,False,,,,slug,18.0,True
ranked-karthikeyan-polavarapu,,Karthikeyan Polavarapu,Men's,188.0,-10.0,30.0,0,0,0,0,0,0,0,1,30,160.0,,,30,1.0,https://indianpadeltour.in/players/ranked-karthikeyan-polavarapu,Men's,Karthikeyan Polavarapu,Men's,188.0,30,False,,,,slug,30.0,True
ranked-kashish-malkani,,Kashish Malkani,Men's,151.0,-8.0,44.0,0,0,0,0,0,0,0,0,44,49.0,,,44,2.0,https://indianpadeltour.in/players/ranked-kashish-malkani,Men's,Kashish Malkani,Men's,151.0,44,False,,,,slug,44.0,True
ranked-kashyap-ashok,,Kashyap Ashok,Men's,52.0,-2.0,180.0,0,0,0,0,0,0,0,0,180,46.0,,,180,1.0,https://indianpadeltour.in/players/ranked-kashyap-ashok,Men's,Kashyap Ashok,Men's,52.0,180,False,,,,slug,180.0,True
ranked-kaustubh-thakur,,Kaustubh Thakur,Men's,188.0,-10.0,30.0,0,0,0,0,0,0,0,1,30,167.0,,,30,1.0,https://indianpadeltour.in/players/ranked-kaustubh-thakur,Men's,Kaustubh Thakur,Men's,188.0,30,False,,,,slug,30.0,True
ranked-kavish-moriani,,Kavish Moriani,Men's,459.0,-36.0,0.0,0,0,0,0,0,0,0,0,0,1.0,,,60,2.0,https://indianpadeltour.in/players/ranked-kavish-moriani,Men's,Kavish Moriani,Men's,459.0,0,False,,,,slug,0.0,True
ranked-keenan-tham,,Keenan Tham,Men's,223.0,-12.0,24.0,0,0,0,0,0,0,0,0,24,69.0,,,24,1.0,https://indianpadeltour.in/players/ranked-keenan-tham,Men's,Keenan Tham,Men's,223.0,24,False,,,,slug,24.0,True
ranked-kismet-singh,,Kismet Singh,Women's,57.0,-3.0,30.0,0,0,0,0,0,0,0,1,30,44.0,,,30,1.0,https://indianpadeltour.in/players/ranked-kismet-singh,Women's,Kismet Singh,Women's,57.0,30,False,,,,slug,30.0,True
ranked-krish-khetwani,,Krish Khetwani,Men's,459.0,-36.0,0.0,0,0,0,0,0,0,0,0,0,1.0,,,20,1.0,https://indianpadeltour.in/players/ranked-krish-khetwani,Men's,Krish Khetwani,Men's,459.0,0,False,,,,slug,0.0,True
ranked-krishna-chawla,,Krishna Chawla,Men's,362.0,-14.0,12.0,0,0,0,0,0,0,0,0,12,107.0,,,12,1.0,https://indianpadeltour.in/players/ranked-krishna-chawla,Men's,Krishna Chawla,Men's,362.0,12,False,,,,slug,12.0,True
ranked-krishna-daryanani,,Krishna Daryanani,Men's,362.0,-14.0,12.0,0,0,0,0,0,0,0,0,12,282.0,,,12,1.0,https://indianpadeltour.in/players/ranked-krishna-daryanani,Men's,Krishna Daryanani,Men's,362.0,12,False,,,,slug,12.0,True
ranked-kunal-bhatia,,Kunal Bhatia,Men's,459.0,-36.0,0.0,0,0,0,0,0,0,0,0,0,1.0,,,20,1.0,https://indianpadeltour.in/players/ranked-kunal-bhatia,Men's,Kunal Bhatia,Men's,459.0,0,False,,,,slug,0.0,True
ranked-kunal-chadha,,Kunal Chadha,Men's,459.0,-36.0,0.0,0,0,0,0,0,0,0,0,0,1.0,,,120,1.0,https://indianpadeltour.in/players/ranked-kunal-chadha,Men's,Kunal Chadha,Men's,459.0,0,False,,,,slug,0.0,True
ranked-kunal-virwan,,Kunal Virwan,Men's,459.0,-36.0,0.0,0,0,0,0,0,0,0,0,0,1.0,,,9,1.0,https://indianpadeltour.in/players/ranked-kunal-virwan,Men's,Kunal Virwan,Men's,459.0,0,False,,,,slug,0.0,True
ranked-kushhal-kela,,Kushhal Kela,Men's,459.0,-36.0,0.0,0,0,0,0,0,0,0,0,0,1.0,,,6,1.0,https://indianpadeltour.in/players/ranked-kushhal-kela,Men's,Kushhal Kela,Men's,459.0,0,False,,,,slug,0.0,True
ranked-kyan-bharucha,,Kyan Bharucha,Men's,459.0,-36.0,0.0,0,0,0,0,0,0,0,0,0,1.0,,,20,1.0,https://indianpadeltour.in/players/ranked-kyan-bharucha,Men's,Kyan Bharucha,Men's,459.0,0,False,,,,slug,0.0,True
ranked-lakshya-sood,,Lakshya Sood,Women's,68.0,-7.0,24.0,0,0,0,0,0,0,0,0,24,36.0,,,24,1.0,https://indianpadeltour.in/players/ranked-lakshya-sood,Women's,Lakshya Sood,Women's,68.0,24,False,,,,slug,24.0,True
ranked-lokesh-pun,,Lokesh Pun,Men's,109.0,0.0,60.0,0,0,0,0,0,0,0,1,60,103.0,,,60,1.0,https://indianpadeltour.in/players/ranked-lokesh-pun,Men's,Lokesh Pun,Men's,109.0,60,False,,,,slug,60.0,True
ranked-maanav-jain,,Maanav Jain,Men's,459.0,-36.0,0.0,0,0,0,0,0,0,0,0,0,1.0,,,160,1.0,https://indianpadeltour.in/players/ranked-maanav-jain,Men's,Maanav Jain,Men's,459.0,0,False,,,,slug,0.0,True
ranked-madhav-kotak,,Madhav Kotak,Men's,362.0,-14.0,12.0,0,0,0,0,0,0,0,1,12,1.0,,,72,2.0,https://indianpadeltour.in/players/ranked-madhav-kotak,Men's,Madhav Kotak,Men's,362.0,12,False,,,,slug,12.0,True
ranked-madhavakrishnan-s,,MadhavaKrishnan S,Men's,459.0,-36.0,0.0,0,0,0,0,0,0,0,1,0,1.0,,,18,1.0,https://indianpadeltour.in/players/ranked-madhavakrishnan-s,Men's,MadhavaKrishnan S,Men's,459.0,0,False,,,,slug,0.0,True
ranked-mahir-chadha,,Mahir Chadha,Men's,459.0,-36.0,0.0,0,0,0,0,0,0,0,0,0,1.0,,,6,1.0,https://indianpadeltour.in/players/ranked-mahir-chadha,Men's,Mahir Chadha,Men's,459.0,0,False,,,,slug,0.0,True
ranked-maithili-parikh,,Maithili Parikh,Women's,96.0,-7.0,12.0,0,0,0,0,0,0,0,0,12,47.0,,,12,1.0,https://indianpadeltour.in/players/ranked-maithili-parikh,Women's,Maithili Parikh,Women's,96.0,12,False,,,,slug,12.0,True
ranked-maitreyi-parikh,,Maitreyi Parikh,Women's,42.0,0.0,50.0,0,0,0,0,0,0,1,0,50,1.0,,,62,2.0,https://indianpadeltour.in/players/ranked-maitreyi-parikh,Women's,Maitreyi Parikh,Women's,42.0,50,False,,,,slug,50.0,True
ranked-manav-peshwani,,Manav Peshwani,Men's,59.0,-2.0,160.0,0,0,0,0,0,0,0,0,160,45.0,,,160,1.0,https://indianpadeltour.in/players/ranked-manav-peshwani,Men's,Manav Peshwani,Men's,59.0,160,False,,,,slug,160.0,True
ranked-mangesh-iname,,Mangesh Iname,Men's,188.0,-10.0,30.0,0,0,0,0,0,0,0,1,30,98.0,,,30,1.0,https://indianpadeltour.in/players/ranked-mangesh-iname,Men's,Mangesh Iname,Men's,188.0,30,False,,,,slug,30.0,True
ranked-manik-oberoi,,Manik Oberoi,Men's,276.0,-11.0,18.0,0,0,0,0,0,0,0,0,18,220.0,,,18,1.0,https://indianpadeltour.in/players/ranked-manik-oberoi,Men's,Manik Oberoi,Men's,276.0,18,False,,,,slug,18.0,True
ranked-manjunath-nanjundashetty,,Manjunath Nanjundashetty,Men's,459.0,-36.0,0.0,0,0,0,0,0,0,1,0,0,1.0,,,400,1.0,https://indianpadeltour.in/players/ranked-manjunath-nanjundashetty,Men's,Manjunath Nanjundashetty,Men's,459.0,0,False,,,,slug,0.0,True
ranked-mankaran-talwar,,Mankaran Talwar,Men's,223.0,-12.0,24.0,0,0,0,0,0,0,0,0,24,75.0,,,24,1.0,https://indianpadeltour.in/players/ranked-mankaran-talwar,Men's,Mankaran Talwar,Men's,223.0,24,False,,,,slug,24.0,True
ranked-matt-shaw,,Matt Shaw,Men's,276.0,-11.0,18.0,0,0,0,0,0,0,0,0,18,162.0,,,18,1.0,https://indianpadeltour.in/players/ranked-matt-shaw,Men's,Matt Shaw,Men's,276.0,18,False,,,,slug,18.0,True
ranked-medhansh-nagpal,,Medhansh Nagpal,Men's,243.0,-11.0,20.0,0,0,0,0,0,0,0,0,20,163.0,,,20,1.0,https://indianpadeltour.in/players/ranked-medhansh-nagpal,Men's,Medhansh Nagpal,Men's,243.0,20,False,,,,slug,20.0,True
ranked-megh-patel,,Megh Patel,Men's,52.0,-2.0,180.0,0,0,0,0,0,0,0,0,180,9.0,,,180,1.0,https://indianpadeltour.in/players/ranked-megh-patel,Men's,Megh Patel,Men's,52.0,180,False,,,,slug,180.0,True
ranked-mihika-yadav,,Mihika Yadav,Women's,115.0,-7.0,0.0,0,0,0,0,0,0,1,0,0,1.0,,,30,1.0,https://indianpadeltour.in/players/ranked-mihika-yadav,Women's,Mihika Yadav,Women's,115.0,0,False,,,,slug,0.0,True
ranked-milla-rae,,Milla Rae,Women's,79.0,-6.0,18.0,0,0,0,0,0,0,0,0,18,38.0,,,18,1.0,https://indianpadeltour.in/players/ranked-milla-rae,Women's,Milla Rae,Women's,79.0,18,False,,,,slug,18.0,True
ranked-mir-mehta,,Mir Mehta,Men's,155.0,-8.0,40.0,0,0,0,0,0,0,0,0,40,113.0,,,40,1.0,https://indianpadeltour.in/players/ranked-mir-mehta,Men's,Mir Mehta,Men's,155.0,40,False,,,,slug,40.0,True
ranked-mirish-shah,,Mirish Shah,Men's,459.0,-36.0,0.0,0,0,0,0,0,0,0,0,0,1.0,,,120,1.0,https://indianpadeltour.in/players/ranked-mirish-shah,Men's,Mirish Shah,Men's,459.0,0,False,,,,slug,0.0,True
ranked-mithun-sheth,,Mithun Sheth,Men's,459.0,-36.0,0.0,0,0,0,0,0,0,0,0,0,1.0,,,9,1.0,https://indianpadeltour.in/players/ranked-mithun-sheth,Men's,Mithun Sheth,Men's,459.0,0,False,,,,slug,0.0,True
ranked-mohamed-ali-furniturewala,,Mohamed Ali Furniturewala,Men's,459.0,-36.0,0.0,0,0,0,0,0,0,0,0,0,1.0,,,60,2.0,https://indianpadeltour.in/players/ranked-mohamed-ali-furniturewala,Men's,Mohamed Ali Furniturewala,Men's,459.0,0,False,,,,slug,0.0,True
ranked-mohammed-junaid,,Mohammed Junaid,Men's,385.0,-14.0,9.0,0,0,0,0,0,0,0,0,9,306.0,,,9,1.0,https://indianpadeltour.in/players/ranked-mohammed-junaid,Men's,Mohammed Junaid,Men's,385.0,9,False,,,,slug,9.0,True
ranked-mohammed-m,,Mohammed M,Men's,459.0,-36.0,0.0,0,0,0,0,0,0,0,0,0,1.0,,,20,1.0,https://indianpadeltour.in/players/ranked-mohammed-m,Men's,Mohammed M,Men's,459.0,0,False,,,,slug,0.0,True
ranked-mohammed-rushnaiwala,,Mohammed Rushnaiwala,Men's,188.0,-10.0,30.0,0,0,0,0,0,0,0,0,30,130.0,,,30,1.0,https://indianpadeltour.in/players/ranked-mohammed-rushnaiwala,Men's,Mohammed Rushnaiwala,Men's,188.0,30,False,,,,slug,30.0,True
ranked-mohammed-talha-gigani,,Mohammed Talha Gigani,Men's,183.0,-10.0,32.0,0,0,0,0,0,0,0,0,32,93.0,,,32,2.0,https://indianpadeltour.in/players/ranked-mohammed-talha-gigani,Men's,Mohammed Talha Gigani,Men's,183.0,32,False,,,,slug,32.0,True
ranked-mohit-dahiya,,Mohit Dahiya,Men's,71.0,-2.0,120.0,0,0,0,0,0,0,0,0,120,37.0,,,120,1.0,https://indianpadeltour.in/players/ranked-mohit-dahiya,Men's,Mohit Dahiya,Men's,71.0,120,False,,,,slug,120.0,True
ranked-mrinalini-pandit,,Mrinalini Pandit,Women's,104.0,-7.0,9.0,0,0,0,0,0,0,0,0,9,55.0,,,9,1.0,https://indianpadeltour.in/players/ranked-mrinalini-pandit,Women's,Mrinalini Pandit,Women's,104.0,9,False,,,,slug,9.0,True
ranked-mudit-kapoor,,Mudit Kapoor,Men's,459.0,-36.0,0.0,0,0,0,0,0,0,0,0,0,1.0,,,20,1.0,https://indianpadeltour.in/players/ranked-mudit-kapoor,Men's,Mudit Kapoor,Men's,459.0,0,False,,,,slug,0.0,True
ranked-mudit-sanghavi,,Mudit Sanghavi,Men's,243.0,-11.0,20.0,0,0,0,0,0,0,0,0,20,163.0,,,20,1.0,https://indianpadeltour.in/players/ranked-mudit-sanghavi,Men's,Mudit Sanghavi,Men's,243.0,20,False,,,,slug,20.0,True
ranked-muhammed-hussain,,Muhammed Hussain,Men's,385.0,-14.0,9.0,0,0,0,0,0,0,0,0,9,306.0,,,9,1.0,https://indianpadeltour.in/players/ranked-muhammed-hussain,Men's,Muhammed Hussain,Men's,385.0,9,False,,,,slug,9.0,True
ranked-muhammed-miras,,Muhammed Miras,Men's,71.0,-2.0,120.0,0,0,0,0,0,0,0,0,120,17.0,,,120,1.0,https://indianpadeltour.in/players/ranked-muhammed-miras,Men's,Muhammed Miras,Men's,71.0,120,False,,,,slug,120.0,True
ranked-muhsin-abdulrahiman,,Muhsin Abdulrahiman,Men's,276.0,-11.0,18.0,0,0,0,0,0,0,0,0,18,75.0,,,18,1.0,https://indianpadeltour.in/players/ranked-muhsin-abdulrahiman,Men's,Muhsin Abdulrahiman,Men's,276.0,18,False,,,,slug,18.0,True
ranked-nakul-vengsarkar,,Nakul Vengsarkar,Men's,459.0,-36.0,0.0,0,0,0,0,0,0,0,0,0,1.0,,,9,1.0,https://indianpadeltour.in/players/ranked-nakul-vengsarkar,Men's,Nakul Vengsarkar,Men's,459.0,0,False,,,,slug,0.0,True
ranked-nandish-vasa,,Nandish Vasa,Men's,243.0,-11.0,20.0,0,0,0,0,0,0,0,0,20,163.0,,,20,1.0,https://indianpadeltour.in/players/ranked-nandish-vasa,Men's,Nandish Vasa,Men's,243.0,20,False,,,,slug,20.0,True
ranked-nasir-masood,,Nasir Masood,Men's,168.0,-8.0,36.0,0,0,0,0,0,0,0,1,36,135.0,,,36,1.0,https://indianpadeltour.in/players/ranked-nasir-masood,Men's,Nasir Masood,Men's,168.0,36,False,,,,slug,36.0,True
ranked-natalie-mankani,,Natalie Mankani,Women's,115.0,-7.0,0.0,0,0,0,0,0,0,0,0,0,1.0,,,24,1.0,https://indianpadeltour.in/players/ranked-natalie-mankani,Women's,Natalie Mankani,Women's,115.0,0,False,,,,slug,0.0,True
ranked-neel-kothari,,Neel Kothari,Men's,459.0,-36.0,0.0,0,0,0,0,0,0,0,0,0,1.0,,,20,1.0,https://indianpadeltour.in/players/ranked-neel-kothari,Men's,Neel Kothari,Men's,459.0,0,False,,,,slug,0.0,True
ranked-neel-shah,,Neel Shah,Men's,459.0,-36.0,0.0,0,0,0,0,0,0,0,0,0,1.0,,,9,1.0,https://indianpadeltour.in/players/ranked-neel-shah,Men's,Neel Shah,Men's,459.0,0,False,,,,slug,0.0,True
ranked-neeraj-janthly,,Neeraj Janthly,Men's,385.0,-14.0,9.0,0,0,0,0,0,0,0,1,9,1.0,,,27,2.0,https://indianpadeltour.in/players/ranked-neeraj-janthly,Men's,Neeraj Janthly,Men's,385.0,9,False,,,,slug,9.0,True
ranked-neil-kadakia,,Neil Kadakia,Men's,91.0,0.0,108.0,0,0,0,0,0,0,1,0,108,1.0,,,168,5.0,https://indianpadeltour.in/players/ranked-neil-kadakia,Men's,Neil Kadakia,Men's,91.0,108,False,,,,slug,108.0,True
ranked-neil-walter,,Neil Walter,Men's,223.0,-12.0,24.0,0,0,0,0,0,0,0,0,24,128.0,,,24,1.0,https://indianpadeltour.in/players/ranked-neil-walter,Men's,Neil Walter,Men's,223.0,24,False,,,,slug,24.0,True
ranked-nihal-hemdev,,Nihal Hemdev,Men's,340.0,-13.0,15.0,0,0,0,0,0,0,0,0,15,229.0,,,15,1.0,https://indianpadeltour.in/players/ranked-nihal-hemdev,Men's,Nihal Hemdev,Men's,340.0,15,False,,,,slug,15.0,True
ranked-nihal-warawdekar,,Nihal Warawdekar,Men's,276.0,-11.0,18.0,0,0,0,0,0,0,0,0,18,1.0,,,38,2.0,https://indianpadeltour.in/players/ranked-nihal-warawdekar,Men's,Nihal Warawdekar,Men's,276.0,18,False,,,,slug,18.0,True
ranked-nikhil-gonsalves,,Nikhil Gonsalves,Men's,459.0,-36.0,0.0,0,0,0,0,0,0,0,0,0,1.0,,,20,1.0,https://indianpadeltour.in/players/ranked-nikhil-gonsalves,Men's,Nikhil Gonsalves,Men's,459.0,0,False,,,,slug,0.0,True
ranked-nikhil-menda,,Nikhil Menda,Men's,459.0,-36.0,0.0,0,0,0,0,0,0,0,0,0,1.0,,,9,1.0,https://indianpadeltour.in/players/ranked-nikhil-menda,Men's,Nikhil Menda,Men's,459.0,0,False,,,,slug,0.0,True
ranked-nikhil-sahni,,Nikhil Sahni,Men's,362.0,-14.0,12.0,0,0,0,0,0,0,0,0,12,203.0,,,12,1.0,https://indianpadeltour.in/players/ranked-nikhil-sahni,Men's,Nikhil Sahni,Men's,362.0,12,False,,,,slug,12.0,True
ranked-nirav-bakshi,,Nirav Bakshi,Men's,459.0,-36.0,0.0,0,0,0,0,0,0,0,0,0,1.0,,,20,1.0,https://indianpadeltour.in/players/ranked-nirav-bakshi,Men's,Nirav Bakshi,Men's,459.0,0,False,,,,slug,0.0,True
ranked-nishant-walimbe,,Nishant Walimbe,Men's,385.0,-14.0,9.0,0,0,0,0,0,0,0,0,9,226.0,,,9,1.0,https://indianpadeltour.in/players/ranked-nishant-walimbe,Men's,Nishant Walimbe,Men's,385.0,9,False,,,,slug,9.0,True
ranked-nivaan-choksi,,Nivaan Choksi,Men's,276.0,-11.0,18.0,0,0,0,0,0,0,0,0,18,206.0,,,18,1.0,https://indianpadeltour.in/players/ranked-nivaan-choksi,Men's,Nivaan Choksi,Men's,276.0,18,False,,,,slug,18.0,True
ranked-pankaj-thapa,,Pankaj Thapa,Men's,459.0,-36.0,0.0,0,0,0,0,0,0,0,0,0,1.0,,,120,1.0,https://indianpadeltour.in/players/ranked-pankaj-thapa,Men's,Pankaj Thapa,Men's,459.0,0,False,,,,slug,0.0,True
ranked-param-jain,,Param Jain,Men's,276.0,-11.0,18.0,0,0,0,0,0,0,0,0,18,220.0,,,18,1.0,https://indianpadeltour.in/players/ranked-param-jain,Men's,Param Jain,Men's,276.0,18,False,,,,slug,18.0,True
ranked-parimal-barot,,Parimal Barot,,,,,0,0,0,0,0,0,0,0,20,163.0,,,20,,https://indianpadeltour.in/players/ranked-parimal-barot,,Parimal Barot,Men's,243.0,20,False,,,,slug,,
ranked-parth-jindal,,Parth Jindal,Men's,71.0,-2.0,120.0,0,0,0,0,0,0,0,0,120,37.0,,,120,1.0,https://indianpadeltour.in/players/ranked-parth-jindal,Men's,Parth Jindal,Men's,71.0,120,False,,,,slug,120.0,True
ranked-parth-yadav,,Parth Yadav,Men's,459.0,-36.0,0.0,0,0,0,0,0,0,0,0,0,1.0,,,120,1.0,https://indianpadeltour.in/players/ranked-parth-yadav,Men's,Parth Yadav,Men's,459.0,0,False,,,,slug,0.0,True
ranked-pooja-bhansali,,Pooja Bhansali,Women's,104.0,-7.0,9.0,0,0,0,0,0,0,0,0,9,55.0,,,9,1.0,https://indianpadeltour.in/players/ranked-pooja-bhansali,Women's,Pooja Bhansali,Women's,104.0,9,False,,,,slug,9.0,True
ranked-pooja-jain,,Pooja Jain,Women's,104.0,-7.0,9.0,0,0,0,0,0,0,0,0,9,55.0,,,9,1.0,https://indianpadeltour.in/players/ranked-pooja-jain,Women's,Pooja Jain,Women's,104.0,9,False,,,,slug,9.0,True
ranked-pooja-shetty,,Pooja Shetty,Women's,79.0,-6.0,18.0,0,0,0,0,0,0,0,1,18,38.0,,,18,1.0,https://indianpadeltour.in/players/ranked-pooja-shetty,Women's,Pooja Shetty,Women's,79.0,18,False,,,,slug,18.0,True
ranked-poojan-dodhiya,,Poojan Dodhiya,Men's,276.0,-11.0,18.0,0,0,0,0,0,0,0,0,18,206.0,,,18,1.0,https://indianpadeltour.in/players/ranked-poojan-dodhiya,Men's,Poojan Dodhiya,Men's,276.0,18,False,,,,slug,18.0,True
ranked-prabh-sifat-kaur,,Prabh Sifat Kaur,Women's,75.0,-6.0,20.0,0,0,0,0,0,0,0,0,20,59.0,,,20,1.0,https://indianpadeltour.in/players/ranked-prabh-sifat-kaur,Women's,Prabh Sifat Kaur,Women's,75.0,20,False,,,,slug,20.0,True
ranked-pradeep-shahani,,Pradeep Shahani,Men's,459.0,-36.0,0.0,0,0,0,0,0,0,0,0,0,1.0,,,6,1.0,https://indianpadeltour.in/players/ranked-pradeep-shahani,Men's,Pradeep Shahani,Men's,459.0,0,False,,,,slug,0.0,True
ranked-prakhyath-kc,,Prakhyath KC,Men's,459.0,-36.0,0.0,0,0,0,0,0,0,0,0,0,1.0,,,120,1.0,https://indianpadeltour.in/players/ranked-prakhyath-kc,Men's,Prakhyath KC,Men's,459.0,0,False,,,,slug,0.0,True
ranked-pranav-mehra,,Pranav Mehra,Men's,385.0,-14.0,9.0,0,0,0,0,0,0,0,0,9,1.0,,,15,2.0,https://indianpadeltour.in/players/ranked-pranav-mehra,Men's,Pranav Mehra,Men's,385.0,9,False,,,,slug,9.0,True
ranked-pranav-uppal,,Pranav Uppal,Men's,385.0,-14.0,9.0,0,0,0,0,0,0,0,0,9,127.0,,,9,1.0,https://indianpadeltour.in/players/ranked-pranav-uppal,Men's,Pranav Uppal,Men's,385.0,9,False,,,,slug,9.0,True
ranked-pranav-vakharia,,Pranav Vakharia,Men's,105.0,0.0,68.0,0,0,0,0,0,0,1,0,68,1.0,,,208,5.0,https://indianpadeltour.in/players/ranked-pranav-vakharia,Men's,Pranav Vakharia,Men's,105.0,68,False,,,,slug,68.0,True
ranked-prash-elam,,Prash Elam,Men's,459.0,-36.0,0.0,0,0,0,0,0,0,0,0,0,1.0,,,120,1.0,https://indianpadeltour.in/players/ranked-prash-elam,Men's,Prash Elam,Men's,459.0,0,False,,,,slug,0.0,True
ranked-prasham-mody,,Prasham Mody,Men's,71.0,-2.0,120.0,0,0,0,0,0,0,0,0,120,51.0,,,120,1.0,https://indianpadeltour.in/players/ranked-prasham-mody,Men's,Prasham Mody,Men's,71.0,120,False,,,,slug,120.0,True
ranked-pratap-pandit,,Pratap Pandit,Men's,243.0,-11.0,20.0,0,0,0,0,0,0,0,0,20,163.0,,,20,1.0,https://indianpadeltour.in/players/ranked-pratap-pandit,Men's,Pratap Pandit,Men's,243.0,20,False,,,,slug,20.0,True
ranked-prateek-khubchandani,,Prateek Khubchandani,Men's,459.0,-36.0,0.0,0,0,0,0,0,0,0,0,0,1.0,,,6,1.0,https://indianpadeltour.in/players/ranked-prateek-khubchandani,Men's,Prateek Khubchandani,Men's,459.0,0,False,,,,slug,0.0,True
ranked-prateek-kumar,,Prateek Kumar,Men's,459.0,-36.0,0.0,0,0,0,0,0,0,0,0,0,1.0,,,20,1.0,https://indianpadeltour.in/players/ranked-prateek-kumar,Men's,Prateek Kumar,Men's,459.0,0,False,,,,slug,0.0,True
ranked-prateek-mago,,Prateek Mago,Men's,340.0,-13.0,15.0,0,0,0,0,0,0,0,0,15,291.0,,,15,1.0,https://indianpadeltour.in/players/ranked-prateek-mago,Men's,Prateek Mago,Men's,340.0,15,False,,,,slug,15.0,True
ranked-pratik-kalaria,,Pratik Kalaria,Men's,385.0,-14.0,9.0,0,0,0,0,0,0,0,0,9,207.0,,,9,1.0,https://indianpadeltour.in/players/ranked-pratik-kalaria,Men's,Pratik Kalaria,Men's,385.0,9,False,,,,slug,9.0,True
ranked-praveen-pundareekaksha,,Praveen Pundareekaksha,Men's,243.0,-11.0,20.0,0,0,0,0,0,0,0,0,20,49.0,,,20,1.0,https://indianpadeltour.in/players/ranked-praveen-pundareekaksha,Men's,Praveen Pundareekaksha,Men's,243.0,20,False,,,,slug,20.0,True
ranked-prem-matlani,,Prem Matlani,Men's,459.0,-36.0,0.0,0,0,0,0,0,0,0,0,0,1.0,,,180,1.0,https://indianpadeltour.in/players/ranked-prem-matlani,Men's,Prem Matlani,Men's,459.0,0,False,,,,slug,0.0,True
ranked-priyanka-boghani,,Priyanka Boghani,Women's,11.0,0.0,364.0,0,0,0,0,0,0,1,0,364,6.0,,,364,3.0,https://indianpadeltour.in/players/ranked-priyanka-boghani,Women's,Priyanka Boghani,Women's,11.0,364,False,,,,slug,364.0,True
ranked-pulkit-khurana,,Pulkit Khurana,Men's,243.0,-11.0,20.0,0,0,0,0,0,0,0,0,20,1.0,,,40,2.0,https://indianpadeltour.in/players/ranked-pulkit-khurana,Men's,Pulkit Khurana,Men's,243.0,20,False,,,,slug,20.0,True
ranked-purav-raja,,Purav Raja,Men's,20.0,0.0,700.0,0,0,0,0,0,0,0,0,700,15.0,,,700,4.0,https://indianpadeltour.in/players/ranked-purav-raja,Men's,Purav Raja,Men's,20.0,700,False,,,,slug,700.0,True
ranked-rabiya-gill,,Rabiya Gill,Women's,48.0,-2.0,40.0,0,0,0,0,0,0,0,0,40,37.0,,,40,1.0,https://indianpadeltour.in/players/ranked-rabiya-gill,Women's,Rabiya Gill,Women's,48.0,40,False,,,,slug,40.0,True
ranked-rachit-motani,,Rachit Motani,Men's,188.0,-10.0,30.0,0,0,0,0,0,0,0,0,30,41.0,,,30,1.0,https://indianpadeltour.in/players/ranked-rachit-motani,Men's,Rachit Motani,Men's,188.0,30,False,,,,slug,30.0,True
ranked-radha-sadhra,,Radha Sadhra,Women's,15.0,0.0,240.0,0,0,0,0,0,0,0,0,240,13.0,,,240,1.0,https://indianpadeltour.in/players/ranked-radha-sadhra,Women's,Radha Sadhra,Women's,15.0,240,False,,,,slug,240.0,True
ranked-radhika-kanitkar,,Radhika Kanitkar,Women's,15.0,0.0,240.0,0,0,0,0,0,0,0,0,240,5.0,,,240,1.0,https://indianpadeltour.in/players/ranked-radhika-kanitkar,Women's,Radhika Kanitkar,Women's,15.0,240,False,,,,slug,240.0,True
ranked-raghav-agarwal,,Raghav Agarwal,Men's,71.0,-2.0,120.0,0,0,0,0,0,0,0,0,120,48.0,,,120,1.0,https://indianpadeltour.in/players/ranked-raghav-agarwal,Men's,Raghav Agarwal,Men's,71.0,120,False,,,,slug,120.0,True
ranked-rahil-fazelbhoy,,Rahil Fazelbhoy,Men's,362.0,-14.0,12.0,0,0,0,0,0,0,0,0,12,107.0,,,12,1.0,https://indianpadeltour.in/players/ranked-rahil-fazelbhoy,Men's,Rahil Fazelbhoy,Men's,362.0,12,False,,,,slug,12.0,True
ranked-rahil-peris,,Rahil Peris,Men's,459.0,-36.0,0.0,0,0,0,0,0,0,0,0,0,1.0,,,9,1.0,https://indianpadeltour.in/players/ranked-rahil-peris,Men's,Rahil Peris,Men's,459.0,0,False,,,,slug,0.0,True
ranked-rahul-joseph,,Rahul Joseph,Men's,243.0,-11.0,20.0,0,0,0,0,0,0,0,0,20,49.0,,,20,1.0,https://indianpadeltour.in/players/ranked-rahul-joseph,Men's,Rahul Joseph,Men's,243.0,20,False,,,,slug,20.0,True
ranked-rahul-mammen,,Rahul Mammen,Men's,276.0,-11.0,18.0,0,0,0,0,0,0,0,0,18,75.0,,,18,1.0,https://indianpadeltour.in/players/ranked-rahul-mammen,Men's,Rahul Mammen,Men's,276.0,18,False,,,,slug,18.0,True
ranked-rahul-nahar,,Rahul Nahar,Men's,276.0,-11.0,18.0,0,0,0,0,0,0,0,0,18,220.0,,,18,1.0,https://indianpadeltour.in/players/ranked-rahul-nahar,Men's,Rahul Nahar,Men's,276.0,18,False,,,,slug,18.0,True
ranked-rahul-sayal,,Rahul Sayal,Men's,276.0,-11.0,18.0,0,0,0,0,0,0,0,0,18,162.0,,,18,1.0,https://indianpadeltour.in/players/ranked-rahul-sayal,Men's,Rahul Sayal,Men's,276.0,18,False,,,,slug,18.0,True
ranked-raiyan-moidu,,Raiyan Moidu,Men's,243.0,-11.0,20.0,0,0,0,0,0,0,0,0,20,49.0,,,20,1.0,https://indianpadeltour.in/players/ranked-raiyan-moidu,Men's,Raiyan Moidu,Men's,243.0,20,False,,,,slug,20.0,True
ranked-raj-shah,,Raj Shah,Men's,340.0,-13.0,15.0,0,0,0,0,0,0,0,0,15,229.0,,,15,1.0,https://indianpadeltour.in/players/ranked-raj-shah,Men's,Raj Shah,Men's,340.0,15,False,,,,slug,15.0,True
ranked-raj-sheth,,Raj Sheth,Men's,188.0,-10.0,30.0,0,0,0,0,0,0,0,0,30,130.0,,,30,1.0,https://indianpadeltour.in/players/ranked-raj-sheth,Men's,Raj Sheth,Men's,188.0,30,False,,,,slug,30.0,True
ranked-ranbir-singh,,Ranbir Singh,Men's,152.0,-8.0,42.0,0,0,0,0,0,0,0,0,42,125.0,,,42,2.0,https://indianpadeltour.in/players/ranked-ranbir-singh,Men's,Ranbir Singh,Men's,152.0,42,False,,,,slug,42.0,True
ranked-rashi-mehta,,Rashi Mehta,Women's,21.0,0.0,220.0,0,0,0,0,0,0,1,1,220,1.0,,,560,4.0,https://indianpadeltour.in/players/ranked-rashi-mehta,Women's,Rashi Mehta,Women's,21.0,220,False,,,,slug,220.0,True
ranked-rhea-rajan,,Rhea Rajan,Women's,68.0,-7.0,24.0,0,0,0,0,0,0,0,0,24,32.0,,,24,1.0,https://indianpadeltour.in/players/ranked-rhea-rajan,Women's,Rhea Rajan,Women's,68.0,24,False,,,,slug,24.0,True
ranked-richa-singhi,,Richa Singhi,Women's,104.0,-7.0,9.0,0,0,0,0,0,0,0,0,9,55.0,,,9,1.0,https://indianpadeltour.in/players/ranked-richa-singhi,Women's,Richa Singhi,Women's,104.0,9,False,,,,slug,9.0,True
ranked-riddhi-kapadia,,Riddhi Kapadia,Women's,29.0,0.0,134.0,0,0,0,0,0,0,1,1,134,12.0,,,134,3.0,https://indianpadeltour.in/players/ranked-riddhi-kapadia,Women's,Riddhi Kapadia,Women's,29.0,134,False,,,,slug,134.0,True
ranked-rishab-kochhar,,Rishab Kochhar,Men's,459.0,-36.0,0.0,0,0,0,0,0,0,0,0,0,1.0,,,60,2.0,https://indianpadeltour.in/players/ranked-rishab-kochhar,Men's,Rishab Kochhar,Men's,459.0,0,False,,,,slug,0.0,True
ranked-rishabh-kumar,,Rishabh Kumar,Men's,459.0,-36.0,0.0,0,0,0,0,0,0,0,1,0,1.0,,,18,1.0,https://indianpadeltour.in/players/ranked-rishabh-kumar,Men's,Rishabh Kumar,Men's,459.0,0,False,,,,slug,0.0,True
ranked-rishabh-nayyar,,Rishabh Nayyar,Men's,385.0,-14.0,9.0,0,0,0,0,0,0,0,0,9,226.0,,,9,1.0,https://indianpadeltour.in/players/ranked-rishabh-nayyar,Men's,Rishabh Nayyar,Men's,385.0,9,False,,,,slug,9.0,True
ranked-rishabh-sharma,,Rishabh Sharma,Men's,459.0,-36.0,0.0,0,0,0,0,0,0,0,0,0,1.0,,,6,1.0,https://indianpadeltour.in/players/ranked-rishabh-sharma,Men's,Rishabh Sharma,Men's,459.0,0,False,,,,slug,0.0,True
ranked-rishi-lilani,,Rishi Lilani,Men's,276.0,-11.0,18.0,0,0,0,0,0,0,0,0,18,206.0,,,18,1.0,https://indianpadeltour.in/players/ranked-rishi-lilani,Men's,Rishi Lilani,Men's,276.0,18,False,,,,slug,18.0,True
ranked-rishi-reddy,,Rishi Reddy,Men's,12.0,0.0,1020.0,0,0,0,0,0,0,1,1,1020,1.0,,,1020,3.0,https://indianpadeltour.in/players/ranked-rishi-reddy,Men's,Rishi Reddy,Men's,12.0,1020,False,,,,slug,1020.0,True
ranked-rishi-sharma,,Rishi Sharma,Men's,459.0,-36.0,0.0,0,0,0,0,0,0,0,0,0,1.0,,,20,1.0,https://indianpadeltour.in/players/ranked-rishi-sharma,Men's,Rishi Sharma,Men's,459.0,0,False,,,,slug,0.0,True
ranked-rithik-sinha,,Rithik Sinha,Men's,459.0,-36.0,0.0,0,0,0,0,0,0,0,0,0,1.0,,,20,1.0,https://indianpadeltour.in/players/ranked-rithik-sinha,Men's,Rithik Sinha,Men's,459.0,0,False,,,,slug,0.0,True
ranked-riyan-shetty,,Riyan Shetty,Men's,385.0,-14.0,9.0,0,0,0,0,0,0,0,0,9,1.0,,,18,2.0,https://indianpadeltour.in/players/ranked-riyan-shetty,Men's,Riyan Shetty,Men's,385.0,9,False,,,,slug,9.0,True
ranked-rohaan-dalwani,,Rohaan Dalwani,Men's,107.0,-1.0,66.0,0,0,0,0,0,0,0,0,66,1.0,,,96,4.0,https://indianpadeltour.in/players/ranked-rohaan-dalwani,Men's,Rohaan Dalwani,Men's,107.0,66,False,,,,slug,66.0,True
ranked-rohan-ahuja,,Rohan Ahuja,Men's,123.0,0.0,54.0,0,0,0,0,0,0,0,0,54,1.0,,,74,3.0,https://indianpadeltour.in/players/ranked-rohan-ahuja,Men's,Rohan Ahuja,Men's,123.0,54,False,,,,slug,54.0,True
ranked-rohan-mammen,,Rohan Mammen,Men's,223.0,-12.0,24.0,0,0,0,0,0,0,0,0,24,168.0,,,24,1.0,https://indianpadeltour.in/players/ranked-rohan-mammen,Men's,Rohan Mammen,Men's,223.0,24,False,,,,slug,24.0,True
ranked-rohan-manglani,,Rohan Manglani,Men's,459.0,-36.0,0.0,0,0,0,0,0,0,0,0,0,1.0,,,20,1.0,https://indianpadeltour.in/players/ranked-rohan-manglani,Men's,Rohan Manglani,Men's,459.0,0,False,,,,slug,0.0,True
ranked-rohan-padhye,,Rohan Padhye,Men's,459.0,-36.0,0.0,0,0,0,0,0,0,0,0,0,1.0,,,30,1.0,https://indianpadeltour.in/players/ranked-rohan-padhye,Men's,Rohan Padhye,Men's,459.0,0,False,,,,slug,0.0,True
ranked-rohan-sadarangani,,Rohan Sadarangani,Men's,362.0,-14.0,12.0,0,0,0,0,0,0,0,0,12,188.0,,,12,1.0,https://indianpadeltour.in/players/ranked-rohan-sadarangani,Men's,Rohan Sadarangani,Men's,362.0,12,False,,,,slug,12.0,True
ranked-rohan-seolekar,,Rohan Seolekar,Men's,183.0,-10.0,32.0,0,0,0,0,0,0,0,0,32,102.0,,,32,2.0,https://indianpadeltour.in/players/ranked-rohan-seolekar,Men's,Rohan Seolekar,Men's,183.0,32,False,,,,slug,32.0,True
ranked-rohin-bachwani,,Rohin Bachwani,Men's,459.0,-36.0,0.0,0,0,0,0,0,0,1,0,0,1.0,,,30,1.0,https://indianpadeltour.in/players/ranked-rohin-bachwani,Men's,Rohin Bachwani,Men's,459.0,0,False,,,,slug,0.0,True
ranked-rohin-gajree,,Rohin Gajree,Men's,120.0,0.0,58.0,0,0,0,0,0,0,0,0,58,96.0,,,58,2.0,https://indianpadeltour.in/players/ranked-rohin-gajree,Men's,Rohin Gajree,Men's,120.0,58,False,,,,slug,58.0,True
ranked-ronak-sanghvi,,Ronak Sanghvi,Men's,459.0,-36.0,0.0,0,0,0,0,0,0,0,0,0,1.0,,,9,1.0,https://indianpadeltour.in/players/ranked-ronak-sanghvi,Men's,Ronak Sanghvi,Men's,459.0,0,False,,,,slug,0.0,True
ranked-ronnie-fernandes,,Ronnie Fernandes,Men's 40+,24.0,0.0,180.0,0,0,0,0,0,0,0,0,180,19.0,,,180,1.0,https://indianpadeltour.in/players/ranked-ronnie-fernandes,"Men's, Men's 40+",Ronnie Fernandes,Men's 40+,24.0,180,False,,,,slug,180.0,True
ranked-rudhir-barma,,Rudhir Barma,Men's,459.0,-36.0,0.0,0,0,0,0,0,0,0,0,0,1.0,,,12,1.0,https://indianpadeltour.in/players/ranked-rudhir-barma,Men's,Rudhir Barma,Men's,459.0,0,False,,,,slug,0.0,True
ranked-rudy-maheshwari,,Rudy Maheshwari,Men's,276.0,-11.0,18.0,0,0,0,0,0,0,0,0,18,162.0,,,18,1.0,https://indianpadeltour.in/players/ranked-rudy-maheshwari,Men's,Rudy Maheshwari,Men's,276.0,18,False,,,,slug,18.0,True
ranked-rushil-john,,Rushil John,Men's,243.0,-11.0,20.0,0,0,0,0,0,0,0,0,20,49.0,,,20,1.0,https://indianpadeltour.in/players/ranked-rushil-john,Men's,Rushil John,Men's,243.0,20,False,,,,slug,20.0,True
ranked-rutvik-kalaria,,Rutvik Kalaria,Men's,385.0,-14.0,9.0,0,0,0,0,0,0,0,0,9,207.0,,,9,1.0,https://indianpadeltour.in/players/ranked-rutvik-kalaria,Men's,Rutvik Kalaria,Men's,385.0,9,False,,,,slug,9.0,True
ranked-saakshi-vithalani,,Saakshi Vithalani,Women's,104.0,-7.0,9.0,0,0,0,0,0,0,0,0,9,55.0,,,9,1.0,https://indianpadeltour.in/players/ranked-saakshi-vithalani,Women's,Saakshi Vithalani,Women's,104.0,9,False,,,,slug,9.0,True
ranked-saba-ahmed,,Saba Ahmed,Women's,96.0,-7.0,12.0,0,0,0,0,0,0,0,0,12,28.0,,,12,1.0,https://indianpadeltour.in/players/ranked-saba-ahmed,Women's,Saba Ahmed,Women's,96.0,12,False,,,,slug,12.0,True
ranked-sachit-bajoria,,Sachit Bajoria,Men's,459.0,-36.0,0.0,0,0,0,0,0,0,0,0,0,1.0,,,6,1.0,https://indianpadeltour.in/players/ranked-sachit-bajoria,Men's,Sachit Bajoria,Men's,459.0,0,False,,,,slug,0.0,True
ranked-sachiv-sharath,,Sachiv Sharath,Men's,276.0,-11.0,18.0,0,0,0,0,0,0,0,1,18,220.0,,,18,1.0,https://indianpadeltour.in/players/ranked-sachiv-sharath,Men's,Sachiv Sharath,Men's,276.0,18,False,,,,slug,18.0,True
ranked-sahib-singh-lamba,,Sahib Singh Lamba,Men's,459.0,-36.0,0.0,0,0,0,0,0,0,0,0,0,1.0,,,40,1.0,https://indianpadeltour.in/players/ranked-sahib-singh-lamba,Men's,Sahib Singh Lamba,Men's,459.0,0,False,,,,slug,0.0,True
ranked-sahil-sahgal,,Sahil Sahgal,Men's,155.0,-8.0,40.0,0,0,0,0,0,0,0,0,40,134.0,,,40,1.0,https://indianpadeltour.in/players/ranked-sahil-sahgal,Men's,Sahil Sahgal,Men's,155.0,40,False,,,,slug,40.0,True
ranked-sai-saran,,Sai Saran,Men's,155.0,-8.0,40.0,0,0,0,0,0,0,0,0,40,37.0,,,40,1.0,https://indianpadeltour.in/players/ranked-sai-saran,Men's,Sai Saran,Men's,155.0,40,False,,,,slug,40.0,True
ranked-sailesh-mundra,,Sailesh Mundra,Men's,459.0,-36.0,0.0,0,0,0,0,0,0,0,0,0,1.0,,,9,1.0,https://indianpadeltour.in/players/ranked-sailesh-mundra,Men's,Sailesh Mundra,Men's,459.0,0,False,,,,slug,0.0,True
ranked-saksham-sharma,,Saksham Sharma,Men's,459.0,-36.0,0.0,0,0,0,0,0,0,0,0,0,1.0,,,9,1.0,https://indianpadeltour.in/players/ranked-saksham-sharma,Men's,Saksham Sharma,Men's,459.0,0,False,,,,slug,0.0,True
ranked-sameer-ahammed,,Sameer Ahammed,Men's,71.0,-2.0,120.0,0,0,0,0,0,0,0,0,120,17.0,,,120,1.0,https://indianpadeltour.in/players/ranked-sameer-ahammed,Men's,Sameer Ahammed,Men's,71.0,120,False,,,,slug,120.0,True
ranked-samriti-punyani,,Samriti Punyani,Women's,32.0,0.0,100.0,0,0,0,0,0,0,1,0,100,23.0,,,100,1.0,https://indianpadeltour.in/players/ranked-samriti-punyani,Women's,Samriti Punyani,Women's,32.0,100,False,,,,slug,100.0,True
ranked-samyak-kohari,,Samyak Kohari,Men's,459.0,-36.0,0.0,0,0,0,0,0,0,0,0,0,1.0,,,40,1.0,https://indianpadeltour.in/players/ranked-samyak-kohari,Men's,Samyak Kohari,Men's,459.0,0,False,,,,slug,0.0,True
ranked-sanat-goyal,,Sanat Goyal,Men's,168.0,-8.0,36.0,0,0,0,0,0,0,0,1,36,63.0,,,36,1.0,https://indianpadeltour.in/players/ranked-sanat-goyal,Men's,Sanat Goyal,Men's,168.0,36,False,,,,slug,36.0,True
ranked-sandeep-sanjay-chawla,,Sandeep Sanjay Chawla,Men's,155.0,-8.0,40.0,0,0,0,0,0,0,0,0,40,37.0,,,40,1.0,https://indianpadeltour.in/players/ranked-sandeep-sanjay-chawla,Men's,Sandeep Sanjay Chawla,Men's,155.0,40,False,,,,slug,40.0,True
ranked-sanket-gandhi,,Sanket Gandhi,,,,,0,0,0,0,0,0,1,0,100,73.0,,,100,,https://indianpadeltour.in/players/ranked-sanket-gandhi,,Sanket Gandhi,Men's,93.0,100,False,,,,slug,,
ranked-sanketh-prakash,,Sanketh Prakash,Men's,385.0,-14.0,9.0,0,0,0,0,0,0,0,0,9,1.0,,,18,2.0,https://indianpadeltour.in/players/ranked-sanketh-prakash,Men's,Sanketh Prakash,Men's,385.0,9,False,,,,slug,9.0,True
ranked-santino-morea,,Santino Morea,Men's,459.0,-36.0,0.0,0,0,0,0,0,0,0,0,0,1.0,,,40,1.0,https://indianpadeltour.in/players/ranked-santino-morea,Men's,Santino Morea,Men's,459.0,0,False,,,,slug,0.0,True
ranked-sanyam-mittal,,Sanyam Mittal,Men's,188.0,-10.0,30.0,0,0,0,0,0,0,0,1,30,107.0,,,30,2.0,https://indianpadeltour.in/players/ranked-sanyam-mittal,Men's,Sanyam Mittal,Men's,188.0,30,False,,,,slug,30.0,True
ranked-sarfraz-farooquee,,Sarfraz Farooquee,Men's,385.0,-14.0,9.0,0,0,0,0,0,0,0,0,9,306.0,,,9,1.0,https://indianpadeltour.in/players/ranked-sarfraz-farooquee,Men's,Sarfraz Farooquee,Men's,385.0,9,False,,,,slug,9.0,True
ranked-sathish-kumar-p,,Sathish Kumar P,Men's,243.0,-11.0,20.0,0,0,0,0,0,0,0,0,20,49.0,,,20,1.0,https://indianpadeltour.in/players/ranked-sathish-kumar-p,Men's,Sathish Kumar P,Men's,243.0,20,False,,,,slug,20.0,True
ranked-satyavrat-rana,,Satyavrat Rana,Men's,223.0,-12.0,24.0,0,0,0,0,0,0,0,0,24,157.0,,,24,1.0,https://indianpadeltour.in/players/ranked-satyavrat-rana,Men's,Satyavrat Rana,Men's,223.0,24,False,,,,slug,24.0,True
ranked-shagun-gupta,,Shagun Gupta,Women's,57.0,-3.0,30.0,0,0,0,0,0,0,1,0,30,29.0,,,30,1.0,https://indianpadeltour.in/players/ranked-shagun-gupta,Women's,Shagun Gupta,Women's,57.0,30,False,,,,slug,30.0,True
ranked-shakti-ruia,,Shakti Ruia,Men's,243.0,-11.0,20.0,0,0,0,0,0,0,0,0,20,163.0,,,20,1.0,https://indianpadeltour.in/players/ranked-shakti-ruia,Men's,Shakti Ruia,Men's,243.0,20,False,,,,slug,20.0,True
ranked-shanaya-naik,,Shanaya Naik,Women's,15.0,0.0,240.0,0,0,0,0,0,0,1,0,240,1.0,,,270,2.0,https://indianpadeltour.in/players/ranked-shanaya-naik,Women's,Shanaya Naik,Women's,15.0,240,False,,,,slug,240.0,True
ranked-shankar-menon,,Shankar Menon,Men's,459.0,-36.0,0.0,0,0,0,0,0,0,0,0,0,1.0,,,6,1.0,https://indianpadeltour.in/players/ranked-shankar-menon,Men's,Shankar Menon,Men's,459.0,0,False,,,,slug,0.0,True
ranked-shantanu-chopra,,Shantanu Chopra,Men's,459.0,-36.0,0.0,0,0,0,0,0,0,0,0,0,1.0,,,12,1.0,https://indianpadeltour.in/players/ranked-shantanu-chopra,Men's,Shantanu Chopra,Men's,459.0,0,False,,,,slug,0.0,True
ranked-sharan-chandrashekar,,Sharan Chandrashekar,Men's,459.0,-36.0,0.0,0,0,0,0,0,0,0,0,0,1.0,,,12,1.0,https://indianpadeltour.in/players/ranked-sharan-chandrashekar,Men's,Sharan Chandrashekar,Men's,459.0,0,False,,,,slug,0.0,True
ranked-shasaank-g,,Shasaank G,Men's,459.0,-36.0,0.0,0,0,0,0,0,0,0,0,0,1.0,,,12,1.0,https://indianpadeltour.in/players/ranked-shasaank-g,Men's,Shasaank G,Men's,459.0,0,False,,,,slug,0.0,True
ranked-shashank-narde,,Shashank Narde,Men's,19.0,0.0,760.0,0,0,0,0,0,0,1,2,760,1.0,,,1240,5.0,https://indianpadeltour.in/players/ranked-shashank-narde,Men's,Shashank Narde,Men's,19.0,760,False,,,,slug,760.0,True
ranked-shashwat-jain,,Shashwat Jain,Men's,276.0,-11.0,18.0,0,0,0,0,0,0,0,0,18,100.0,,,18,1.0,https://indianpadeltour.in/players/ranked-shashwat-jain,Men's,Shashwat Jain,Men's,276.0,18,False,,,,slug,18.0,True
ranked-shilpi-kulshrestha,,Shilpi Kulshrestha,Women's,115.0,-7.0,0.0,0,0,0,0,0,0,0,1,0,1.0,,,36,1.0,https://indianpadeltour.in/players/ranked-shilpi-kulshrestha,Women's,Shilpi Kulshrestha,Women's,115.0,0,False,,,,slug,0.0,True
ranked-shiva-datwani,,Shiva Datwani,Men's,243.0,-11.0,20.0,0,0,0,0,0,0,0,0,20,123.0,,,20,1.0,https://indianpadeltour.in/players/ranked-shiva-datwani,Men's,Shiva Datwani,Men's,243.0,20,False,,,,slug,20.0,True
ranked-shivam-singh,,Shivam Singh,Men's,459.0,-36.0,0.0,0,0,0,0,0,0,0,0,0,1.0,,,6,1.0,https://indianpadeltour.in/players/ranked-shivam-singh,Men's,Shivam Singh,Men's,459.0,0,False,,,,slug,0.0,True
ranked-shivin-sardana,,Shivin Sardana,Men's,276.0,-11.0,18.0,0,0,0,0,0,0,0,0,18,100.0,,,18,1.0,https://indianpadeltour.in/players/ranked-shivin-sardana,Men's,Shivin Sardana,Men's,276.0,18,False,,,,slug,18.0,True
ranked-shloka-ambani,,Shloka Ambani,Women's,68.0,-7.0,24.0,0,0,0,0,0,0,0,0,24,32.0,,,24,1.0,https://indianpadeltour.in/players/ranked-shloka-ambani,Women's,Shloka Ambani,Women's,68.0,24,False,,,,slug,24.0,True
ranked-shoumik-shetty,,Shoumik Shetty,Men's,459.0,-36.0,0.0,0,0,0,0,0,0,0,0,0,1.0,,,20,1.0,https://indianpadeltour.in/players/ranked-shoumik-shetty,Men's,Shoumik Shetty,Men's,459.0,0,False,,,,slug,0.0,True
ranked-showik-chakraborty,,Showik Chakraborty,Men's,459.0,-36.0,0.0,0,0,0,0,0,0,0,0,0,1.0,,,20,1.0,https://indianpadeltour.in/players/ranked-showik-chakraborty,Men's,Showik Chakraborty,Men's,459.0,0,False,,,,slug,0.0,True
ranked-shreya-dugar,,Shreya Dugar,Men's,362.0,-14.0,12.0,0,0,0,0,0,0,0,0,12,107.0,,,12,1.0,https://indianpadeltour.in/players/ranked-shreya-dugar,Men's,Shreya Dugar,Men's,362.0,12,False,,,,slug,12.0,True
ranked-shreyas-krishnaswamy,,Shreyas Krishnaswamy,Men's,385.0,-14.0,9.0,0,0,0,0,0,0,0,0,9,306.0,,,9,1.0,https://indianpadeltour.in/players/ranked-shreyas-krishnaswamy,Men's,Shreyas Krishnaswamy,Men's,385.0,9,False,,,,slug,9.0,True
ranked-shruti-jain,,Shruti Jain,Women's,96.0,-7.0,12.0,0,0,0,0,0,0,0,0,12,1.0,,,24,2.0,https://indianpadeltour.in/players/ranked-shruti-jain,Women's,Shruti Jain,Women's,96.0,12,False,,,,slug,12.0,True
ranked-shruti-ugrankar,,Shruti Ugrankar,Women's,68.0,-7.0,24.0,0,0,0,0,0,0,0,0,24,13.0,,,24,1.0,https://indianpadeltour.in/players/ranked-shruti-ugrankar,Women's,Shruti Ugrankar,Women's,68.0,24,False,,,,slug,24.0,True
ranked-shyam-utamsingh,,Shyam Utamsingh,Men's,30.0,0.0,400.0,0,0,0,0,0,0,0,0,400,1.0,,,880,6.0,https://indianpadeltour.in/players/ranked-shyam-utamsingh,Men's,Shyam Utamsingh,Men's,30.0,400,False,,,,slug,400.0,True
ranked-sid-k,,Sid K,Men's,223.0,-12.0,24.0,0,0,0,0,0,0,0,0,24,128.0,,,24,1.0,https://indianpadeltour.in/players/ranked-sid-k,Men's,Sid K,Men's,223.0,24,False,,,,slug,24.0,True
ranked-siddhant-deshpande,,Siddhant Deshpande,Men's,459.0,-36.0,0.0,0,0,0,0,0,0,0,0,0,1.0,,,12,1.0,https://indianpadeltour.in/players/ranked-siddhant-deshpande,Men's,Siddhant Deshpande,Men's,459.0,0,False,,,,slug,0.0,True
ranked-siddhanth-shah,,Siddhanth Shah,Men's,168.0,-8.0,36.0,0,0,0,0,0,0,0,1,36,127.0,,,36,1.0,https://indianpadeltour.in/players/ranked-siddhanth-shah,Men's,Siddhanth Shah,Men's,168.0,36,False,,,,slug,36.0,True
ranked-siddharth-abraham,,Siddharth Abraham,Men's,109.0,0.0,60.0,0,0,0,0,0,0,1,0,60,99.0,,,60,1.0,https://indianpadeltour.in/players/ranked-siddharth-abraham,Men's,Siddharth Abraham,Men's,109.0,60,False,,,,slug,60.0,True
ranked-siddharth-bhargava,,Siddharth Bhargava,Men's,276.0,-11.0,18.0,0,0,0,0,0,0,0,0,18,162.0,,,18,1.0,https://indianpadeltour.in/players/ranked-siddharth-bhargava,Men's,Siddharth Bhargava,Men's,276.0,18,False,,,,slug,18.0,True
ranked-siddharth-kothari,,Siddharth Kothari,Men's,243.0,-11.0,20.0,0,0,0,0,0,0,0,0,20,163.0,,,20,1.0,https://indianpadeltour.in/players/ranked-siddharth-kothari,Men's,Siddharth Kothari,Men's,243.0,20,False,,,,slug,20.0,True
ranked-siddharth-nandal,,Siddharth Nandal,,,,,0,0,0,0,0,0,0,0,120,48.0,,,120,,https://indianpadeltour.in/players/ranked-siddharth-nandal,,Siddharth Nandal,Men's,71.0,120,False,,,,slug,,
ranked-siddharth-sah,,Siddharth Sah,Men's,104.0,0.0,72.0,0,0,0,0,0,0,0,0,72,69.0,,,72,3.0,https://indianpadeltour.in/players/ranked-siddharth-sah,Men's,Siddharth Sah,Men's,104.0,72,False,,,,slug,72.0,True
ranked-sinan-kader,,Sinan Kader,Men's,459.0,-36.0,0.0,0,0,0,0,0,0,1,0,0,1.0,,,100,1.0,https://indianpadeltour.in/players/ranked-sinan-kader,Men's,Sinan Kader,Men's,459.0,0,False,,,,slug,0.0,True
ranked-soli-colah,,Soli Colah,Men's,42.0,-2.0,280.0,0,0,0,0,0,0,0,0,280,9.0,,,280,2.0,https://indianpadeltour.in/players/ranked-soli-colah,Men's,Soli Colah,Men's,42.0,280,False,,,,slug,280.0,True
ranked-sonali-fabiani,,Sonali Fabiani,Women's,104.0,-7.0,9.0,0,0,0,0,0,0,0,0,9,55.0,,,9,1.0,https://indianpadeltour.in/players/ranked-sonali-fabiani,Women's,Sonali Fabiani,Women's,104.0,9,False,,,,slug,9.0,True
ranked-sooraj-mehta,,Sooraj Mehta,Men's,459.0,-36.0,0.0,0,0,0,0,0,0,0,1,0,1.0,,,60,1.0,https://indianpadeltour.in/players/ranked-sooraj-mehta,Men's,Sooraj Mehta,Men's,459.0,0,False,,,,slug,0.0,True
ranked-sovin-hegde,,Sovin Hegde,Men's 40+,24.0,0.0,180.0,0,0,0,0,0,0,0,0,180,19.0,,,180,1.0,https://indianpadeltour.in/players/ranked-sovin-hegde,"Men's, Men's 40+",Sovin Hegde,Men's 40+,24.0,180,False,,,,slug,180.0,True
ranked-spiro-grana,,Spiro Grana,Men's,223.0,-12.0,24.0,0,0,0,0,0,0,0,0,24,128.0,,,24,1.0,https://indianpadeltour.in/players/ranked-spiro-grana,Men's,Spiro Grana,Men's,223.0,24,False,,,,slug,24.0,True
ranked-suhrid-thacker,,Suhrid Thacker,Men's,243.0,-11.0,20.0,0,0,0,0,0,0,0,0,20,1.0,,,32,2.0,https://indianpadeltour.in/players/ranked-suhrid-thacker,Men's,Suhrid Thacker,Men's,243.0,20,False,,,,slug,20.0,True
ranked-suraj-bishoni,,Suraj Bishoni,Men's,362.0,-14.0,12.0,0,0,0,0,0,0,0,0,12,107.0,,,12,1.0,https://indianpadeltour.in/players/ranked-suraj-bishoni,Men's,Suraj Bishoni,Men's,362.0,12,False,,,,slug,12.0,True
ranked-suraj-sadanah,,Suraj Sadanah,Men's,99.0,0.0,94.0,0,0,0,0,0,0,0,1,94,37.0,,,94,3.0,https://indianpadeltour.in/players/ranked-suraj-sadanah,Men's,Suraj Sadanah,Men's,99.0,94,False,,,,slug,94.0,True
ranked-surbhi-dalmia,,Surbhi Dalmia,Women's,39.0,0.0,60.0,0,0,0,0,0,0,1,0,60,9.0,,,60,1.0,https://indianpadeltour.in/players/ranked-surbhi-dalmia,Women's,Surbhi Dalmia,Women's,39.0,60,False,,,,slug,60.0,True
ranked-suyash-goenka,,Suyash Goenka,Men's,276.0,-11.0,18.0,0,0,0,0,0,0,1,0,18,1.0,,,118,2.0,https://indianpadeltour.in/players/ranked-suyash-goenka,Men's,Suyash Goenka,Men's,276.0,18,False,,,,slug,18.0,True
ranked-swayam-doshi,,Swayam Doshi,Men's,459.0,-36.0,0.0,0,0,0,0,0,0,0,0,0,1.0,,,20,1.0,https://indianpadeltour.in/players/ranked-swayam-doshi,Men's,Swayam Doshi,Men's,459.0,0,False,,,,slug,0.0,True
ranked-sweta-zaveri,,Sweta Zaveri,Women's,96.0,-7.0,12.0,0,0,0,0,0,0,0,0,12,28.0,,,12,1.0,https://indianpadeltour.in/players/ranked-sweta-zaveri,Women's,Sweta Zaveri,Women's,96.0,12,False,,,,slug,12.0,True
ranked-tanish-bajaj,,Tanish Bajaj,Men's,155.0,-8.0,40.0,0,0,0,0,0,0,0,0,40,134.0,,,40,1.0,https://indianpadeltour.in/players/ranked-tanish-bajaj,Men's,Tanish Bajaj,Men's,155.0,40,False,,,,slug,40.0,True
ranked-tanja-wurr,,Tanja Wurr,Women's,115.0,-7.0,0.0,0,0,0,0,0,0,1,0,0,1.0,,,30,1.0,https://indianpadeltour.in/players/ranked-tanja-wurr,Women's,Tanja Wurr,Women's,115.0,0,False,,,,slug,0.0,True
ranked-tapasya-pandey,,Tapasya Pandey,Women's,115.0,-7.0,0.0,0,0,0,0,0,0,0,0,0,1.0,,,240,1.0,https://indianpadeltour.in/players/ranked-tapasya-pandey,Women's,Tapasya Pandey,Women's,115.0,0,False,,,,slug,0.0,True
ranked-tarun-amirtharaj,,Tarun Amirtharaj,Men's,459.0,-36.0,0.0,0,0,0,0,0,0,0,0,0,1.0,,,6,1.0,https://indianpadeltour.in/players/ranked-tarun-amirtharaj,Men's,Tarun Amirtharaj,Men's,459.0,0,False,,,,slug,0.0,True
ranked-tasveer-libra,,Tasveer Libra,Women's,75.0,-6.0,20.0,0,0,0,0,0,0,0,0,20,59.0,,,20,1.0,https://indianpadeltour.in/players/ranked-tasveer-libra,Women's,Tasveer Libra,Women's,75.0,20,False,,,,slug,20.0,True
ranked-tejas-raju,,Tejas Raju,Men's,188.0,-10.0,30.0,0,0,0,0,0,0,1,0,30,149.0,,,30,1.0,https://indianpadeltour.in/players/ranked-tejas-raju,Men's,Tejas Raju,Men's,188.0,30,False,,,,slug,30.0,True
ranked-thejal-kr,,Thejal Kr,Men's,188.0,-10.0,30.0,0,0,0,0,0,0,0,0,30,41.0,,,30,1.0,https://indianpadeltour.in/players/ranked-thejal-kr,Men's,Thejal Kr,Men's,188.0,30,False,,,,slug,30.0,True
ranked-thomas-jacob,,Thomas Jacob,Men's,109.0,0.0,60.0,0,0,0,0,0,0,1,0,60,39.0,,,60,1.0,https://indianpadeltour.in/players/ranked-thomas-jacob,Men's,Thomas Jacob,Men's,109.0,60,False,,,,slug,60.0,True
ranked-trisha-aggarwal,,Trisha Aggarwal,Women's,68.0,-7.0,24.0,0,0,0,0,0,0,0,0,24,32.0,,,24,1.0,https://indianpadeltour.in/players/ranked-trisha-aggarwal,Women's,Trisha Aggarwal,Women's,68.0,24,False,,,,slug,24.0,True
ranked-trishank-b,,Trishank B,Men's,459.0,-36.0,0.0,0,0,0,0,0,0,0,0,0,1.0,,,9,1.0,https://indianpadeltour.in/players/ranked-trishank-b,Men's,Trishank B,Men's,459.0,0,False,,,,slug,0.0,True
ranked-tushar-raut,,Tushar Raut,Men's 40+,24.0,0.0,180.0,0,0,0,0,0,0,0,0,180,19.0,,,180,1.0,https://indianpadeltour.in/players/ranked-tushar-raut,Men's 40+,Tushar Raut,Men's 40+,24.0,180,False,,,,slug,180.0,True
ranked-tushar-sukhwani,,Tushar Sukhwani,Men's,459.0,-36.0,0.0,0,0,0,0,0,0,0,0,0,1.0,,,40,1.0,https://indianpadeltour.in/players/ranked-tushar-sukhwani,Men's,Tushar Sukhwani,Men's,459.0,0,False,,,,slug,0.0,True
ranked-ummehani-khorakiwala,,Ummehani Khorakiwala,Women's,115.0,-7.0,0.0,0,0,0,0,0,0,0,1,0,1.0,,,60,1.0,https://indianpadeltour.in/players/ranked-ummehani-khorakiwala,Women's,Ummehani Khorakiwala,Women's,115.0,0,False,,,,slug,0.0,True
ranked-varoon-parwani,,Varoon Parwani,Men's,276.0,-11.0,18.0,0,0,0,0,0,0,0,0,18,156.0,,,18,1.0,https://indianpadeltour.in/players/ranked-varoon-parwani,Men's,Varoon Parwani,Men's,276.0,18,False,,,,slug,18.0,True
ranked-varsha-swamy,,Varsha Swamy,Women's,115.0,-7.0,0.0,0,0,0,0,0,0,0,0,0,1.0,,,24,2.0,https://indianpadeltour.in/players/ranked-varsha-swamy,Women's,Varsha Swamy,Women's,115.0,0,False,,,,slug,0.0,True
ranked-varun-gupta,,Varun Gupta,Men's,459.0,-36.0,0.0,0,0,0,0,0,0,0,0,0,1.0,,,50,2.0,https://indianpadeltour.in/players/ranked-varun-gupta,Men's,Varun Gupta,Men's,459.0,0,False,,,,slug,0.0,True
ranked-varun-motasha,,Varun Motasha,Men's 40+,9.0,-1.0,480.0,0,0,0,0,0,0,0,0,480,6.0,,,480,3.0,https://indianpadeltour.in/players/ranked-varun-motasha,"Men's, Men's 40+",Varun Motasha,Men's 40+,9.0,480,False,,,,slug,480.0,True
ranked-varun-ramani,,Varun Ramani,Men's,276.0,-11.0,18.0,0,0,0,0,0,0,0,0,18,206.0,,,18,1.0,https://indianpadeltour.in/players/ranked-varun-ramani,Men's,Varun Ramani,Men's,276.0,18,False,,,,slug,18.0,True
ranked-vasudha-shah,,Vasudha Shah,Women's,35.0,0.0,88.0,0,0,0,0,0,0,0,2,88,17.0,,,88,3.0,https://indianpadeltour.in/players/ranked-vasudha-shah,Women's,Vasudha Shah,Women's,35.0,88,False,,,,slug,88.0,True
ranked-ved-bidri,,Ved Bidri,Men's,385.0,-14.0,9.0,0,0,0,0,0,0,0,0,9,306.0,,,9,1.0,https://indianpadeltour.in/players/ranked-ved-bidri,Men's,Ved Bidri,Men's,385.0,9,False,,,,slug,9.0,True
ranked-vedant-arora,,Vedant Arora,Men's,459.0,-36.0,0.0,0,0,0,0,0,0,0,1,0,1.0,,,60,1.0,https://indianpadeltour.in/players/ranked-vedant-arora,Men's,Vedant Arora,Men's,459.0,0,False,,,,slug,0.0,True
ranked-vedant-ruia,,Vedant Ruia,Men's,459.0,-36.0,0.0,0,0,0,0,0,0,0,0,0,1.0,,,40,2.0,https://indianpadeltour.in/players/ranked-vedant-ruia,Men's,Vedant Ruia,Men's,459.0,0,False,,,,slug,0.0,True
ranked-vibha-shetty,,Vibha Shetty,Women's,115.0,-7.0,0.0,0,0,0,0,0,0,0,0,0,1.0,,,24,1.0,https://indianpadeltour.in/players/ranked-vibha-shetty,Women's,Vibha Shetty,Women's,115.0,0,False,,,,slug,0.0,True
ranked-vignesh-swamy,,Vignesh Swamy,Men's,459.0,-36.0,0.0,0,0,0,0,0,0,0,0,0,1.0,,,20,1.0,https://indianpadeltour.in/players/ranked-vignesh-swamy,Men's,Vignesh Swamy,Men's,459.0,0,False,,,,slug,0.0,True
ranked-vihaan-anand,,Vihaan Anand,Men's,188.0,-10.0,30.0,0,0,0,0,0,0,0,1,30,98.0,,,30,1.0,https://indianpadeltour.in/players/ranked-vihaan-anand,Men's,Vihaan Anand,Men's,188.0,30,False,,,,slug,30.0,True
ranked-vikram-shah,,Vikram Shah,Men's,10.0,0.0,1160.0,0,0,0,0,0,0,4,0,1160,1.0,,,2960,7.0,https://indianpadeltour.in/players/ranked-vikram-shah,Men's,Vikram Shah,Men's,10.0,1160,False,,,,slug,1160.0,True
ranked-vikramjit-garewal,,Vikramjit Garewal,Men's,459.0,-36.0,0.0,0,0,0,0,0,0,0,0,0,1.0,,,9,1.0,https://indianpadeltour.in/players/ranked-vikramjit-garewal,Men's,Vikramjit Garewal,Men's,459.0,0,False,,,,slug,0.0,True
ranked-viraaj-anandkumar,,Viraaj Anandkumar,Men's,459.0,-36.0,0.0,0,0,0,0,0,0,0,0,0,1.0,,,160,1.0,https://indianpadeltour.in/players/ranked-viraaj-anandkumar,Men's,Viraaj Anandkumar,Men's,459.0,0,False,,,,slug,0.0,True
ranked-viraj-kelekar,,Viraj Kelekar,Men's,459.0,-36.0,0.0,0,0,0,0,0,0,0,1,0,1.0,,,60,1.0,https://indianpadeltour.in/players/ranked-viraj-kelekar,Men's,Viraj Kelekar,Men's,459.0,0,False,,,,slug,0.0,True
ranked-viren-chauhan,,Viren Chauhan,Men's,459.0,-36.0,0.0,0,0,0,0,0,0,0,0,0,1.0,,,180,1.0,https://indianpadeltour.in/players/ranked-viren-chauhan,Men's,Viren Chauhan,Men's,459.0,0,False,,,,slug,0.0,True
ranked-viren-thakur,,Viren Thakur,Men's,27.0,-1.0,540.0,0,0,0,0,0,0,0,0,540,9.0,,,540,3.0,https://indianpadeltour.in/players/ranked-viren-thakur,Men's,Viren Thakur,Men's,27.0,540,False,,,,slug,540.0,True
ranked-viren-thapar,,Viren Thapar,Men's,188.0,-10.0,30.0,0,0,0,0,0,0,0,0,30,160.0,,,30,1.0,https://indianpadeltour.in/players/ranked-viren-thapar,Men's,Viren Thapar,Men's,188.0,30,False,,,,slug,30.0,True
ranked-vishal-jhunjhunwala,,Vishal Jhunjhunwala,Men's,362.0,-14.0,12.0,0,0,0,0,0,0,0,0,12,1.0,,,42,2.0,https://indianpadeltour.in/players/ranked-vishal-jhunjhunwala,Men's,Vishal Jhunjhunwala,Men's,362.0,12,False,,,,slug,12.0,True
ranked-vishal-pattabiraman,,Vishal Pattabiraman,Men's,459.0,-36.0,0.0,0,0,0,0,0,0,0,0,0,1.0,,,9,1.0,https://indianpadeltour.in/players/ranked-vishal-pattabiraman,Men's,Vishal Pattabiraman,Men's,459.0,0,False,,,,slug,0.0,True
ranked-vishesh-agrawal,,Vishesh Agrawal,Men's,459.0,-36.0,0.0,0,0,0,0,0,0,0,0,0,1.0,,,6,1.0,https://indianpadeltour.in/players/ranked-vishesh-agrawal,Men's,Vishesh Agrawal,Men's,459.0,0,False,,,,slug,0.0,True
ranked-vishesh-hemwani,,Vishesh Hemwani,Men's,243.0,-11.0,20.0,0,0,0,0,0,0,0,0,20,123.0,,,20,1.0,https://indianpadeltour.in/players/ranked-vishesh-hemwani,Men's,Vishesh Hemwani,Men's,243.0,20,False,,,,slug,20.0,True
ranked-vishnu-h-n,,Vishnu H N,Men's,276.0,-11.0,18.0,0,0,0,0,0,0,0,0,18,75.0,,,18,1.0,https://indianpadeltour.in/players/ranked-vishnu-h-n,Men's,Vishnu H N,Men's,276.0,18,False,,,,slug,18.0,True
ranked-vishnu-pullela,,Vishnu Pullela,Men's,42.0,-2.0,280.0,0,0,0,0,0,0,0,0,280,9.0,,,280,2.0,https://indianpadeltour.in/players/ranked-vishnu-pullela,Men's,Vishnu Pullela,Men's,42.0,280,False,,,,slug,280.0,True
ranked-vivek-kotak,,Vivek Kotak,Men's,362.0,-14.0,12.0,0,0,0,0,0,0,0,0,12,107.0,,,12,1.0,https://indianpadeltour.in/players/ranked-vivek-kotak,Men's,Vivek Kotak,Men's,362.0,12,False,,,,slug,12.0,True
ranked-vivek-somani,,Vivek Somani,Men's,385.0,-14.0,9.0,0,0,0,0,0,0,0,0,9,207.0,,,9,1.0,https://indianpadeltour.in/players/ranked-vivek-somani,Men's,Vivek Somani,Men's,385.0,9,False,,,,slug,9.0,True
ranked-vrithik-mehta,,Vrithik Mehta,Men's,385.0,-14.0,9.0,0,0,0,0,0,0,0,0,9,127.0,,,9,1.0,https://indianpadeltour.in/players/ranked-vrithik-mehta,Men's,Vrithik Mehta,Men's,385.0,9,False,,,,slug,9.0,True
ranked-yan-duriepe,,Yan Duriepe,Men's,459.0,-36.0,0.0,0,0,0,0,0,0,0,0,0,1.0,,,120,1.0,https://indianpadeltour.in/players/ranked-yan-duriepe,Men's,Yan Duriepe,Men's,459.0,0,False,,,,slug,0.0,True
ranked-yash-halani,,Yash Halani,Men's,276.0,-11.0,18.0,0,0,0,0,0,0,0,0,18,206.0,,,18,1.0,https://indianpadeltour.in/players/ranked-yash-halani,Men's,Yash Halani,Men's,276.0,18,False,,,,slug,18.0,True
ranked-yash-merchant,,Yash Merchant,Men's,340.0,-13.0,15.0,0,0,0,0,0,0,0,0,15,229.0,,,15,1.0,https://indianpadeltour.in/players/ranked-yash-merchant,Men's,Yash Merchant,Men's,340.0,15,False,,,,slug,15.0,True
ranked-yash-r-sippy,,Yash R Sippy,Men's,459.0,-36.0,0.0,0,0,0,0,0,0,0,0,0,1.0,,,12,1.0,https://indianpadeltour.in/players/ranked-yash-r-sippy,Men's,Yash R Sippy,Men's,459.0,0,False,,,,slug,0.0,True
ranked-yashodhan-goenka,,Yashodhan Goenka,Men's,362.0,-14.0,12.0,0,0,0,0,0,0,0,0,12,1.0,,,24,3.0,https://indianpadeltour.in/players/ranked-yashodhan-goenka,Men's,Yashodhan Goenka,Men's,362.0,12,False,,,,slug,12.0,True
ranked-yashvardhan-goenka,,Yashvardhan Goenka,Men's,459.0,-36.0,0.0,0,0,0,0,0,0,0,0,0,1.0,,,20,1.0,https://indianpadeltour.in/players/ranked-yashvardhan-goenka,Men's,Yashvardhan Goenka,Men's,459.0,0,False,,,,slug,0.0,True
ranked-yasmin-latiff,,Yasmin Latiff,Women's,15.0,0.0,240.0,0,0,0,0,0,0,0,2,240,1.0,,,1200,4.0,https://indianpadeltour.in/players/ranked-yasmin-latiff,Women's,Yasmin Latiff,Women's,15.0,240,False,,,,slug,240.0,True
ranked-yesh-bafna,,Yesh Bafna,Men's,71.0,-2.0,120.0,0,0,0,0,0,0,0,0,120,17.0,,,120,1.0,https://indianpadeltour.in/players/ranked-yesh-bafna,Men's,Yesh Bafna,Men's,71.0,120,False,,,,slug,120.0,True
ranked-yug-oberoie,,Yug Oberoie,Men's,188.0,-10.0,30.0,0,0,0,0,0,0,0,0,30,160.0,,,30,1.0,https://indianpadeltour.in/players/ranked-yug-oberoie,Men's,Yug Oberoie,Men's,188.0,30,False,,,,slug,30.0,True
ranked-zahaan-ladak,,Zahaan Ladak,Men's,243.0,-11.0,20.0,0,0,0,0,0,0,0,0,20,163.0,,,20,1.0,https://indianpadeltour.in/players/ranked-zahaan-ladak,Men's,Zahaan Ladak,Men's,243.0,20,False,,,,slug,20.0,True
ranked-zaheer-adenwala,,Zaheer Adenwala,Men's 40+,34.0,-2.0,120.0,0,0,0,0,0,0,0,0,120,20.0,,,120,1.0,https://indianpadeltour.in/players/ranked-zaheer-adenwala,Men's 40+,Zaheer Adenwala,Men's 40+,34.0,120,False,,,,slug,120.0,True
ranked-zarir-aibara,,Zarir Aibara,Men's,459.0,-36.0,0.0,0,0,0,0,0,0,0,0,0,1.0,,,30,1.0,https://indianpadeltour.in/players/ranked-zarir-aibara,Men's,Zarir Aibara,Men's,459.0,0,False,,,,slug,0.0,True
ranked-ziva-andersson,,Ziva Andersson,Women's,79.0,-6.0,18.0,0,0,0,0,0,0,0,0,18,38.0,,,18,1.0,https://indianpadeltour.in/players/ranked-ziva-andersson,Women's,Ziva Andersson,Women's,79.0,18,False,,,,slug,18.0,True
