tournament_slug,event,division,gender,level,seed,team,player1_id,player1,player2_id,player2,player1_entry_id,player2_entry_id,player1_points,player2_points,team_points,entry_rank,entry_status
ipt-chandigarh-city-open-2-0,City Open Chandigarh 2.0,Men's Beginner,Men's,beginner,1,Aarman Kler / Sahiljit Singh Sandhu,821bda69-7b49-49ce-96f9-425f549eab3f,Aarman Kler,bf97a38c-8dcb-49f5-bc65-868269f3e794,Sahiljit Singh Sandhu,47d3874c-3e00-4ce9-87b7-6a8f766fb8c3,f2c888bf-6e0d-4022-8748-a0e569d50fe3,9,0,9,#1,Confirmed
ipt-chandigarh-city-open-2-0,City Open Chandigarh 2.0,Men's Beginner,Men's,beginner,2,Ajitesh Kaushal / Vidur Ahuja,e43d9595-fbd4-4780-9231-ed4008b17954,Ajitesh Kaushal,a86800c6-94f5-406c-88ba-e0d160802682,Vidur Ahuja,edfa5709-0deb-46a5-a436-f722388955b3,76e88ddc-c031-4336-99c7-6744a2a0b0ff,0,0,0,#2,Confirmed
ipt-chandigarh-city-open-2-0,City Open Chandigarh 2.0,Men's Beginner,Men's,beginner,3,Ankit Dhawan / Guru Singh,a0341a31-6531-4201-a45d-17c8b83f5e67,Ankit Dhawan,241b08be-61b7-4ee7-8896-47712afa18ec,Guru Singh,badd6c02-1544-4111-9e2a-305e883be69b,3175a349-44d9-4bf3-8a56-abdfef8c94ea,0,0,0,#3,Confirmed
ipt-chandigarh-city-open-2-0,City Open Chandigarh 2.0,Men's Beginner,Men's,beginner,4,Arshdeep Singh / Sanam Singh,66bff00b-4dc1-41cf-8272-181a097da993,Arshdeep Singh,ace8a480-2886-4164-bf99-1f637de77a8c,Sanam Singh,a624bfaf-09ae-4505-b698-c66b1f803513,08cc3d57-040d-4b93-af30-2463e7e7fca3,0,0,0,#4,Confirmed
ipt-chandigarh-city-open-2-0,City Open Chandigarh 2.0,Men's Beginner,Men's,beginner,5,Gautam Kaushal / Suvir Singh,4abc41a6-8e24-4eaa-a669-eadf2b1b7365,Gautam Kaushal,98307ab5-02a0-409d-b320-7c77b38a3c53,Suvir Singh,f2971a9d-534e-4e53-b557-6bd1a60f2549,4773ba9b-12a9-417b-8120-651fd5dbcd74,27,18,45,#5,Confirmed
ipt-chandigarh-city-open-2-0,City Open Chandigarh 2.0,Men's Beginner,Men's,beginner,6,Hitesh Panwar / Shivam Garg,183d8cac-b9b1-4a60-b84a-affc7ce9bd02,Hitesh Panwar,d5fd4570-f27d-42a4-a49f-df51d89e415f,Shivam Garg,15a3cafb-f4ad-4e77-9bf1-fad53ca40655,7d458823-f6d6-418e-a2dc-72e332607b36,0,0,0,#6,Confirmed
ipt-chandigarh-city-open-2-0,City Open Chandigarh 2.0,Men's Beginner,Men's,beginner,7,Manav Jain / Thashakkriv Neelash,975f7879-28fb-4394-b703-b224787487bf,Manav Jain,264539a0-5e51-401c-a37f-ce592217e6c9,Thashakkriv Neelash,0ca47591-de78-46bc-b7c1-35c2578a08fc,af3fd1d3-31dd-4412-9cd8-65599ee07e47,18,0,18,#7,Confirmed
ipt-chandigarh-city-open-2-0,City Open Chandigarh 2.0,Men's Beginner,Men's,beginner,8,Mohit Sharma / Dhruv Malhotra,bedbb146-12a1-4080-9c30-086119a96eca,Mohit Sharma,daa131b4-ca8e-455c-adf2-477b1b9c85d6,Dhruv Malhotra,bce1b3dc-9b7a-47e6-b694-bad13ddb21ce,1527b6cf-20c9-41a0-9cb4-fe254a9517d3,0,0,0,#8,Confirmed
ipt-chandigarh-city-open-2-0,City Open Chandigarh 2.0,Men's Beginner,Men's,beginner,9,Nakul Mishra / Aditya Mehra,325a7ffb-1dab-44ee-9f53-b5b15eb0cdc0,Nakul Mishra,bb6a94c2-9ba4-4cde-8999-69dcdb6b340d,Aditya Mehra,91d8efaf-b8e8-44f3-b7be-c14371ee7733,85f757b7-2326-401c-b0ec-450496e9bea3,0,0,0,#9,Confirmed
ipt-chandigarh-city-open-2-0,City Open Chandigarh 2.0,Men's Beginner,Men's,beginner,10,Nikhil Doda / Jason P Sharma,18c48f80-ed09-42d6-ba8f-ea7081dfc9cd,Nikhil Doda,74545b96-4998-41f7-86e0-a4083fbb248f,Jason P Sharma,458a0506-5591-4aaf-8907-abf9e92f88a8,20762a93-4384-44de-aec4-46e93d437dd9,0,0,0,#10,Confirmed
ipt-chandigarh-city-open-2-0,City Open Chandigarh 2.0,Men's Beginner,Men's,beginner,11,Rajat Garg / Nitesh Bharti,1d76b8c4-7089-4e42-8046-7a6ed8095611,Rajat Garg,d1f04396-f838-46d4-85da-b6d66583c845,Nitesh Bharti,b5753caa-7c52-40d5-94c4-bf90f8775e1a,55e38727-716c-4f96-a8ee-00d4a49aa4df,0,0,0,#11,Confirmed
ipt-chandigarh-city-open-2-0,City Open Chandigarh 2.0,Men's Beginner,Men's,beginner,12,Rajbir S Randhawa / Aaronbir S Randhawa,54e33e52-aad0-4114-94eb-f496136fdbf3,Rajbir S Randhawa,5744ab39-9391-4093-9698-3b494a36b406,Aaronbir S Randhawa,cb774ea5-649a-4c56-ba8e-35bd5329ec63,bef5cddb-a051-44ee-8a91-1008d66fa2ca,0,0,0,#12,Confirmed
ipt-chandigarh-city-open-2-0,City Open Chandigarh 2.0,Men's Beginner,Men's,beginner,13,Ramnish Pal / Abhit Jhanji,e8044892-03da-4d83-be8c-94f5d27641ac,Ramnish Pal,d5941084-1f2b-46b5-8aec-fca5a323f868,Abhit Jhanji,d98b549a-3328-4f8b-80cc-e421476ff62f,6df2383c-12b0-470c-8848-b024e7d61423,0,0,0,#13,Confirmed
ipt-chandigarh-city-open-2-0,City Open Chandigarh 2.0,Men's Beginner,Men's,beginner,14,Sahil Dhingra / Udit Khaitan,2ca1e3d6-f039-4d35-8a77-2dc758f3f972,Sahil Dhingra,737f042a-0b7d-4091-bbc8-938493b926ed,Udit Khaitan,41a4f79f-691b-49db-8a39-b93263971fcf,a41c80fb-a682-4f5b-99df-85e00b586382,0,0,0,#14,Confirmed
ipt-chandigarh-city-open-2-0,City Open Chandigarh 2.0,Men's Beginner,Men's,beginner,15,Sahil Mahajan / Anuj Aggarwal,071330ea-c4ec-4770-b5ee-0f4996cfbd5c,Sahil Mahajan,41b905d0-255b-4291-a804-eec026265073,Anuj Aggarwal,c6ed8c4b-94a7-4946-a2fa-bfc246dee80f,1081fbcd-aec4-4ee2-8fe9-055193a6d391,0,0,0,#15,Confirmed
ipt-chandigarh-city-open-2-0,City Open Chandigarh 2.0,Men's Beginner,Men's,beginner,16,Saksham Dogra / Yuvraj Khullar,391caf96-d152-4853-ad02-3ea5777d3a67,Saksham Dogra,e5e1fbee-18f0-43de-ae31-e7cf693bb458,Yuvraj Khullar,08bd87e0-1561-4905-8241-83a88b6faa28,10c69f8e-f146-4096-a5e1-7fae687e8451,0,0,0,#16,Confirmed
ipt-chandigarh-city-open-2-0,City Open Chandigarh 2.0,Men's Beginner,Men's,beginner,17,Sandeep Dhand / Adesh Pratap Singh,66e160b8-a93f-4dd6-a5aa-60226597bbff,Sandeep Dhand,9e2d8d94-9122-4de3-b11a-1665744f864a,Adesh Pratap Singh,9452a6bf-7a22-467b-b29d-c7fb46c539f2,1654a2a5-c539-4958-8d97-49bf09ff52cf,0,0,0,#17,Confirmed
ipt-chandigarh-city-open-2-0,City Open Chandigarh 2.0,Men's Beginner,Men's,beginner,18,Sandip Sabharwal / Shampy Mittal,22f71241-5bf4-4dc7-ba33-683a2ea0f75b,Sandip Sabharwal,c11fce90-49a1-44f1-9c29-1a6ed684d507,Shampy Mittal,ef781df8-9bd2-4cda-b90e-1297f39bf0fb,6a338088-1b5c-4223-99ac-4c0e1e8b2ba8,20,0,20,#18,Confirmed
ipt-chandigarh-city-open-2-0,City Open Chandigarh 2.0,Men's Beginner,Men's,beginner,19,Satyam Pathak / Divyam Jain,bac73907-eaf6-474e-a27e-e1425b6d847e,Satyam Pathak,90480b0c-48fc-4bf4-b4fb-e87888f63e06,Divyam Jain,ab789966-cc32-456e-97be-7bd24e84c1f0,43cff2f3-62fd-48ff-ae4a-e57e7c013f3d,0,0,0,#19,Confirmed
ipt-chandigarh-city-open-2-0,City Open Chandigarh 2.0,Men's Beginner,Men's,beginner,20,Shray Mehta / Atin Gupta,ffcf99be-96dd-434c-984f-70de62a8348d,Shray Mehta,d0b763e8-69c1-496a-8a5f-5802e4f9eb88,Atin Gupta,e9cbc8be-508f-4bc3-b535-55f96ad9c376,11114fb5-c4ce-45e1-8232-f383be02b744,15,15,30,#20,Confirmed
ipt-chandigarh-city-open-2-0,City Open Chandigarh 2.0,Men's Beginner,Men's,beginner,21,Sidhannt Kalucha / Lokesh Dudeja,4c5085de-d565-43fb-be70-f63273986f22,Sidhannt Kalucha,5196073c-2133-4721-b40b-dff578a63065,Lokesh Dudeja,6fe01f4b-7268-4531-aa51-2c9fa57ae6f7,777b35e5-0e86-438e-b9b6-c0dd3d5f0c4d,0,0,0,#21,Confirmed
ipt-chandigarh-city-open-2-0,City Open Chandigarh 2.0,Men's Beginner,Men's,beginner,22,Surya Jain / Abhishek Slathia,3ae33b4f-09b5-4e99-ab74-2dd8755404c8,Surya Jain,734a2b87-814f-4b75-baa4-e49397a281e5,Abhishek Slathia,99104b67-88ba-47fb-ac5e-a5a9f5760582,9b522a01-a8f0-4319-9fb7-dddfd323a444,0,0,0,#22,Confirmed
ipt-chandigarh-city-open-2-0,City Open Chandigarh 2.0,Men's Beginner,Men's,beginner,23,Vivek Sharma / Rahul Gupta,725309e2-0da0-4da9-96e1-0588b6d13448,Vivek Sharma,41b4925c-0b30-4b98-92eb-0948aea39780,Rahul Gupta,d1677113-9f61-467f-9c5d-5c433c31ec25,9f442281-b754-44d1-887e-a4352f06f90c,0,0,0,#23,Confirmed
ipt-chandigarh-city-open-2-0,City Open Chandigarh 2.0,Men's Beginner,Men's,beginner,24,Yash Khajanchi / Abhiraj Singh,5e1e7bc8-ac6c-4a99-b986-f71ae79c8f7d,Yash Khajanchi,576a6de6-b47a-4fb5-b854-4e8b6984111a,Abhiraj Singh,c178c836-33d9-4c6d-b50c-bbf37482ff22,fb54751d-7cff-4222-906c-c8ae32d57823,0,0,0,#24,Confirmed
ipt-chandigarh-city-open-2-0,City Open Chandigarh 2.0,Men's Intermediate,Men's,intermediate,1,Aayush Poddar / Anurag Agarwal,b0b914e2-9e4c-4c97-b00c-49f022163e4c,Aayush Poddar,a3321c63-b080-4fba-8b62-d03aaa79bf10,Anurag Agarwal,d6814408-47f7-42d8-8e0f-9956ca1d22ea,3de798e7-2b73-486f-a42c-d92aa01a95aa,0,0,0,#1,Confirmed
ipt-chandigarh-city-open-2-0,City Open Chandigarh 2.0,Men's Intermediate,Men's,intermediate,2,Akshay Dhawan / Animesh Gupta,571b61a2-7bb2-4709-8d08-7dcc6e91d02d,Akshay Dhawan,201b9dde-1c56-410c-a47f-871a581e06aa,Animesh Gupta,636b8bf4-e7d6-4b93-b184-c2db6b2cdf6d,eaddda1c-c38a-420f-9104-b2bf89d4785c,18,0,18,#2,Confirmed
ipt-chandigarh-city-open-2-0,City Open Chandigarh 2.0,Men's Intermediate,Men's,intermediate,3,Anav Shrish / Viraj Bhargava,bb9f96a3-0f86-46a8-8484-3d7057fcca01,Anav Shrish,01641f10-7928-42b3-ae2d-6c62c67c9b7a,Viraj Bhargava,07ede683-2a43-4372-99d3-b938053d64f2,30e6d622-6dd5-4b51-ba7e-02d6e4d74253,54,30,84,#3,Confirmed
ipt-chandigarh-city-open-2-0,City Open Chandigarh 2.0,Men's Intermediate,Men's,intermediate,4,Anirudh Kaushal / Sartaj Singh Sudan,3b6e7d25-c8ba-4778-b470-f8fe27a41037,Anirudh Kaushal,c30a02a9-8060-4353-ae78-335c70287b6e,Sartaj Singh Sudan,b0e71dae-f882-407a-8a1d-93dcbd5cf710,2268e39d-afe9-48b2-8b40-df54e2ae11d5,0,0,0,#4,Confirmed
ipt-chandigarh-city-open-2-0,City Open Chandigarh 2.0,Men's Intermediate,Men's,intermediate,5,Arjun Dhanda / Akhil Bansal,3dd3d660-e7b5-4549-8c09-602334f5c3ca,Arjun Dhanda,a54ba179-7fc9-4533-9eaa-c2c09da3f061,Akhil Bansal,a4cde000-802c-4d3d-9f03-997f109dcdef,85737dc8-10c1-432d-b853-aff45717060d,0,18,18,#5,Confirmed
ipt-chandigarh-city-open-2-0,City Open Chandigarh 2.0,Men's Intermediate,Men's,intermediate,6,Japnaam Singh / Meet Ohlyan,e68d8156-e748-4204-92d6-eadf481febf8,Japnaam Singh,86f91f72-2dc2-4f80-a8d3-815e270d7d97,Meet Ohlyan,ae95ce7f-b03a-41b7-b257-07c674e48547,8e756bb2-c1cd-45bc-a3be-777e4e195b29,0,0,0,#6,Confirmed
ipt-chandigarh-city-open-2-0,City Open Chandigarh 2.0,Men's Intermediate,Men's,intermediate,7,Karan Tandon / Sahil Parikh,f20c5650-e73d-4731-a1b5-5b89be6d623d,Karan Tandon,4f02042c-7cbe-4536-8a96-d529346d901c,Sahil Parikh,4e3992f6-00ca-4742-8eac-3b036802109a,0a908bcd-1dc4-42a3-a6bd-a2805fa0423c,90,24,114,#7,Confirmed
ipt-chandigarh-city-open-2-0,City Open Chandigarh 2.0,Men's Intermediate,Men's,intermediate,8,Love Pahal / Aarav Chawla,8abce6cb-1ce3-4d86-a6c8-14f5efa3b37e,Love Pahal,641d9cb2-bcae-4e8a-a9d3-19ef4d86426d,Aarav Chawla,cea3a3a5-bb6f-4767-b606-0b15d3b84bfe,eb0dafbd-f575-45b6-8d06-3731742a71b7,0,0,0,#8,Confirmed
ipt-chandigarh-city-open-2-0,City Open Chandigarh 2.0,Men's Intermediate,Men's,intermediate,9,Madhav Bajaj / Divanshu Nayyar,0fd115b3-0fce-4f9b-93c9-13e6c268e5cb,Madhav Bajaj,645bea63-c782-48f3-9687-7887da354b08,Divanshu Nayyar,7c621973-96e9-4398-baed-28da9b2da7a9,ac3d8ee7-6657-405d-9278-ecce813d4936,50,50,100,#9,Confirmed
ipt-chandigarh-city-open-2-0,City Open Chandigarh 2.0,Men's Intermediate,Men's,intermediate,10,Manan Gupta / Armaan Garg,787505dd-9f13-4ef2-a4ae-eb81af687abf,Manan Gupta,74874a01-a4e3-403a-85b5-27207cf1cdd6,Armaan Garg,3b14e14d-0feb-4f3b-b758-369e5ff8b8e0,4f4bf7a6-73cf-4e20-b869-3770293cfac2,9,0,9,#10,Confirmed
ipt-chandigarh-city-open-2-0,City Open Chandigarh 2.0,Men's Intermediate,Men's,intermediate,11,Manav Malhotra / Varun Dattani,4272deaf-7eb7-44ef-aa24-dc531a9b6fd5,Manav Malhotra,5b6730d4-a1a1-4cd3-97ec-3423545be5cd,Varun Dattani,62675b54-7883-49ae-b46e-047b2ab466cf,12d6226d-0e51-4eb4-9126-5c070569b93f,0,301,301,#11,Confirmed
ipt-chandigarh-city-open-2-0,City Open Chandigarh 2.0,Men's Intermediate,Men's,intermediate,12,Ankush Puri / Sehaj Sehgal,7de59a0c-475a-4088-b378-3bfdf5a88ad6,Ankush Puri,0c568934-bec2-451a-91c5-d0d4d068a8af,Sehaj Sehgal,2d11c3af-4ded-423a-a2f4-7863ebe56e6d,ced50002-2e62-441e-a317-9a42f6157131,0,0,0,#12,Confirmed
ipt-chandigarh-city-open-2-0,City Open Chandigarh 2.0,Men's Intermediate,Men's,intermediate,13,Mehul Bansal / Lakshay Bharti,cebed5c0-9f8f-4458-aaa4-0ee2b6f25f10,Mehul Bansal,229df8e2-1349-4ee0-a15a-e46df0dc770f,Lakshay Bharti,39bde1af-4a95-4215-b243-1872cf62bdd2,7eabe95a-f4fb-4a42-9807-e0543bec0f47,49,36,85,#13,Confirmed
ipt-chandigarh-city-open-2-0,City Open Chandigarh 2.0,Men's Intermediate,Men's,intermediate,14,Nikhil Bansal / Jansher Waraich,ab58ef43-8f50-4f4e-a45b-1087ae59ee35,Nikhil Bansal,862441b4-6513-41df-94c0-a4b301b570dd,Jansher Waraich,c497d377-7449-4d20-98be-b920506fefbe,cf36d3ec-4809-4e7a-841f-340927e7b2e2,51,0,51,#14,Confirmed
ipt-chandigarh-city-open-2-0,City Open Chandigarh 2.0,Men's Intermediate,Men's,intermediate,15,Pruthvi Patel / Harshil Sheth,8b59dc20-8434-4323-9df5-72b9bcb10d6b,Pruthvi Patel,4a24bb98-4925-4def-ac6a-f794287f8ef6,Harshil Sheth,456e2a32-4b11-4648-b763-8b241c33aa6c,245e189f-d9e8-47b0-9c9f-247d4cef4704,18,150,168,#15,Confirmed
ipt-chandigarh-city-open-2-0,City Open Chandigarh 2.0,Men's Intermediate,Men's,intermediate,16,Raghav Garg / Sachit Nayyar,fdb26ab4-790d-4401-8a7d-80b071cd0b6b,Raghav Garg,360581d4-b031-4e4f-b758-6ec519464571,Sachit Nayyar,cd7f9c8c-30bf-42d6-9c31-0a5ba3bd93c3,a7557d6e-6a04-49c6-a547-e66bbd041302,20,24,44,#16,Confirmed
ipt-chandigarh-city-open-2-0,City Open Chandigarh 2.0,Men's Intermediate,Men's,intermediate,17,Rajkanwar Bhangoo / Harneet Singh,29ce2928-dce1-42de-9eb6-43363196ee5f,Rajkanwar Bhangoo,32dc6641-2e37-478a-be4f-4d4b34e0f292,Harneet Singh,cc7a0206-cd20-4e08-aaa7-a0e73348e369,feb6cbe3-d92d-4231-a46b-01b7cafaa535,40,0,40,#17,Confirmed
ipt-chandigarh-city-open-2-0,City Open Chandigarh 2.0,Men's Intermediate,Men's,intermediate,18,Ramit Bhargava / Manjot Singh Ahuja,3fef4cdb-8616-480c-9858-605b1e38988b,Ramit Bhargava,a7782cc0-4fe4-4e19-a563-237bb9090168,Manjot Singh Ahuja,dd7b6dd3-df7f-470e-a03c-6a28985a2e92,2e67a2ed-9795-4719-943f-41b2c3443921,0,20,20,#18,Confirmed
ipt-chandigarh-city-open-2-0,City Open Chandigarh 2.0,Men's Intermediate,Men's,intermediate,19,Rishabh Gupta / Rijul Jain,c8c5d555-7efd-4029-bcb6-0973f8bb4e97,Rishabh Gupta,55b85e71-3eaf-4e84-846a-1e4a3c83e091,Rijul Jain,d2929dbf-9c3f-4666-ab29-0714e1209d4f,dd6e4ace-e73b-4da7-a1cd-177117f85106,20,0,20,#19,Confirmed
ipt-chandigarh-city-open-2-0,City Open Chandigarh 2.0,Men's Intermediate,Men's,intermediate,20,Rohail Pandohi / Ayush Gupta,b8bf9b63-7e44-4c43-90aa-3dcd43a047b0,Rohail Pandohi,97582df5-8d51-44fe-9bf2-74fb96bf9e05,Ayush Gupta,3cc79771-f529-43d0-b837-00ae4398d525,2d572bde-0a72-435c-a58c-bf0e5f11e259,0,0,0,#20,Confirmed
ipt-chandigarh-city-open-2-0,City Open Chandigarh 2.0,Men's Intermediate,Men's,intermediate,21,Sagar Ahuja / Nivesh Poddar,cfb8360d-d5e5-4934-9d69-c82884d2621c,Sagar Ahuja,dcd604bc-9d5b-4c61-a816-282a5ba39a68,Nivesh Poddar,20974301-f0f5-4be9-a439-2680decb5b59,a0037dd2-54a0-468e-99da-86b1ba0546b0,0,0,0,#21,Confirmed
ipt-chandigarh-city-open-2-0,City Open Chandigarh 2.0,Men's Intermediate,Men's,intermediate,22,Sahil Bakshi / Shivang Mahajan,c52a3395-f5d9-4d1c-a314-a04a7c0565d1,Sahil Bakshi,503b6fba-116c-48fb-8483-a877c1367ee1,Shivang Mahajan,72f24b5f-04c1-4ed2-bf9b-3e0bc60b9209,48efd3aa-575d-43b4-a51c-6118dd7a248c,0,0,0,#22,Confirmed
ipt-chandigarh-city-open-2-0,City Open Chandigarh 2.0,Men's Intermediate,Men's,intermediate,23,Sahil Kapoor / Yuvraj Singh Arora,f66d2dd2-a568-40f7-9fb2-51b28845b441,Sahil Kapoor,bbaf552c-c5f2-4bd5-8dc2-9ccb0d0628c5,Yuvraj Singh Arora,c4191770-1fe7-409e-b44d-6d3a8a8a2dcd,cfcd3b39-7acc-4811-9d7d-6ed3a0452e3a,0,0,0,#23,Confirmed
ipt-chandigarh-city-open-2-0,City Open Chandigarh 2.0,Men's Intermediate,Men's,intermediate,24,Shanu Hazra / Parth Thakkar,32e72a90-6fbd-4ccc-bdc5-93be13a6f158,Shanu Hazra,422e5a42-67b4-43be-9f71-74ca711a8aa8,Parth Thakkar,ecaad231-fbe5-40c2-8da4-9fb89836505e,4038ffa5-af76-4f75-9ca3-bd7a0be2cc0e,150,0,150,#24,Confirmed
ipt-chandigarh-city-open-2-0,City Open Chandigarh 2.0,Men's Intermediate,Men's,intermediate,25,Simar Chadha / Ikrab Ghai,d17f38c0-bcbf-45b1-8013-e47edf701994,Simar Chadha,08c756f4-9b1a-41af-96b5-b7041d812156,Ikrab Ghai,499c7df2-5f31-4983-9618-2e6c8d573d9f,aac1dc0e-4b5b-4664-8041-7c81dde119f3,0,30,30,#25,Confirmed
ipt-chandigarh-city-open-2-0,City Open Chandigarh 2.0,Men's Intermediate,Men's,intermediate,26,Tanveer Singh / Rahil Mahajan,ddb10849-80d7-4445-a21f-8b51010f3dee,Tanveer Singh,6975bb60-5198-44e1-8fe4-cdd357279a6b,Rahil Mahajan,dd56641f-6164-4f80-ab82-bbc7cc3f8e73,e8aaaee0-d127-404b-9d5e-55d741a7f710,39,0,39,#26,Confirmed
ipt-chandigarh-city-open-2-0,City Open Chandigarh 2.0,Men's Intermediate,Men's,intermediate,27,Udhay Mahajan / Hari Singh,10a7cfb7-155c-48d3-b2a2-8c2bde421e4e,Udhay Mahajan,982e5765-581a-4f3c-acc9-d2a825ab8e33,Hari Singh,5952ffe9-ba46-47fd-9229-a8c03056de31,8578810a-04f0-4d26-9a77-d0b619fe4a7d,18,0,18,#27,Confirmed
ipt-chandigarh-city-open-2-0,City Open Chandigarh 2.0,Men's Intermediate,Men's,intermediate,28,Vaibhav Sahni / Ishaan Chandhok,8850ef35-01ed-405d-acb6-6bd23a45b747,Vaibhav Sahni,7a68498f-5de6-49d5-8528-44428d14dc05,Ishaan Chandhok,d83a17b7-72c2-415e-95af-cd211ca267d0,05309812-26fa-45c6-8b48-710a5b06bafc,9,0,9,#28,Confirmed
ipt-chandigarh-city-open-2-0,City Open Chandigarh 2.0,Men's Intermediate,Men's,intermediate,29,Vansh Bhagtani / Yash Nagdev,b8eb1e10-ea5c-4422-835e-d6b7bf8f381f,Vansh Bhagtani,0346bf27-30fb-409c-8bd4-bdbb1f7119cd,Yash Nagdev,64b4dbd7-8bfd-457e-9e4f-821c7f4e6284,f5172ec0-ad5b-42c5-b9ec-3cdb93f55025,9,9,18,#29,Confirmed
ipt-chandigarh-city-open-2-0,City Open Chandigarh 2.0,Men's Intermediate,Men's,intermediate,30,Vishav Bansal / Ajay Dhiman,3cb79d42-8573-4265-ba5e-dd98ae750ab4,Vishav Bansal,e784da28-d426-42a0-9808-34955ffbd3b2,Ajay Dhiman,7f8b1334-67ad-4720-8a65-c4859449abd1,23725c27-5b28-420a-b5e5-b94e68d449ac,0,0,0,#30,Confirmed
ipt-chandigarh-city-open-2-0,City Open Chandigarh 2.0,Men's Intermediate,Men's,intermediate,31,Yashvardhan Sarda / Shreyas Dogial,33e396ff-a084-4b28-b360-ff47e5b98714,Yashvardhan Sarda,1ccedf71-474a-4ae1-a036-b0a79b3dff9d,Shreyas Dogial,7d6a0e72-34a4-43f7-b9c1-4a865655a422,96296a93-d1d4-49e4-a3ee-5eaf33f2702f,29,0,29,#31,Confirmed
ipt-chandigarh-city-open-2-0,City Open Chandigarh 2.0,Men's Advance,Men's,advance,1,Adit Patel / Abhishek Gupta,cdd858a3-1533-4a7b-bf8b-1b94f0f3b868,Adit Patel,9140618c-3629-4b96-9a53-39084fc8aa5e,Abhishek Gupta,b3b6d2a1-30a3-4504-b3e5-bea2e06c2f68,4b46f212-8d14-4870-bfb6-416b266d4975,628,54,682,#1,Confirmed
ipt-chandigarh-city-open-2-0,City Open Chandigarh 2.0,Men's Advance,Men's,advance,2,Aditya Jagtap / Rahul Motwani,9db40aca-2be2-4bdd-b807-02ad8bb8bf77,Aditya Jagtap,5854e023-8f2c-4811-82ed-0e54efaf63ec,Rahul Motwani,08cbd9d2-f927-4b01-983f-b9bc670395a8,b610426e-8288-473a-a63b-6dc051bb842d,4168,2430,6598,#2,Confirmed
ipt-chandigarh-city-open-2-0,City Open Chandigarh 2.0,Men's Advance,Men's,advance,3,Advait Bahl / Kabir Anand,13d6188c-cd2e-4152-a5c2-0b82573143b9,Advait Bahl,3354c5a3-1dbf-47e7-a264-7a573cd0b8e5,Kabir Anand,2f0244c5-a052-4834-96c4-70f367dd81d1,d89a6de4-9847-456b-80f9-e375eb24c5fb,204,9,213,#3,Confirmed
ipt-chandigarh-city-open-2-0,City Open Chandigarh 2.0,Men's Advance,Men's,advance,4,Ankit Grover / Gaurav Gupta,16516f08-0d7c-4182-a46d-954797eec278,Ankit Grover,a9508ce7-d11a-4ba9-8c9a-1e587770e376,Gaurav Gupta,f8694ce4-cd92-46e3-a003-fab3bee9ce26,d4b0c0df-1eb2-4e50-a4e7-1266f2da300c,0,0,0,#4,Confirmed
ipt-chandigarh-city-open-2-0,City Open Chandigarh 2.0,Men's Advance,Men's,advance,5,Arjun Kapoor / Rohit Dhiman,a9d1cebf-249f-4801-ac1c-dc757ebd99a3,Arjun Kapoor,4f889960-3cf4-48c0-83f2-0ddc73c9c8b3,Rohit Dhiman,ee7afa34-e0a0-47ed-8791-f608d290f09e,c07ef0b2-d80d-4e7f-8fee-d06ecbf79baf,880,360,1240,#5,Confirmed
ipt-chandigarh-city-open-2-0,City Open Chandigarh 2.0,Men's Advance,Men's,advance,6,Ashish Khemlani / Siddharth Nandal,5df49a33-22cb-4ac4-b03a-a075acfb5390,Ashish Khemlani,b90b8354-8c54-43e4-9ff4-e064e26f5d51,Siddharth Nandal,1c82811d-67d8-42d8-bd40-4c9cf5417aea,8014ea01-44be-4ce8-87a0-3cf4cd88df93,120,120,240,#6,Confirmed
ipt-chandigarh-city-open-2-0,City Open Chandigarh 2.0,Men's Advance,Men's,advance,7,Bhavuk Dua / Jeetpal Singh Chauhan,d16cd43e-c3cb-47e0-8951-8bd1e49e829e,Bhavuk Dua,7fccd321-fef6-4be3-ac34-efe74705a573,Jeetpal Singh Chauhan,4eb81cca-d7d5-4a1f-b680-2f3b548d4a5c,77c17a0f-baf4-43f4-a716-4056a1d24fa1,0,0,0,#7,Confirmed
ipt-chandigarh-city-open-2-0,City Open Chandigarh 2.0,Men's Advance,Men's,advance,8,Gautam Daluja / Darshan Dilbar Singh,70077a0b-582b-4dab-b04d-7195cb3ffffe,Gautam Daluja,ebc5d76f-91bc-487e-af93-9e0a8ed25911,Darshan Dilbar Singh,8fa2430b-8040-47af-b265-79d976c81a36,66bb2b82-272f-4b46-8aa6-072f3b23b731,0,0,0,#8,Confirmed
ipt-chandigarh-city-open-2-0,City Open Chandigarh 2.0,Men's Advance,Men's,advance,9,Ishaan Mehta / Chiraz Singh,b1ea90bf-af3c-401b-838c-0b1445da5f66,Ishaan Mehta,dbc5acde-d349-45fe-a531-f65e64a50eb8,Chiraz Singh,67a8c05b-4364-468c-9aac-71b97583a945,be357736-97bc-49b3-b9bb-2674e290e134,0,0,0,#9,Confirmed
ipt-chandigarh-city-open-2-0,City Open Chandigarh 2.0,Men's Advance,Men's,advance,10,Jasmer Kapany / Rohan Jain,ranked-jasmer-kapany,Jasmer Kapany,a7157d78-91c3-4c0a-9444-a4e402f56e73,Rohan Jain,9c76d38a-9665-4b49-be37-6237fac6d2b7,31e2680e-075d-4192-946b-66d381ad083b,676,180,856,#10,Confirmed
ipt-chandigarh-city-open-2-0,City Open Chandigarh 2.0,Men's Advance,Men's,advance,11,Pranav Chopra / Raghuraj Dewan,87abe235-1461-4646-936a-96f9332bf256,Pranav Chopra,d7b4cb8b-ad06-471e-a741-5873a52775a5,Raghuraj Dewan,7ce618a7-97c0-448b-a8ef-4206b9ff1f26,2518db05-aefc-464d-a19a-22569d28c34a,160,18,178,#11,Confirmed
ipt-chandigarh-city-open-2-0,City Open Chandigarh 2.0,Men's Advance,Men's,advance,12,Raaghav Sharma Bagga / Atul Sharma,ae03412d-d2a1-4b89-a934-a895d52f8a9d,Raaghav Sharma Bagga,c6047ddc-2d5d-4534-85fd-b5bc6a3d68b2,Atul Sharma,dd1ff8f8-4848-4d11-97b1-7d6a57daa4e5,cb731f80-ae19-41e6-841d-714b6d99b9b2,50,0,50,#12,Confirmed
ipt-chandigarh-city-open-2-0,City Open Chandigarh 2.0,Men's Advance,Men's,advance,13,Samar Malhotra / Paramveer Singh Bajwa,a57ef4ab-a62e-4b71-a4d2-0f267dea2626,Samar Malhotra,29e75609-025c-485b-a40a-969d2ce6e6bc,Paramveer Singh Bajwa,15970d7c-104d-4860-8dad-97691c26baf5,ce02b5b2-517f-43db-a269-ac81913c2daa,3660,1276,4936,#13,Confirmed
ipt-chandigarh-city-open-2-0,City Open Chandigarh 2.0,Men's Advance,Men's,advance,14,Samin Bhargava / Yuvraj Singh Kooka,83c9faf7-5bd4-4e29-84c2-c2d809c9235b,Samin Bhargava,8b41cccf-1066-4688-b02b-cdc037ee1430,Yuvraj Singh Kooka,94642d41-9901-479d-a648-b7cfc18a5954,eac25bfa-d98b-411b-b271-c104e317919f,700,160,860,#14,Confirmed
ipt-chandigarh-city-open-2-0,City Open Chandigarh 2.0,Men's Advance,Men's,advance,15,Swaraj Deshmukh / Krishna Teja,d53736bd-2d26-4977-9d4f-edb8ddc49ffb,Swaraj Deshmukh,e2905309-9439-4aa4-bbad-7419790213fc,Krishna Teja,cd055384-284b-40d2-b894-53e0f6d8184d,e2905309-9439-4aa4-bbad-7419790213fc,570,0,570,#15,Confirmed
ipt-chandigarh-city-open-2-0,City Open Chandigarh 2.0,Men's Advance,Men's,advance,16,Tushar Jagota / Aryan Manchanda,213df946-7be9-4fcb-98c8-e0d6ba33789d,Tushar Jagota,a13eb3e0-3914-4555-b6be-287c89850654,Aryan Manchanda,f011bf58-ac01-4428-ae8b-87603ac485f6,a13eb3e0-3914-4555-b6be-287c89850654,0,0,0,#16,Confirmed
ipt-chandigarh-city-open-2-0,City Open Chandigarh 2.0,Men's 40+,Men's 40+,open,1,Akshay Jalan / Ankit Agarwal,16def632-d48e-4678-81b5-1316aedb049c,Akshay Jalan,d4d1cf44-7849-4baa-b956-c56e4613995b,Ankit Agarwal,e504f996-3171-4330-aaa5-3856ad06fc1e,7ec72da3-f498-42ff-819e-be69b5ce5e75,1248,540,1788,#1,Confirmed
ipt-chandigarh-city-open-2-0,City Open Chandigarh 2.0,Men's 40+,Men's 40+,open,2,Gagandeep Singh Wasu / Vikas Nayar,ed32d147-599c-4fe5-9532-1ff957812e74,Gagandeep Singh Wasu,56972f0d-8354-4a73-8a94-386f9b0d08c3,Vikas Nayar,b16064cb-9875-481f-9520-471c5c1e8e85,d27376c5-5129-4479-a2e6-294356ac4a77,0,0,0,#2,Confirmed
ipt-chandigarh-city-open-2-0,City Open Chandigarh 2.0,Men's 40+,Men's 40+,open,3,Mukul Kumar / Kanwar Dhillon,78f60558-5008-4120-bf6d-f62bd95b8b16,Mukul Kumar,5411249a-19df-4563-a409-e36fcfb42fbe,Kanwar Dhillon,1f2bae83-56ce-4ca8-af99-12a063215274,f800b2ab-2669-4512-af0f-c4d740557bc1,0,0,0,#3,Confirmed
ipt-chandigarh-city-open-2-0,City Open Chandigarh 2.0,Men's 40+,Men's 40+,open,4,Prabhas Sharma / Muizz Khan,c4e5ac58-b4da-413a-b134-eba55f9a1c56,Prabhas Sharma,285970f4-403a-47e7-80a2-f0e3915e782d,Muizz Khan,d42985d9-2811-4c17-b921-a97ffdfe4ffe,d568c951-7b6d-4edf-8333-8686e864bbe4,0,0,0,#4,Confirmed
ipt-chandigarh-city-open-2-0,City Open Chandigarh 2.0,Men's 40+,Men's 40+,open,5,Rakesh Kumar / Akash Chawla,25d85355-bb68-453a-8ecf-60a50ae2fc72,Rakesh Kumar,eab68233-e9ec-469a-a08a-201750e4d1e8,Akash Chawla,c1554a42-58dc-4da7-924e-4c70a3be7d3f,3ae71a52-55c6-4c05-b345-8c5d63fa1ecb,0,0,0,#5,Confirmed
ipt-chandigarh-city-open-2-0,City Open Chandigarh 2.0,Men's 40+,Men's 40+,open,6,Sidharth Daluja / Avish Sharma,64c7cc75-8fc2-4572-97a8-160113a9cf58,Sidharth Daluja,b156ba33-c5c4-451b-b958-96330a28c06d,Avish Sharma,99752412-0aee-4418-b632-57a90af3e765,f2199ec4-365c-407f-ac3e-24930e189e5a,0,0,0,#6,Confirmed
ipt-chandigarh-city-open-2-0,City Open Chandigarh 2.0,Men's 40+,Men's 40+,open,7,Sidharth Garg / Anuj Mehndiratta,8489ff62-aa1d-43e6-b61a-b62febfaa01c,Sidharth Garg,56defa64-09c8-4f16-b478-c9e06555e4da,Anuj Mehndiratta,ee4b8099-2677-413a-923a-f8f40d13232e,3d3d315e-0215-4b6d-8986-1d872501a31f,0,0,0,#7,Confirmed
ipt-chandigarh-city-open-2-0,City Open Chandigarh 2.0,Men's 40+,Men's 40+,open,8,Utsav Khanna / Supan Kalucha,cf826ad5-818a-446b-b16b-825bc7f76fef,Utsav Khanna,f9b843bd-1ec8-4a5f-bca9-c8bcd130be80,Supan Kalucha,11600b2f-4dda-46eb-9a84-26e1e4476a03,2492fe14-f9f3-4dc8-b925-656ff66ca570,0,0,0,#8,Confirmed
ipt-chandigarh-city-open-2-0,City Open Chandigarh 2.0,Women's Beginner,Women's,beginner,1,Armaan Mann / Amanat Mann,6e62c2a4-bd95-41f8-bd17-901a78994ae1,Armaan Mann,8bf1a055-a38e-478d-9031-1342e62eecd9,Amanat Mann,a3b4da01-1ab3-4b18-afb1-af8797e5ee77,952472f6-e238-4266-952f-68763f76d007,18,0,18,#1,Confirmed
ipt-chandigarh-city-open-2-0,City Open Chandigarh 2.0,Women's Beginner,Women's,beginner,2,Arnavaz Kollah / Ustat Kharbanda,a7d52a88-016f-4920-b7e4-d1389cef635c,Arnavaz Kollah,e8a4f77d-e880-4d53-b392-51dc1255d7cf,Ustat Kharbanda,dd622b1f-c6ec-4745-bd53-a23524f2b666,68fa97e6-4dc0-42bb-bde0-24a700b4b2fd,30,20,50,#2,Confirmed
ipt-chandigarh-city-open-2-0,City Open Chandigarh 2.0,Women's Beginner,Women's,beginner,3,Bhavya Wadhawan / Shrawasti Kundilya,9d0ba07d-ae46-4e36-b758-d5f9410d5c6d,Bhavya Wadhawan,436a300f-ef7c-4746-93e4-8dddd7c7817a,Shrawasti Kundilya,dbaf8c1a-b9a0-49e4-9867-fbd8e94caaf8,74355132-249b-438d-ac37-443b8eb3d55e,0,0,0,#3,Confirmed
ipt-chandigarh-city-open-2-0,City Open Chandigarh 2.0,Women's Beginner,Women's,beginner,4,Dishita Aggarwal / Avreet Dhillon,1b3dbadc-9380-4b1e-8be2-5506653d24aa,Dishita Aggarwal,4b5c73b1-1d6c-4d72-9e13-3d93fbf93070,Avreet Dhillon,d8760f63-abbf-4f2d-9e89-5fbd555e57d1,0c60bfa0-a6f9-4e2e-be7b-be8e4a38285f,0,50,50,#4,Confirmed
ipt-chandigarh-city-open-2-0,City Open Chandigarh 2.0,Women's Beginner,Women's,beginner,5,Hridaya Patel / Rushali Singh,48ffff62-a278-4d55-aa63-7fc6be4efdd5,Hridaya Patel,653e1c09-b2f5-44aa-8552-59442c4788a0,Rushali Singh,ef061226-a356-4043-9688-0ea275522fe0,945fcd64-a0aa-4f62-a822-f932614d9c1b,0,0,0,#5,Confirmed
ipt-chandigarh-city-open-2-0,City Open Chandigarh 2.0,Women's Beginner,Women's,beginner,6,Muskaan Sundra / Hasrat Kaushal,218fb848-4f7e-4981-a571-f5a4eb1ecb0a,Muskaan Sundra,6f72b819-5a59-4239-a198-66c7fe37e5ec,Hasrat Kaushal,defa3bc4-8bad-43d8-a7dc-4ac9d950cbf3,802d0cab-df39-4c19-9804-63562fb24cd1,0,0,0,#6,Confirmed
ipt-chandigarh-city-open-2-0,City Open Chandigarh 2.0,Women's Beginner,Women's,beginner,7,Nihar Khan / Priyanka Mahajan,e5186d66-a2c0-4304-82cd-dcf45a4bc61f,Nihar Khan,0f389fa2-10ac-4ea7-9834-75925cd03e1f,Priyanka Mahajan,3d54b422-5032-4459-8ea7-5a0b424f034b,b79e6b5e-67ce-48a1-9603-396f833f36bb,0,0,0,#7,Confirmed
ipt-chandigarh-city-open-2-0,City Open Chandigarh 2.0,Women's Beginner,Women's,beginner,8,Sara Daluja / Shuchi Bakshi,7a9c9d4a-aaad-4c36-96d3-646722190fd7,Sara Daluja,aa849bb9-b649-40d2-9cbf-2d6c51c7ef0a,Shuchi Bakshi,652a333f-9198-4c2a-8df4-b5ca694c0f79,6a0dfb6c-e93a-46ef-8620-ffd0c8b109cb,0,0,0,#8,Confirmed
ipt-chandigarh-city-open-2-0,City Open Chandigarh 2.0,Women's Beginner,Women's,beginner,9,Tasveer Sohi / Prabhsifat Kaur,00726336-208f-428b-927c-e58df86ca58f,Tasveer Sohi,fd2fc206-a249-4592-b4b6-8508a03c6215,Prabhsifat Kaur,ad77d45c-c6ec-42c9-abf1-983352a3440d,f5be5a2a-d54d-4ef4-bdc5-c8782fa0e954,0,0,0,#9,Confirmed
ipt-chandigarh-city-open-2-0,City Open Chandigarh 2.0,Women's Intermediate,Women's,intermediate,1,Amaya Kothari / Kyra Pereira,214fa58d-dcf2-4b0b-888f-f2a2341ae45b,Amaya Kothari,ebb05833-4e36-4fbc-977b-1973a5845aba,Kyra Pereira,3a15cf1d-bb66-4301-b7ba-9cc269a35017,802f1333-e3cc-4c45-9b97-f5e4c4c471c5,0,0,0,#1,Confirmed
ipt-chandigarh-city-open-2-0,City Open Chandigarh 2.0,Women's Intermediate,Women's,intermediate,2,Ishika Kankaria / Gul Arora,5fa2a56d-9091-45c8-848e-b3de76cceba4,Ishika Kankaria,fd6b4e79-5c63-409c-a459-3fec3067f204,Gul Arora,9c372cd1-b34f-4197-a4bf-1ae47bdebbf8,c580b7e0-19c1-47e0-8e87-55095a4b0b2f,0,0,0,#2,Confirmed
ipt-chandigarh-city-open-2-0,City Open Chandigarh 2.0,Women's Intermediate,Women's,intermediate,3,Nandini Ghai / Ridhi Gupta,7f012c99-3142-42b3-ba1b-30fee6e58a40,Nandini Ghai,3d21ad79-9d3f-46d7-92da-ef095250efaf,Ridhi Gupta,d09b9f84-66a4-46b1-8127-b148659f8ae9,eca234fe-5f6e-459e-9be0-59cb01765799,0,40,40,#3,Confirmed
ipt-chandigarh-city-open-2-0,City Open Chandigarh 2.0,Women's Advance,Women's,advance,1,Mansi Malhotra / Vaibhavi Deshmukh,f075566a-ec58-4d8e-b389-4380d75fba34,Mansi Malhotra,1c91795e-92c5-444b-aa99-d1e70e063c55,Vaibhavi Deshmukh,db56e6b4-aa5f-4558-a8ca-3e06dde213f8,45f14631-2cda-42b6-a83a-cbc6aeed266a,140,2668,2808,#1,Confirmed
ipt-chandigarh-city-open-2-0,City Open Chandigarh 2.0,Women's Advance,Women's,advance,2,Radhika Vasudeva / Aashna Mehra,124f1292-f3a9-4139-bd9d-f9fa8e1dd983,Radhika Vasudeva,808e72ea-16d9-41ac-88af-cdc80de35aa4,Aashna Mehra,15505035-f86e-4a4d-9b5d-0c55e7f7e39f,ce926e54-5800-41ce-9164-13aa7ab056e6,240,100,340,#2,Confirmed
ipt-chandigarh-city-open-2-0,City Open Chandigarh 2.0,Women's Advance,Women's,advance,3,Steisha Buddhala / Amy Bundhel,a8725d43-8928-4958-ace6-183c3a63c538,Steisha Buddhala,c02126c6-4418-4f24-8895-867c3e3c89c2,Amy Bundhel,1738590c-9f24-4e15-9df7-2da7aa63052d,09844425-59de-4e90-b4f4-642820411458,2920,2920,5840,#3,Confirmed
ipt-goa-grandslam-11-0,Grand Slam 11.0 Goa Edition,Men's Beginner,Men's,beginner,1,Aarman Kler / Angad Puar,821bda69-7b49-49ce-96f9-425f549eab3f,Aarman Kler,fee9acbd-1e47-4ec5-a495-f49bad8748e6,Angad Puar,e2af33e2-beae-476d-bb4d-3c1f71c1006e,1c1d06da-d4b6-43af-9c2f-24fe87e04124,9,9,18,#1,Confirmed
ipt-goa-grandslam-11-0,Grand Slam 11.0 Goa Edition,Men's Beginner,Men's,beginner,2,Abhi Panchu / Mukund Muthanna,2fc76920-fbc0-4f8b-b8cc-cc92661a5f3e,Abhi Panchu,b1863a39-a660-43dd-8e1c-830d77223fe7,Mukund Muthanna,6693929c-d18e-4cc9-b88d-34bf55227b2c,122b1943-4100-43b9-9b78-b3e799715fc0,50,50,100,#2,Confirmed
ipt-goa-grandslam-11-0,Grand Slam 11.0 Goa Edition,Men's Beginner,Men's,beginner,3,Arnav Sanjeev / Sahil Kaushal,a855af93-c390-4b32-9887-e39a874377df,Arnav Sanjeev,938c8f3a-d36f-47ea-b7bf-7fcd7aabacdd,Sahil Kaushal,d30605c0-e851-423a-8127-d56fd51be176,fff07c38-07c8-4292-afe2-68f4e5bf3e0e,30,30,60,#3,Confirmed
ipt-goa-grandslam-11-0,Grand Slam 11.0 Goa Edition,Men's Beginner,Men's,beginner,4,Divy Kothari / Priynash Kothari,9ea9d377-325c-4e5e-8973-2502b62cf1fa,Divy Kothari,ac9d1c3d-1aac-4acc-8ad0-1325faa75e44,Priynash Kothari,ca51e4f4-2908-4525-b232-6f4f16c666fe,1a63cb5b-286d-417a-9004-2adb36cafac1,0,0,0,#4,Confirmed
ipt-goa-grandslam-11-0,Grand Slam 11.0 Goa Edition,Men's Beginner,Men's,beginner,5,Gautam Kaushal / Aman Goyal,4abc41a6-8e24-4eaa-a669-eadf2b1b7365,Gautam Kaushal,6c67db09-ad9a-46d3-a0a3-5c4e7687587d,Aman Goyal,319f581d-6438-4513-ac22-45370eafe3f6,1cbd2248-325e-40b5-bee8-e3bcb2aaeeed,27,9,36,#5,Confirmed
ipt-goa-grandslam-11-0,Grand Slam 11.0 Goa Edition,Men's Beginner,Men's,beginner,6,Joshua Lobo / Joshua Lobo Partner,ff05cc74-ed3a-4f11-b5c9-b91e71e5f39d,Joshua Lobo,b6fcd7bf-693d-40ad-adbc-a23632357bf9,Joshua Lobo Partner,c00c7fca-4569-4504-88d2-bf4baf94bf76,b6fcd7bf-693d-40ad-adbc-a23632357bf9,0,0,0,#6,Confirmed
ipt-goa-grandslam-11-0,Grand Slam 11.0 Goa Edition,Men's Beginner,Men's,beginner,7,Lokesh Chhabra / Vaibhav Malik,8c14292c-7d3f-4075-9728-5ecdab778aef,Lokesh Chhabra,5e02eee8-3dff-4b01-a9b2-62b430787c78,Vaibhav Malik,f5f066b2-c7af-47c4-b7e8-03322b7d717c,610d3bf0-e08a-4487-af57-ae13f2d679be,0,0,0,#7,Confirmed
ipt-goa-grandslam-11-0,Grand Slam 11.0 Goa Edition,Men's Beginner,Men's,beginner,8,Rajat Jain / Pratik Makkar,fbb446a9-8fc0-419e-a122-968c42f06acf,Rajat Jain,7ab2bcb6-be63-4241-a6d3-b1cf30b170f4,Pratik Makkar,3c2b4030-a77c-4c5d-abf6-404d4a92f7ba,286358f0-9c9d-4d6a-8e18-b23f546dd49e,0,0,0,#8,Confirmed
ipt-goa-grandslam-11-0,Grand Slam 11.0 Goa Edition,Men's Beginner,Men's,beginner,9,Rayaprolu Sagar / Gopi Reddy,5dd2f0f1-9e37-4f1b-9ed6-726f108ea1ea,Rayaprolu Sagar,88c95f46-866c-4554-9859-95dbb6693a81,Gopi Reddy,fc665977-256c-4f45-8e88-bdd460b6710a,8e4c2eea-ab17-4cd0-84ef-82b8b0e948c6,0,0,0,#9,Confirmed
ipt-goa-grandslam-11-0,Grand Slam 11.0 Goa Edition,Men's Beginner,Men's,beginner,10,Rudresh Shetye / Venctexa Burye,49e0b5fb-e92e-467e-b277-532aa91ecd88,Rudresh Shetye,0179cc16-9672-4799-952f-5170933feabc,Venctexa Burye,e894fe8b-dcdf-4f16-aefc-e76a76598a08,bca24e78-e000-4119-8ea4-b453f7399d84,0,0,0,#10,Confirmed
ipt-goa-grandslam-11-0,Grand Slam 11.0 Goa Edition,Men's Beginner,Men's,beginner,11,Sahil Dhingra / Maurya Nagpal,2ca1e3d6-f039-4d35-8a77-2dc758f3f972,Sahil Dhingra,50389e26-ef8f-483a-a55a-97f02076536c,Maurya Nagpal,3abe56c2-111e-4c3b-82ef-6e14980fe613,e7786b33-fabd-475e-9895-92af238f3f55,0,0,0,#11,Confirmed
ipt-goa-grandslam-11-0,Grand Slam 11.0 Goa Edition,Men's Beginner,Men's,beginner,12,Shaan Shah / Kushe Bahl,8c72bdc2-6eff-4537-ba3a-ad4eaadd542d,Shaan Shah,6892cafd-242b-468e-a1aa-cd2523e083a6,Kushe Bahl,d5f00bc5-2776-41e2-bb68-2325a43f93c7,675b37e6-2dc0-4d20-9709-298908639fd4,10,17,27,#12,Confirmed
ipt-goa-grandslam-11-0,Grand Slam 11.0 Goa Edition,Men's Beginner,Men's,beginner,13,Shelton Mathew / Vishnu Shetty,4fd7e826-a45c-45c1-974d-781f0cfc0621,Shelton Mathew,a821843c-1fe8-46ab-a563-39a2ac3b982e,Vishnu Shetty,c9c00e3d-4592-4ba8-8d0b-8178269d456f,ea0afe11-2b53-4ea4-9cd8-1e3a7f233c9a,9,9,18,#13,Confirmed
ipt-goa-grandslam-11-0,Grand Slam 11.0 Goa Edition,Men's Beginner,Men's,beginner,14,Suvir Singh / Teyjas Chaudhary,98307ab5-02a0-409d-b320-7c77b38a3c53,Suvir Singh,2fb6f01b-24d6-44e9-95d3-7eca645d317e,Teyjas Chaudhary,d6c7e144-192b-4586-a22d-7146fdd64e59,d6029718-fb8d-42cf-81b4-354731b52c7d,18,18,36,#14,Confirmed
ipt-goa-grandslam-11-0,Grand Slam 11.0 Goa Edition,Men's Beginner,Men's,beginner,15,Udhay Mahajan / Mayank Oberoi,10a7cfb7-155c-48d3-b2a2-8c2bde421e4e,Udhay Mahajan,3767fb18-b855-41eb-88d4-701e4cb81126,Mayank Oberoi,937af125-3240-4bcb-bc43-a986ee202e61,523d7414-3540-45b6-a7a2-b7d9a1125f6f,18,18,36,#15,Confirmed
ipt-goa-grandslam-11-0,Grand Slam 11.0 Goa Edition,Men's Beginner,Men's,beginner,16,Vijay Aakash Nemakal / Shashank Tiwari,3f741097-060e-44be-8402-0bb7f42b5b7e,Vijay Aakash Nemakal,6677f696-648f-478e-b018-13a839d6a34e,Shashank Tiwari,9392d574-fab3-4874-bf87-9639b581fd5d,a76f8744-b43a-428b-8772-0d5c18a82aa8,9,9,18,#16,Confirmed
ipt-goa-grandslam-11-0,Grand Slam 11.0 Goa Edition,Men's Intermediate,Men's,intermediate,1,Arjun Chalotra / Jatin Dhingra,460350b9-79b8-43e3-9b0a-6856d9056bda,Arjun Chalotra,33c37317-e796-4dae-9697-19aa9df046bd,Jatin Dhingra,5bf58e6d-e5d0-42bb-be43-2ed56501ec67,6e0db79d-1c5d-417a-8d4d-64b7cd809b2e,18,20,38,#1,Confirmed
ipt-goa-grandslam-11-0,Grand Slam 11.0 Goa Edition,Men's Intermediate,Men's,intermediate,2,Arjun Raju / Abhinav Grover,74a7e384-3f53-44ee-80d0-059e3fa60e1c,Arjun Raju,f6c641f1-29cd-45ed-b4df-1421d76f48d3,Abhinav Grover,601bad6f-5ae0-473c-9251-9cec835bd4af,58635f04-21ff-4194-b5aa-f6626ec09bea,36,9,45,#2,Confirmed
ipt-goa-grandslam-11-0,Grand Slam 11.0 Goa Edition,Men's Intermediate,Men's,intermediate,3,Eshant Uppal / Sheriar Mazda,f10361b9-af81-48db-8dc6-5bdb33b72c6a,Eshant Uppal,5b4e9c11-4974-4fcc-bd97-31bf8e12050d,Sheriar Mazda,2e3b6036-aed0-42e9-bada-c890431aac91,1aa45cba-db8d-4d65-9600-54ec36a14be6,18,18,36,#3,Confirmed
ipt-goa-grandslam-11-0,Grand Slam 11.0 Goa Edition,Men's Intermediate,Men's,intermediate,4,Ishan Maitreya / Anuj Vaghani,5938a1b7-dfbe-4c9a-8eb1-4debd778d000,Ishan Maitreya,a49f1be2-0fd0-4ea7-81e9-c04f42d129ed,Anuj Vaghani,276b3ac2-4b22-44f8-a1d5-5b8f3ac54703,9416cf03-6642-419c-b3db-4be83108a39d,18,18,36,#4,Confirmed
ipt-goa-grandslam-11-0,Grand Slam 11.0 Goa Edition,Men's Intermediate,Men's,intermediate,5,Manan Gupta / Akshit Chaudhary,787505dd-9f13-4ef2-a4ae-eb81af687abf,Manan Gupta,8b5f340d-6e89-4c2e-b8e5-d2a300ca3f85,Akshit Chaudhary,d4fc16b8-9af1-4643-ba74-a2567b7c7a0e,ae5fd69e-a150-4556-a84b-6148d4082013,9,9,18,#5,Confirmed
ipt-goa-grandslam-11-0,Grand Slam 11.0 Goa Edition,Men's Intermediate,Men's,intermediate,6,Mayank Daga / Shikhar Kumar,15061bb7-8b57-4367-b302-35d512b70b74,Mayank Daga,a791964a-f0c5-42b4-8325-828bd695b346,Shikhar Kumar,bc7d4b35-41f7-4388-abb0-6a52f72f5498,25171781-4c05-4cc5-9305-e75fc1961c8d,112,36,148,#6,Confirmed
ipt-goa-grandslam-11-0,Grand Slam 11.0 Goa Edition,Men's Intermediate,Men's,intermediate,7,Mehul Bansal / Vaibhav Sahni,cebed5c0-9f8f-4458-aaa4-0ee2b6f25f10,Mehul Bansal,8850ef35-01ed-405d-acb6-6bd23a45b747,Vaibhav Sahni,4e24c48d-8303-459b-a9d6-b8f3c01bd6f6,e8afb0d5-8961-4efb-9b03-d589a70e7e2b,49,9,58,#7,Confirmed
ipt-goa-grandslam-11-0,Grand Slam 11.0 Goa Edition,Men's Intermediate,Men's,intermediate,8,Mikhail Mehra / Akshay Rai,acfa1b86-681a-4b86-91f3-09eba5e486f5,Mikhail Mehra,7ae56644-dbba-41d5-a04d-ed0a503595f6,Akshay Rai,e7f0641b-68a1-4815-93ec-0e055247ae43,9caa261b-c1f6-48a0-b058-06c2bc4e6697,18,9,27,#8,Confirmed
ipt-goa-grandslam-11-0,Grand Slam 11.0 Goa Edition,Men's Intermediate,Men's,intermediate,9,Prateek Gambhir / Yugantar Malhotra,9dfae00e-eb77-4ee8-9f32-fb38a9a5cb3a,Prateek Gambhir,8f0e0463-82c3-4822-8b7e-58ec37cde83e,Yugantar Malhotra,e9d083eb-6301-4b1e-93d4-47c66add735b,a6a043c5-0c46-4441-ab7a-b003cddb0417,18,18,36,#9,Confirmed
ipt-goa-grandslam-11-0,Grand Slam 11.0 Goa Edition,Men's Intermediate,Men's,intermediate,10,Pratham Jain / Hritesh Agarwal,3e4cd9d1-4aaf-4f21-b6ff-75e43cbac6e4,Pratham Jain,db4244f2-196a-41e4-bd02-f90ae3ea565b,Hritesh Agarwal,25a41640-3f01-4576-9568-8795f63220bb,1f656003-6ed2-469b-b6af-73cc1cb03334,36,186,222,#10,Confirmed
ipt-goa-grandslam-11-0,Grand Slam 11.0 Goa Edition,Men's Intermediate,Men's,intermediate,11,Punit Chawla / Sandeep Chawla,db525122-7288-4cef-a60c-57d5465c23d2,Punit Chawla,f3fe6938-52ee-41b1-af50-ec82c5c39f31,Sandeep Chawla,0559ca2d-64a8-4dfd-a966-b36f416f4f0d,09d55f2f-dc52-4077-ada4-f4bbe09c29a4,0,0,0,#11,Confirmed
ipt-goa-grandslam-11-0,Grand Slam 11.0 Goa Edition,Men's Intermediate,Men's,intermediate,12,R S Abhishek / Siddharth Satheesan,953b53cb-dcf0-4d4b-a3c3-9bd95488b0d4,R S Abhishek,c1fac66c-3ce8-43d8-8c0c-85d463264584,Siddharth Satheesan,38ed2fd2-55d2-4423-9201-8ea93bb3a7bc,3d6ad97b-7f72-4201-802a-ee37a1acc847,18,18,36,#12,Confirmed
ipt-goa-grandslam-11-0,Grand Slam 11.0 Goa Edition,Men's Intermediate,Men's,intermediate,13,Raghav Bansal / Karan Bansal,6a3070aa-afd1-4319-9aa8-8376abb53ec0,Raghav Bansal,7f46ff27-3043-4e9f-bdc5-c97c8b590e83,Karan Bansal,04ada744-e06b-4792-a0fe-f27e14e8b123,82582033-b7ab-470e-8ae1-c942ea734482,30,30,60,#13,Confirmed
ipt-goa-grandslam-11-0,Grand Slam 11.0 Goa Edition,Men's Intermediate,Men's,intermediate,14,Raghul Arvind / Tushar Jain,91fe8369-14e1-4871-b264-ff9edce13af8,Raghul Arvind,b178e479-c490-48b3-85f0-5c8443c1bad4,Tushar Jain,157506c1-3339-4ecc-b64a-33d7ac9f0700,bfb135bb-70d6-40cc-822c-ca52751e79c9,0,0,0,#14,Confirmed
ipt-goa-grandslam-11-0,Grand Slam 11.0 Goa Edition,Men's Intermediate,Men's,intermediate,15,Rahul Chandwani / Rahul Khanna,ea36ad45-24c2-4b1d-b812-8ebcf72eb5b2,Rahul Chandwani,1ef2542e-4b4d-481d-ad8f-dc4e9fde3982,Rahul Khanna,40aeccab-dfcf-453c-beb6-fe21963d5bf6,25182123-c5c2-4743-8cb6-eed35813fad8,136,18,154,#15,Confirmed
ipt-goa-grandslam-11-0,Grand Slam 11.0 Goa Edition,Men's Intermediate,Men's,intermediate,16,Rishabh Kalokhe / Kriday Sethi,d55bd4eb-f316-443e-bc77-b4223089bb9b,Rishabh Kalokhe,8bb372e9-13f6-40be-9f1d-add1395ec813,Kriday Sethi,09b33b49-acd8-41e9-9301-0f219466d4cf,deda9b4e-38f1-436c-b944-2a98213c7e7b,9,9,18,#16,Confirmed
ipt-goa-grandslam-11-0,Grand Slam 11.0 Goa Edition,Men's Intermediate,Men's,intermediate,17,Sagar Patodia / Ronak Bhojani,d53d58f6-276e-46d7-b68f-122f5cffc310,Sagar Patodia,9dd10c8d-d850-4642-9043-7431470cebc9,Ronak Bhojani,5e3d1607-34df-454a-9536-b5e97baf292b,5f6b75e1-ec7c-4bea-9969-2ba0fc7d30bd,0,0,0,#17,Confirmed
ipt-goa-grandslam-11-0,Grand Slam 11.0 Goa Edition,Men's Intermediate,Men's,intermediate,18,Sharad Kanadje / Sidharth Gupta,26603ce9-30f9-424b-91b6-14f9364429b6,Sharad Kanadje,f455fd74-d0ee-4f00-b838-363eff4730e6,Sidharth Gupta,88f8fb6b-f745-4d29-bc5d-ed29704b1126,253c6c09-5cc8-4dc4-b14e-ddd74ca92b08,0,34,34,#18,Confirmed
ipt-goa-grandslam-11-0,Grand Slam 11.0 Goa Edition,Men's Intermediate,Men's,intermediate,19,Sheehan Furtado / Arik Badami,eb6e3572-7307-4365-8009-7450c28a8eae,Sheehan Furtado,79665684-6161-45de-af8d-bff8b2fb798a,Arik Badami,392aa621-4f1c-47b8-b44f-749674d98678,200eee29-41a5-42e8-b758-69f787ee8532,0,0,0,#19,Confirmed
ipt-goa-grandslam-11-0,Grand Slam 11.0 Goa Edition,Men's Intermediate,Men's,intermediate,20,Suhail Kapur / Parth Bhatia,78ea93d2-90f5-4312-a0d6-737a0e704130,Suhail Kapur,1fe46b92-d550-4c02-81f6-489cb553411b,Parth Bhatia,3ec1f7b7-c777-4474-b3c9-b305695f1c5e,96a26dda-6717-4e5d-89e4-b3656d56e3a6,0,0,0,#20,Confirmed
ipt-goa-grandslam-11-0,Grand Slam 11.0 Goa Edition,Men's Intermediate,Men's,intermediate,21,Tammineedi Jayanth / Vineeth Mutyala,36726a92-ec56-44b3-9a19-4dc479afc322,Tammineedi Jayanth,2cf42324-1463-4d64-b9e2-1a6b89ead090,Vineeth Mutyala,03ca5c81-f63c-4bb3-85b8-fa1d922f83be,7899a5dc-92f1-4e63-9b0e-94bbdf1eef4a,100,100,200,#21,Confirmed
ipt-goa-grandslam-11-0,Grand Slam 11.0 Goa Edition,Men's Intermediate,Men's,intermediate,22,Tanveer Singh / Gandharv Bajaj,ddb10849-80d7-4445-a21f-8b51010f3dee,Tanveer Singh,c1023ad9-075c-47e5-b684-c5bdb4bbf31a,Gandharv Bajaj,cc829430-d993-4a97-adf8-7956f37217c4,3e4f7fb3-41eb-4ae9-a1b3-a4f26262843c,39,39,78,#22,Confirmed
ipt-goa-grandslam-11-0,Grand Slam 11.0 Goa Edition,Men's Intermediate,Men's,intermediate,23,Tejas Shevde / Nishad Shevde,99aa5ae0-7537-4b6b-b6c3-e13ea17a8127,Tejas Shevde,4a6e40bd-2cd4-4535-95f1-ba51a03f719d,Nishad Shevde,22fa9d25-60eb-469f-93a1-ac79d88e8b79,20c48074-42f3-48b1-8dd4-d4ce8ef531d5,60,60,120,#23,Confirmed
ipt-goa-grandslam-11-0,Grand Slam 11.0 Goa Edition,Men's Intermediate,Men's,intermediate,24,Yashvardhan Sarda / Suyash Vishnoi,33e396ff-a084-4b28-b360-ff47e5b98714,Yashvardhan Sarda,cb8b4fb5-f72f-42c7-94c1-b7963e5c6e68,Suyash Vishnoi,20ec9040-2dfc-4190-b314-780cd8725cee,9d28bf2e-9030-427f-a7d5-34c155dcf6e4,29,9,38,#24,Confirmed
ipt-goa-grandslam-11-0,Grand Slam 11.0 Goa Edition,Men's Advance,Men's,advance,1,Aakash Lalith / Famaz Shanavas,30ab2db4-b8de-4717-9c08-286cea50609e,Aakash Lalith,f627335f-f154-4e08-9481-07dffc3a7d35,Famaz Shanavas,52009c80-d58a-4bd8-9bbe-e17d27ab0e9a,491eb3c6-ff11-4552-b97f-6603de6ed0ce,0,0,0,#1,Confirmed
ipt-goa-grandslam-11-0,Grand Slam 11.0 Goa Edition,Men's Advance,Men's,advance,2,Adit Patel / Kavin Vendan,cdd858a3-1533-4a7b-bf8b-1b94f0f3b868,Adit Patel,d08e2513-3bf5-441c-aace-831129099cc4,Kavin Vendan,81ed026e-87df-449e-8c04-e1160b3e3198,48287e2d-e81e-45cb-a349-f2d34f37d7c6,628,54,682,#2,Confirmed
ipt-goa-grandslam-11-0,Grand Slam 11.0 Goa Edition,Men's Advance,Men's,advance,3,Aditya Jagtap / Krishiv Patel,9db40aca-2be2-4bdd-b807-02ad8bb8bf77,Aditya Jagtap,5b3d8985-ba2b-4840-96cb-df23c6bd1347,Krishiv Patel,0b57c173-ccdb-4abe-a95f-acb7769e6cee,2ebd365e-6443-4355-8dab-fcb20aa3c16d,4168,2460,6628,#3,Confirmed
ipt-goa-grandslam-11-0,Grand Slam 11.0 Goa Edition,Men's Advance,Men's,advance,4,Advait Bahl / Bhagya Popat,13d6188c-cd2e-4152-a5c2-0b82573143b9,Advait Bahl,7078cecf-5699-43ef-aefe-dd1c239e92ba,Bhagya Popat,cbf8f51d-ef40-4852-af8d-696327eb49c5,457628d6-4221-4e0a-9203-5ccc596666a7,204,124,328,#4,Confirmed
ipt-goa-grandslam-11-0,Grand Slam 11.0 Goa Edition,Men's Advance,Men's,advance,5,Arjun Jashani / Tanay Mehta,38c72183-eb38-4e6f-a490-fe738e55a30a,Arjun Jashani,6dc1ecef-b2d9-4579-a1d0-c69e2553a65c,Tanay Mehta,daae263c-9ad5-4a64-b08d-6b496ddf4c74,e112a278-540b-4363-b9ee-af1edf66b9a9,108,282,390,#5,Confirmed
ipt-goa-grandslam-11-0,Grand Slam 11.0 Goa Edition,Men's Advance,Men's,advance,6,Jasmer Kapany / Paramveer Bajwa,ranked-jasmer-kapany,Jasmer Kapany,29e75609-025c-485b-a40a-969d2ce6e6bc,Paramveer Bajwa,dab712b4-bea8-47ce-9439-f32851fcb5ec,68ea0e01-0532-483a-9213-6b0d8031f1b2,676,1276,1952,#6,Confirmed
ipt-goa-grandslam-11-0,Grand Slam 11.0 Goa Edition,Men's Advance,Men's,advance,7,Aryan Hemdev / Samar Malhotra,531b4b75-e3cf-439f-a0fb-5e83867deff8,Aryan Hemdev,a57ef4ab-a62e-4b71-a4d2-0f267dea2626,Samar Malhotra,3c9ef0f2-cd55-4448-96ef-6481f31a6ef1,6c46cabf-ba12-40a2-bc66-75a1b10169a0,1868,3660,5528,#7,Confirmed
ipt-goa-grandslam-11-0,Grand Slam 11.0 Goa Edition,Men's Advance,Men's,advance,8,Ashish Khemlani / Arjun Gupta,5df49a33-22cb-4ac4-b03a-a075acfb5390,Ashish Khemlani,e8bb7691-632b-4e35-afe3-cad46e672610,Arjun Gupta,6bea3263-f681-479f-801f-1e49c1e425cc,355fd83c-452a-48ce-9391-db389b797b0e,120,32,152,#8,Confirmed
ipt-goa-grandslam-11-0,Grand Slam 11.0 Goa Edition,Men's Advance,Men's,advance,9,Karan Medappa / Shane Biddaiah,09ce181d-c08d-4189-ab36-4d4a706f1bcb,Karan Medappa,fde56650-1b21-4853-b436-dd3221ff502d,Shane Biddaiah,a4ad0c5c-1464-4ad2-813d-84674ba5d02c,bdf3a645-132a-493a-9761-62097233f23b,54,54,108,#9,Confirmed
ipt-goa-grandslam-11-0,Grand Slam 11.0 Goa Edition,Men's Advance,Men's,advance,10,Krishna Teja Ankam / Gundlapalle Yaswanth Reddy,1cff5d3c-6fd1-4502-a3c5-2b918f107eda,Krishna Teja Ankam,cbb558aa-ee6a-4b58-8184-8b54946a838f,Gundlapalle Yaswanth Reddy,42ea6619-6364-4780-859c-bf0139cfea79,d613cc99-afa3-4639-a401-61835a0ce114,0,0,0,#10,Confirmed
ipt-goa-grandslam-11-0,Grand Slam 11.0 Goa Edition,Men's Advance,Men's,advance,11,Pranay Merchant / Piyush Bansal,03c0ac66-cca8-403b-956f-08fe4c08cebe,Pranay Merchant,4c979aa0-e703-43c6-b4e0-1fb8e52cd678,Piyush Bansal,354bb496-79e3-42a9-8485-ac3297ccdb46,0464da4c-da37-44d4-9349-5f4a9acea576,0,0,0,#11,Confirmed
ipt-goa-grandslam-11-0,Grand Slam 11.0 Goa Edition,Men's Advance,Men's,advance,12,Rahul Motwani / Ishaan Choubal,5854e023-8f2c-4811-82ed-0e54efaf63ec,Rahul Motwani,33da4499-d5cc-4c4c-9002-f405f2051d1b,Ishaan Choubal,0d669bc6-1f40-42d8-9d01-efd41d75406b,00082fbc-7f0f-45ed-9dd0-01ffa8499f94,2430,456,2886,#12,Confirmed
ipt-goa-grandslam-11-0,Grand Slam 11.0 Goa Edition,Men's Advance,Men's,advance,13,Saish Shelar / Mihir Akolkar,6b49f7ef-e989-4036-816e-f0267d3c3ef0,Saish Shelar,06a4aeef-aaca-45ef-a83a-cb3c703c9789,Mihir Akolkar,f5f99479-496b-45b8-9156-e51d087c7e5c,5d2e25d7-e605-4b7c-a7cc-033414781d8d,346,286,632,#13,Confirmed
ipt-goa-grandslam-11-0,Grand Slam 11.0 Goa Edition,Men's Advance,Men's,advance,14,Swaraj Deshmukh / Kaivalya Kalamse,d53736bd-2d26-4977-9d4f-edb8ddc49ffb,Swaraj Deshmukh,182f09bb-25ba-4086-99ca-a7f5a52303bf,Kaivalya Kalamse,1327f3f8-d12c-41ee-9ae0-59d55f001302,42fe1cd3-c10d-4276-9c30-4fa6c35aca4f,570,270,840,#14,Confirmed
ipt-goa-grandslam-11-0,Grand Slam 11.0 Goa Edition,Men's Advance,Men's,advance,15,Varshil Trambadiya / Antariksh Mohandas,783fd411-3a52-446e-90cc-2fcef2baaa51,Varshil Trambadiya,8730ad11-d9e2-4028-bd65-065e792eee00,Antariksh Mohandas,500c310b-760d-4757-8927-340d13d0e4ca,e3c0b6dc-f330-4a6f-846e-1a011a51cd66,330,276,606,#15,Confirmed
ipt-goa-grandslam-11-0,Grand Slam 11.0 Goa Edition,Men's Advance,Men's,advance,16,Ziaan Talab / Madhu Samtani,213df946-7be9-4fcb-98c8-e0d6ba33789d,Ziaan Talab,7818fd9a-1675-4d45-acd5-dfc6eff38028,Madhu Samtani,81020308-8d0e-4215-83b3-cba0dc8c354e,5b388638-38a0-4afd-8742-b2d2c60a1ada,0,120,120,#16,Confirmed
ipt-goa-grandslam-11-0,Grand Slam 11.0 Goa Edition,Men's 40+,Men's 40+,open,1,Aditya Maheshwari / Akshay Jalan,0df50617-268c-477d-8351-fd6f8ed84a71,Aditya Maheshwari,16def632-d48e-4678-81b5-1316aedb049c,Akshay Jalan,c6f16106-b9ab-4599-9dfd-73671a27e7a0,e8ecb454-af9e-4c88-af80-22916e44f4e2,1060,1248,2308,#1,Confirmed
ipt-goa-grandslam-11-0,Grand Slam 11.0 Goa Edition,Men's 40+,Men's 40+,open,2,Gagan Singh / Jonas Spinoy,31049438-40d6-4def-9003-dd2997c61ba1,Gagan Singh,08fc8e21-4850-4e09-89e9-2ba0c2c8c9ef,Jonas Spinoy,12856cd9-7164-41c8-bab6-036deb424319,de5c8132-99d8-41bc-bd15-0b81327b001e,0,0,0,#2,Confirmed
ipt-goa-grandslam-11-0,Grand Slam 11.0 Goa Edition,Men's 40+,Men's 40+,open,3,Karan Mehrotra / James Darbar,65b6eb21-de8a-4528-8567-d6834dcfb20b,Karan Mehrotra,3cfbe0a0-f37c-4129-b3a5-157f4bf5b859,James Darbar,9d6057f3-e401-416f-a7fa-f7692f0f0a32,fb8733f3-a642-4084-9537-cb76f9265aaf,0,0,0,#3,Confirmed
ipt-goa-grandslam-11-0,Grand Slam 11.0 Goa Edition,Men's 40+,Men's 40+,open,4,Premal Javeri / Harshvardhan Sharma,db64450c-aa4a-4b28-beeb-a84f6a75867b,Premal Javeri,60389725-28d6-400f-82ff-ab2e9382e011,Harshvardhan Sharma,12bbbe21-246e-4446-8f5f-5365cb834fd0,60389725-28d6-400f-82ff-ab2e9382e011,216,216,432,#4,Confirmed
ipt-goa-grandslam-11-0,Grand Slam 11.0 Goa Edition,Men's 40+,Men's 40+,open,5,Prabhas Sharma / Shashin Shah,c4e5ac58-b4da-413a-b134-eba55f9a1c56,Prabhas Sharma,9c5bc958-4151-4973-89f7-09068809dfb1,Shashin Shah,621258fb-35b2-414a-859a-2654ef6f9f18,5898e063-4e27-4cde-bba7-0fa7ca26f399,0,0,0,#5,Confirmed
ipt-goa-grandslam-11-0,Grand Slam 11.0 Goa Edition,Men's 40+,Men's 40+,open,6,Raj Prajapati / Ashwin Saksena,fe4d1fe1-6ad1-4942-901e-df8580b614d2,Raj Prajapati,facc6960-33ef-4c75-ab10-4a2a8ad00b6c,Ashwin Saksena,2155a48c-d2e5-44f3-916c-b8fc9dc940e6,484f1e6f-3422-4211-9993-5b9b5a6b7f50,0,0,0,#6,Confirmed
ipt-goa-grandslam-11-0,Grand Slam 11.0 Goa Edition,Men's 40+,Men's 40+,open,7,Sandip Sabharwal / Saurabh Vijewargia,22f71241-5bf4-4dc7-ba33-683a2ea0f75b,Sandip Sabharwal,5602dbe5-4321-43e1-8b1c-e558a9fed127,Saurabh Vijewargia,7427b7d8-0176-4c49-b2ed-b4fdfc6ed7b4,6e92db63-90aa-4fbe-a5e2-6972e0e6d318,0,0,0,#7,Confirmed
ipt-goa-grandslam-11-0,Grand Slam 11.0 Goa Edition,Men's 40+,Men's 40+,open,8,Saurav Kankaria / Nikhil Khemka,d195aee3-c907-47fb-a0fa-ee78cb4af2f8,Saurav Kankaria,171f1964-54fa-4532-b6e6-24bae76da0af,Nikhil Khemka,47570d33-1c51-416c-9e30-b97979d15520,bf8046b6-3d70-4542-98f4-bc029385f571,216,216,432,#8,Confirmed
ipt-goa-grandslam-11-0,Grand Slam 11.0 Goa Edition,Men's 40+,Men's 40+,open,9,Vijay Chhabria / Rupen Jhaveri,2c982f04-1a03-4d77-9359-5b44f4e5aed2,Vijay Chhabria,c6ad7320-117c-4e7a-a4a6-e4c99fb34e23,Rupen Jhaveri,f1f06453-08eb-46f0-93f8-3a45f5411614,74a68433-6d77-4d4f-84e0-77703ce053d4,2380,2200,4580,#9,Confirmed
ipt-goa-grandslam-11-0,Grand Slam 11.0 Goa Edition,Women's Beginner,Women's,beginner,1,Padma Veda Manikonda / Sameeksha Annem,f24493ea-3fe2-4286-839f-e2d9f227e629,Padma Veda Manikonda,44b79474-da87-43ad-a4b8-204252d87b30,Sameeksha Annem,3e214e58-cb14-49e9-bb28-16a64f7056cb,b29a5917-f8d4-4c5e-ae72-baa37c797a21,50,50,100,#1,Confirmed
ipt-goa-grandslam-11-0,Grand Slam 11.0 Goa Edition,Women's Beginner,Women's,beginner,2,Rhea Mathews / Dinika Thomas,7d346033-c0e1-4672-8fd9-7d3361dc8f12,Rhea Mathews,c756f978-ba35-409f-86be-7892c3b38bea,Dinika Thomas,96e1cec3-f5a6-4882-a87e-9e13356f5db8,711f6234-9436-41f0-a42b-e269c5d08ac3,18,18,36,#2,Confirmed
ipt-goa-grandslam-11-0,Grand Slam 11.0 Goa Edition,Women's Beginner,Women's,beginner,3,Ritika Choudhary / Nupur Gupta,fc0eebf1-8d1a-4109-bd09-41bb7b9aedae,Ritika Choudhary,1d670f4c-32a6-4341-9321-cd7d9f173538,Nupur Gupta,0020c1bc-737b-4c3e-a9a2-a8f720a155d8,baf2581b-cfb8-410f-bf46-a2f0975778bb,0,0,0,#3,Confirmed
ipt-goa-grandslam-11-0,Grand Slam 11.0 Goa Edition,Women's Beginner,Women's,beginner,4,Shireen Mahajan / Sukhmani Grewal,591d607a-18da-4552-a761-0a66271a2718,Shireen Mahajan,a6242ca3-df1f-43fa-bde1-8577a761d180,Sukhmani Grewal,7526cdc5-4f39-4f24-b12d-5f688132e966,f3245a84-d33a-47ff-aa52-8a656af38267,80,30,110,#4,Confirmed
ipt-goa-grandslam-11-0,Grand Slam 11.0 Goa Edition,Women's Beginner,Women's,beginner,5,Sia Chawla / Armaan Mann,2be56e26-cc2a-4ecb-a502-ebb83a8212e3,Sia Chawla,6e62c2a4-bd95-41f8-bd17-901a78994ae1,Armaan Mann,bb835d5c-4ac2-4a87-81da-fd9f256ad03e,5200a741-f8ed-4e2e-b4cb-145e03f54188,18,18,36,#5,Confirmed
ipt-goa-grandslam-11-0,Grand Slam 11.0 Goa Edition,Women's Intermediate,Women's,intermediate,1,Mansi Malhotra / Rubani Sidhu,f075566a-ec58-4d8e-b389-4380d75fba34,Mansi Malhotra,89799665-84e8-4c12-bb0d-dd8b4dc58ca2,Rubani Sidhu,a47ff5da-d193-423e-8b94-2b0beb56bed3,37f11b84-36f6-4e5f-85f8-f834a038b653,140,100,240,#1,Confirmed
ipt-goa-grandslam-11-0,Grand Slam 11.0 Goa Edition,Women's Intermediate,Women's,intermediate,2,Pooja Kharat / Shabri Agarwal,78d5d429-c5f3-45a9-896b-b7f9346bbc83,Pooja Kharat,d0b617f9-dfee-470a-9b18-020c2c90521e,Shabri Agarwal,95998469-d474-41c0-9777-e21f9cb8e7b2,88ad0a3b-a118-4a3c-b609-eeccbfe54737,0,0,0,#2,Confirmed
ipt-goa-grandslam-11-0,Grand Slam 11.0 Goa Edition,Women's Intermediate,Women's,intermediate,3,Suhani Sabharwal / Karina Phipps,1b914254-ef80-4aa1-aae6-196986d10121,Suhani Sabharwal,b94c4804-ee1d-427a-a293-f0ab8400515c,Karina Phipps,d144d7f2-9503-48b7-bfd0-13543bc0bf7f,8ba09626-8f4c-4e3e-be9b-0f8348802ef0,84,60,144,#3,Confirmed
ipt-goa-grandslam-11-0,Grand Slam 11.0 Goa Edition,Women's Intermediate,Women's,intermediate,4,Tammana Kalra / Anmol Malhotra,70792b71-1549-46eb-bb7d-9b5f2a787281,Tammana Kalra,553e7592-683c-4750-be8f-57098fc7d7bd,Anmol Malhotra,2814e90a-9337-4fa9-b0c9-ccbe8ca689eb,31095716-641b-4659-998f-2c6b3896e12a,0,0,0,#4,Confirmed
ipt-goa-grandslam-11-0,Grand Slam 11.0 Goa Edition,Women's Advance,Women's,advance,1,Estelle Mehta / Anisha Mirchandani,a8f6711d-8415-49af-afc4-f8f9a3913a3e,Estelle Mehta,ea8745f7-50a3-4a17-ae4e-5d13d042ceb4,Anisha Mirchandani,823006c5-6ab0-4267-bef6-e97654ffc7a7,d7e12f49-4e71-467b-8491-fcf3df0b3a80,480,516,996,#1,Confirmed
ipt-goa-grandslam-11-0,Grand Slam 11.0 Goa Edition,Women's Advance,Women's,advance,2,Kyra Pereira / Amaya Kothari,ebb05833-4e36-4fbc-977b-1973a5845aba,Kyra Pereira,214fa58d-dcf2-4b0b-888f-f2a2341ae45b,Amaya Kothari,d1c4486f-cc09-4106-85b1-fdd47df03e9d,c99f7421-7332-45d5-bc45-4209aae5c965,0,0,0,#2,Confirmed
ipt-goa-grandslam-11-0,Grand Slam 11.0 Goa Edition,Women's Advance,Women's,advance,3,Radhika Vasudeva / Aashna Mehra,124f1292-f3a9-4139-bd9d-f9fa8e1dd983,Radhika Vasudeva,808e72ea-16d9-41ac-88af-cdc80de35aa4,Aashna Mehra,25add8ec-b162-45be-b20f-42080ff56f63,7074221e-1134-46d6-b666-403b5b1a8645,240,100,340,#3,Confirmed
ipt-goa-grandslam-11-0,Grand Slam 11.0 Goa Edition,Women's Advance,Women's,advance,4,Shivani Manjanna / Prarthana Prathap,8896ebce-7533-4862-a50a-1b22d9ee07fd,Shivani Manjanna,ccedebb9-64af-42b4-bca1-e01d0b2c1ef5,Prarthana Prathap,9649fd9e-ec6b-4fb2-9205-0b9c802949b2,3d0c1e88-505c-4f52-9f39-bd6bb273deb1,36,36,72,#4,Confirmed
ipt-goa-grandslam-11-0,Grand Slam 11.0 Goa Edition,Women's Advance,Women's,advance,5,Sonashe Bhatnagar / Treta Bhattacharya,ba0bebb9-bb83-4bfc-9c39-a96387beae44,Sonashe Bhatnagar,7a0a5946-601b-4919-858d-8e3667bd4f77,Treta Bhattacharya,4fd4f16e-180b-4868-8dcc-bc6f6e99e1e9,f96086e0-fd9e-4e9d-affd-43634a5f635b,276,276,552,#5,Confirmed
ipt-goa-grandslam-11-0,Grand Slam 11.0 Goa Edition,Women's Advance,Women's,advance,6,Steisha Buddhala / Amy Bundhel,a8725d43-8928-4958-ace6-183c3a63c538,Steisha Buddhala,c02126c6-4418-4f24-8895-867c3e3c89c2,Amy Bundhel,a3d0144e-c7e4-475b-a37f-5ea67120e3b6,c46d6dd8-4acf-4062-ba27-aa8e5df3f9bb,2920,2920,5840,#6,Confirmed
ipt-goa-grandslam-11-0,Grand Slam 11.0 Goa Edition,Women's Advance,Women's,advance,7,Tulsi Mehta / Shraddha Damani,e190ca21-bb25-46b3-965e-bcb2ffcc3fd3,Tulsi Mehta,d7b11e8a-e252-4721-9b62-227fb11e43c2,Shraddha Damani,578e6cef-6e06-4d42-877f-1a5ae1d738ab,0905f186-5d12-4b6e-9314-c125d6101543,1420,1180,2600,#7,Confirmed
ipt-goa-grandslam-11-0,Grand Slam 11.0 Goa Edition,Women's Advance,Women's,advance,8,Vaibhavi Deshmukh / Namita Bal,1c91795e-92c5-444b-aa99-d1e70e063c55,Vaibhavi Deshmukh,2ecd3163-09e3-40b5-bd3b-d817112479b0,Namita Bal,3ae7972f-c5fc-48a7-94cc-b8271a39c62a,5f4b8b07-afd2-4059-96a0-61466364307f,2668,216,2884,#8,Confirmed
ipt-goa-grandslam-11-0,Grand Slam 11.0 Goa Edition,Mixed Open,Mixed,open,1,Amaya Kothari / Parth Bhatia,214fa58d-dcf2-4b0b-888f-f2a2341ae45b,Amaya Kothari,1fe46b92-d550-4c02-81f6-489cb553411b,Parth Bhatia,428ed50f-1094-4a20-a48b-8182cf4a12f8,01294a64-ccff-4d69-a73b-09d11ffc6434,0,0,0,#1,Confirmed
ipt-goa-grandslam-11-0,Grand Slam 11.0 Goa Edition,Mixed Open,Mixed,open,2,Anmol Malhotra / Yugantar Malhotra,553e7592-683c-4750-be8f-57098fc7d7bd,Anmol Malhotra,8f0e0463-82c3-4822-8b7e-58ec37cde83e,Yugantar Malhotra,314f65d3-a047-478d-b792-f8d4e529ca67,687f0efd-f53e-4611-8264-8efc703cc939,432,432,864,#2,Confirmed
ipt-goa-grandslam-11-0,Grand Slam 11.0 Goa Edition,Mixed Open,Mixed,open,3,Ashwati Ramesh / Karan Mehrotra,5be919fd-b59b-45a5-b31e-8d1f8f20188b,Ashwati Ramesh,65b6eb21-de8a-4528-8567-d6834dcfb20b,Karan Mehrotra,9ebc8671-f61d-4fda-af22-66d93b653ef4,3aa5ca0d-50cd-4cd9-ac21-384eafa9ff65,0,0,0,#3,Confirmed
ipt-goa-grandslam-11-0,Grand Slam 11.0 Goa Edition,Mixed Open,Mixed,open,4,Kanchan Sharma / Mikhail Mehra,234a0e61-fd70-4505-9c3d-1473898cf1a8,Kanchan Sharma,acfa1b86-681a-4b86-91f3-09eba5e486f5,Mikhail Mehra,c0ffe2f2-5046-42b4-8109-55a11f5a4869,af5c4cfa-557d-4024-b3cd-75586e48c406,0,0,0,#4,Confirmed
ipt-goa-grandslam-11-0,Grand Slam 11.0 Goa Edition,Mixed Open,Mixed,open,5,Kyra Pereira / Adhiraj Bhattacharya,ebb05833-4e36-4fbc-977b-1973a5845aba,Kyra Pereira,a22aeff4-2486-4ed2-8fed-e4063f29de9f,Adhiraj Bhattacharya,e145220b-09e2-4cb9-a4f5-1f97b64c973e,40b07709-edc2-48b1-8ad3-0c3eeba86951,0,0,0,#5,Confirmed
ipt-goa-grandslam-11-0,Grand Slam 11.0 Goa Edition,Mixed Open,Mixed,open,6,Namita Bal / Aditya Jagtap,2ecd3163-09e3-40b5-bd3b-d817112479b0,Namita Bal,9db40aca-2be2-4bdd-b807-02ad8bb8bf77,Aditya Jagtap,4fc6686a-9d80-4c08-bb6f-17fc35bd818c,b14b74fa-fe2d-4f12-816a-b7fc16189281,360,4168,4528,#6,Confirmed
ipt-goa-grandslam-11-0,Grand Slam 11.0 Goa Edition,Mixed Open,Mixed,open,7,Rhea Jiandani / Mayank Daga,f6e659cb-4a66-4395-9095-16d3ae358fb8,Rhea Jiandani,15061bb7-8b57-4367-b302-35d512b70b74,Mayank Daga,f6e659cb-4a66-4395-9095-16d3ae358fb8,eb244c48-db34-40f6-9c22-5d8b505985f5,0,0,0,#7,Confirmed
ipt-goa-grandslam-11-0,Grand Slam 11.0 Goa Edition,Mixed Open,Mixed,open,8,Rhea Mathews / Joel Duarte,7d346033-c0e1-4672-8fd9-7d3361dc8f12,Rhea Mathews,15061bb7-8b57-4367-b302-35d512b70b74,Joel Duarte,c1a8d870-435e-41db-a945-adb33d6b719f,bbb44a68-6cf8-4d98-bd21-543854c3d9e2,0,0,0,#8,Confirmed
ipt-goa-grandslam-11-0,Grand Slam 11.0 Goa Edition,Mixed Open,Mixed,open,9,Ryan Carroll / Ryan Carroll Partner,8999c06a-bd38-4d01-bfa6-016c506be79d,Ryan Carroll,ae8b1a91-6f43-4946-a637-1ff416a7042a,Ryan Carroll Partner,167aea39-e3b1-4160-9125-519337c543a8,ae8b1a91-6f43-4946-a637-1ff416a7042a,0,0,0,#9,Confirmed
ipt-goa-grandslam-11-0,Grand Slam 11.0 Goa Edition,Mixed Open,Mixed,open,10,Sonashe Bhatnagar / Siddharth Satheesan,ba0bebb9-bb83-4bfc-9c39-a96387beae44,Sonashe Bhatnagar,c1fac66c-3ce8-43d8-8c0c-85d463264584,Siddharth Satheesan,b943bdc0-efdf-4bd2-911d-ac4054c406ac,f053e802-bb32-42a4-bec5-748cdfc37589,0,0,0,#10,Confirmed
ipt-goa-grandslam-11-0,Grand Slam 11.0 Goa Edition,Mixed Open,Mixed,open,11,Suhani Sabharwal / Bhagya Popat,1b914254-ef80-4aa1-aae6-196986d10121,Suhani Sabharwal,7078cecf-5699-43ef-aefe-dd1c239e92ba,Bhagya Popat,15d1facb-6268-490c-9337-5637328304d5,402f985e-d7c8-4781-acc0-690d49d0b518,216,216,432,#11,Confirmed
ipt-goa-grandslam-11-0,Grand Slam 11.0 Goa Edition,Mixed Open,Mixed,open,12,Tulsi Mehta / Samar Malhotra,e190ca21-bb25-46b3-965e-bcb2ffcc3fd3,Tulsi Mehta,a57ef4ab-a62e-4b71-a4d2-0f267dea2626,Samar Malhotra,8143bd59-419b-44e4-802b-f055e7d330ed,ec424333-ff34-4b80-9a41-c044deaa9a8b,600,600,1200,#12,Confirmed
ipt-hyderabad-city-grandslam-12-0,Grand Slam 12.0 Hyderabad Edition,Men's Beginner,Men's,beginner,1,Akchhat Bothra / Anant Bothra,78989222-2e94-453f-b597-cd66d1c247c0,Akchhat Bothra,d0df0275-050d-4a5d-b540-78b2357d7697,Anant Bothra,78989222-2e94-453f-b597-cd66d1c247c0,22e2a6a1-7e8d-4f57-aa45-df500ca083db,0,0,0,#1,Confirmed
ipt-hyderabad-city-grandslam-12-0,Grand Slam 12.0 Hyderabad Edition,Men's Beginner,Men's,beginner,2,Chirag Gaikwad / Abhishek Yadev,25302fe3-7403-440f-bd2a-3d5be3a3f0a1,Chirag Gaikwad,94c4c35e-7619-4848-99bc-6a986912e931,Abhishek Yadev,b192ed26-7220-4541-9ede-133dba8d3e0d,71142859-19ec-4efd-9b2c-a45af053de60,25,15,40,#2,Confirmed
ipt-hyderabad-city-grandslam-12-0,Grand Slam 12.0 Hyderabad Edition,Men's Beginner,Men's,beginner,3,Jonathan Johnson / Kanva Shrish,8b36a975-2faf-4427-a342-c0d3b9ebccd4,Jonathan Johnson,3ae5aa7a-04da-4460-bc39-8010732cc9ce,Kanva Shrish,8b36a975-2faf-4427-a342-c0d3b9ebccd4,3ae5aa7a-04da-4460-bc39-8010732cc9ce,0,0,0,#3,Confirmed
ipt-hyderabad-city-grandslam-12-0,Grand Slam 12.0 Hyderabad Edition,Men's Beginner,Men's,beginner,4,Nikhil Indukuri / Prithvi Putta,dd031812-625d-4cf3-9e7d-f3deb5e11120,Nikhil Indukuri,f33dae6c-907f-412f-8d7e-309629142dff,Prithvi Putta,dd031812-625d-4cf3-9e7d-f3deb5e11120,f33dae6c-907f-412f-8d7e-309629142dff,0,0,0,#4,Confirmed
ipt-hyderabad-city-grandslam-12-0,Grand Slam 12.0 Hyderabad Edition,Men's Intermediate,Men's,intermediate,1,Akshay Gupta / Akhil Prasad,56b59cc2-234d-4d4e-b8b9-da205f593582,Akshay Gupta,a25909aa-b2c8-4b57-833b-6741b4a6166d,Akhil Prasad,56b59cc2-234d-4d4e-b8b9-da205f593582,a25909aa-b2c8-4b57-833b-6741b4a6166d,0,0,0,#1,Confirmed
ipt-hyderabad-city-grandslam-12-0,Grand Slam 12.0 Hyderabad Edition,Men's Intermediate,Men's,intermediate,2,Ashish Jha / Akshay Suhag,c714919a-ac9f-4216-8063-de41ee941ce4,Ashish Jha,b9ef13a3-262c-4493-8163-0258ce16cbb1,Akshay Suhag,c714919a-ac9f-4216-8063-de41ee941ce4,b9ef13a3-262c-4493-8163-0258ce16cbb1,0,0,0,#2,Confirmed
ipt-hyderabad-city-grandslam-12-0,Grand Slam 12.0 Hyderabad Edition,Men's Intermediate,Men's,intermediate,3,Kaustubh Thakur / Pratik Bhatia,ranked-kaustubh-thakur,Kaustubh Thakur,523ad7a9-7183-4c35-ab10-58045485d4bb,Pratik Bhatia,e6fb0187-2937-4fd6-aa5c-4893ff19cca2,eb054c95-425b-4bcb-8a82-cad9dd00cf04,30,50,80,#3,Confirmed
ipt-hyderabad-city-grandslam-12-0,Grand Slam 12.0 Hyderabad Edition,Men's Intermediate,Men's,intermediate,4,Nikhil Kalro / Abhinav Grover,8b01652a-7f96-41a5-9402-e3404a390669,Nikhil Kalro,f6c641f1-29cd-45ed-b4df-1421d76f48d3,Abhinav Grover,696598d1-be08-48ea-ac3b-942cc4977514,5a2bbec2-432e-4ddf-873b-c8d8bbe1b1f3,20,9,29,#4,Confirmed
ipt-hyderabad-city-grandslam-12-0,Grand Slam 12.0 Hyderabad Edition,Men's Intermediate,Men's,intermediate,5,Rahul Gupta / Raunak Singh,d802e1cd-2866-48d6-a2c3-a88ef9ee611e,Rahul Gupta,97bd2afd-4c0f-4b66-8015-7139f2fb1780,Raunak Singh,d802e1cd-2866-48d6-a2c3-a88ef9ee611e,97bd2afd-4c0f-4b66-8015-7139f2fb1780,0,0,0,#5,Confirmed
ipt-hyderabad-city-grandslam-12-0,Grand Slam 12.0 Hyderabad Edition,Men's Intermediate,Men's,intermediate,6,Siddharth Satheesan / Varun Reddy,c1fac66c-3ce8-43d8-8c0c-85d463264584,Siddharth Satheesan,fdd501f4-fc04-4991-b817-c6464e1ac492,Varun Reddy,b5320f35-7c68-44ad-b41c-22af4fc5baf8,0fff05bb-a004-4c4e-9fdb-eee4fa7b5262,18,60,78,#6,Confirmed
ipt-hyderabad-city-grandslam-12-0,Grand Slam 12.0 Hyderabad Edition,Men's Intermediate,Men's,intermediate,7,Vijay Aakash Nemakal / Abhishek Kana,3f741097-060e-44be-8402-0bb7f42b5b7e,Vijay Aakash Nemakal,c85a42f8-4474-4a5f-a347-f5e8817e5c4d,Abhishek Kana,70b0e87e-97bc-459c-a62f-6c63b286b27f,c85a42f8-4474-4a5f-a347-f5e8817e5c4d,9,0,9,#7,Confirmed
ipt-hyderabad-city-grandslam-12-0,Grand Slam 12.0 Hyderabad Edition,Men's Advance,Men's,advance,1,Mihir Akolkar / Saish Shelar,06a4aeef-aaca-45ef-a83a-cb3c703c9789,Mihir Akolkar,6b49f7ef-e989-4036-816e-f0267d3c3ef0,Saish Shelar,858bfcd1-59ee-4029-af41-ea6be8b30da5,2e851a45-b9f4-4854-a016-87089a1ee24a,286,346,632,#1,Confirmed
ipt-hyderabad-city-grandslam-12-0,Grand Slam 12.0 Hyderabad Edition,Men's Advance,Men's,advance,2,Mohammed Atif Hyder / K V Sai Saran,5204bb34-67a8-4521-8743-b83d86905309,Mohammed Atif Hyder,573576af-c86a-4a0d-8150-f0f802b2ac26,K V Sai Saran,0ac4720b-0bf1-43dd-8d4e-f62a1d0db036,573576af-c86a-4a0d-8150-f0f802b2ac26,20,0,20,#2,Confirmed
ipt-hyderabad-city-grandslam-12-0,Grand Slam 12.0 Hyderabad Edition,Men's Advance,Men's,advance,3,Nikhil Sai Kodali / Sai Vishnu Pullela,86de48da-644d-40da-9978-08b3b06f6cd6,Nikhil Sai Kodali,d9f3096d-c950-4255-ab76-5da5398f4b3c,Sai Vishnu Pullela,5309272f-dc12-4fa3-a52a-d13349e7ce9b,d9f3096d-c950-4255-ab76-5da5398f4b3c,120,0,120,#3,Confirmed
ipt-hyderabad-city-grandslam-12-0,Grand Slam 12.0 Hyderabad Edition,Men's Advance,Men's,advance,4,Varshil Trambadiya / Antariksh Mohandas,783fd411-3a52-446e-90cc-2fcef2baaa51,Varshil Trambadiya,8730ad11-d9e2-4028-bd65-065e792eee00,Antariksh Mohandas,3e9c72bc-7fc4-4568-80f4-86aeac1834b1,faace09a-ac0b-4683-8210-0caee7d8d869,330,276,606,#4,Confirmed
ipt-hyderabad-city-grandslam-12-0,Grand Slam 12.0 Hyderabad Edition,Men's Advance,Men's,advance,5,Ziaan Talab / Madhu Samtani,213df946-7be9-4fcb-98c8-e0d6ba33789d,Ziaan Talab,7818fd9a-1675-4d45-acd5-dfc6eff38028,Madhu Samtani,9938ca4b-65ae-4658-9e08-8d3fe52bb6c7,7bd5c4e9-d29d-4893-be34-260c07e1dc87,0,120,120,#5,Confirmed
ipt-hyderabad-city-grandslam-12-0,Grand Slam 12.0 Hyderabad Edition,Men's 40+,Men's 40+,open,1,Akshay Jalan / Ankit Agarwal,16def632-d48e-4678-81b5-1316aedb049c,Akshay Jalan,d4d1cf44-7849-4baa-b956-c56e4613995b,Ankit Agarwal,c4157745-c9d9-4772-b640-cf2086ad578d,2b1eefac-8187-4b19-8d3d-c5a923b06999,1248,540,1788,#1,Confirmed
ipt-hyderabad-city-grandslam-12-0,Grand Slam 12.0 Hyderabad Edition,Men's 40+,Men's 40+,open,2,Sandip Sabharwal / Saurabh Vijewargia,22f71241-5bf4-4dc7-ba33-683a2ea0f75b,Sandip Sabharwal,5602dbe5-4321-43e1-8b1c-e558a9fed127,Saurabh Vijewargia,c0d46790-14f9-49f1-b1a9-0344e9b5422b,e42b394e-461d-4765-b4ec-acb5e847e45c,0,0,0,#2,Confirmed
ipt-hyderabad-city-grandslam-12-0,Grand Slam 12.0 Hyderabad Edition,Women's Intermediate,Women's,intermediate,1,Bhuvana Reddy / Likhitha Reddy,940515bb-5cd9-4ab3-9b5b-7c3f134dcb5b,Bhuvana Reddy,0ebbdd60-8ff3-4395-9149-dd285e62f9e1,Likhitha Reddy,940515bb-5cd9-4ab3-9b5b-7c3f134dcb5b,0ebbdd60-8ff3-4395-9149-dd285e62f9e1,0,0,0,#1,Confirmed
ipt-hyderabad-city-grandslam-12-0,Grand Slam 12.0 Hyderabad Edition,Women's Intermediate,Women's,intermediate,2,Maithili Parimi / Sameeksha Annem,b68f595c-d897-4f0e-8366-5bc55e337683,Maithili Parimi,44b79474-da87-43ad-a4b8-204252d87b30,Sameeksha Annem,b68f595c-d897-4f0e-8366-5bc55e337683,4549ee66-9c78-48e9-b287-af5cdad39c96,0,50,50,#2,Confirmed
ipt-hyderabad-city-grandslam-12-0,Grand Slam 12.0 Hyderabad Edition,Women's Intermediate,Women's,intermediate,3,Zia Sen / Ira Bannerjee,ea867595-e4fe-4e62-bd2a-4565715ab7ac,Zia Sen,1ab5474a-04f2-4c8f-916f-046b02fa52c3,Ira Bannerjee,ea867595-e4fe-4e62-bd2a-4565715ab7ac,1ab5474a-04f2-4c8f-916f-046b02fa52c3,0,0,0,#3,Confirmed
ipt-kochi-city-open-2-0,City Open Kochi 2.0,Men's Beginner,Men's,beginner,1,Arvind Sriram / Ananth Menon,4326c4fd-cc21-41e2-a50c-dea545efbf2f,Arvind Sriram,bee8d4fd-f40c-486b-942b-5a4fdfc3306f,Ananth Menon,ceaac2d1-ac70-4b9c-bb7d-2ed0e7d0f56e,dce8e5ca-1065-40e8-b384-95b73e0e1680,15,15,30,#1,Confirmed
ipt-kochi-city-open-2-0,City Open Kochi 2.0,Men's Beginner,Men's,beginner,2,Basudev Rai / Abhay Biswakarma,68c7916e-0da4-4940-a068-eda6255290cc,Basudev Rai,bb5b11da-7bc4-4fed-bcbd-3fa6da36fe28,Abhay Biswakarma,e716d0e5-39bc-491b-b9a1-4a34bc3cc4d5,5b0b6487-f713-4f6f-8263-9a8ecf34378c,0,0,0,#2,Confirmed
ipt-kochi-city-open-2-0,City Open Kochi 2.0,Men's Beginner,Men's,beginner,3,Chacko Cherian / Joseph Korah,b283a295-a9ab-473f-a8f5-ef3c3f5ab0b8,Chacko Cherian,8af8e92c-8ebb-49ed-80bd-694b441357f8,Joseph Korah,4cf9fb91-4461-4786-98bd-a7f6502bc4b6,9c68f757-83ee-4dc2-aee1-39272d2ff567,0,0,0,#3,Confirmed
ipt-kochi-city-open-2-0,City Open Kochi 2.0,Men's Beginner,Men's,beginner,4,Frederick Williams / Venkatesh Anilkumar,e6060460-a028-48da-8565-3f9ab0a3075f,Frederick Williams,67831462-6847-49e1-bb2d-fea92e021af6,Venkatesh Anilkumar,ea51ce73-5535-4f18-a787-137cf7190455,981d3754-7983-4b07-ab50-e2581e4ed243,0,0,0,#4,Confirmed
ipt-kochi-city-open-2-0,City Open Kochi 2.0,Men's Beginner,Men's,beginner,5,Glenn Renny / Renny Chacko,32a0b562-9232-4c9d-baa5-622161e0b903,Glenn Renny,cbb4f436-f8ad-44ca-b38e-fc9f7098ff97,Renny Chacko,f2887d3d-9587-48b2-87fe-42aab79f195b,9397d33f-7d0e-42f6-80a4-29300a936908,0,0,0,#5,Confirmed
ipt-kochi-city-open-2-0,City Open Kochi 2.0,Men's Beginner,Men's,beginner,6,Jinto Varghese / Steve Jacob Franco,ba51f861-6210-44a0-8210-b9192afbb259,Jinto Varghese,b4cd5e27-cdcf-4200-82e0-7281922b0411,Steve Jacob Franco,a75970d8-0bfe-46ee-885d-f6dc3689e3f9,ad3ab629-3d3b-402d-aede-be24ca3be920,0,0,0,#6,Confirmed
ipt-kochi-city-open-2-0,City Open Kochi 2.0,Men's Beginner,Men's,beginner,7,Junaiz Odakkal / Aadil Abdul Azeez,f0f37d22-d27a-4f1a-afed-0f5d3d55f3e0,Junaiz Odakkal,b1c844a3-4542-40b3-8abc-7bd5de93f10b,Aadil Abdul Azeez,80bbaa0a-418d-4e46-a470-cfed86db492d,5055f2c1-bdcb-4bed-8213-e2377f334ff2,9,27,36,#7,Confirmed
ipt-kochi-city-open-2-0,City Open Kochi 2.0,Men's Beginner,Men's,beginner,8,Muhammed Ajmal / Aravind Kannan,496acea5-21ec-4eba-8eac-68cc9821538c,Muhammed Ajmal,d647ebc2-b81c-41ed-a991-3bdac08e4f0b,Aravind Kannan,35fb039f-4af7-4e8c-80c8-1492a0fb6e08,a3feed4a-a19a-4f94-ba30-7be82b2bd210,9,18,27,#8,Confirmed
ipt-kochi-city-open-2-0,City Open Kochi 2.0,Men's Beginner,Men's,beginner,9,Raghul Arvind / Subramanian Shivshankaran,91fe8369-14e1-4871-b264-ff9edce13af8,Raghul Arvind,aef676e5-8cb2-47d3-a13f-4d68a9085e96,Subramanian Shivshankaran,2426519e-82c2-46dc-b537-7ecbd86276ca,5c4049b7-9189-4962-aeca-f94d7296440a,0,0,0,#9,Confirmed
ipt-kochi-city-open-2-0,City Open Kochi 2.0,Men's Beginner,Men's,beginner,10,Rajveer Patel / Arnav Tanna,8d79c420-b857-43a4-848f-c52aa91153e7,Rajveer Patel,6bfd1277-761c-46c8-9e40-cbce3df40c13,Arnav Tanna,7753f83a-1753-49a7-b149-661d5b762715,dcbbe145-7cf5-4241-9cda-e10396440947,26,67,93,#10,Confirmed
ipt-kochi-city-open-2-0,City Open Kochi 2.0,Men's Beginner,Men's,beginner,11,Royce Raju Beena / James Joseph,3a4284ac-76b1-42ec-b6e3-a5c4bb489432,Royce Raju Beena,b0670242-4895-4197-85fa-31c10b0953e7,James Joseph,8e3fcbe6-caa0-4f93-ae1f-21e470f8d267,3eb10cef-d753-4fe5-af81-f2cf5e59dd06,5,5,10,#11,Confirmed
ipt-kochi-city-open-2-0,City Open Kochi 2.0,Men's Beginner,Men's,beginner,12,Sanjay Davis Tony / Savio Zibi,8eacc1db-d346-4bac-94af-8e32b002d049,Sanjay Davis Tony,f1ecb503-6fab-40e8-8bf8-c18947a0125f,Savio Zibi,d45f1672-105a-443f-9346-cbc1106d8d40,7ec9b30f-0ba9-4181-8be0-0b494efe7ea4,0,0,0,#12,Confirmed
ipt-kochi-city-open-2-0,City Open Kochi 2.0,Men's Beginner,Men's,beginner,13,Shaan Shah / Sandip Sabharwal,8c72bdc2-6eff-4537-ba3a-ad4eaadd542d,Shaan Shah,22f71241-5bf4-4dc7-ba33-683a2ea0f75b,Sandip Sabharwal,d776c24b-fd0a-4639-ae56-1d6571233019,612e21ff-8553-41b1-a21f-cbfbc257f5f7,10,20,30,#13,Confirmed
ipt-kochi-city-open-2-0,City Open Kochi 2.0,Men's Beginner,Men's,beginner,14,Siddhant Gupta / Aman Makan,f455fd74-d0ee-4f00-b838-363eff4730e6,Siddhant Gupta,501de0a7-5fb6-460c-9209-2cb9e1c6ab7d,Aman Makan,b9256fa5-c397-469f-862c-42870571aa80,17efaa21-4eb6-4ca8-bb32-cde24a610906,34,25,59,#14,Confirmed
ipt-kochi-city-open-2-0,City Open Kochi 2.0,Men's Beginner,Men's,beginner,15,Vikaas Chhabria / Vedanth P Patel,44dc8a9e-9f0a-4165-b2ce-c4932e2f9eac,Vikaas Chhabria,d5e77120-edf1-4cae-b40a-26c7256c3252,Vedanth P Patel,217c16e6-d062-4bce-965a-f1cbc80db5ea,ffbe515e-a6fc-43bf-9b57-9069af29d9c3,0,0,0,#15,Confirmed
ipt-kochi-city-open-2-0,City Open Kochi 2.0,Men's Beginner,Men's,beginner,16,Vishal Thomas / Terence Thomas,062f6e2d-dd0e-47b8-a338-386ae1e7ddc2,Vishal Thomas,5d868212-b694-4b7c-9e87-8bbcdff3a37e,Terence Thomas,c7aea85d-2c78-46b4-8f6d-32a1b6e1622d,417d5fb0-2551-40a1-9a2d-791ea0a1219e,5,5,10,#16,Confirmed
ipt-kochi-city-open-2-0,City Open Kochi 2.0,Men's Intermediate,Men's,intermediate,1,Afdhel Abdul Wahab / Salman Shaji,2890603e-2ceb-476a-ac9d-a06c6c37dd8b,Afdhel Abdul Wahab,4c97d826-5756-4858-b292-b21827ad555e,Salman Shaji,83e001e4-6139-46a4-b849-e9a569639b32,15d55f96-1c4c-4c6a-b920-b9c0e1dbc6e9,0,0,0,#1,Confirmed
ipt-kochi-city-open-2-0,City Open Kochi 2.0,Men's Intermediate,Men's,intermediate,2,Akhil Bansal / Nikhil Bansal,a54ba179-7fc9-4533-9eaa-c2c09da3f061,Akhil Bansal,ab58ef43-8f50-4f4e-a45b-1087ae59ee35,Nikhil Bansal,4ac8bb18-eb7f-4d9c-8f76-13d9baa3be5c,8f4dec61-e18b-4f95-96e8-96ce7cc45db4,18,51,69,#2,Confirmed
ipt-kochi-city-open-2-0,City Open Kochi 2.0,Men's Intermediate,Men's,intermediate,3,Anthony Grace Fernandes / Adarsh S,689f12ba-b99c-4d69-b6f4-80c07ed7ce92,Anthony Grace Fernandes,423c210f-fe3b-42eb-8542-5969c9fa6eec,Adarsh S,35b457b0-b148-4a61-ba36-f3c43376e76d,3ff76770-af6d-4e46-9794-05604155476e,5,5,10,#3,Confirmed
ipt-kochi-city-open-2-0,City Open Kochi 2.0,Men's Intermediate,Men's,intermediate,4,Arjun Raju / Ganesh Raj,74a7e384-3f53-44ee-80d0-059e3fa60e1c,Arjun Raju,9a0ca379-deee-41c9-ad19-ab63a46719c4,Ganesh Raj,3ae76f11-c427-47b4-bb70-780bf75a3394,adea4896-4ff5-4b04-bc91-f133803d8264,36,9,45,#4,Confirmed
ipt-kochi-city-open-2-0,City Open Kochi 2.0,Men's Intermediate,Men's,intermediate,5,Ayaan Mishra / Viraj Dewan,c2ae75e9-a8ea-43e9-89b0-df5d44f5fa61,Ayaan Mishra,1f8700c4-6a62-4646-95cd-9b2d456baf65,Viraj Dewan,2fe333f9-21f9-4bfe-bdcc-8373d176ccc3,f9713c6f-2291-4eef-b31e-c6d19778da07,5,5,10,#5,Confirmed
ipt-kochi-city-open-2-0,City Open Kochi 2.0,Men's Intermediate,Men's,intermediate,6,Azhar Seyad / Anoop KR,8fc2da14-7503-4602-82ca-a8a418e43d9a,Azhar Seyad,3c822f5d-2200-464d-bc72-f04612b2ee19,Anoop KR,398ccc43-f9a1-405d-9097-7f091562db96,0c1cad31-4025-4073-91ee-85a04a5bbcc0,5,5,10,#6,Confirmed
ipt-kochi-city-open-2-0,City Open Kochi 2.0,Men's Intermediate,Men's,intermediate,7,Bijon Kanabar / Pranay Shetty,3ebc54e6-ec4a-42bc-bfcb-67c21e71616a,Bijon Kanabar,ff462e1c-14e0-4792-9215-29ecaeed1cfa,Pranay Shetty,ff10561d-ad52-4473-8700-4feeae4a5548,f8e3cea2-c49f-4c11-b5b0-b3fad09cb5de,0,0,0,#7,Confirmed
ipt-kochi-city-open-2-0,City Open Kochi 2.0,Men's Intermediate,Men's,intermediate,8,George Pottamkulam / Amit Krishnan,a0b09769-2ade-400c-ad97-c3f1d6ada866,George Pottamkulam,26582647-4a0f-456e-86d7-98b5087f3875,Amit Krishnan,9182b111-a4f7-4cc8-a6db-ea0fa0dafbac,9d39d601-79fa-4c9e-86f3-4b5aaf5dfef1,50,54,104,#8,Confirmed
ipt-kochi-city-open-2-0,City Open Kochi 2.0,Men's Intermediate,Men's,intermediate,9,Gopal Mohan / Nikhil George,eae761c0-dc5e-44fc-acf1-5229a40242dd,Gopal Mohan,e7f18fca-e2a6-4ee7-9045-df813ab9fd91,Nikhil George,f4d92c80-d465-4594-96a3-f4bf308f42fe,15158ad0-2901-4de2-8174-8695af57f2e5,0,0,0,#9,Confirmed
ipt-kochi-city-open-2-0,City Open Kochi 2.0,Men's Intermediate,Men's,intermediate,10,John Paul / Falib Jaleel,5e22ce04-3d81-4d0a-ae6b-7fba4bcea448,John Paul,5ff0e80a-e07e-4469-a2a2-01d6a9c3f00b,Falib Jaleel,fd3305e0-0928-4c2d-a611-f91df7c7a7f7,e150946c-867c-40d9-948f-a5e7e50e29e4,33,9,42,#10,Confirmed
ipt-kochi-city-open-2-0,City Open Kochi 2.0,Men's Intermediate,Men's,intermediate,11,Kaiz Jaffer / Varun Dattani,fc6dc5ba-b4e3-4b91-983b-fdfb62b164f5,Kaiz Jaffer,5b6730d4-a1a1-4cd3-97ec-3423545be5cd,Varun Dattani,ed9aed58-7dd1-4c57-b7fc-4405d70988f1,babe8b02-dc82-44bf-8116-900fbf2c9e97,21,301,322,#11,Confirmed
ipt-kochi-city-open-2-0,City Open Kochi 2.0,Men's Intermediate,Men's,intermediate,12,Kaushik Gummuluru / Sai Ram Goud,2891f3ff-442b-4b5b-b58c-cd458df7ea72,Kaushik Gummuluru,c1bb2e34-e142-4eb8-b132-d84e8c734bb7,Sai Ram Goud,013e2363-52f5-45f3-813f-55ef846f94ab,de95f811-88a6-4b6e-8cdf-4d3a9d8a084d,0,0,0,#12,Confirmed
ipt-kochi-city-open-2-0,City Open Kochi 2.0,Men's Intermediate,Men's,intermediate,13,Mithun Prabhu / Akshith Thomas,68516614-5b90-40ce-b11e-09ad9353da5a,Mithun Prabhu,2bb102f2-5c3a-48b1-ae95-ce7f8d38b17f,Akshith Thomas,8c4cda10-8f0b-4d1e-9368-0863b4e2e0d2,88f63936-02eb-49fc-b481-de9fce8518a4,23,5,28,#13,Confirmed
ipt-kochi-city-open-2-0,City Open Kochi 2.0,Men's Intermediate,Men's,intermediate,14,Mohamed Anzar / Dirsha Kalliyath,fed73115-d438-4ece-b3bc-833a35c0af2e,Mohamed Anzar,1dfc79f8-119b-4349-a2f9-a6e7c425a8e9,Dirsha Kalliyath,787a0f9a-5db2-4f64-b783-fadce7eb05d0,0789d0db-9123-48e0-b580-819c9969560e,9,9,18,#14,Confirmed
ipt-kochi-city-open-2-0,City Open Kochi 2.0,Men's Intermediate,Men's,intermediate,15,Mohammed Farhan / Azim Yasir,66f6024c-cf6b-4775-a2ef-3f7f1b0405b3,Mohammed Farhan,0e3ade05-7d67-414c-8e20-c2bbae3a5778,Azim Yasir,9495ae3b-6e88-4876-aaec-ca591fe3948d,3be788fe-fac9-4e3a-b0f9-2fbb33d29910,5,5,10,#15,Confirmed
ipt-kochi-city-open-2-0,City Open Kochi 2.0,Men's Intermediate,Men's,intermediate,16,Muhammed Saleem V / Arun Ratnakaran,ce5800f0-729e-44e9-a12d-a83a5b771244,Muhammed Saleem V,34db59dd-7f59-4b2a-8403-070df3a50fd9,Arun Ratnakaran,39a48cfc-6df7-43b1-b8bd-5920840179c2,0d2b54ee-aaf6-4130-aaa0-2ed5af9e14d6,5,5,10,#16,Confirmed
ipt-kochi-city-open-2-0,City Open Kochi 2.0,Men's Intermediate,Men's,intermediate,17,Mukund Muthanna / Mukund Muthanna Partner,b1863a39-a660-43dd-8e1c-830d77223fe7,Mukund Muthanna,c005054e-b3f8-434d-a338-10ba4fd1b0fb,Mukund Muthanna Partner,bfa5a472-a553-4fa1-9e01-836e29b26d8b,c005054e-b3f8-434d-a338-10ba4fd1b0fb,50,0,50,#17,Confirmed
ipt-kochi-city-open-2-0,City Open Kochi 2.0,Men's Intermediate,Men's,intermediate,18,Nikhil Kalro / Abhinav Grover,8b01652a-7f96-41a5-9402-e3404a390669,Nikhil Kalro,f6c641f1-29cd-45ed-b4df-1421d76f48d3,Abhinav Grover,b7eaf614-11ca-46ee-ab8b-64bb29fa4d8f,a205ddee-52ec-4b1d-88da-40c8473a18a2,20,9,29,#18,Confirmed
ipt-kochi-city-open-2-0,City Open Kochi 2.0,Men's Intermediate,Men's,intermediate,19,Pranav Erinjery / Aldrith Fernandez,30155bc6-d483-414d-8d5e-17eef06c9f9e,Pranav Erinjery,402747a2-1ebf-400b-8f55-50dcfee08030,Aldrith Fernandez,2f6c85af-4743-4692-a0ff-268260d9d3fe,39508633-c97d-490b-a4a7-7bb2d3fdf5c9,18,18,36,#19,Confirmed
ipt-kochi-city-open-2-0,City Open Kochi 2.0,Men's Intermediate,Men's,intermediate,20,Raaghav Sharma Bagga / Yuvraj mehta,ae03412d-d2a1-4b89-a934-a895d52f8a9d,Raaghav Sharma Bagga,91d8198e-2679-4c96-9b3e-4da14d39b69e,Yuvraj mehta,06a3d0ca-1d99-41b7-b951-a8dbdf9bd571,607adddb-f183-437c-a5c6-fef677144841,50,50,100,#20,Confirmed
ipt-kochi-city-open-2-0,City Open Kochi 2.0,Men's Intermediate,Men's,intermediate,21,Revano Wilson / Varghese Paul,8a61e384-5702-4e17-b42e-f75ce4a27013,Revano Wilson,b7281057-4ccf-42d7-bd24-71acc1edaac2,Varghese Paul,d8260730-08c7-45ca-b21b-fcc412e4b037,f2676e93-caac-40ca-85c1-1d32a79c4759,5,5,10,#21,Confirmed
ipt-kochi-city-open-2-0,City Open Kochi 2.0,Men's Intermediate,Men's,intermediate,22,Sachin Thomas / Parthiv Anilkumar,ee0a9dcc-acb3-4a06-a301-ba31f2f6c134,Sachin Thomas,57a2141d-40d8-46f5-80e4-11670644aaca,Parthiv Anilkumar,c40a6418-bd1a-44db-a9bc-84dd96b17553,b27d6448-4d00-4cb7-9201-84ff9c43052c,5,5,10,#22,Confirmed
ipt-kochi-city-open-2-0,City Open Kochi 2.0,Men's Intermediate,Men's,intermediate,23,Sanal K M / Nigel Paul,8bc488d5-c371-499a-b700-0d7a3b96367c,Sanal K M,48382568-087c-4c34-ab92-46d2680916f1,Nigel Paul,e0a47f43-7625-4d52-bcac-fd1a05b765af,48382568-087c-4c34-ab92-46d2680916f1,0,0,0,#23,Confirmed
ipt-kochi-city-open-2-0,City Open Kochi 2.0,Men's Intermediate,Men's,intermediate,24,Sonu Vaidyan / Sadic Ashraf,de44689c-c743-460c-a4f5-a04b2819a84b,Sonu Vaidyan,871ebc0d-cdac-4056-99c1-8181ed74b338,Sadic Ashraf,b03f5b0a-b28f-4ee7-9a01-d6138db1d9e0,ab0a5626-189b-48ec-a23f-f95c28ffbda8,0,0,0,#24,Confirmed
ipt-kochi-city-open-2-0,City Open Kochi 2.0,Men's Advance,Men's,advance,1,Adit Patel / Kavin Vendan,cdd858a3-1533-4a7b-bf8b-1b94f0f3b868,Adit Patel,d08e2513-3bf5-441c-aace-831129099cc4,Kavin Vendan,b9dd59d7-aa70-41f0-a6db-1984ae367edf,0b0fef38-aec9-4dc0-ba88-de75367cdbd6,628,54,682,#1,Confirmed
ipt-kochi-city-open-2-0,City Open Kochi 2.0,Men's Advance,Men's,advance,2,Aditya Jagtap / Krishiv Patel,9db40aca-2be2-4bdd-b807-02ad8bb8bf77,Aditya Jagtap,5b3d8985-ba2b-4840-96cb-df23c6bd1347,Krishiv Patel,0d6e1473-f163-4186-873c-9147463e8fd2,ef661582-b636-4810-a743-3736b9ed0988,4168,2460,6628,#2,Confirmed
ipt-kochi-city-open-2-0,City Open Kochi 2.0,Men's Advance,Men's,advance,3,Advait Bahl / Kabir Anand,13d6188c-cd2e-4152-a5c2-0b82573143b9,Advait Bahl,3354c5a3-1dbf-47e7-a264-7a573cd0b8e5,Kabir Anand,accc50dc-7588-463d-8370-4fbf86d392e9,2b05b012-68c7-4d4f-ab69-1fa92cd8165b,204,9,213,#3,Confirmed
ipt-kochi-city-open-2-0,City Open Kochi 2.0,Men's Advance,Men's,advance,4,Akash Wagh / Vinayak Kumar,c8b84750-cba5-4022-8c4a-b6934fc472ff,Akash Wagh,c1049612-6cb9-4c49-bd48-2ffcd3389d45,Vinayak Kumar,c52e356f-17c5-44a4-bade-3beb9f6271e7,a159a48f-4a33-4621-a2ad-a36d0c8c2b27,0,0,0,#4,Confirmed
ipt-kochi-city-open-2-0,City Open Kochi 2.0,Men's Advance,Men's,advance,5,Famas Shanavas / Naeem Shahul,f627335f-f154-4e08-9481-07dffc3a7d35,Famas Shanavas,6920ba87-de99-461a-9af7-74a07b08c305,Naeem Shahul,8cc004a1-dd90-4cf6-aac2-079aabff0af1,492caac8-e161-47fc-9e42-3ab9b46dbf65,0,18,18,#5,Confirmed
ipt-kochi-city-open-2-0,City Open Kochi 2.0,Men's Advance,Men's,advance,6,Karan Medappa / Shane Biddaiah,09ce181d-c08d-4189-ab36-4d4a706f1bcb,Karan Medappa,fde56650-1b21-4853-b436-dd3221ff502d,Shane Biddaiah,611248dc-b070-4797-8554-d0a31efcb0c1,79dc8a80-5907-4945-9ed2-d6a44af53350,54,54,108,#6,Confirmed
ipt-kochi-city-open-2-0,City Open Kochi 2.0,Men's Advance,Men's,advance,7,Naesar Jewoor / Siddharth Dabrai,2d665cd5-8589-4301-81c6-25e0ba95fe1a,Naesar Jewoor,604edc4e-0143-476a-aec6-c89b715f6949,Siddharth Dabrai,52ff04c6-dcbf-47b9-b534-30b1099fdba4,6c4a82e4-c6db-4da0-ad66-dbe7baf47b90,340,160,500,#7,Confirmed
ipt-kochi-city-open-2-0,City Open Kochi 2.0,Men's Advance,Men's,advance,8,Syed Imran Yusoof / Kunal Premnarayan,b4c1f987-ed1c-41b2-bed1-839e3b47d5ff,Syed Imran Yusoof,7f57a645-a475-4ec7-9b29-0b7812a9931d,Kunal Premnarayan,2feb24a6-a1cd-4fcd-b34c-50714d9a0b3b,250f3b75-a20b-42ef-bbab-bb7b93a55a05,174,174,348,#8,Confirmed
ipt-kochi-city-open-2-0,City Open Kochi 2.0,Men's Advance,Men's,advance,9,Saish Shelar / Mihir Akolkar,6b49f7ef-e989-4036-816e-f0267d3c3ef0,Saish Shelar,06a4aeef-aaca-45ef-a83a-cb3c703c9789,Mihir Akolkar,b2fad7c0-5d72-4785-8070-3fb1f7dd8f8a,8ee7d1a6-57d3-4e7a-a712-a97b1d5b2a88,346,286,632,#9,Confirmed
ipt-kochi-city-open-2-0,City Open Kochi 2.0,Men's Advance,Men's,advance,10,Samar Malhotra / Aryan Goveas,a57ef4ab-a62e-4b71-a4d2-0f267dea2626,Samar Malhotra,46d8e856-a32f-4060-bf62-6b24fb9e6a8d,Aryan Goveas,cd145afc-639a-443f-b265-6f2bc18dac5e,b5eb13db-fc92-4750-943b-997fbbf5be2d,3660,2354,6014,#10,Confirmed
ipt-kochi-city-open-2-0,City Open Kochi 2.0,Men's Advance,Men's,advance,11,Swaraj Deshmukh / Kaivalya Kalamse,d53736bd-2d26-4977-9d4f-edb8ddc49ffb,Swaraj Deshmukh,182f09bb-25ba-4086-99ca-a7f5a52303bf,Kaivalya Kalamse,82491623-1577-44ba-a09b-fc189480ea9f,3c408d72-9397-4c38-a175-372c5f850db9,570,270,840,#11,Confirmed
ipt-kochi-city-open-2-0,City Open Kochi 2.0,Men's Advance,Men's,advance,12,Varshil Trambadiya / Antariksh Mohandas,783fd411-3a52-446e-90cc-2fcef2baaa51,Varshil Trambadiya,8730ad11-d9e2-4028-bd65-065e792eee00,Antariksh Mohandas,757c1df5-78c9-43ed-91d3-2057d81863d1,2317a756-afe9-4762-989e-c7ccad43563f,330,276,606,#12,Confirmed
ipt-kochi-city-open-2-0,City Open Kochi 2.0,Men's 40+,Men's 40+,open,1,Arun Chery Jacob / Abhilash Joshi,fa06f6d6-52b5-4d4f-a829-ff09c88c33d2,Arun Chery Jacob,46f5ebb2-2b23-4e22-9c71-46c842dd2653,Abhilash Joshi,6adcf00c-f014-4759-a374-45af4887df51,febd469f-7b19-47f4-ae09-c63bc604590e,0,0,0,#1,Confirmed
ipt-kochi-city-open-2-0,City Open Kochi 2.0,Men's 40+,Men's 40+,open,2,Rajiv Dutt / Mahesh Shinde,fa1fe9c8-1531-42da-8355-e7a0052ab3a2,Rajiv Dutt,3fec5bf1-2cb9-4cd6-a965-e0bb6f7079d8,Mahesh Shinde,0e5f2df3-e761-48e4-baf0-f279e4a626e7,dc5b1b70-f98f-42c5-9ca3-8b02eb6d9278,180,180,360,#2,Confirmed
ipt-kochi-city-open-2-0,City Open Kochi 2.0,Men's 40+,Men's 40+,open,3,Sandeep Louis / Vivek Venugopal,f7839dcf-c6f8-47ef-ab89-7261268a37a2,Sandeep Louis,cf4e6dfa-ee51-4ee3-8b1c-cd6173e3955f,Vivek Venugopal,870c7bb4-4e22-4abf-a4ee-b54bdd541ae1,d82b2fa0-d148-481b-ac37-1fd1bbb9eb3b,0,0,0,#3,Confirmed
ipt-kochi-city-open-2-0,City Open Kochi 2.0,Men's 40+,Men's 40+,open,4,Syed Imran Yusoof / Kunal Premnarayan,b4c1f987-ed1c-41b2-bed1-839e3b47d5ff,Syed Imran Yusoof,7f57a645-a475-4ec7-9b29-0b7812a9931d,Kunal Premnarayan,930317dc-fc03-497b-8801-3a615a74e424,8f5c8c9f-740b-4407-a5ee-358f493c760b,1020,780,1800,#4,Confirmed
ipt-kochi-city-open-2-0,City Open Kochi 2.0,Women's Beginner,Women's,beginner,1,Anna Biju / Meghna Biju,dfcae58c-6114-4a58-ae65-0da63e435421,Anna Biju,daca6104-e707-4880-85fe-ff16d3da0c57,Meghna Biju,80d07312-dd0a-4c4a-8465-582a6fca67f4,968511fd-f852-4f2b-971e-d1c0906600b8,0,0,0,#1,Confirmed
ipt-kochi-city-open-2-0,City Open Kochi 2.0,Women's Beginner,Women's,beginner,2,Devi Nayar / Aswti Mannali,ada1590f-1a1e-4731-8de2-57450fdc001d,Devi Nayar,906ad64f-35a3-46f3-ae7f-daab378c1e5c,Aswti Mannali,8a13174d-a350-461b-943d-e5229d9c8f4d,4591d2ee-4ca1-47fe-9560-0a2cc36392d2,0,0,0,#2,Confirmed
ipt-kochi-city-open-2-0,City Open Kochi 2.0,Women's Beginner,Women's,beginner,3,Niti Mehta / Alisha Aggarwal,4ea58301-befa-4fac-8bca-101214a186c8,Niti Mehta,ed4faf6e-8a73-488d-a79c-8333c5c5b276,Alisha Aggarwal,0a5144f4-11d9-4b5d-84cd-388bb1e3e345,5530ce88-3248-4581-afd5-ac6b85faad16,25,25,50,#3,Confirmed
ipt-kochi-city-open-2-0,City Open Kochi 2.0,Women's Beginner,Women's,beginner,4,Raksha Bhaskar / Gayatri Nair,0d1e6d6a-d91e-406e-9088-b28c062da1fc,Raksha Bhaskar,7141790d-4b03-4a8c-b605-9a3273191dcd,Gayatri Nair,6385db95-6364-478e-b6b3-5cd7d48e29a4,83ba0d2b-0c2e-45c3-90be-843af4b448a7,39,15,54,#4,Confirmed
ipt-kochi-city-open-2-0,City Open Kochi 2.0,Women's Intermediate,Women's,intermediate,1,Neeti Nayak / Urmi Kothari,209435a7-517e-45e7-808c-3040c999398d,Neeti Nayak,516fd38b-6201-44a3-8106-4f7f7425fe74,Urmi Kothari,585a396d-7204-4f3d-8522-410093de0a31,8a0da92c-3547-41ff-a13b-0f0a0594102e,0,0,0,#1,Confirmed
ipt-kochi-city-open-2-0,City Open Kochi 2.0,Women's Intermediate,Women's,intermediate,2,Rebecca Puthumana / Deepthi J S,b50974c2-24ef-4080-bd3d-e76b22b7e05e,Rebecca Puthumana,5b68e925-0f23-4eb8-9dc9-c3f13a8a8813,Deepthi J S,13f35a3e-c119-4ba3-b150-b010d0394c2f,104be1b3-8dcc-49e3-9c5c-e23794d28017,50,50,100,#2,Confirmed
ipt-kochi-city-open-2-0,City Open Kochi 2.0,Women's Intermediate,Women's,intermediate,3,Sareeka John / Shubha Abhilash,2063b58b-76ed-4ada-9d3d-31709f9a26db,Sareeka John,985b2093-d841-4049-8765-cc0340751f8c,Shubha Abhilash,b86df96f-e629-4060-97af-71b84bc9a065,9fb74172-db62-4156-814e-97efe5159406,30,30,60,#3,Confirmed
mumbai-city-open-5-01,City Open Mumbai 5.0,Men's Beginner,Men's,beginner,1,Ronak Daftary / Anirudh Jain,e3869e84-3ac2-4379-98af-296be1b0d317,Ronak Daftary,fb63a62c-b1a0-4af6-b540-9ba4ba276976,Anirudh Jain,7f0c4992-b39e-4c14-b402-d93266bd9101,817f8f78-01af-4ac8-809d-6e8f2f9a6728,24,41,65,#1,Confirmed
mumbai-city-open-5-01,City Open Mumbai 5.0,Men's Beginner,Men's,beginner,2,Bhavik Talreja / Rohan Maniar,56d2d7ff-1ad3-488b-9496-772430716c16,Bhavik Talreja,b5542378-9f9f-457b-a71a-d59aef310080,Rohan Maniar,7cabad1e-66cc-44f9-8eff-442977e1f3e0,c75c8f77-4064-4236-8159-f456dd189593,24,24,48,#2,Confirmed
mumbai-city-open-5-01,City Open Mumbai 5.0,Men's Beginner,Men's,beginner,3,Sahil Sharma / Umesh Padwal,26ba9e18-b56b-4e13-b403-bd9cce25671d,Sahil Sharma,222a0e4a-457f-42ef-bedc-cea1892b3280,Umesh Padwal,0e6876e1-df1d-4bb3-b715-8ca20b8cf10f,ee14f9ed-a086-49a4-bdc2-e24c7c38ce87,15,15,30,#3,Confirmed
mumbai-city-open-5-01,City Open Mumbai 5.0,Men's Beginner,Men's,beginner,4,Rahil Patel / Rajveer Patel,7b2f6fd9-392c-477e-8c2e-ee3878c1f0e8,Rahil Patel,8d79c420-b857-43a4-848f-c52aa91153e7,Rajveer Patel,b7eb6e34-c7d7-483f-8944-2ed799c54e67,bdb4d15a-5b54-454d-b943-4f4d474d94b6,0,26,26,#4,Confirmed
mumbai-city-open-5-01,City Open Mumbai 5.0,Men's Beginner,Men's,beginner,5,Abhishek Yadev / Priyank Makwana,94c4c35e-7619-4848-99bc-6a986912e931,Abhishek Yadev,63668ef8-aaa9-4524-9827-c84f3f2d757e,Priyank Makwana,61170ad3-660e-4f67-831f-4a515d6bc358,f4a95444-f0df-4061-92bf-e0848af9e558,15,35,50,#5,Confirmed
mumbai-city-open-5-01,City Open Mumbai 5.0,Men's Beginner,Men's,beginner,6,Shaan Shah / Kushe Bahl,8c72bdc2-6eff-4537-ba3a-ad4eaadd542d,Shaan Shah,6892cafd-242b-468e-a1aa-cd2523e083a6,Kushe Bahl,215379e5-e28e-4bb2-ae78-4818aee4223a,c49942a5-e0b7-4a47-998a-e9c7a3ffbe51,10,17,27,#6,Confirmed
mumbai-city-open-5-01,City Open Mumbai 5.0,Men's Beginner,Men's,beginner,7,Rashank Kuckreja / Pratikraj Singh,92c80f2d-5dc8-4614-b205-953fbef21e55,Rashank Kuckreja,bf1b649e-2d63-4872-979d-273bc66eb576,Pratikraj Singh,dd4b90d0-c0dd-4812-b0af-da46b8b3bb17,24179c76-ed95-403b-bc5f-787643ad39be,14,5,19,#7,Confirmed
mumbai-city-open-5-01,City Open Mumbai 5.0,Men's Beginner,Men's,beginner,8,Shaan Javeri / Arjun Malhotra,57930f5b-8782-4de1-b779-d757f0540e52,Shaan Javeri,f890ec3e-8c23-439c-9ea1-cbb778891771,Arjun Malhotra,d6c136e0-edaf-4d68-88c0-271f37027d69,452cd752-1bc5-4ffa-93aa-a7ecab90d9d2,5,14,19,#8,Confirmed
mumbai-city-open-5-01,City Open Mumbai 5.0,Men's Beginner,Men's,beginner,9,Aahan Jhaveri / Devansh Somani,c83a9f33-0d4f-4f6d-b21f-1cfc425dfe69,Aahan Jhaveri,18098d77-da96-47f5-8a0d-23460d6bdca8,Devansh Somani,b163e682-f4b4-4491-b8fe-d20f23af1b52,659f8b2b-72b8-4ee8-91ab-aca305dd7786,0,0,0,#9,Confirmed
mumbai-city-open-5-01,City Open Mumbai 5.0,Men's Beginner,Men's,beginner,10,Arjun Batra / Jashan Singh Arora,27f580ae-22a7-4519-a7e9-f48e69c6eed0,Arjun Batra,48e4e396-7184-498c-a7be-2edc05971b23,Jashan Singh Arora,cb982678-86b8-4887-b6b1-fbd6d7345e63,661617d9-163a-4a97-bd88-d80a36e5df06,0,0,0,#10,Confirmed
mumbai-city-open-5-01,City Open Mumbai 5.0,Men's Beginner,Men's,beginner,11,Burhan Contractor / Advaith Anoop,16b8462e-31e2-4614-9a5f-57ee20aefb03,Burhan Contractor,0a0db4ab-db0a-4dd7-a8d3-7a40715b83bd,Advaith Anoop,f94def06-e163-4ce7-a186-3ad93bb90387,7f144927-bb8b-4eef-a183-a5ca2911ff76,5,5,10,#11,Confirmed
mumbai-city-open-5-01,City Open Mumbai 5.0,Men's Beginner,Men's,beginner,12,Chirag Gaikwad / Harman Singh Tur,25302fe3-7403-440f-bd2a-3d5be3a3f0a1,Chirag Gaikwad,7c42f3a3-ec0a-44a1-8fa3-3cd5b58569c0,Harman Singh Tur,1c4e2e0d-7722-4369-b82f-e756615d78ae,74b0dc50-43cc-4942-a437-66b22c25a49b,25,25,50,#12,Confirmed
mumbai-city-open-5-01,City Open Mumbai 5.0,Men's Beginner,Men's,beginner,13,Kriish Sakhuja / Jai Sakhuja,628c5ffa-e7aa-4c81-99eb-542a07475659,Kriish Sakhuja,88577d45-624b-4cdb-9557-13653e446860,Jai Sakhuja,e0eae2c8-b2f1-4ea7-8a46-b7a708eaecfc,0b6191bd-6a8b-4e72-95ca-86e9c2cae88b,0,0,0,#13,Confirmed
mumbai-city-open-5-01,City Open Mumbai 5.0,Men's Beginner,Men's,beginner,14,Prem Mirchandani / Bipin Grewal,f98b87d6-af21-4087-a820-178b4220e325,Prem Mirchandani,3480aff3-e63a-4c82-bc4d-d37555b3f964,Bipin Grewal,76898a68-9cd7-49ef-a01d-269f6d6147f4,a3cef93b-bb20-4024-af14-884bd326dc51,0,0,0,#14,Confirmed
mumbai-city-open-5-01,City Open Mumbai 5.0,Men's Beginner,Men's,beginner,15,Rahul Sachdeva / Jason Pereira,4f7ba08a-4a68-434d-9eeb-bec99296fe6f,Rahul Sachdeva,ef4d0083-3ad2-492d-8070-1d27cb8fa67d,Jason Pereira,52a6c9aa-bf48-4820-9f1f-39c4a4bd2ac4,0c2d704e-2f2c-4c1d-9890-dcc0b67bf279,0,0,0,#15,Confirmed
mumbai-city-open-5-01,City Open Mumbai 5.0,Men's Beginner,Men's,beginner,16,Siddhant Gupta / Naville Prakash,f455fd74-d0ee-4f00-b838-363eff4730e6,Siddhant Gupta,82aba01f-d352-48ba-a4dc-7f5974a5ffde,Naville Prakash,39c46144-eec3-44f7-bfb8-d53fc3ac6cc2,80fe75d5-33ca-4a66-a27c-196bd7d20526,34,9,43,#16,Confirmed
mumbai-city-open-5-01,City Open Mumbai 5.0,Men's Intermediate,Men's,intermediate,1,Neville Wadia / Kabir Anand,ce749702-5f83-4cd5-b821-45aeaf7f9848,Neville Wadia,3354c5a3-1dbf-47e7-a264-7a573cd0b8e5,Kabir Anand,05e6425e-dfa4-49f9-b168-4ed18294a8e8,73b7a825-e44c-4add-96bf-5adc5ca084a1,159,9,168,#1,Confirmed
mumbai-city-open-5-01,City Open Mumbai 5.0,Men's Intermediate,Men's,intermediate,2,Nandish Shah / Farhan Patrawala,7a806e55-76b1-406f-b870-2ed511dccdc9,Nandish Shah,7af61236-508f-4495-a2ee-a840e590d19a,Farhan Patrawala,cef238fa-becc-4c37-841e-a3d7a133e4ae,2e7dcdff-0d19-476b-bdac-41ce80e9d809,170,50,220,#2,Confirmed
mumbai-city-open-5-01,City Open Mumbai 5.0,Men's Intermediate,Men's,intermediate,3,Samkit Shah / Rahul Chandwani,6cdc4da7-096f-4c21-a48e-4183e606d2ef,Samkit Shah,ea36ad45-24c2-4b1d-b812-8ebcf72eb5b2,Rahul Chandwani,46e04f2f-ac7c-4b09-8ea7-4abaab5117cf,795bdbe9-d498-403e-8567-90c85f6fa899,38,136,174,#3,Confirmed
mumbai-city-open-5-01,City Open Mumbai 5.0,Men's Intermediate,Men's,intermediate,4,Arnav Tanna / Qahhar Padamsee,6bfd1277-761c-46c8-9e40-cbce3df40c13,Arnav Tanna,9809aae4-939b-4443-9dd8-bfe1d06ca943,Qahhar Padamsee,057a212c-eb39-4a2a-9f2d-03d3fd854866,542fc051-871c-4b92-9b8e-471e3eaca7ef,67,50,117,#4,Confirmed
mumbai-city-open-5-01,City Open Mumbai 5.0,Men's Intermediate,Men's,intermediate,5,Anshul Gosavi / Ronak Talati,5fb018f5-d23c-474c-9d85-c7acd4b03f0f,Anshul Gosavi,042630ef-be7b-401e-9a56-2bdbd27b005b,Ronak Talati,00570ea2-b175-4d10-b334-791897883bd9,008504ce-1ca5-4ded-81fd-5c7b78ce1ba6,57,45,102,#5,Confirmed
mumbai-city-open-5-01,City Open Mumbai 5.0,Men's Intermediate,Men's,intermediate,6,Karan Tandon / Anjan Vachhani,f20c5650-e73d-4731-a1b5-5b89be6d623d,Karan Tandon,c440118a-4188-4779-ac49-e31b9bd9398d,Anjan Vachhani,7986aa69-ef66-4a53-b368-7b99b5d4d4ec,64697761-bcbd-4ddf-a14b-c19ef8bd8874,90,0,90,#6,Confirmed
mumbai-city-open-5-01,City Open Mumbai 5.0,Men's Intermediate,Men's,intermediate,7,Siddharth Sanghai / Annanya Agarwal,b45f586c-585b-494e-a806-5f9abfe242fb,Siddharth Sanghai,cc2048b8-ce98-46c7-9918-b3dbdf5b0385,Annanya Agarwal,00e90fa9-62d4-403b-92df-8e5b999d6f1b,f5e68d14-0852-43fe-80d9-21dbce949584,9,95,104,#7,Confirmed
mumbai-city-open-5-01,City Open Mumbai 5.0,Men's Intermediate,Men's,intermediate,8,Siddharth Kadam / Ishan Jindal,61d2b099-ebaa-47de-8a92-2a080317a0a7,Siddharth Kadam,e9405a6b-358f-49d5-8f1e-b1104d1f6a95,Ishan Jindal,49641586-7a2f-4e94-a309-7e0b709c8801,5b3e8dfb-5099-487b-87a9-22e011583bb2,78,18,96,#8,Confirmed
mumbai-city-open-5-01,City Open Mumbai 5.0,Men's Intermediate,Men's,intermediate,9,Junaid Sopariwala / Tabrez Sopariwala,c510921b-3d7b-42b1-8671-86a367a752e3,Junaid Sopariwala,e4099cdf-1b05-4993-afa7-214dcbc071b1,Tabrez Sopariwala,61656ad5-e8b7-4e2f-8259-cb122d732304,bbc7c9c9-4e89-4637-a9e6-64e2f14f88c9,0,52,52,#9,Confirmed
mumbai-city-open-5-01,City Open Mumbai 5.0,Men's Intermediate,Men's,intermediate,10,Habib Latif / Salman Damani,716df803-2711-44e0-99a3-c5d59dfde298,Habib Latif,58e20dcc-ea00-430a-b0bb-ca3e7f99ec7d,Salman Damani,2217e994-be5e-4663-a70e-082ded0f330f,4cb36527-858c-4f19-a372-951776a12b4e,50,0,50,#10,Confirmed
mumbai-city-open-5-01,City Open Mumbai 5.0,Men's Intermediate,Men's,intermediate,11,Ankit Bhalwankar / Rajesh Shing,a74d7503-db0f-4bca-a110-dd6096dd51a3,Ankit Bhalwankar,f5db5ed7-b6ba-4ce3-bce7-b0593ce1d8d5,Rajesh Shing,1083a15b-611e-499f-8092-c9fb1330c333,f4fdf30a-e441-4045-9d20-4854106cf6ad,32,0,32,#11,Confirmed
mumbai-city-open-5-01,City Open Mumbai 5.0,Men's Intermediate,Men's,intermediate,12,Ahmed Merchant / Abdul Rehman,ad7a226c-306a-42ae-ad22-7cdd8beb4077,Ahmed Merchant,ab6b85a1-dd20-44e5-893f-e488cc31bb88,Abdul Rehman,97f0aca3-388e-460f-85c0-8c125c41896c,47acab17-8ca6-444c-90ef-74eeb6873ae3,20,0,20,#12,Confirmed
mumbai-city-open-5-01,City Open Mumbai 5.0,Men's Intermediate,Men's,intermediate,13,Pratik Bhatia / Kaustubh Thakur,523ad7a9-7183-4c35-ab10-58045485d4bb,Pratik Bhatia,ranked-kaustubh-thakur,Kaustubh Thakur,45030cf7-7758-4a1f-8e58-9c0ddca6295c,b2b3606b-575f-4761-a3ef-819898f6cac0,50,30,80,#13,Confirmed
mumbai-city-open-5-01,City Open Mumbai 5.0,Men's Intermediate,Men's,intermediate,14,Yashvardhan Sarda / Yash Maliwal,33e396ff-a084-4b28-b360-ff47e5b98714,Yashvardhan Sarda,297053cf-9f92-4115-a09d-1a55c66b6433,Yash Maliwal,552c8d84-bfa6-4866-9fb0-ad3ce7b7dc18,3d27fba7-5b03-48d6-bd0a-d509aa65daf0,29,0,29,#14,Confirmed
mumbai-city-open-5-01,City Open Mumbai 5.0,Men's Intermediate,Men's,intermediate,15,Rahil Gala / Tanmay Anand,8515d030-3139-4b21-95ed-d7f4cbe438ae,Rahil Gala,65e48ebf-0f26-4abe-b2c3-6629ab689249,Tanmay Anand,59b6024c-171b-4219-9536-b1a00abbe6dd,6f3073c3-4a15-49db-88fa-f6f44f4ec88a,0,12,12,#15,Confirmed
mumbai-city-open-5-01,City Open Mumbai 5.0,Men's Intermediate,Men's,intermediate,16,Rohan Dhoot / Karan Daftary,2bde84bf-0871-496d-836c-05d90139b08d,Rohan Dhoot,dacff7ad-842d-4f12-8adb-bf190bfb6eb2,Karan Daftary,f00e1131-a4f6-4b36-9aea-ce67f49e5edd,1fc60681-6625-4493-bfd4-802068bd5de4,12,0,12,#16,Confirmed
mumbai-city-open-5-01,City Open Mumbai 5.0,Men's Intermediate,Men's,intermediate,17,Virel Agarwal / Yugant Gupta,6023f7fb-b00d-4093-ab62-cc6d12726cce,Virel Agarwal,6ce84d69-d4a3-4a09-91c3-ac921016a281,Yugant Gupta,158a952f-27f3-4577-b00a-ec11b0eba40a,16b343c4-24b7-4f89-a7f4-882a18972594,12,0,12,#17,Confirmed
mumbai-city-open-5-01,City Open Mumbai 5.0,Men's Intermediate,Men's,intermediate,18,Aldrith Fernandez / Dhruva Madhavan,402747a2-1ebf-400b-8f55-50dcfee08030,Aldrith Fernandez,c0f4df56-a4e6-4c62-a9da-90e308737ffc,Dhruva Madhavan,c28ae178-f987-47e1-bd54-2d1225c4d5ad,efd15101-086a-40a7-9131-99f620d193ff,18,0,18,#18,Confirmed
mumbai-city-open-5-01,City Open Mumbai 5.0,Men's Intermediate,Men's,intermediate,19,Ishan Maitreya / Anuj Vaghani,5938a1b7-dfbe-4c9a-8eb1-4debd778d000,Ishan Maitreya,a49f1be2-0fd0-4ea7-81e9-c04f42d129ed,Anuj Vaghani,902e8ad5-f2f0-484b-a9fe-90643c103b62,3d4c19e8-6b9d-4ffc-a9dd-b5c7ed512d8b,18,18,36,#19,Confirmed
mumbai-city-open-5-01,City Open Mumbai 5.0,Men's Intermediate,Men's,intermediate,20,Jimit Sanghani / Rohit S,c15288d2-2aa6-4007-b2f0-9871ff97b432,Jimit Sanghani,ec5f0519-a767-4bff-976f-62cac2d931c5,Rohit S,dd36418d-3add-4393-8bee-e7ba147bfe61,3198fe08-444b-4ab9-949d-5c37baff9609,0,0,0,#20,Confirmed
mumbai-city-open-5-01,City Open Mumbai 5.0,Men's Intermediate,Men's,intermediate,21,Mishal Mehta / Khushish Jain,1dbeeee2-b41a-4bec-8948-8f661c573861,Mishal Mehta,3ede0ffc-93a8-4fc8-b30b-11c2c07a8598,Khushish Jain,5cedab48-a784-4468-94ca-a38ab26fe427,48e2b35c-2899-40bb-abc1-76a6544b72b0,0,0,0,#21,Confirmed
mumbai-city-open-5-01,City Open Mumbai 5.0,Men's Intermediate,Men's,intermediate,22,Rahul Parkash / Ishaan Choksi,c175f136-838a-48d3-9f95-cb8f568a8355,Rahul Parkash,7f9b1fbf-d6db-428b-9117-7a8b136e2a63,Ishaan Choksi,72d062ff-b599-45ce-a4ad-ca0d4cdb4d72,75aff92a-b648-42ac-beba-85aabbc67da3,0,0,0,#22,Confirmed
mumbai-city-open-5-01,City Open Mumbai 5.0,Men's Intermediate,Men's,intermediate,23,Rishabh Rajani / Manav Shah,911948ff-358b-481e-aba0-d93156ba6b31,Rishabh Rajani,8ebec8b6-ee3d-445c-ba14-05bc8879c4d3,Manav Shah,58d332ca-4c0b-4f7b-86fd-8abd6bf3818f,8ebec8b6-ee3d-445c-ba14-05bc8879c4d3,0,0,0,#23,Confirmed
mumbai-city-open-5-01,City Open Mumbai 5.0,Men's Intermediate,Men's,intermediate,24,Vansh Bhagtani / Yash Nagdev,b8eb1e10-ea5c-4422-835e-d6b7bf8f381f,Vansh Bhagtani,0346bf27-30fb-409c-8bd4-bdbb1f7119cd,Yash Nagdev,b491812f-d0f7-40b0-a9a3-35acafbf1dde,64a2086c-fab7-42f9-b735-ccdfd9cdbb17,9,9,18,#24,Confirmed
mumbai-city-open-5-01,City Open Mumbai 5.0,Men's Advance,Men's,advance,1,Chaitanya Shah / Aditya Jagtap,5efe3810-7452-45ba-9911-ef58eb490a3f,Chaitanya Shah,9db40aca-2be2-4bdd-b807-02ad8bb8bf77,Aditya Jagtap,7110e895-a220-4a54-bd4f-0fa8492d43e0,986cf64c-cd5a-47db-a4ae-aa1898e83e17,1468,4168,5636,#1,Confirmed
mumbai-city-open-5-01,City Open Mumbai 5.0,Men's Advance,Men's,advance,2,Rahul Motwani / Aryan Goveas,5854e023-8f2c-4811-82ed-0e54efaf63ec,Rahul Motwani,46d8e856-a32f-4060-bf62-6b24fb9e6a8d,Aryan Goveas,ea83aaef-ced3-4a99-9bd1-603725fa12b5,4c1b53be-0190-4a67-a37f-1b15f232375a,2430,2354,4784,#2,Confirmed
mumbai-city-open-5-01,City Open Mumbai 5.0,Men's Advance,Men's,advance,3,Taran Mundkar / Samar Malhotra,433ad480-92da-44d3-b432-953719fa8ea3,Taran Mundkar,a57ef4ab-a62e-4b71-a4d2-0f267dea2626,Samar Malhotra,e3fd1a7e-4a0c-41c5-967c-a034d3681ebe,bff6b332-5966-4d5b-86e6-c04a59ea7bb0,780,3660,4440,#3,Confirmed
mumbai-city-open-5-01,City Open Mumbai 5.0,Men's Advance,Men's,advance,4,Aryan Hemdev / Porus Shroff,531b4b75-e3cf-439f-a0fb-5e83867deff8,Aryan Hemdev,d1274dd2-48b5-46b9-9049-6a6bcc38fd2e,Porus Shroff,3d1f9f05-0842-4fd3-8b6d-78a7b4b514f0,6f9835de-578e-484e-8433-bd7e6cadd56b,1868,588,2456,#4,Confirmed
mumbai-city-open-5-01,City Open Mumbai 5.0,Men's Advance,Men's,advance,5,Manav Sreekumar / Omar Sumar,e9aef618-db1c-42e9-a0ed-c3050a376e4f,Manav Sreekumar,b0ab65aa-1c74-4f18-943e-2e151c440ef4,Omar Sumar,ad7d512a-8bca-488c-95ef-897cca7f5a68,c228be28-d6aa-4e59-a3d0-494ef89b04c8,1220,300,1520,#5,Confirmed
mumbai-city-open-5-01,City Open Mumbai 5.0,Men's Advance,Men's,advance,6,Parikshit Somani / Paramveer Singh Bajwa,bf973053-492f-4dca-a909-7310fa8693f9,Parikshit Somani,29e75609-025c-485b-a40a-969d2ce6e6bc,Paramveer Singh Bajwa,bca59b61-2791-4b4c-86d1-8d11bf0f8c0f,40c0fe06-dfb6-4bfd-bee6-1c1c63fa37d5,1020,1276,2296,#6,Confirmed
mumbai-city-open-5-01,City Open Mumbai 5.0,Men's Advance,Men's,advance,7,Aryaman Jajodia / Ankit Agarwal,2973535a-1a87-4eb9-85af-f8d5c2f523c2,Aryaman Jajodia,d4d1cf44-7849-4baa-b956-c56e4613995b,Ankit Agarwal,f8b83d85-8de2-4747-9593-c26b63cdd7d9,e71d9a06-c99a-4de7-9252-23e9224d1fc0,0,60,60,#7,Confirmed
mumbai-city-open-5-01,City Open Mumbai 5.0,Men's Advance,Men's,advance,8,Adit Patel / Abhishek Gupta,cdd858a3-1533-4a7b-bf8b-1b94f0f3b868,Adit Patel,9140618c-3629-4b96-9a53-39084fc8aa5e,Abhishek Gupta,110a8e94-c9a2-4a77-b604-1d8d4d998593,acca8958-2dc2-40df-b13e-b197f42543e1,628,54,682,#8,Confirmed
mumbai-city-open-5-01,City Open Mumbai 5.0,Men's Advance,Men's,advance,9,Advait Bahl / Bhagya Popat,13d6188c-cd2e-4152-a5c2-0b82573143b9,Advait Bahl,7078cecf-5699-43ef-aefe-dd1c239e92ba,Bhagya Popat,b54fc92b-ccd7-49d6-abb4-6dac5ba45af4,48dca4c5-9e5b-4eeb-838c-e65fcf8a90b1,204,124,328,#9,Confirmed
mumbai-city-open-5-01,City Open Mumbai 5.0,Men's Advance,Men's,advance,10,Shashank Mittal / Tanay Gabhawala,25361116-4f57-4024-b424-a8246e491c54,Shashank Mittal,310f748b-4718-461d-aa46-f7537fcfa9e5,Tanay Gabhawala,19b1e4ca-6271-4bda-86c6-a1512dcff757,488df525-381a-4d45-9ec2-ceb9d6e320ea,120,120,240,#10,Confirmed
mumbai-city-open-5-01,City Open Mumbai 5.0,Men's Advance,Men's,advance,11,Varshil Trambadiya / Antariksh Mohandas,783fd411-3a52-446e-90cc-2fcef2baaa51,Varshil Trambadiya,8730ad11-d9e2-4028-bd65-065e792eee00,Antariksh Mohandas,f2e807af-81b6-4aa6-9528-db80dc6116c8,295659ad-814c-4dd6-bd76-d3dfbed60f9e,330,276,606,#11,Confirmed
mumbai-city-open-5-01,City Open Mumbai 5.0,Men's Advance,Men's,advance,12,Mihir Akolkar / Saish Shelkar,06a4aeef-aaca-45ef-a83a-cb3c703c9789,Mihir Akolkar,6b49f7ef-e989-4036-816e-f0267d3c3ef0,Saish Shelkar,9fcc7f9a-1a5c-473f-8372-be3d1ddfe6e8,21db2aa9-98a5-4afe-b897-d5e242236e21,286,346,632,#12,Confirmed
mumbai-city-open-5-01,City Open Mumbai 5.0,Men's Advance,Men's,advance,13,Tanay Mehta / Jehan Mehta,6dc1ecef-b2d9-4579-a1d0-c69e2553a65c,Tanay Mehta,5864aa85-bcf0-49c8-b62e-15c7d244e576,Jehan Mehta,927d05ab-aa0d-4f16-acde-a02f8f6c8f7e,a65006b1-b0a1-4558-ab47-994dd9df34f7,282,54,336,#13,Confirmed
mumbai-city-open-5-01,City Open Mumbai 5.0,Men's Advance,Men's,advance,14,Aakarsh Gulati / Yash Shah,888d1ad6-14e8-4deb-92d1-40d24f2cb4f1,Aakarsh Gulati,98d6496b-f094-4f7b-abfa-811d3f4a34b6,Yash Shah,629701ab-5426-43a9-bc6b-f1f4a936247b,42b2c01f-5f96-4d2b-bb33-acd3a9be8580,42,0,42,#14,Confirmed
mumbai-city-open-5-01,City Open Mumbai 5.0,Men's Advance,Men's,advance,15,Rahil Saboo / Rehan Malik,75773700-bff1-4aaf-93a5-59442aac5c0d,Rahil Saboo,3c8b6bfa-05d8-417f-bd24-a3edf965c004,Rehan Malik,38a6179c-f06e-49c7-bfaa-473543ab9f5b,64e21377-d5b6-4ab5-964b-b569294842ff,0,0,0,#15,Confirmed
mumbai-city-open-5-01,City Open Mumbai 5.0,Men's Advance,Men's,advance,16,Swaraj D / Kaivalya Kalamse,d53736bd-2d26-4977-9d4f-edb8ddc49ffb,Swaraj D,182f09bb-25ba-4086-99ca-a7f5a52303bf,Kaivalya Kalamse,5a133814-8cdc-4e87-a226-7656aa73c24a,b86941fd-f76a-445c-a44a-403b05dd8042,570,270,840,#16,Confirmed
mumbai-city-open-5-01,City Open Mumbai 5.0,Men's 40+,Men's 40+,open,1,Akshay Jalan / Navin Shewakramani,16def632-d48e-4678-81b5-1316aedb049c,Akshay Jalan,3f2fcf21-952f-4b68-9b43-539d6b1ade27,Navin Shewakramani,5ce76dd0-807e-46d9-828b-377ff2839981,cd27ee38-7cc4-4a9f-a76f-9252de68a5c5,1248,348,1596,#1,Confirmed
mumbai-city-open-5-01,City Open Mumbai 5.0,Men's 40+,Men's 40+,open,2,Vijay Chhabria / Sidraj Shah,2c982f04-1a03-4d77-9359-5b44f4e5aed2,Vijay Chhabria,b63ed71b-e58d-4b28-a67e-2d0c64ed5f62,Sidraj Shah,ae67605a-dd05-4f82-a0b6-46f7b3985192,0481c3cf-e045-4eb5-81f8-da5517e3b32a,2380,180,2560,#2,Confirmed
mumbai-city-open-5-01,City Open Mumbai 5.0,Men's 40+,Men's 40+,open,3,Syed Imran Yusoof / Kunal Premnarayen,b4c1f987-ed1c-41b2-bed1-839e3b47d5ff,Syed Imran Yusoof,7f57a645-a475-4ec7-9b29-0b7812a9931d,Kunal Premnarayen,66fa8f30-e21f-42d2-b11a-1f70e3acd7aa,fc2bda81-e6e6-4657-8f56-9a5fef0525fd,1020,780,1800,#3,Confirmed
mumbai-city-open-5-01,City Open Mumbai 5.0,Men's 40+,Men's 40+,open,4,Pratik Doshi / Harsh Parekh,3b3fe796-88b7-4a76-a7e3-e67f0a4a5b7a,Pratik Doshi,6ec925af-f358-475a-9fd4-37dfcbb1795d,Harsh Parekh,7606f1d3-0a85-47f9-a108-7d47a714d7ff,097caaef-6612-47dd-a6e1-85ae5a195d79,588,408,996,#4,Confirmed
mumbai-city-open-5-01,City Open Mumbai 5.0,Men's 40+,Men's 40+,open,5,Atul Gupta / Ankit Doshi,a66e6971-acb3-41a9-afd1-95c516c348ea,Atul Gupta,6878b0c2-2144-404e-ad97-45159eca8fc8,Ankit Doshi,6424bdd0-ca5a-495c-b218-4879374b3037,1f7f2131-44a0-427c-bf31-79cc74d9ed81,160,400,560,#5,Confirmed
mumbai-city-open-5-01,City Open Mumbai 5.0,Men's 40+,Men's 40+,open,6,Aditya Maheshwari / Anand kothari,0df50617-268c-477d-8351-fd6f8ed84a71,Aditya Maheshwari,8e2d5864-afb0-4dac-88da-4ff402bee428,Anand kothari,e5c055fb-e379-4110-8b5b-4889c3460188,0e07788c-80cc-404c-99ca-cba5a250cb77,1060,300,1360,#6,Confirmed
mumbai-city-open-5-01,City Open Mumbai 5.0,Men's 40+,Men's 40+,open,7,Ankit Zaveri / Viral Somaiya,4a3ed922-b521-4c51-9346-83d47b493813,Ankit Zaveri,1ba7872b-25a9-4395-b046-84d1fdeff538,Viral Somaiya,edc65a9a-cd38-4909-950b-244fb84ae15f,3eb96e8e-a44d-4156-997c-750b5dba6ae5,180,480,660,#7,Confirmed
mumbai-city-open-5-01,City Open Mumbai 5.0,Men's 40+,Men's 40+,open,8,Navroze Marshall / Subal Anand,552316ca-e9d1-4efc-a4a6-c8cfec01f68d,Navroze Marshall,9b9ab185-d5f9-4822-9f86-98dcee737260,Subal Anand,1f098bad-8f8b-46b8-9fbd-4627cd378184,0407deab-3ee5-4782-a6d6-49f13d0e24b9,160,0,160,#8,Confirmed
mumbai-city-open-5-01,City Open Mumbai 5.0,Men's 40+,Men's 40+,open,9,Priyesh Desai / Ryan Tham,33ba8a38-6ea6-4a24-a6c2-539cda4a6089,Priyesh Desai,557faef2-dc4d-4dc3-bee0-5516fc58358f,Ryan Tham,bde4eaa6-f4f2-4b8b-90d2-5b1e2bc1142c,765c1fce-621b-43e2-bb9e-9cd14a4e305b,0,0,0,#9,Confirmed
mumbai-city-open-5-01,City Open Mumbai 5.0,Men's 40+,Men's 40+,open,10,Atik Luthria / Ram Raheja,f9cbf2db-691e-4851-81e6-be9e05cc4c01,Atik Luthria,1515a4f5-2ef1-4436-8c7b-4f92b1118f82,Ram Raheja,4e3d339c-90d0-4d17-9227-ba034ed4689a,ddd8f354-899e-4470-ba8f-58a67010c4da,0,0,0,#10,Confirmed
mumbai-city-open-5-01,City Open Mumbai 5.0,Men's 40+,Men's 40+,open,11,Hamir Desai / Arun Hemdev,7cc8e1d3-0f7c-475e-aa64-eb5739c7d6f9,Hamir Desai,cff6eb07-908a-4412-9f28-3ab5692a2977,Arun Hemdev,c834e82b-755a-4b94-89a4-786cbe2d8aae,cff6eb07-908a-4412-9f28-3ab5692a2977,0,0,0,#11,Confirmed
mumbai-city-open-5-01,City Open Mumbai 5.0,Men's 40+,Men's 40+,open,12,Praneet Chawla / Sidharth Ugrankar,aa07326e-0383-4295-8cde-4e336a0dd7f7,Praneet Chawla,38994d00-4888-4d00-a61c-1a89cd8f69a5,Sidharth Ugrankar,b603f764-b103-4329-ae63-0d06a1597492,1918506a-afe2-4a3c-b56b-f8faa326dec9,0,0,0,#12,Confirmed
mumbai-city-open-5-01,City Open Mumbai 5.0,Women's Beginner,Women's,beginner,1,Anam Sumar / Rasha Sumar,e6544941-7855-4961-9952-2ab8b4731763,Anam Sumar,14a281a9-7a22-4c0a-bf96-f19abc4a6bd1,Rasha Sumar,f0321c9b-4b58-4a60-996a-6efabd80fd88,ff08ebf4-3f17-4f72-8d0e-6afcd09a579f,9,39,48,#1,Confirmed
mumbai-city-open-5-01,City Open Mumbai 5.0,Women's Beginner,Women's,beginner,2,Gayathri Sanjeev / Sunaina Vasudev,a89dd697-d603-4ea7-a6b6-610d8328aabe,Gayathri Sanjeev,c70940a7-129d-4162-abf3-eec1f85f502c,Sunaina Vasudev,211c32a3-b9ae-4df7-a018-01a80e6ab358,2daf60dd-e564-4134-9f69-0e783845a3f2,0,0,0,#2,Confirmed
mumbai-city-open-5-01,City Open Mumbai 5.0,Women's Beginner,Women's,beginner,3,Gehna Datwani / Sanaya Sabharwal,cc0d0226-d2bc-4c4a-ab6f-9225b03becc6,Gehna Datwani,bc94050e-cb46-4042-90af-59816fe42f5b,Sanaya Sabharwal,d5a65350-f915-4ed2-b604-20546c4dc307,07bfe355-e14e-4d62-a15f-9616b862b080,25,25,50,#3,Confirmed
mumbai-city-open-5-01,City Open Mumbai 5.0,Women's Beginner,Women's,beginner,4,Janita Bhandari / Tara Alisha Berry,7ddc1ace-4a2d-41ea-89a5-f37a29752e63,Janita Bhandari,9802f076-2946-4c70-b7af-2160f581c889,Tara Alisha Berry,0a578dcb-f6b0-44b2-ba0b-d1c8fecfc7a4,cf5352fa-af99-4100-9eee-7294bdf83ab4,0,0,0,#4,Confirmed
mumbai-city-open-5-01,City Open Mumbai 5.0,Women's Beginner,Women's,beginner,5,Manvi Chaudhary / Kimberly Fernandez,82a22690-4c94-47e8-99c1-8e1c89f71916,Manvi Chaudhary,97f6ab71-c2c1-47e8-a0b0-6b2a1eeef2c8,Kimberly Fernandez,cc94550b-e3bf-480a-98b2-d80baff9a731,bd4f46fe-fd3c-46ca-b27b-75d8248103b6,15,15,30,#5,Confirmed
mumbai-city-open-5-01,City Open Mumbai 5.0,Women's Beginner,Women's,beginner,6,Nikita Hingorani / Dheeya Somaiya,e96f99c4-060b-4dc8-8800-155d8e8fdbbc,Nikita Hingorani,9e152937-edcc-4e21-b44d-ae8474746725,Dheeya Somaiya,940e2908-5ad0-4292-b653-62c8b63f0628,44253bfa-94ea-408e-ba20-1b09da87c102,9,9,18,#6,Confirmed
mumbai-city-open-5-01,City Open Mumbai 5.0,Women's Beginner,Women's,beginner,7,Pooja Bhammer / Ishita Dharnidharka,a84c245a-00fe-4ed3-b3a4-75028b634941,Pooja Bhammer,ad10e469-9f1c-4814-a624-01e88f087c2e,Ishita Dharnidharka,0d91aeb9-fd5a-435f-8700-9d94075f16e8,4b0f54bf-4f12-4ade-9275-188d23445037,0,0,0,#7,Confirmed
mumbai-city-open-5-01,City Open Mumbai 5.0,Women's Beginner,Women's,beginner,8,Veda Bhambhani / Vedika Chamria,ae91f022-a8d7-4512-9c62-7ad7beb36a5c,Veda Bhambhani,f56cac73-53ea-4e6c-86a7-9ab52222f4a0,Vedika Chamria,0f50076b-7e22-4f5d-86ba-e1c58b74d76c,679954d3-625b-412e-a544-40d1c9954e9b,0,0,0,#8,Confirmed
mumbai-city-open-5-01,City Open Mumbai 5.0,Women's Intermediate,Women's,intermediate,1,Sanya Khan / Sonia Rathee,cf8b7d94-b472-4c15-b10e-a112da1d3143,Sanya Khan,76c439ce-ed6a-4d86-b384-38a843b6a4ee,Sonia Rathee,c8269431-a93a-4c13-801f-063ac1ea5e3f,3f7e26b1-d628-408c-af81-3e7be804cca6,146,146,292,#1,Confirmed
mumbai-city-open-5-01,City Open Mumbai 5.0,Women's Intermediate,Women's,intermediate,2,Vera desai / Tanushri Biyani,27971b18-d7dd-4eff-8ce5-6ecc8ead85b0,Vera desai,f4728606-c9b2-4973-b3b5-68149311c1bc,Tanushri Biyani,f72b011a-9e23-447f-9746-5e5f0659ad66,bce2ecb2-b9e2-4178-b8aa-793e15bb6134,36,126,162,#2,Confirmed
mumbai-city-open-5-01,City Open Mumbai 5.0,Women's Intermediate,Women's,intermediate,3,Sahitra Ghurye / Ashwita Hosbettu,739a853c-ae03-4719-ba64-a326c87ccd84,Sahitra Ghurye,f2db3b3d-1aef-4968-a928-0797453d1f8b,Ashwita Hosbettu,1ea4084a-0bc6-4787-9253-e86d09a3ae93,4557d0aa-7675-4640-b49d-c12223b04002,18,18,36,#3,Confirmed
mumbai-city-open-5-01,City Open Mumbai 5.0,Women's Intermediate,Women's,intermediate,4,Roshni Dadachanji / Shahnaz Dubash,481f14a2-6a1c-4826-a67c-e8c50be8bc51,Roshni Dadachanji,f8b29fd9-6a1b-4c15-b501-63a633a7daa2,Shahnaz Dubash,4badd15c-2db8-4ff4-9a6a-21c033bde341,e5a7bd21-ef06-4923-b320-f635c0677fb4,54,30,84,#4,Confirmed
mumbai-city-open-5-01,City Open Mumbai 5.0,Women's Intermediate,Women's,intermediate,5,Vanshika Kaji / Priyanka Kapadia,477f11d3-787d-4419-b0f5-23b7f94a4a51,Vanshika Kaji,fb9074c7-a16f-471f-89f8-13ead764d055,Priyanka Kapadia,b0635729-bf94-42f7-bdfd-dbf96190e955,ceafa7a3-80a9-431e-9ff5-fa4528f92a08,12,0,12,#5,Confirmed
mumbai-city-open-5-01,City Open Mumbai 5.0,Women's Intermediate,Women's,intermediate,6,Aashna Sanghvi / Ashni Kothari,d2d7929c-5515-4860-bcc3-871b25fdf56e,Aashna Sanghvi,ee6b37d2-ebd5-4a1f-8287-6205907b6fe4,Ashni Kothari,e8dafdf8-c335-432f-8645-c91bad2e4994,3b841ebb-376b-4830-b803-348b59c4e173,0,0,0,#6,Confirmed
mumbai-city-open-5-01,City Open Mumbai 5.0,Women's Intermediate,Women's,intermediate,7,Anandita Parekh / Trishina Kirpalani,0ac8bb0a-d25b-4a0d-8506-8955617d72fa,Anandita Parekh,5e45411e-b0ef-4bea-b23f-c9a559a727dc,Trishina Kirpalani,756fbd54-a7cc-4f9d-a9af-677140f833db,cb54c1f1-272e-4c03-a101-e781ca7abfce,0,0,0,#7,Confirmed
mumbai-city-open-5-01,City Open Mumbai 5.0,Women's Intermediate,Women's,intermediate,8,Erika Lobo / Anisha Aibara,b25938a4-d80d-442e-a68b-01ed3b1c27b9,Erika Lobo,1f24a3aa-b8df-4886-bedf-6f62693316b9,Anisha Aibara,a846a10c-8412-4bee-9cf0-8cd82ce2c1e9,d4073531-b21e-4a5a-99c2-e73b6b69d758,18,18,36,#8,Confirmed
mumbai-city-open-5-01,City Open Mumbai 5.0,Women's Intermediate,Women's,intermediate,9,Gabriella Demetriades / Amaya Kothari,aa66801a-85de-41fe-b8d3-c5deb7346bbe,Gabriella Demetriades,214fa58d-dcf2-4b0b-888f-f2a2341ae45b,Amaya Kothari,bbbe2d22-bdcf-413a-88e3-06a3358c796a,69ef6b1d-28d4-4e2a-aa21-e2f0670f7160,0,0,0,#9,Confirmed
mumbai-city-open-5-01,City Open Mumbai 5.0,Women's Intermediate,Women's,intermediate,10,Ishna Byramjee / Aditi Dugar,5ecfdc1f-7bc4-4015-8d74-cd6d823ba635,Ishna Byramjee,fe2baf14-65fa-488a-aa52-602e4fa852e3,Aditi Dugar,358167f8-d176-4b98-84c2-ed0ba794cea8,8542b4cc-6e4f-4690-ac0b-2a8c4b7b9e64,0,0,0,#10,Confirmed
mumbai-city-open-5-01,City Open Mumbai 5.0,Women's Intermediate,Women's,intermediate,11,Leesha Shah / Diu Somani,7a23263c-f0d4-4b39-a8ea-16d1a195f91e,Leesha Shah,1729d84b-2971-4f94-b903-afcce8dc4619,Diu Somani,2d56a1ef-e938-4e7b-85fd-9fc7984d0692,29711dc3-9b50-4d6f-8567-89c271e41fd1,0,0,0,#11,Confirmed
mumbai-city-open-5-01,City Open Mumbai 5.0,Women's Intermediate,Women's,intermediate,12,Pooja Kharat / Diya Chopra,78d5d429-c5f3-45a9-896b-b7f9346bbc83,Pooja Kharat,dd73b3c0-a4c1-4c57-87f1-25fac864cce8,Diya Chopra,3242cc0a-0bed-41e8-b63c-5be064231d0f,eb4a3b7a-21e2-4a2a-b15f-43e21d621a75,0,0,0,#12,Confirmed
mumbai-city-open-5-01,City Open Mumbai 5.0,Women's Advance,Women's,advance,1,Shraddha Damani / Tulsi Mehta,d7b11e8a-e252-4721-9b62-227fb11e43c2,Shraddha Damani,e190ca21-bb25-46b3-965e-bcb2ffcc3fd3,Tulsi Mehta,96d33dfb-38f7-43fe-8b5d-3f4d79e3efb4,c6f406b8-0e38-4321-8155-b4c18c7f0ae3,1180,1420,2600,#1,Confirmed
mumbai-city-open-5-01,City Open Mumbai 5.0,Women's Advance,Women's,advance,2,Estelle Mehta / Anisha Mirchandani,a8f6711d-8415-49af-afc4-f8f9a3913a3e,Estelle Mehta,ea8745f7-50a3-4a17-ae4e-5d13d042ceb4,Anisha Mirchandani,cad9e405-7777-400b-80e5-c939a6584fb9,748fb1bd-ee4f-4c64-8e5d-3192682857e7,480,516,996,#2,Confirmed
mumbai-city-open-5-01,City Open Mumbai 5.0,Women's Advance,Women's,advance,3,Tishya Sagar / Suhani Sabharwal,261c3899-f32d-4861-a046-8b36ccf6123a,Tishya Sagar,1b914254-ef80-4aa1-aae6-196986d10121,Suhani Sabharwal,9db4304e-f80f-4f6d-b8d7-a068ad1f6063,1b66e647-fc1f-4105-9719-674fa9eb641b,516,84,600,#3,Confirmed
mumbai-city-open-5-01,City Open Mumbai 5.0,Women's Advance,Women's,advance,4,Kimaya Mehta / Pia Kothari,dbd6997d-2211-4a51-9d0e-0676e2966060,Kimaya Mehta,f5dad384-ffe0-451a-8d85-b6deaa46885b,Pia Kothari,e9134905-d4dc-45b6-958b-d23af9ceb117,7c6625a8-1c27-4c70-9450-677257a20cd4,138,232,370,#4,Confirmed
mumbai-city-open-5-01,City Open Mumbai 5.0,Women's Advance,Women's,advance,5,Neha Mehta / Nikhila Palat,84bbf8bb-72b8-4471-bb81-4899711ae519,Neha Mehta,9f517b47-d5b5-40bf-b85e-7f0f4f5d3a31,Nikhila Palat,cbeb4818-ab73-4d20-8ddf-664763299ca0,3b6092be-6e8d-4437-af03-a20b580ec356,198,168,366,#5,Confirmed
mumbai-city-open-5-01,City Open Mumbai 5.0,Women's Advance,Women's,advance,6,Sonashe Bhatnagar / Dhwani Kumar,ba0bebb9-bb83-4bfc-9c39-a96387beae44,Sonashe Bhatnagar,a8716cfd-5d35-417a-bf7f-cc12277c615b,Dhwani Kumar,d96ff2b2-3ac7-4937-bd30-823e55da29de,c20dbe87-b646-4cee-bfe5-bb8fa0da164b,276,0,276,#6,Confirmed
